<?xml version="1.0" encoding="utf-8"?><graphml xmlns="http://graphml.graphdrawing.org/xmlns" xmlns:xsi="http://www.w3.org/2001/XMLSchema-instance" xsi:schemaLocation="http://graphml.graphdrawing.org/xmlns http://graphml.graphdrawing.org/xmlns/1.0/graphml.xsd">
  <key attr.name="id" attr.type="string" for="edge" id="d36" />
  <key attr.name="key" attr.type="int" for="edge" id="d35" />
  <key attr.name="LinkLabel" attr.type="string" for="edge" id="d34" />
  <key attr.name="label" attr.type="string" for="node" id="d33" />
  <key attr.name="Longitude" attr.type="double" for="node" id="d32" />
  <key attr.name="id" attr.type="int" for="node" id="d31" />
  <key attr.name="Country" attr.type="string" for="node" id="d30" />
  <key attr.name="Latitude" attr.type="double" for="node" id="d29" />
  <key attr.name="Internal" attr.type="int" for="node" id="d28" />
  <key attr.name="Testbed" attr.type="int" for="graph" id="d27" />
  <key attr.name="LastProcessed" attr.type="string" for="graph" id="d26" />
  <key attr.name="DateYear" attr.type="string" for="graph" id="d25" />
  <key attr.name="NetworkDate" attr.type="string" for="graph" id="d24" />
  <key attr.name="Transit" attr.type="int" for="graph" id="d23" />
  <key attr.name="Developed" attr.type="int" for="graph" id="d22" />
  <key attr.name="Creator" attr.type="string" for="graph" id="d21" />
  <key attr.name="Layer" attr.type="string" for="graph" id="d20" />
  <key attr.name="LastAccess" attr.type="string" for="graph" id="d19" />
  <key attr.name="DateMonth" attr.type="string" for="graph" id="d18" />
  <key attr.name="DateModifier" attr.type="string" for="graph" id="d17" />
  <key attr.name="SourceGitVersion" attr.type="string" for="graph" id="d16" />
  <key attr.name="IX" attr.type="int" for="graph" id="d15" />
  <key attr.name="Customer" attr.type="int" for="graph" id="d14" />
  <key attr.name="ToolsetVersion" attr.type="string" for="graph" id="d13" />
  <key attr.name="label" attr.type="string" for="graph" id="d12" />
  <key attr.name="Commercial" attr.type="int" for="graph" id="d11" />
  <key attr.name="Backbone" attr.type="int" for="graph" id="d10" />
  <key attr.name="Type" attr.type="string" for="graph" id="d9" />
  <key attr.name="DateType" attr.type="string" for="graph" id="d8" />
  <key attr.name="Version" attr.type="string" for="graph" id="d7" />
  <key attr.name="Source" attr.type="string" for="graph" id="d6" />
  <key attr.name="Access" attr.type="int" for="graph" id="d5" />
  <key attr.name="Provenance" attr.type="string" for="graph" id="d4" />
  <key attr.name="Network" attr.type="string" for="graph" id="d3" />
  <key attr.name="GeoExtent" attr.type="string" for="graph" id="d2" />
  <key attr.name="GeoLocation" attr.type="string" for="graph" id="d1" />
  <key attr.name="DateObtained" attr.type="string" for="graph" id="d0" />
  <graph edgedefault="undirected">
    <data key="d0">19/10/10</data>
    <data key="d1">Global</data>
    <data key="d2">Global</data>
    <data key="d3">Airtel</data>
    <data key="d4">Primary</data>
    <data key="d5">1</data>
    <data key="d6">http://www.airtel.in/wps/wcm/connect/globalwholesale/GlobalWholesale/Global+Wholesale/Network+Maps/</data>
    <data key="d7">1.0</data>
    <data key="d8">Dynamic</data>
    <data key="d9">COM</data>
    <data key="d10">1</data>
    <data key="d11">0</data>
    <data key="d12">Airtel</data>
    <data key="d13">0.3.34dev-20120328</data>
    <data key="d14">1</data>
    <data key="d15">0</data>
    <data key="d16">e278b1b</data>
    <data key="d17">=</data>
    <data key="d18">08</data>
    <data key="d19">3/08/10</data>
    <data key="d20">IP</data>
    <data key="d21">Topology Zoo Toolset</data>
    <data key="d22">0</data>
    <data key="d23">1</data>
    <data key="d24">2010_08</data>
    <data key="d25">2010</data>
    <data key="d26">2011_09_01</data>
    <data key="d27">0</data>
    <node id="0">
      <data key="d28">1</data>
      <data key="d29">34.05223</data>
      <data key="d30">United States</data>
      <data key="d31">0</data>
      <data key="d32">-118.24368</data>
      <data key="d33">Los Angeles</data>
    </node>
    <node id="1">
      <data key="d28">1</data>
      <data key="d29">13.08784</data>
      <data key="d30">India</data>
      <data key="d31">1</data>
      <data key="d32">80.27847</data>
      <data key="d33">Chennai</data>
    </node>
    <node id="2">
      <data key="d28">0</data>
      <data key="d31">2</data>
      <data key="d33">NYIX</data>
    </node>
    <node id="3">
      <data key="d28">0</data>
      <data key="d31">3</data>
      <data key="d33">LAIX</data>
    </node>
    <node id="4">
      <data key="d28">0</data>
      <data key="d31">4</data>
      <data key="d33">NiXI</data>
    </node>
    <node id="5">
      <data key="d28">0</data>
      <data key="d31">5</data>
      <data key="d33">LINX</data>
    </node>
    <node id="6">
      <data key="d28">0</data>
      <data key="d31">6</data>
      <data key="d33">EQUINOX IX</data>
    </node>
    <node id="7">
      <data key="d28">1</data>
      <data key="d29">40.71427</data>
      <data key="d30">United States</data>
      <data key="d31">7</data>
      <data key="d32">-74.00597</data>
      <data key="d33">New York</data>
    </node>
    <node id="8">
      <data key="d28">1</data>
      <data key="d29">51.50853</data>
      <data key="d30">United Kingdom</data>
      <data key="d31">8</data>
      <data key="d32">-0.12574</data>
      <data key="d33">London</data>
    </node>
    <node id="9">
      <data key="d28">1</data>
      <data key="d29">19.01441</data>
      <data key="d30">India</data>
      <data key="d31">9</data>
      <data key="d32">72.84794</data>
      <data key="d33">Mumbai</data>
    </node>
    <node id="10">
      <data key="d28">1</data>
      <data key="d29">38.11582</data>
      <data key="d30">Italy</data>
      <data key="d31">10</data>
      <data key="d32">13.35976</data>
      <data key="d33">Palermo</data>
    </node>
    <node id="11">
      <data key="d28">1</data>
      <data key="d29">43.3</data>
      <data key="d30">France</data>
      <data key="d31">11</data>
      <data key="d32">5.4</data>
      <data key="d33">Marseille</data>
    </node>
    <node id="12">
      <data key="d28">0</data>
      <data key="d31">12</data>
      <data key="d33">HKIX</data>
    </node>
    <node id="13">
      <data key="d28">1</data>
      <data key="d29">22.28552</data>
      <data key="d30">Hong Kong</data>
      <data key="d31">13</data>
      <data key="d32">114.15769</data>
      <data key="d33">Hong Kong</data>
    </node>
    <node id="14">
      <data key="d28">1</data>
      <data key="d29">1.28967</data>
      <data key="d30">Singapore</data>
      <data key="d31">14</data>
      <data key="d32">103.85007</data>
      <data key="d33">Singapore</data>
    </node>
    <node id="15">
      <data key="d28">0</data>
      <data key="d31">15</data>
      <data key="d33">STIX</data>
    </node>
    <edge source="0" target="1">
      <data key="d34">Medium-High Bandwidth</data>
      <data key="d35">0</data>
    </edge>
    <edge source="0" target="1">
      <data key="d34">High Bandwidth</data>
      <data key="d35">1</data>
    </edge>
    <edge source="0" target="3">
      <data key="d34">Medium-Low Bandwidth</data>
      <data key="d35">0</data>
    </edge>
    <edge source="0" target="13">
      <data key="d34">Medium-High Bandwidth</data>
      <data key="d35">0</data>
    </edge>
    <edge source="0" target="14">
      <data key="d34">Medium-High Bandwidth</data>
      <data key="d35">0</data>
    </edge>
    <edge source="0" target="14">
      <data key="d34">Medium-High Bandwidth</data>
      <data key="d35">1</data>
    </edge>
    <edge source="0" target="7">
      <data key="d34">Low Bandwidth</data>
      <data key="d35">0</data>
    </edge>
    <edge source="0" target="7">
      <data key="d34">Low Bandwidth</data>
      <data key="d35">1</data>
    </edge>
    <edge source="0" target="7">
      <data key="d34">Low Bandwidth</data>
      <data key="d35">2</data>
    </edge>
    <edge source="1" target="7">
      <data key="d34">High Bandwidth</data>
      <data key="d35">0</data>
    </edge>
    <edge source="1" target="7">
      <data key="d34">High Bandwidth</data>
      <data key="d35">1</data>
    </edge>
    <edge source="1" target="7">
      <data key="d34">Low Bandwidth</data>
      <data key="d35">2</data>
    </edge>
    <edge source="1" target="8">
      <data key="d36">e7</data>
      <data key="d35">0</data>
    </edge>
    <edge source="1" target="9">
      <data key="d36">e11</data>
      <data key="d35">0</data>
    </edge>
    <edge source="1" target="10">
      <data key="d34">High Bandwidth</data>
      <data key="d35">0</data>
    </edge>
    <edge source="1" target="11">
      <data key="d34">High Bandwidth</data>
      <data key="d35">0</data>
    </edge>
    <edge source="1" target="13">
      <data key="d34">Medium-Low Bandwidth</data>
      <data key="d35">0</data>
    </edge>
    <edge source="1" target="14">
      <data key="d34">High Bandwidth</data>
      <data key="d35">0</data>
    </edge>
    <edge source="1" target="14">
      <data key="d34">High Bandwidth</data>
      <data key="d35">1</data>
    </edge>
    <edge source="2" target="7">
      <data key="d34">Medium-Low Bandwidth</data>
      <data key="d35">0</data>
    </edge>
    <edge source="4" target="9">
      <data key="d36">e12</data>
      <data key="d35">0</data>
    </edge>
    <edge source="5" target="8">
      <data key="d36">e8</data>
      <data key="d35">0</data>
    </edge>
    <edge source="6" target="14">
      <data key="d36">e21</data>
      <data key="d35">0</data>
    </edge>
    <edge source="7" target="8">
      <data key="d34">Low Bandwidth</data>
      <data key="d35">0</data>
    </edge>
    <edge source="7" target="8">
      <data key="d34">Low Bandwidth</data>
      <data key="d35">1</data>
    </edge>
    <edge source="7" target="8">
      <data key="d34">Low Bandwidth</data>
      <data key="d35">2</data>
    </edge>
    <edge source="7" target="9">
      <data key="d34">Low Bandwidth</data>
      <data key="d35">0</data>
    </edge>
    <edge source="7" target="9">
      <data key="d34">Low Bandwidth</data>
      <data key="d35">1</data>
    </edge>
    <edge source="7" target="11">
      <data key="d34">High Bandwidth</data>
      <data key="d35">0</data>
    </edge>
    <edge source="7" target="14">
      <data key="d34">Medium-Low Bandwidth</data>
      <data key="d35">0</data>
    </edge>
    <edge source="8" target="9">
      <data key="d34">Low Bandwidth</data>
      <data key="d35">0</data>
    </edge>
    <edge source="8" target="9">
      <data key="d34">Low Bandwidth</data>
      <data key="d35">1</data>
    </edge>
    <edge source="8" target="11">
      <data key="d36">e2</data>
      <data key="d35">0</data>
    </edge>
    <edge source="8" target="14">
      <data key="d36">e3</data>
      <data key="d35">0</data>
    </edge>
    <edge source="12" target="13">
      <data key="d36">e16</data>
      <data key="d35">0</data>
    </edge>
    <edge source="13" target="14">
      <data key="d34">High Bandwidth</data>
      <data key="d35">0</data>
    </edge>
    <edge source="14" target="15">
      <data key="d36">e20</data>
      <data key="d35">0</data>
    </edge>
  </graph>
</graphml>
