<?xml version="1.0" encoding="utf-8"?><graphml xmlns="http://graphml.graphdrawing.org/xmlns" xmlns:xsi="http://www.w3.org/2001/XMLSchema-instance" xsi:schemaLocation="http://graphml.graphdrawing.org/xmlns http://graphml.graphdrawing.org/xmlns/1.0/graphml.xsd">
  <key attr.name="key" attr.type="int" for="edge" id="d42" />
  <key attr.name="LinkSpeedUnits" attr.type="string" for="edge" id="d41" />
  <key attr.name="LinkNote" attr.type="string" for="edge" id="d40" />
  <key attr.name="LinkSpeedRaw" attr.type="double" for="edge" id="d39" />
  <key attr.name="LinkLabel" attr.type="string" for="edge" id="d38" />
  <key attr.name="LinkSpeed" attr.type="string" for="edge" id="d37" />
  <key attr.name="LinkType" attr.type="string" for="edge" id="d36" />
  <key attr.name="label" attr.type="string" for="node" id="d35" />
  <key attr.name="Longitude" attr.type="double" for="node" id="d34" />
  <key attr.name="id" attr.type="int" for="node" id="d33" />
  <key attr.name="type" attr.type="string" for="node" id="d32" />
  <key attr.name="Country" attr.type="string" for="node" id="d31" />
  <key attr.name="Latitude" attr.type="double" for="node" id="d30" />
  <key attr.name="Internal" attr.type="int" for="node" id="d29" />
  <key attr.name="Testbed" attr.type="int" for="graph" id="d28" />
  <key attr.name="LastProcessed" attr.type="string" for="graph" id="d27" />
  <key attr.name="DateYear" attr.type="string" for="graph" id="d26" />
  <key attr.name="NetworkDate" attr.type="string" for="graph" id="d25" />
  <key attr.name="Transit" attr.type="int" for="graph" id="d24" />
  <key attr.name="Developed" attr.type="int" for="graph" id="d23" />
  <key attr.name="Creator" attr.type="string" for="graph" id="d22" />
  <key attr.name="Layer" attr.type="string" for="graph" id="d21" />
  <key attr.name="Access" attr.type="int" for="graph" id="d20" />
  <key attr.name="LastAccess" attr.type="string" for="graph" id="d19" />
  <key attr.name="DateMonth" attr.type="string" for="graph" id="d18" />
  <key attr.name="DateModifier" attr.type="string" for="graph" id="d17" />
  <key attr.name="SourceGitVersion" attr.type="string" for="graph" id="d16" />
  <key attr.name="IX" attr.type="int" for="graph" id="d15" />
  <key attr.name="Customer" attr.type="int" for="graph" id="d14" />
  <key attr.name="ToolsetVersion" attr.type="string" for="graph" id="d13" />
  <key attr.name="label" attr.type="string" for="graph" id="d12" />
  <key attr.name="Commercial" attr.type="int" for="graph" id="d11" />
  <key attr.name="Backbone" attr.type="int" for="graph" id="d10" />
  <key attr.name="DateType" attr.type="string" for="graph" id="d9" />
  <key attr.name="Type" attr.type="string" for="graph" id="d8" />
  <key attr.name="Version" attr.type="string" for="graph" id="d7" />
  <key attr.name="Source" attr.type="string" for="graph" id="d6" />
  <key attr.name="Note" attr.type="string" for="graph" id="d5" />
  <key attr.name="Provenance" attr.type="string" for="graph" id="d4" />
  <key attr.name="Network" attr.type="string" for="graph" id="d3" />
  <key attr.name="GeoExtent" attr.type="string" for="graph" id="d2" />
  <key attr.name="GeoLocation" attr.type="string" for="graph" id="d1" />
  <key attr.name="DateObtained" attr.type="string" for="graph" id="d0" />
  <graph edgedefault="undirected">
    <data key="d0">5/07/11</data>
    <data key="d1">Serbia</data>
    <data key="d2">Country</data>
    <data key="d3">AMRES</data>
    <data key="d4">Primary</data>
    <data key="d5">External node names from http://netiis.rcub.bg.ac.rs/netiis/NetIIS?service=main&amp;ID=group.21361</data>
    <data key="d6">http://www.amres.ac.rs/index.php?option=com_content&amp;task=view&amp;id=25&amp;Itemid=56&amp;lang=ser</data>
    <data key="d7">1.0</data>
    <data key="d8">REN</data>
    <data key="d9">Current</data>
    <data key="d10">0</data>
    <data key="d11">0</data>
    <data key="d12">Amres</data>
    <data key="d13">0.3.34dev-20120328</data>
    <data key="d14">0</data>
    <data key="d15">0</data>
    <data key="d16">e278b1b</data>
    <data key="d17">=</data>
    <data key="d18">07</data>
    <data key="d19">5/07/11</data>
    <data key="d20">0</data>
    <data key="d21">IP</data>
    <data key="d22">Topology Zoo Toolset</data>
    <data key="d23">0</data>
    <data key="d24">0</data>
    <data key="d25">2011_07</data>
    <data key="d26">2011</data>
    <data key="d27">2011_09_01</data>
    <data key="d28">0</data>
    <node id="0">
      <data key="d29">1</data>
      <data key="d30">44.07833</data>
      <data key="d31">Serbia</data>
      <data key="d32">Small Node</data>
      <data key="d33">0</data>
      <data key="d34">22.09528</data>
      <data key="d35">Bor</data>
    </node>
    <node id="1">
      <data key="d29">1</data>
      <data key="d32">Small Node</data>
      <data key="d33">1</data>
      <data key="d35">Kosovska Mitrovica</data>
    </node>
    <node id="2">
      <data key="d29">1</data>
      <data key="d30">43.13667</data>
      <data key="d31">Serbia</data>
      <data key="d32">Small Node</data>
      <data key="d33">2</data>
      <data key="d34">20.51222</data>
      <data key="d35">Novi Pazar</data>
    </node>
    <node id="3">
      <data key="d29">1</data>
      <data key="d30">43.58</data>
      <data key="d31">Serbia</data>
      <data key="d32">Small Node</data>
      <data key="d33">3</data>
      <data key="d34">21.33389</data>
      <data key="d35">Krustevac</data>
    </node>
    <node id="4">
      <data key="d29">1</data>
      <data key="d30">42.55139</data>
      <data key="d31">Serbia</data>
      <data key="d32">Small Node</data>
      <data key="d33">4</data>
      <data key="d34">21.90028</data>
      <data key="d35">Vranje</data>
    </node>
    <node id="5">
      <data key="d29">1</data>
      <data key="d30">43.32472</data>
      <data key="d31">Serbia</data>
      <data key="d32">Medium Node</data>
      <data key="d33">5</data>
      <data key="d34">21.90333</data>
      <data key="d35">Nis</data>
    </node>
    <node id="6">
      <data key="d29">1</data>
      <data key="d30">43.15306</data>
      <data key="d31">Serbia</data>
      <data key="d32">Small Node</data>
      <data key="d33">6</data>
      <data key="d34">22.58611</data>
      <data key="d35">Pirot</data>
    </node>
    <node id="7">
      <data key="d29">1</data>
      <data key="d30">42.99806</data>
      <data key="d31">Serbia</data>
      <data key="d32">Small Node</data>
      <data key="d33">7</data>
      <data key="d34">21.94611</data>
      <data key="d35">Leskovac</data>
    </node>
    <node id="8">
      <data key="d29">1</data>
      <data key="d30">44.01667</data>
      <data key="d31">Serbia</data>
      <data key="d32">Medium Node</data>
      <data key="d33">8</data>
      <data key="d34">20.91667</data>
      <data key="d35">Kragujevac</data>
    </node>
    <node id="9">
      <data key="d29">1</data>
      <data key="d30">45.25167</data>
      <data key="d31">Serbia</data>
      <data key="d32">Medium Node</data>
      <data key="d33">9</data>
      <data key="d34">19.83694</data>
      <data key="d35">Novi Sad</data>
    </node>
    <node id="10">
      <data key="d29">0</data>
      <data key="d33">10</data>
      <data key="d35">Bosnia and Herzegovina</data>
    </node>
    <node id="11">
      <data key="d29">0</data>
      <data key="d33">11</data>
      <data key="d35">HUNGARNET</data>
    </node>
    <node id="12">
      <data key="d29">1</data>
      <data key="d30">44.80401</data>
      <data key="d31">Serbia</data>
      <data key="d32">Large Node</data>
      <data key="d33">12</data>
      <data key="d34">20.46513</data>
      <data key="d35">Beograd</data>
    </node>
    <node id="13">
      <data key="d29">1</data>
      <data key="d30">44.87083</data>
      <data key="d31">Serbia</data>
      <data key="d32">Small Node</data>
      <data key="d33">13</data>
      <data key="d34">20.64028</data>
      <data key="d35">Pancevo</data>
    </node>
    <node id="14">
      <data key="d29">0</data>
      <data key="d33">14</data>
      <data key="d35">Telekom Serbia</data>
    </node>
    <node id="15">
      <data key="d29">1</data>
      <data key="d30">43.72583</data>
      <data key="d31">Serbia</data>
      <data key="d32">Small Node</data>
      <data key="d33">15</data>
      <data key="d34">20.68944</data>
      <data key="d35">Kraljevo</data>
    </node>
    <node id="16">
      <data key="d29">1</data>
      <data key="d30">43.28722</data>
      <data key="d31">Serbia</data>
      <data key="d32">Small Node</data>
      <data key="d33">16</data>
      <data key="d34">20.61528</data>
      <data key="d35">Raska</data>
    </node>
    <node id="17">
      <data key="d29">1</data>
      <data key="d30">46.1</data>
      <data key="d31">Serbia</data>
      <data key="d32">Small Node</data>
      <data key="d33">17</data>
      <data key="d34">19.66667</data>
      <data key="d35">Subotica</data>
    </node>
    <node id="18">
      <data key="d29">1</data>
      <data key="d30">45.77417</data>
      <data key="d31">Serbia</data>
      <data key="d32">Small Node</data>
      <data key="d33">18</data>
      <data key="d34">19.11222</data>
      <data key="d35">Sombor</data>
    </node>
    <node id="19">
      <data key="d29">1</data>
      <data key="d30">45.38361</data>
      <data key="d31">Serbia</data>
      <data key="d32">Small Node</data>
      <data key="d33">19</data>
      <data key="d34">20.38194</data>
      <data key="d35">Zrenjanin</data>
    </node>
    <node id="20">
      <data key="d29">1</data>
      <data key="d30">44.74667</data>
      <data key="d31">Serbia</data>
      <data key="d32">Small Node</data>
      <data key="d33">20</data>
      <data key="d34">19.69</data>
      <data key="d35">Sabac</data>
    </node>
    <node id="21">
      <data key="d29">1</data>
      <data key="d30">44.27513</data>
      <data key="d31">Serbia</data>
      <data key="d32">Small Node</data>
      <data key="d33">21</data>
      <data key="d34">19.89821</data>
      <data key="d35">Valjevo</data>
    </node>
    <node id="22">
      <data key="d29">1</data>
      <data key="d30">43.85861</data>
      <data key="d31">Serbia</data>
      <data key="d32">Small Node</data>
      <data key="d33">22</data>
      <data key="d34">19.84878</data>
      <data key="d35">Uzice</data>
    </node>
    <node id="23">
      <data key="d29">1</data>
      <data key="d30">43.89139</data>
      <data key="d31">Serbia</data>
      <data key="d32">Small Node</data>
      <data key="d33">23</data>
      <data key="d34">20.34972</data>
      <data key="d35">Cacak</data>
    </node>
    <node id="24">
      <data key="d29">1</data>
      <data key="d30">44.33778</data>
      <data key="d31">Serbia</data>
      <data key="d32">Small Node</data>
      <data key="d33">24</data>
      <data key="d34">21.04556</data>
      <data key="d35">Velika Plana</data>
    </node>
    <edge source="0" target="5">
      <data key="d36">Fibre</data>
      <data key="d37">1</data>
      <data key="d38">dark fibre 1 Gb/s</data>
      <data key="d39">1000000000.0</data>
      <data key="d40">dark   </data>
      <data key="d41">G</data>
      <data key="d42">0</data>
    </edge>
    <edge source="1" target="12">
      <data key="d37">2</data>
      <data key="d41">M</data>
      <data key="d38">2 Mb/s SHDSL</data>
      <data key="d40">  SHDSL</data>
      <data key="d39">2000000.0</data>
      <data key="d42">0</data>
    </edge>
    <edge source="2" target="16">
      <data key="d36">Fibre</data>
      <data key="d37">1</data>
      <data key="d38">dark fibre 1 Gb/s</data>
      <data key="d39">1000000000.0</data>
      <data key="d40">dark   </data>
      <data key="d41">G</data>
      <data key="d42">0</data>
    </edge>
    <edge source="3" target="5">
      <data key="d36">Fibre</data>
      <data key="d37">1</data>
      <data key="d38">dark fibre 1 Gb/s</data>
      <data key="d39">1000000000.0</data>
      <data key="d40">dark   </data>
      <data key="d41">G</data>
      <data key="d42">0</data>
    </edge>
    <edge source="3" target="15">
      <data key="d36">Fibre</data>
      <data key="d37">1</data>
      <data key="d38">dark fibre 1 Gb/s</data>
      <data key="d39">1000000000.0</data>
      <data key="d40">dark   </data>
      <data key="d41">G</data>
      <data key="d42">0</data>
    </edge>
    <edge source="4" target="7">
      <data key="d36">Fibre</data>
      <data key="d37">1</data>
      <data key="d38">dark fibre 1 Gb/s</data>
      <data key="d39">1000000000.0</data>
      <data key="d40">dark   </data>
      <data key="d41">G</data>
      <data key="d42">0</data>
    </edge>
    <edge source="5" target="6">
      <data key="d36">Fibre</data>
      <data key="d37">1</data>
      <data key="d38">dark fibre 1 Gb/s</data>
      <data key="d39">1000000000.0</data>
      <data key="d40">dark   </data>
      <data key="d41">G</data>
      <data key="d42">0</data>
    </edge>
    <edge source="5" target="7">
      <data key="d36">Fibre</data>
      <data key="d37">1</data>
      <data key="d38">dark fibre 1 Gb/s</data>
      <data key="d39">1000000000.0</data>
      <data key="d40">dark   </data>
      <data key="d41">G</data>
      <data key="d42">0</data>
    </edge>
    <edge source="8" target="24">
      <data key="d36">Fibre</data>
      <data key="d37">1</data>
      <data key="d38">dark fibre 1 Gb/s</data>
      <data key="d39">1000000000.0</data>
      <data key="d40">dark   </data>
      <data key="d41">G</data>
      <data key="d42">0</data>
    </edge>
    <edge source="8" target="15">
      <data key="d36">Fibre</data>
      <data key="d37">1</data>
      <data key="d38">dark fibre 1 Gb/s</data>
      <data key="d39">1000000000.0</data>
      <data key="d40">dark   </data>
      <data key="d41">G</data>
      <data key="d42">0</data>
    </edge>
    <edge source="9" target="17">
      <data key="d36">Fibre</data>
      <data key="d37">1</data>
      <data key="d38">dark fibre 1 Gb/s</data>
      <data key="d39">1000000000.0</data>
      <data key="d40">dark   </data>
      <data key="d41">G</data>
      <data key="d42">0</data>
    </edge>
    <edge source="9" target="18">
      <data key="d36">Fibre</data>
      <data key="d37">1</data>
      <data key="d38">dark fibre 1 Gb/s</data>
      <data key="d39">1000000000.0</data>
      <data key="d40">dark   </data>
      <data key="d41">G</data>
      <data key="d42">0</data>
    </edge>
    <edge source="9" target="19">
      <data key="d36">Fibre</data>
      <data key="d37">1</data>
      <data key="d38">dark fibre 1 Gb/s</data>
      <data key="d39">1000000000.0</data>
      <data key="d40">dark   </data>
      <data key="d41">G</data>
      <data key="d42">0</data>
    </edge>
    <edge source="9" target="12">
      <data key="d36">Fibre</data>
      <data key="d37">1</data>
      <data key="d38">dark fibre 1 Gb/s</data>
      <data key="d39">1000000000.0</data>
      <data key="d40">dark   </data>
      <data key="d41">G</data>
      <data key="d42">0</data>
    </edge>
    <edge source="10" target="20">
      <data key="d36">Fibre</data>
      <data key="d37">1</data>
      <data key="d38">dark fibre 1 Gb/s</data>
      <data key="d39">1000000000.0</data>
      <data key="d40">dark   </data>
      <data key="d41">G</data>
      <data key="d42">0</data>
    </edge>
    <edge source="11" target="17">
      <data key="d36">Fibre</data>
      <data key="d37">1</data>
      <data key="d38">dark fibre 1 Gb/s</data>
      <data key="d39">1000000000.0</data>
      <data key="d40">dark   </data>
      <data key="d41">G</data>
      <data key="d42">0</data>
    </edge>
    <edge source="12" target="13">
      <data key="d36">Fibre</data>
      <data key="d37">1</data>
      <data key="d38">dark fibre 1 Gb/s</data>
      <data key="d39">1000000000.0</data>
      <data key="d40">dark   </data>
      <data key="d41">G</data>
      <data key="d42">0</data>
    </edge>
    <edge source="12" target="14">
      <data key="d37">34</data>
      <data key="d41">M</data>
      <data key="d38">34 Mb/s Internet</data>
      <data key="d40">  Internet</data>
      <data key="d39">34000000.0</data>
      <data key="d42">0</data>
    </edge>
    <edge source="12" target="20">
      <data key="d36">Fibre</data>
      <data key="d37">1</data>
      <data key="d38">dark fibre 1 Gb/s</data>
      <data key="d39">1000000000.0</data>
      <data key="d40">dark   </data>
      <data key="d41">G</data>
      <data key="d42">0</data>
    </edge>
    <edge source="12" target="21">
      <data key="d36">Fibre</data>
      <data key="d37">1</data>
      <data key="d38">dark fibre 1 Gb/s</data>
      <data key="d39">1000000000.0</data>
      <data key="d40">dark   </data>
      <data key="d41">G</data>
      <data key="d42">0</data>
    </edge>
    <edge source="12" target="24">
      <data key="d36">Fibre</data>
      <data key="d37">1</data>
      <data key="d38">dark fibre 1 Gb/s</data>
      <data key="d39">1000000000.0</data>
      <data key="d40">dark   </data>
      <data key="d41">G</data>
      <data key="d42">0</data>
    </edge>
    <edge source="15" target="16">
      <data key="d36">Fibre</data>
      <data key="d37">1</data>
      <data key="d38">dark fibre 1 Gb/s</data>
      <data key="d39">1000000000.0</data>
      <data key="d40">dark   </data>
      <data key="d41">G</data>
      <data key="d42">0</data>
    </edge>
    <edge source="21" target="22">
      <data key="d36">Fibre</data>
      <data key="d37">1</data>
      <data key="d38">dark fibre 1 Gb/s</data>
      <data key="d39">1000000000.0</data>
      <data key="d40">dark   </data>
      <data key="d41">G</data>
      <data key="d42">0</data>
    </edge>
    <edge source="22" target="23">
      <data key="d36">Fibre</data>
      <data key="d37">1</data>
      <data key="d38">dark fibre 1 Gb/s</data>
      <data key="d39">1000000000.0</data>
      <data key="d40">dark   </data>
      <data key="d41">G</data>
      <data key="d42">0</data>
    </edge>
  </graph>
</graphml>
