<?xml version="1.0" encoding="utf-8"?><graphml xmlns="http://graphml.graphdrawing.org/xmlns" xmlns:xsi="http://www.w3.org/2001/XMLSchema-instance" xsi:schemaLocation="http://graphml.graphdrawing.org/xmlns http://graphml.graphdrawing.org/xmlns/1.0/graphml.xsd">
  <key attr.name="key" attr.type="int" for="edge" id="d35" />
  <key attr.name="id" attr.type="string" for="edge" id="d34" />
  <key attr.name="label" attr.type="string" for="node" id="d33" />
  <key attr.name="Longitude" attr.type="double" for="node" id="d32" />
  <key attr.name="id" attr.type="int" for="node" id="d31" />
  <key attr.name="Country" attr.type="string" for="node" id="d30" />
  <key attr.name="Latitude" attr.type="double" for="node" id="d29" />
  <key attr.name="Internal" attr.type="int" for="node" id="d28" />
  <key attr.name="Testbed" attr.type="int" for="graph" id="d27" />
  <key attr.name="LastProcessed" attr.type="string" for="graph" id="d26" />
  <key attr.name="DateYear" attr.type="string" for="graph" id="d25" />
  <key attr.name="NetworkDate" attr.type="string" for="graph" id="d24" />
  <key attr.name="Transit" attr.type="int" for="graph" id="d23" />
  <key attr.name="Developed" attr.type="int" for="graph" id="d22" />
  <key attr.name="Creator" attr.type="string" for="graph" id="d21" />
  <key attr.name="Layer" attr.type="string" for="graph" id="d20" />
  <key attr.name="LastAccess" attr.type="string" for="graph" id="d19" />
  <key attr.name="DateMonth" attr.type="string" for="graph" id="d18" />
  <key attr.name="DateModifier" attr.type="string" for="graph" id="d17" />
  <key attr.name="SourceGitVersion" attr.type="string" for="graph" id="d16" />
  <key attr.name="IX" attr.type="int" for="graph" id="d15" />
  <key attr.name="Customer" attr.type="int" for="graph" id="d14" />
  <key attr.name="ToolsetVersion" attr.type="string" for="graph" id="d13" />
  <key attr.name="label" attr.type="string" for="graph" id="d12" />
  <key attr.name="Commercial" attr.type="int" for="graph" id="d11" />
  <key attr.name="Backbone" attr.type="int" for="graph" id="d10" />
  <key attr.name="DateType" attr.type="string" for="graph" id="d9" />
  <key attr.name="Type" attr.type="string" for="graph" id="d8" />
  <key attr.name="Version" attr.type="string" for="graph" id="d7" />
  <key attr.name="Source" attr.type="string" for="graph" id="d6" />
  <key attr.name="Access" attr.type="int" for="graph" id="d5" />
  <key attr.name="Provenance" attr.type="string" for="graph" id="d4" />
  <key attr.name="Network" attr.type="string" for="graph" id="d3" />
  <key attr.name="GeoExtent" attr.type="string" for="graph" id="d2" />
  <key attr.name="GeoLocation" attr.type="string" for="graph" id="d1" />
  <key attr.name="DateObtained" attr.type="string" for="graph" id="d0" />
  <graph edgedefault="undirected">
    <data key="d0">25/01/11</data>
    <data key="d1">United States</data>
    <data key="d2">Country</data>
    <data key="d3">ARPANET</data>
    <data key="d4">Secondary</data>
    <data key="d5">0</data>
    <data key="d6">http://som.csudh.edu/cis/lpress/history/arpamaps/</data>
    <data key="d7">1.0</data>
    <data key="d8">REN</data>
    <data key="d9">Historic</data>
    <data key="d10">1</data>
    <data key="d11">0</data>
    <data key="d12">Arpanet19706</data>
    <data key="d13">0.3.34dev-20120328</data>
    <data key="d14">0</data>
    <data key="d15">0</data>
    <data key="d16">e278b1b</data>
    <data key="d17">=</data>
    <data key="d18">06</data>
    <data key="d19">25/01/11</data>
    <data key="d20">ARPA</data>
    <data key="d21">Topology Zoo Toolset</data>
    <data key="d22">1</data>
    <data key="d23">0</data>
    <data key="d24">1970_06</data>
    <data key="d25">1970</data>
    <data key="d26">2011_09_01</data>
    <data key="d27">0</data>
    <node id="0">
      <data key="d28">1</data>
      <data key="d29">42.37843</data>
      <data key="d30">United States</data>
      <data key="d31">0</data>
      <data key="d32">-71.11644</data>
      <data key="d33">HARVARD</data>
    </node>
    <node id="1">
      <data key="d28">1</data>
      <data key="d29">37.45383</data>
      <data key="d30">United States</data>
      <data key="d31">1</data>
      <data key="d32">-122.18219</data>
      <data key="d33">SRI</data>
    </node>
    <node id="2">
      <data key="d28">1</data>
      <data key="d29">34.42083</data>
      <data key="d30">United States</data>
      <data key="d31">2</data>
      <data key="d32">-119.69819</data>
      <data key="d33">UCSB</data>
    </node>
    <node id="3">
      <data key="d28">1</data>
      <data key="d29">34.05223</data>
      <data key="d30">United States</data>
      <data key="d31">3</data>
      <data key="d32">-118.24368</data>
      <data key="d33">UCLA</data>
    </node>
    <node id="4">
      <data key="d28">1</data>
      <data key="d29">34.01945</data>
      <data key="d30">United States</data>
      <data key="d31">4</data>
      <data key="d32">-118.49119</data>
      <data key="d33">RAND</data>
    </node>
    <node id="5">
      <data key="d28">1</data>
      <data key="d29">34.01945</data>
      <data key="d30">United States</data>
      <data key="d31">5</data>
      <data key="d32">-118.49119</data>
      <data key="d33">SDC</data>
    </node>
    <node id="6">
      <data key="d28">1</data>
      <data key="d29">40.76078</data>
      <data key="d30">United States</data>
      <data key="d31">6</data>
      <data key="d32">-111.89105</data>
      <data key="d33">UTAH</data>
    </node>
    <node id="7">
      <data key="d28">1</data>
      <data key="d29">42.35954</data>
      <data key="d30">United States</data>
      <data key="d31">7</data>
      <data key="d32">-71.09172</data>
      <data key="d33">MIT</data>
    </node>
    <node id="8">
      <data key="d28">1</data>
      <data key="d29">42.3751</data>
      <data key="d30">United States</data>
      <data key="d31">8</data>
      <data key="d32">-71.10561</data>
      <data key="d33">BBN</data>
    </node>
    <edge source="0" target="8">
      <data key="d34">e9</data>
      <data key="d35">0</data>
    </edge>
    <edge source="1" target="2">
      <data key="d34">e0</data>
      <data key="d35">0</data>
    </edge>
    <edge source="1" target="3">
      <data key="d34">e1</data>
      <data key="d35">0</data>
    </edge>
    <edge source="2" target="3">
      <data key="d34">e2</data>
      <data key="d35">0</data>
    </edge>
    <edge source="3" target="4">
      <data key="d34">e3</data>
      <data key="d35">0</data>
    </edge>
    <edge source="4" target="8">
      <data key="d34">e5</data>
      <data key="d35">0</data>
    </edge>
    <edge source="4" target="5">
      <data key="d34">e4</data>
      <data key="d35">0</data>
    </edge>
    <edge source="5" target="6">
      <data key="d34">e6</data>
      <data key="d35">0</data>
    </edge>
    <edge source="6" target="7">
      <data key="d34">e7</data>
      <data key="d35">0</data>
    </edge>
    <edge source="7" target="8">
      <data key="d34">e8</data>
      <data key="d35">0</data>
    </edge>
  </graph>
</graphml>
