<?xml version="1.0" encoding="utf-8"?><graphml xmlns="http://graphml.graphdrawing.org/xmlns" xmlns:xsi="http://www.w3.org/2001/XMLSchema-instance" xsi:schemaLocation="http://graphml.graphdrawing.org/xmlns http://graphml.graphdrawing.org/xmlns/1.0/graphml.xsd">
  <key attr.name="key" attr.type="int" for="edge" id="d37" />
  <key attr.name="id" attr.type="string" for="edge" id="d36" />
  <key attr.name="type" attr.type="string" for="node" id="d35" />
  <key attr.name="label" attr.type="string" for="node" id="d34" />
  <key attr.name="Longitude" attr.type="double" for="node" id="d33" />
  <key attr.name="id" attr.type="int" for="node" id="d32" />
  <key attr.name="Country" attr.type="string" for="node" id="d31" />
  <key attr.name="Latitude" attr.type="double" for="node" id="d30" />
  <key attr.name="Internal" attr.type="int" for="node" id="d29" />
  <key attr.name="Testbed" attr.type="int" for="graph" id="d28" />
  <key attr.name="LastProcessed" attr.type="string" for="graph" id="d27" />
  <key attr.name="DateYear" attr.type="string" for="graph" id="d26" />
  <key attr.name="NetworkDate" attr.type="string" for="graph" id="d25" />
  <key attr.name="Transit" attr.type="int" for="graph" id="d24" />
  <key attr.name="Developed" attr.type="int" for="graph" id="d23" />
  <key attr.name="Creator" attr.type="string" for="graph" id="d22" />
  <key attr.name="Layer" attr.type="string" for="graph" id="d21" />
  <key attr.name="Access" attr.type="int" for="graph" id="d20" />
  <key attr.name="LastAccess" attr.type="string" for="graph" id="d19" />
  <key attr.name="DateMonth" attr.type="string" for="graph" id="d18" />
  <key attr.name="DateModifier" attr.type="string" for="graph" id="d17" />
  <key attr.name="SourceGitVersion" attr.type="string" for="graph" id="d16" />
  <key attr.name="IX" attr.type="int" for="graph" id="d15" />
  <key attr.name="Customer" attr.type="int" for="graph" id="d14" />
  <key attr.name="ToolsetVersion" attr.type="string" for="graph" id="d13" />
  <key attr.name="label" attr.type="string" for="graph" id="d12" />
  <key attr.name="Commercial" attr.type="int" for="graph" id="d11" />
  <key attr.name="Backbone" attr.type="int" for="graph" id="d10" />
  <key attr.name="DateType" attr.type="string" for="graph" id="d9" />
  <key attr.name="Type" attr.type="string" for="graph" id="d8" />
  <key attr.name="Version" attr.type="string" for="graph" id="d7" />
  <key attr.name="Source" attr.type="string" for="graph" id="d6" />
  <key attr.name="Note" attr.type="string" for="graph" id="d5" />
  <key attr.name="Provenance" attr.type="string" for="graph" id="d4" />
  <key attr.name="Network" attr.type="string" for="graph" id="d3" />
  <key attr.name="GeoExtent" attr.type="string" for="graph" id="d2" />
  <key attr.name="GeoLocation" attr.type="string" for="graph" id="d1" />
  <key attr.name="DateObtained" attr.type="string" for="graph" id="d0" />
  <graph edgedefault="undirected">
    <data key="d0">25/01/11</data>
    <data key="d1">United States</data>
    <data key="d2">Country</data>
    <data key="d3">ARPANET</data>
    <data key="d4">Secondary</data>
    <data key="d5">Burroughs location approximated to Cambridge, MA</data>
    <data key="d6">http://som.csudh.edu/cis/lpress/history/arpamaps/</data>
    <data key="d7">1.0</data>
    <data key="d8">REN</data>
    <data key="d9">Historic</data>
    <data key="d10">1</data>
    <data key="d11">0</data>
    <data key="d12">Arpanet19719</data>
    <data key="d13">0.3.34dev-20120328</data>
    <data key="d14">0</data>
    <data key="d15">0</data>
    <data key="d16">e278b1b</data>
    <data key="d17">=</data>
    <data key="d18">09</data>
    <data key="d19">25/01/11</data>
    <data key="d20">0</data>
    <data key="d21">ARPA</data>
    <data key="d22">Topology Zoo Toolset</data>
    <data key="d23">1</data>
    <data key="d24">0</data>
    <data key="d25">1971_09</data>
    <data key="d26">1971</data>
    <data key="d27">2011_09_01</data>
    <data key="d28">0</data>
    <node id="0">
      <data key="d29">1</data>
      <data key="d30">41.5045</data>
      <data key="d31">United States</data>
      <data key="d32">0</data>
      <data key="d33">-81.59707</data>
      <data key="d34">CASE</data>
    </node>
    <node id="1">
      <data key="d29">1</data>
      <data key="d30">39.80172</data>
      <data key="d31">United States</data>
      <data key="d32">1</data>
      <data key="d33">-89.64371</data>
      <data key="d34">ILLINOIS</data>
    </node>
    <node id="2">
      <data key="d29">1</data>
      <data key="d30">42.37843</data>
      <data key="d31">United States</data>
      <data key="d32">2</data>
      <data key="d33">-71.11644</data>
      <data key="d34">HARVARD</data>
    </node>
    <node id="3">
      <data key="d29">1</data>
      <data key="d30">40.44118</data>
      <data key="d31">United States</data>
      <data key="d32">3</data>
      <data key="d33">-79.94283</data>
      <data key="d34">CARNEGIE</data>
    </node>
    <node id="4">
      <data key="d29">1</data>
      <data key="d30">41.63622</data>
      <data key="d31">United States</data>
      <data key="d35">&amp;quot;T&amp;quot; Node</data>
      <data key="d32">4</data>
      <data key="d33">-70.9342</data>
      <data key="d34">MITRE</data>
    </node>
    <node id="5">
      <data key="d29">1</data>
      <data key="d30">37.38605</data>
      <data key="d31">United States</data>
      <data key="d35">&amp;quot;T&amp;quot; Node</data>
      <data key="d32">5</data>
      <data key="d33">-122.08385</data>
      <data key="d34">AMES</data>
    </node>
    <node id="6">
      <data key="d29">1</data>
      <data key="d30">42.3751</data>
      <data key="d31">United States</data>
      <data key="d32">6</data>
      <data key="d33">-71.10561</data>
      <data key="d34">BURROUGHS</data>
    </node>
    <node id="7">
      <data key="d29">1</data>
      <data key="d30">42.3751</data>
      <data key="d31">United States</data>
      <data key="d35">&amp;quot;T&amp;quot; Node</data>
      <data key="d32">7</data>
      <data key="d33">-71.10561</data>
      <data key="d34">BBN</data>
    </node>
    <node id="8">
      <data key="d29">1</data>
      <data key="d30">42.35954</data>
      <data key="d31">United States</data>
      <data key="d32">8</data>
      <data key="d33">-71.09172</data>
      <data key="d34">MIT</data>
    </node>
    <node id="9">
      <data key="d29">1</data>
      <data key="d30">42.3751</data>
      <data key="d31">United States</data>
      <data key="d32">9</data>
      <data key="d33">-71.10561</data>
      <data key="d34">BBN</data>
    </node>
    <node id="10">
      <data key="d29">1</data>
      <data key="d30">37.45383</data>
      <data key="d31">United States</data>
      <data key="d32">10</data>
      <data key="d33">-122.18219</data>
      <data key="d34">SRI</data>
    </node>
    <node id="11">
      <data key="d29">1</data>
      <data key="d30">34.42083</data>
      <data key="d31">United States</data>
      <data key="d32">11</data>
      <data key="d33">-119.69819</data>
      <data key="d34">UCSB</data>
    </node>
    <node id="12">
      <data key="d29">1</data>
      <data key="d30">34.05223</data>
      <data key="d31">United States</data>
      <data key="d32">12</data>
      <data key="d33">-118.24368</data>
      <data key="d34">UCLA</data>
    </node>
    <node id="13">
      <data key="d29">1</data>
      <data key="d30">37.44188</data>
      <data key="d31">United States</data>
      <data key="d32">13</data>
      <data key="d33">-122.14302</data>
      <data key="d34">Stanford</data>
    </node>
    <node id="14">
      <data key="d29">1</data>
      <data key="d30">34.01945</data>
      <data key="d31">United States</data>
      <data key="d32">14</data>
      <data key="d33">-118.49119</data>
      <data key="d34">RAND</data>
    </node>
    <node id="15">
      <data key="d29">1</data>
      <data key="d30">34.01945</data>
      <data key="d31">United States</data>
      <data key="d32">15</data>
      <data key="d33">-118.49119</data>
      <data key="d34">SDC</data>
    </node>
    <node id="16">
      <data key="d29">1</data>
      <data key="d30">40.76078</data>
      <data key="d31">United States</data>
      <data key="d32">16</data>
      <data key="d33">-111.89105</data>
      <data key="d34">UTAH</data>
    </node>
    <node id="17">
      <data key="d29">1</data>
      <data key="d30">42.44732</data>
      <data key="d31">United States</data>
      <data key="d32">17</data>
      <data key="d33">-71.2245</data>
      <data key="d34">Lincoln</data>
    </node>
    <edge source="0" target="17">
      <data key="d36">e13</data>
      <data key="d37">0</data>
    </edge>
    <edge source="0" target="3">
      <data key="d36">e20</data>
      <data key="d37">0</data>
    </edge>
    <edge source="1" target="8">
      <data key="d36">e15</data>
      <data key="d37">0</data>
    </edge>
    <edge source="1" target="16">
      <data key="d36">e11</data>
      <data key="d37">0</data>
    </edge>
    <edge source="2" target="9">
      <data key="d36">e16</data>
      <data key="d37">0</data>
    </edge>
    <edge source="2" target="6">
      <data key="d36">e18</data>
      <data key="d37">0</data>
    </edge>
    <edge source="3" target="4">
      <data key="d36">e19</data>
      <data key="d37">0</data>
    </edge>
    <edge source="4" target="6">
      <data key="d36">e21</data>
      <data key="d37">0</data>
    </edge>
    <edge source="5" target="10">
      <data key="d36">e0</data>
      <data key="d37">0</data>
    </edge>
    <edge source="5" target="13">
      <data key="d36">e7</data>
      <data key="d37">0</data>
    </edge>
    <edge source="7" target="8">
      <data key="d36">e14</data>
      <data key="d37">0</data>
    </edge>
    <edge source="7" target="9">
      <data key="d36">e17</data>
      <data key="d37">0</data>
    </edge>
    <edge source="8" target="17">
      <data key="d36">e12</data>
      <data key="d37">0</data>
    </edge>
    <edge source="9" target="14">
      <data key="d36">e8</data>
      <data key="d37">0</data>
    </edge>
    <edge source="10" target="16">
      <data key="d36">e2</data>
      <data key="d37">0</data>
    </edge>
    <edge source="10" target="11">
      <data key="d36">e3</data>
      <data key="d37">0</data>
    </edge>
    <edge source="10" target="12">
      <data key="d36">e1</data>
      <data key="d37">0</data>
    </edge>
    <edge source="11" target="12">
      <data key="d36">e4</data>
      <data key="d37">0</data>
    </edge>
    <edge source="12" target="13">
      <data key="d36">e5</data>
      <data key="d37">0</data>
    </edge>
    <edge source="12" target="14">
      <data key="d36">e6</data>
      <data key="d37">0</data>
    </edge>
    <edge source="14" target="15">
      <data key="d36">e9</data>
      <data key="d37">0</data>
    </edge>
    <edge source="15" target="16">
      <data key="d36">e10</data>
      <data key="d37">0</data>
    </edge>
  </graph>
</graphml>
