<?xml version="1.0" encoding="utf-8"?><graphml xmlns="http://graphml.graphdrawing.org/xmlns" xmlns:xsi="http://www.w3.org/2001/XMLSchema-instance" xsi:schemaLocation="http://graphml.graphdrawing.org/xmlns http://graphml.graphdrawing.org/xmlns/1.0/graphml.xsd">
  <key attr.name="key" attr.type="int" for="edge" id="d36" />
  <key attr.name="LinkLabel" attr.type="string" for="edge" id="d35" />
  <key attr.name="label" attr.type="string" for="node" id="d34" />
  <key attr.name="Longitude" attr.type="double" for="node" id="d33" />
  <key attr.name="id" attr.type="int" for="node" id="d32" />
  <key attr.name="type" attr.type="string" for="node" id="d31" />
  <key attr.name="Country" attr.type="string" for="node" id="d30" />
  <key attr.name="Latitude" attr.type="double" for="node" id="d29" />
  <key attr.name="Internal" attr.type="int" for="node" id="d28" />
  <key attr.name="Testbed" attr.type="int" for="graph" id="d27" />
  <key attr.name="LastProcessed" attr.type="string" for="graph" id="d26" />
  <key attr.name="DateYear" attr.type="int" for="graph" id="d25" />
  <key attr.name="NetworkDate" attr.type="string" for="graph" id="d24" />
  <key attr.name="Transit" attr.type="int" for="graph" id="d23" />
  <key attr.name="Developed" attr.type="int" for="graph" id="d22" />
  <key attr.name="Creator" attr.type="string" for="graph" id="d21" />
  <key attr.name="Layer" attr.type="string" for="graph" id="d20" />
  <key attr.name="LastAccess" attr.type="string" for="graph" id="d19" />
  <key attr.name="DateMonth" attr.type="int" for="graph" id="d18" />
  <key attr.name="DateModifier" attr.type="string" for="graph" id="d17" />
  <key attr.name="SourceGitVersion" attr.type="string" for="graph" id="d16" />
  <key attr.name="IX" attr.type="int" for="graph" id="d15" />
  <key attr.name="Customer" attr.type="int" for="graph" id="d14" />
  <key attr.name="ToolsetVersion" attr.type="string" for="graph" id="d13" />
  <key attr.name="label" attr.type="string" for="graph" id="d12" />
  <key attr.name="Commercial" attr.type="int" for="graph" id="d11" />
  <key attr.name="Backbone" attr.type="int" for="graph" id="d10" />
  <key attr.name="Type" attr.type="string" for="graph" id="d9" />
  <key attr.name="DateType" attr.type="string" for="graph" id="d8" />
  <key attr.name="Version" attr.type="string" for="graph" id="d7" />
  <key attr.name="Source" attr.type="string" for="graph" id="d6" />
  <key attr.name="Access" attr.type="int" for="graph" id="d5" />
  <key attr.name="Provenance" attr.type="string" for="graph" id="d4" />
  <key attr.name="Network" attr.type="string" for="graph" id="d3" />
  <key attr.name="GeoExtent" attr.type="string" for="graph" id="d2" />
  <key attr.name="GeoLocation" attr.type="string" for="graph" id="d1" />
  <key attr.name="DateObtained" attr.type="string" for="graph" id="d0" />
  <graph edgedefault="undirected">
    <data key="d0">16/11/10</data>
    <data key="d1">USA</data>
    <data key="d2">Country</data>
    <data key="d3">ATT North America</data>
    <data key="d4">Primary</data>
    <data key="d5">0</data>
    <data key="d6">http://www.att.com/Common/merger/files/pdf/wired-network/Domestic_0C-768_Network.pdf</data>
    <data key="d7">1.0</data>
    <data key="d8">Historic</data>
    <data key="d9">COM</data>
    <data key="d10">1</data>
    <data key="d11">0</data>
    <data key="d12">AttMpls</data>
    <data key="d13">0.3.34dev-20120328</data>
    <data key="d14">1</data>
    <data key="d15">0</data>
    <data key="d16">e278b1b</data>
    <data key="d17">=</data>
    <data key="d18">0</data>
    <data key="d19">3/08/10</data>
    <data key="d20">IP</data>
    <data key="d21">Topology Zoo Toolset</data>
    <data key="d22">1</data>
    <data key="d23">1</data>
    <data key="d24">2007-2008</data>
    <data key="d25">0</data>
    <data key="d26">2011_09_01</data>
    <data key="d27">0</data>
    <node id="0">
      <data key="d28">1</data>
      <data key="d29">40.71427</data>
      <data key="d30">United States</data>
      <data key="d31">Completion 2007 - 2008</data>
      <data key="d32">0</data>
      <data key="d33">-74.00597</data>
      <data key="d34">NY54</data>
    </node>
    <node id="1">
      <data key="d28">1</data>
      <data key="d29">42.3751</data>
      <data key="d30">United States</data>
      <data key="d31">Completion 2007 - 2008</data>
      <data key="d32">1</data>
      <data key="d33">-71.10561</data>
      <data key="d34">CMBR</data>
    </node>
    <node id="2">
      <data key="d28">1</data>
      <data key="d29">41.85003</data>
      <data key="d30">United States</data>
      <data key="d31">Completed</data>
      <data key="d32">2</data>
      <data key="d33">-87.65005</data>
      <data key="d34">CHCG</data>
    </node>
    <node id="3">
      <data key="d28">1</data>
      <data key="d29">41.4995</data>
      <data key="d30">United States</data>
      <data key="d31">Completed</data>
      <data key="d32">3</data>
      <data key="d33">-81.69541</data>
      <data key="d34">CLEV</data>
    </node>
    <node id="4">
      <data key="d28">1</data>
      <data key="d29">35.7721</data>
      <data key="d30">United States</data>
      <data key="d31">Completion 2007 - 2008</data>
      <data key="d32">4</data>
      <data key="d33">-78.63861</data>
      <data key="d34">RLGH</data>
    </node>
    <node id="5">
      <data key="d28">1</data>
      <data key="d29">33.749</data>
      <data key="d30">United States</data>
      <data key="d31">Completed</data>
      <data key="d32">5</data>
      <data key="d33">-84.38798</data>
      <data key="d34">ATLN</data>
    </node>
    <node id="6">
      <data key="d28">1</data>
      <data key="d29">39.95234</data>
      <data key="d30">United States</data>
      <data key="d31">Completed</data>
      <data key="d32">6</data>
      <data key="d33">-75.16379</data>
      <data key="d34">PHLA</data>
    </node>
    <node id="7">
      <data key="d28">1</data>
      <data key="d29">38.89511</data>
      <data key="d30">United States</data>
      <data key="d31">Completed</data>
      <data key="d32">7</data>
      <data key="d33">-77.03637</data>
      <data key="d34">WASH</data>
    </node>
    <node id="8">
      <data key="d28">1</data>
      <data key="d29">36.16589</data>
      <data key="d30">United States</data>
      <data key="d31">Completion 2007 - 2008</data>
      <data key="d32">8</data>
      <data key="d33">-86.78444</data>
      <data key="d34">NSVL</data>
    </node>
    <node id="9">
      <data key="d28">1</data>
      <data key="d29">38.62727</data>
      <data key="d30">United States</data>
      <data key="d31">Completed</data>
      <data key="d32">9</data>
      <data key="d33">-90.19789</data>
      <data key="d34">STLS</data>
    </node>
    <node id="10">
      <data key="d28">1</data>
      <data key="d29">29.95465</data>
      <data key="d30">United States</data>
      <data key="d31">Completion 2007 - 2008</data>
      <data key="d32">10</data>
      <data key="d33">-90.07507</data>
      <data key="d34">NWOR</data>
    </node>
    <node id="11">
      <data key="d28">1</data>
      <data key="d29">29.76328</data>
      <data key="d30">United States</data>
      <data key="d31">Completed</data>
      <data key="d32">11</data>
      <data key="d33">-95.36327</data>
      <data key="d34">HSTN</data>
    </node>
    <node id="12">
      <data key="d28">1</data>
      <data key="d29">29.42412</data>
      <data key="d30">United States</data>
      <data key="d31">Completion 2007 - 2008</data>
      <data key="d32">12</data>
      <data key="d33">-98.49363</data>
      <data key="d34">SNAN</data>
    </node>
    <node id="13">
      <data key="d28">1</data>
      <data key="d29">32.78306</data>
      <data key="d30">United States</data>
      <data key="d31">Completed</data>
      <data key="d32">13</data>
      <data key="d33">-96.80667</data>
      <data key="d34">DLLS</data>
    </node>
    <node id="14">
      <data key="d28">1</data>
      <data key="d29">28.53834</data>
      <data key="d30">United States</data>
      <data key="d31">Completed</data>
      <data key="d32">14</data>
      <data key="d33">-81.37924</data>
      <data key="d34">ORLD</data>
    </node>
    <node id="15">
      <data key="d28">1</data>
      <data key="d29">39.73915</data>
      <data key="d30">United States</data>
      <data key="d31">Completion 2007 - 2008</data>
      <data key="d32">15</data>
      <data key="d33">-104.9847</data>
      <data key="d34">DNVR</data>
    </node>
    <node id="16">
      <data key="d28">1</data>
      <data key="d29">39.11417</data>
      <data key="d30">United States</data>
      <data key="d31">Completion 2007 - 2008</data>
      <data key="d32">16</data>
      <data key="d33">-94.62746</data>
      <data key="d34">KSCY</data>
    </node>
    <node id="17">
      <data key="d28">1</data>
      <data key="d29">37.77493</data>
      <data key="d30">United States</data>
      <data key="d31">Completed</data>
      <data key="d32">17</data>
      <data key="d33">-122.41942</data>
      <data key="d34">SNFN</data>
    </node>
    <node id="18">
      <data key="d28">1</data>
      <data key="d29">38.58157</data>
      <data key="d30">United States</data>
      <data key="d31">Completion 2007 - 2008</data>
      <data key="d32">18</data>
      <data key="d33">-121.4944</data>
      <data key="d34">SCRM</data>
    </node>
    <node id="19">
      <data key="d28">1</data>
      <data key="d29">45.52345</data>
      <data key="d30">United States</data>
      <data key="d31">Completion 2007 - 2008</data>
      <data key="d32">19</data>
      <data key="d33">-122.67621</data>
      <data key="d34">PTLD</data>
    </node>
    <node id="20">
      <data key="d28">1</data>
      <data key="d29">47.60621</data>
      <data key="d30">United States</data>
      <data key="d31">Completion 2007 - 2008</data>
      <data key="d32">20</data>
      <data key="d33">-122.33207</data>
      <data key="d34">STTL</data>
    </node>
    <node id="21">
      <data key="d28">1</data>
      <data key="d29">40.76078</data>
      <data key="d30">United States</data>
      <data key="d31">Completion 2007 - 2008</data>
      <data key="d32">21</data>
      <data key="d33">-111.89105</data>
      <data key="d34">SLKC</data>
    </node>
    <node id="22">
      <data key="d28">1</data>
      <data key="d29">34.05223</data>
      <data key="d30">United States</data>
      <data key="d31">Completed</data>
      <data key="d32">22</data>
      <data key="d33">-118.24368</data>
      <data key="d34">LA03</data>
    </node>
    <node id="23">
      <data key="d28">1</data>
      <data key="d29">32.71533</data>
      <data key="d30">United States</data>
      <data key="d31">Completion 2007 - 2008</data>
      <data key="d32">23</data>
      <data key="d33">-117.15726</data>
      <data key="d34">SNDG</data>
    </node>
    <node id="24">
      <data key="d28">1</data>
      <data key="d29">33.44838</data>
      <data key="d30">United States</data>
      <data key="d31">Completion 2007 - 2008</data>
      <data key="d32">24</data>
      <data key="d33">-112.07404</data>
      <data key="d34">PHNX</data>
    </node>
    <edge source="0" target="1">
      <data key="d35">Completion 2007-2008</data>
      <data key="d36">0</data>
    </edge>
    <edge source="0" target="2">
      <data key="d35">Completed</data>
      <data key="d36">0</data>
    </edge>
    <edge source="0" target="6">
      <data key="d35">Completion 2007-2008</data>
      <data key="d36">0</data>
    </edge>
    <edge source="0" target="7">
      <data key="d35">Completed</data>
      <data key="d36">0</data>
    </edge>
    <edge source="1" target="6">
      <data key="d35">Completion 2007-2008</data>
      <data key="d36">0</data>
    </edge>
    <edge source="2" target="3">
      <data key="d35">Completed</data>
      <data key="d36">0</data>
    </edge>
    <edge source="2" target="6">
      <data key="d35">Completed</data>
      <data key="d36">0</data>
    </edge>
    <edge source="2" target="9">
      <data key="d35">Completed</data>
      <data key="d36">0</data>
    </edge>
    <edge source="2" target="15">
      <data key="d35">Completion 2007-2008</data>
      <data key="d36">0</data>
    </edge>
    <edge source="2" target="16">
      <data key="d35">Completion 2007-2008</data>
      <data key="d36">0</data>
    </edge>
    <edge source="2" target="17">
      <data key="d35">Completed</data>
      <data key="d36">0</data>
    </edge>
    <edge source="2" target="20">
      <data key="d35">Completion 2007-2008</data>
      <data key="d36">0</data>
    </edge>
    <edge source="2" target="21">
      <data key="d35">Completion 2007-2008</data>
      <data key="d36">0</data>
    </edge>
    <edge source="3" target="8">
      <data key="d35">Completion 2007-2008</data>
      <data key="d36">0</data>
    </edge>
    <edge source="3" target="9">
      <data key="d35">Completion 2007-2008</data>
      <data key="d36">0</data>
    </edge>
    <edge source="3" target="6">
      <data key="d35">Completed</data>
      <data key="d36">0</data>
    </edge>
    <edge source="4" target="5">
      <data key="d35">Completion 2007-2008</data>
      <data key="d36">0</data>
    </edge>
    <edge source="4" target="7">
      <data key="d35">Completion 2007-2008</data>
      <data key="d36">0</data>
    </edge>
    <edge source="5" target="7">
      <data key="d35">Completed</data>
      <data key="d36">0</data>
    </edge>
    <edge source="5" target="8">
      <data key="d35">Completion 2007-2008</data>
      <data key="d36">0</data>
    </edge>
    <edge source="5" target="9">
      <data key="d35">Completed</data>
      <data key="d36">0</data>
    </edge>
    <edge source="5" target="13">
      <data key="d35">Completed</data>
      <data key="d36">0</data>
    </edge>
    <edge source="5" target="14">
      <data key="d35">Completed</data>
      <data key="d36">0</data>
    </edge>
    <edge source="6" target="7">
      <data key="d35">Completed</data>
      <data key="d36">0</data>
    </edge>
    <edge source="8" target="9">
      <data key="d35">Completion 2007-2008</data>
      <data key="d36">0</data>
    </edge>
    <edge source="8" target="13">
      <data key="d35">Completion 2007-2008</data>
      <data key="d36">0</data>
    </edge>
    <edge source="9" target="13">
      <data key="d35">Completed</data>
      <data key="d36">0</data>
    </edge>
    <edge source="9" target="16">
      <data key="d35">Completion 2007-2008</data>
      <data key="d36">0</data>
    </edge>
    <edge source="9" target="22">
      <data key="d35">Completion 2007-2008</data>
      <data key="d36">0</data>
    </edge>
    <edge source="10" target="11">
      <data key="d35">Completion 2007-2008</data>
      <data key="d36">0</data>
    </edge>
    <edge source="10" target="13">
      <data key="d35">Completion 2007-2008</data>
      <data key="d36">0</data>
    </edge>
    <edge source="10" target="14">
      <data key="d35">Completion 2007-2008</data>
      <data key="d36">0</data>
    </edge>
    <edge source="11" target="12">
      <data key="d35">Completion 2007-2008</data>
      <data key="d36">0</data>
    </edge>
    <edge source="11" target="13">
      <data key="d35">Completed</data>
      <data key="d36">0</data>
    </edge>
    <edge source="11" target="14">
      <data key="d35">Completed</data>
      <data key="d36">0</data>
    </edge>
    <edge source="12" target="24">
      <data key="d35">Completion 2007-2008</data>
      <data key="d36">0</data>
    </edge>
    <edge source="12" target="13">
      <data key="d35">Completion 2007-2008</data>
      <data key="d36">0</data>
    </edge>
    <edge source="13" target="15">
      <data key="d35">Completion 2007-2008</data>
      <data key="d36">0</data>
    </edge>
    <edge source="13" target="16">
      <data key="d35">Completion 2007-2008</data>
      <data key="d36">0</data>
    </edge>
    <edge source="13" target="17">
      <data key="d35">Completion 2007-2008</data>
      <data key="d36">0</data>
    </edge>
    <edge source="13" target="22">
      <data key="d35">Completed</data>
      <data key="d36">0</data>
    </edge>
    <edge source="15" target="16">
      <data key="d35">Completion 2007-2008</data>
      <data key="d36">0</data>
    </edge>
    <edge source="15" target="17">
      <data key="d35">Completion 2007-2008</data>
      <data key="d36">0</data>
    </edge>
    <edge source="15" target="21">
      <data key="d35">Completion 2007-2008</data>
      <data key="d36">0</data>
    </edge>
    <edge source="16" target="17">
      <data key="d35">Completion 2007-2008</data>
      <data key="d36">0</data>
    </edge>
    <edge source="17" target="18">
      <data key="d35">Completion 2007-2008</data>
      <data key="d36">0</data>
    </edge>
    <edge source="17" target="19">
      <data key="d35">Completion 2007-2008</data>
      <data key="d36">0</data>
    </edge>
    <edge source="17" target="20">
      <data key="d35">Completion 2007-2008</data>
      <data key="d36">0</data>
    </edge>
    <edge source="17" target="21">
      <data key="d35">Completion 2007-2008</data>
      <data key="d36">0</data>
    </edge>
    <edge source="17" target="22">
      <data key="d35">Completed</data>
      <data key="d36">0</data>
    </edge>
    <edge source="18" target="21">
      <data key="d35">Completion 2007-2008</data>
      <data key="d36">0</data>
    </edge>
    <edge source="19" target="20">
      <data key="d35">Completion 2007-2008</data>
      <data key="d36">0</data>
    </edge>
    <edge source="21" target="22">
      <data key="d35">Completion 2007-2008</data>
      <data key="d36">0</data>
    </edge>
    <edge source="22" target="23">
      <data key="d35">Completion 2007-2008</data>
      <data key="d36">0</data>
    </edge>
    <edge source="22" target="24">
      <data key="d35">Completion 2007-2008</data>
      <data key="d36">0</data>
    </edge>
    <edge source="22" target="24">
      <data key="d35">Completion 2007-2008</data>
      <data key="d36">1</data>
    </edge>
    <edge source="23" target="24">
      <data key="d35">Completion 2007-2008</data>
      <data key="d36">0</data>
    </edge>
  </graph>
</graphml>
