<?xml version="1.0" encoding="utf-8"?><graphml xmlns="http://graphml.graphdrawing.org/xmlns" xmlns:xsi="http://www.w3.org/2001/XMLSchema-instance" xsi:schemaLocation="http://graphml.graphdrawing.org/xmlns http://graphml.graphdrawing.org/xmlns/1.0/graphml.xsd">
  <key attr.name="key" attr.type="int" for="edge" id="d37" />
  <key attr.name="id" attr.type="string" for="edge" id="d36" />
  <key attr.name="geocode_append" attr.type="string" for="node" id="d35" />
  <key attr.name="label" attr.type="string" for="node" id="d34" />
  <key attr.name="Longitude" attr.type="double" for="node" id="d33" />
  <key attr.name="id" attr.type="int" for="node" id="d32" />
  <key attr.name="Country" attr.type="string" for="node" id="d31" />
  <key attr.name="Latitude" attr.type="double" for="node" id="d30" />
  <key attr.name="Internal" attr.type="int" for="node" id="d29" />
  <key attr.name="Testbed" attr.type="int" for="graph" id="d28" />
  <key attr.name="LastProcessed" attr.type="string" for="graph" id="d27" />
  <key attr.name="DateYear" attr.type="int" for="graph" id="d26" />
  <key attr.name="NetworkDate" attr.type="string" for="graph" id="d25" />
  <key attr.name="Transit" attr.type="int" for="graph" id="d24" />
  <key attr.name="Developed" attr.type="int" for="graph" id="d23" />
  <key attr.name="Creator" attr.type="string" for="graph" id="d22" />
  <key attr.name="Layer" attr.type="string" for="graph" id="d21" />
  <key attr.name="Access" attr.type="int" for="graph" id="d20" />
  <key attr.name="LastAccess" attr.type="string" for="graph" id="d19" />
  <key attr.name="DateMonth" attr.type="int" for="graph" id="d18" />
  <key attr.name="DateModifier" attr.type="string" for="graph" id="d17" />
  <key attr.name="SourceGitVersion" attr.type="string" for="graph" id="d16" />
  <key attr.name="IX" attr.type="int" for="graph" id="d15" />
  <key attr.name="Customer" attr.type="int" for="graph" id="d14" />
  <key attr.name="ToolsetVersion" attr.type="string" for="graph" id="d13" />
  <key attr.name="label" attr.type="string" for="graph" id="d12" />
  <key attr.name="Commercial" attr.type="int" for="graph" id="d11" />
  <key attr.name="Backbone" attr.type="int" for="graph" id="d10" />
  <key attr.name="DateType" attr.type="string" for="graph" id="d9" />
  <key attr.name="Type" attr.type="string" for="graph" id="d8" />
  <key attr.name="Version" attr.type="string" for="graph" id="d7" />
  <key attr.name="Source" attr.type="string" for="graph" id="d6" />
  <key attr.name="Note" attr.type="string" for="graph" id="d5" />
  <key attr.name="Provenance" attr.type="string" for="graph" id="d4" />
  <key attr.name="Network" attr.type="string" for="graph" id="d3" />
  <key attr.name="GeoExtent" attr.type="string" for="graph" id="d2" />
  <key attr.name="GeoLocation" attr.type="string" for="graph" id="d1" />
  <key attr.name="DateObtained" attr.type="string" for="graph" id="d0" />
  <graph edgedefault="undirected">
    <data key="d0">21/10/10</data>
    <data key="d1">USA</data>
    <data key="d2">Country</data>
    <data key="d3">Bell South </data>
    <data key="d4">Secondary</data>
    <data key="d5">Same as ATT?</data>
    <data key="d6">http://www.isp-planet.com/img/backbones/bellsouth.jpg</data>
    <data key="d7">1.0</data>
    <data key="d8">COM</data>
    <data key="d9">Historic</data>
    <data key="d10">1</data>
    <data key="d11">0</data>
    <data key="d12">Bellsouth</data>
    <data key="d13">0.3.34dev-20120328</data>
    <data key="d14">1</data>
    <data key="d15">0</data>
    <data key="d16">e278b1b</data>
    <data key="d17">&lt;</data>
    <data key="d18">0</data>
    <data key="d19">3/08/10</data>
    <data key="d20">1</data>
    <data key="d21">IP</data>
    <data key="d22">Topology Zoo Toolset</data>
    <data key="d23">1</data>
    <data key="d24">1</data>
    <data key="d25">&lt;2005</data>
    <data key="d26">0</data>
    <data key="d27">2011_09_01</data>
    <data key="d28">0</data>
    <node id="0">
      <data key="d29">1</data>
      <data key="d30">28.32001</data>
      <data key="d31">United States</data>
      <data key="d32">0</data>
      <data key="d33">-80.60755</data>
      <data key="d34">Cocoa Beach</data>
    </node>
    <node id="1">
      <data key="d29">1</data>
      <data key="d30">29.21081</data>
      <data key="d31">United States</data>
      <data key="d32">1</data>
      <data key="d33">-81.02283</data>
      <data key="d34">Daytona Beach</data>
    </node>
    <node id="2">
      <data key="d29">1</data>
      <data key="d30">26.71534</data>
      <data key="d31">United States</data>
      <data key="d32">2</data>
      <data key="d33">-80.05337</data>
      <data key="d34">West Palm Beach</data>
    </node>
    <node id="3">
      <data key="d29">1</data>
      <data key="d30">27.19755</data>
      <data key="d31">United States</data>
      <data key="d32">3</data>
      <data key="d33">-80.25283</data>
      <data key="d34">Stuart</data>
    </node>
    <node id="4">
      <data key="d29">1</data>
      <data key="d30">30.33218</data>
      <data key="d31">United States</data>
      <data key="d32">4</data>
      <data key="d33">-81.65565</data>
      <data key="d34">Jacksonville</data>
    </node>
    <node id="5">
      <data key="d29">1</data>
      <data key="d30">32.08354</data>
      <data key="d31">United States</data>
      <data key="d32">5</data>
      <data key="d33">-81.09983</data>
      <data key="d34">Savannah</data>
    </node>
    <node id="6">
      <data key="d29">1</data>
      <data key="d30">30.15881</data>
      <data key="d31">United States</data>
      <data key="d32">6</data>
      <data key="d33">-85.66021</data>
      <data key="d34">Panama City</data>
    </node>
    <node id="7">
      <data key="d29">1</data>
      <data key="d30">29.65163</data>
      <data key="d31">United States</data>
      <data key="d32">7</data>
      <data key="d33">-82.32483</data>
      <data key="d34">Gainesville</data>
    </node>
    <node id="8">
      <data key="d35">GA</data>
      <data key="d29">1</data>
      <data key="d30">31.57851</data>
      <data key="d31">United States</data>
      <data key="d32">8</data>
      <data key="d33">-84.15574</data>
      <data key="d34">Albany</data>
    </node>
    <node id="9">
      <data key="d29">1</data>
      <data key="d30">32.84069</data>
      <data key="d31">United States</data>
      <data key="d32">9</data>
      <data key="d33">-83.6324</data>
      <data key="d34">Macon</data>
    </node>
    <node id="10">
      <data key="d29">1</data>
      <data key="d30">33.80816</data>
      <data key="d31">United States</data>
      <data key="d32">10</data>
      <data key="d33">-84.1702</data>
      <data key="d34">Stone Mt?</data>
    </node>
    <node id="11">
      <data key="d29">1</data>
      <data key="d30">36.16589</data>
      <data key="d31">United States</data>
      <data key="d32">11</data>
      <data key="d33">-86.78444</data>
      <data key="d34">Nashville</data>
    </node>
    <node id="12">
      <data key="d29">1</data>
      <data key="d30">35.96064</data>
      <data key="d31">United States</data>
      <data key="d32">12</data>
      <data key="d33">-83.92074</data>
      <data key="d34">Knoxville</data>
    </node>
    <node id="13">
      <data key="d29">1</data>
      <data key="d30">29.95465</data>
      <data key="d31">United States</data>
      <data key="d32">13</data>
      <data key="d33">-90.07507</data>
      <data key="d34">New Orleans?</data>
    </node>
    <node id="14">
      <data key="d29">1</data>
      <data key="d30">30.22409</data>
      <data key="d31">United States</data>
      <data key="d32">14</data>
      <data key="d33">-92.01984</data>
      <data key="d34">Lafayette</data>
    </node>
    <node id="15">
      <data key="d29">1</data>
      <data key="d30">30.45075</data>
      <data key="d31">United States</data>
      <data key="d32">15</data>
      <data key="d33">-91.15455</data>
      <data key="d34">Baton Rouge</data>
    </node>
    <node id="16">
      <data key="d29">1</data>
      <data key="d30">32.52515</data>
      <data key="d31">United States</data>
      <data key="d32">16</data>
      <data key="d33">-93.75018</data>
      <data key="d34">Shreveport</data>
    </node>
    <node id="17">
      <data key="d29">1</data>
      <data key="d30">32.29876</data>
      <data key="d31">United States</data>
      <data key="d32">17</data>
      <data key="d33">-90.18481</data>
      <data key="d34">Jackson</data>
    </node>
    <node id="18">
      <data key="d29">1</data>
      <data key="d30">35.14953</data>
      <data key="d31">United States</data>
      <data key="d32">18</data>
      <data key="d33">-90.04898</data>
      <data key="d34">Memphis</data>
    </node>
    <node id="19">
      <data key="d29">1</data>
      <data key="d30">37.77422</data>
      <data key="d31">United States</data>
      <data key="d32">19</data>
      <data key="d33">-87.11333</data>
      <data key="d34">Owensboro</data>
    </node>
    <node id="20">
      <data key="d29">1</data>
      <data key="d30">38.25424</data>
      <data key="d31">United States</data>
      <data key="d32">20</data>
      <data key="d33">-85.75941</data>
      <data key="d34">Louisville</data>
    </node>
    <node id="21">
      <data key="d35">KY</data>
      <data key="d29">1</data>
      <data key="d30">38.2098</data>
      <data key="d31">United States</data>
      <data key="d32">21</data>
      <data key="d33">-84.55883</data>
      <data key="d34">Georgetown</data>
    </node>
    <node id="22">
      <data key="d29">1</data>
      <data key="d32">22</data>
      <data key="d34">?</data>
    </node>
    <node id="23">
      <data key="d29">1</data>
      <data key="d30">36.07264</data>
      <data key="d31">United States</data>
      <data key="d32">23</data>
      <data key="d33">-79.79198</data>
      <data key="d34">Greensboro</data>
    </node>
    <node id="24">
      <data key="d35">NC</data>
      <data key="d29">1</data>
      <data key="d30">35.46623</data>
      <data key="d31">United States</data>
      <data key="d32">24</data>
      <data key="d33">-82.51651</data>
      <data key="d34">Arden</data>
    </node>
    <node id="25">
      <data key="d29">1</data>
      <data key="d30">35.22709</data>
      <data key="d31">United States</data>
      <data key="d32">25</data>
      <data key="d33">-80.84313</data>
      <data key="d34">Charlotte</data>
    </node>
    <node id="26">
      <data key="d29">1</data>
      <data key="d30">36.09986</data>
      <data key="d31">United States</data>
      <data key="d32">26</data>
      <data key="d33">-80.24422</data>
      <data key="d34">Winston</data>
    </node>
    <node id="27">
      <data key="d29">1</data>
      <data key="d30">34.00071</data>
      <data key="d31">United States</data>
      <data key="d32">27</data>
      <data key="d33">-81.03481</data>
      <data key="d34">Columbia</data>
    </node>
    <node id="28">
      <data key="d35">GA</data>
      <data key="d29">1</data>
      <data key="d30">33.47097</data>
      <data key="d31">United States</data>
      <data key="d32">28</data>
      <data key="d33">-81.97484</data>
      <data key="d34">Augusta</data>
    </node>
    <node id="29">
      <data key="d29">1</data>
      <data key="d30">34.19543</data>
      <data key="d31">United States</data>
      <data key="d32">29</data>
      <data key="d33">-79.76256</data>
      <data key="d34">Florence</data>
    </node>
    <node id="30">
      <data key="d35">SC</data>
      <data key="d29">1</data>
      <data key="d30">32.77657</data>
      <data key="d31">United States</data>
      <data key="d32">30</data>
      <data key="d33">-79.93092</data>
      <data key="d34">Charleston</data>
    </node>
    <node id="31">
      <data key="d29">1</data>
      <data key="d30">29.95465</data>
      <data key="d31">United States</data>
      <data key="d32">31</data>
      <data key="d33">-90.07507</data>
      <data key="d34">New Orleans</data>
    </node>
    <node id="32">
      <data key="d29">1</data>
      <data key="d30">30.27519</data>
      <data key="d31">United States</data>
      <data key="d32">32</data>
      <data key="d33">-89.78117</data>
      <data key="d34">Slidell</data>
    </node>
    <node id="33">
      <data key="d29">1</data>
      <data key="d30">34.73037</data>
      <data key="d31">United States</data>
      <data key="d32">33</data>
      <data key="d33">-86.5861</data>
      <data key="d34">Huntsville</data>
    </node>
    <node id="34">
      <data key="d29">1</data>
      <data key="d30">35.04563</data>
      <data key="d31">United States</data>
      <data key="d32">34</data>
      <data key="d33">-85.30968</data>
      <data key="d34">Chatanooga</data>
    </node>
    <node id="35">
      <data key="d29">1</data>
      <data key="d30">33.749</data>
      <data key="d31">United States</data>
      <data key="d32">35</data>
      <data key="d33">-84.38798</data>
      <data key="d34">Atlanta</data>
    </node>
    <node id="36">
      <data key="d29">1</data>
      <data key="d30">33.96095</data>
      <data key="d31">United States</data>
      <data key="d32">36</data>
      <data key="d33">-83.37794</data>
      <data key="d34">Athens</data>
    </node>
    <node id="37">
      <data key="d29">1</data>
      <data key="d30">30.39603</data>
      <data key="d31">United States</data>
      <data key="d32">37</data>
      <data key="d33">-88.88531</data>
      <data key="d34">Biloxi</data>
    </node>
    <node id="38">
      <data key="d29">1</data>
      <data key="d30">30.42131</data>
      <data key="d31">United States</data>
      <data key="d32">38</data>
      <data key="d33">-87.21691</data>
      <data key="d34">Pensacola</data>
    </node>
    <node id="39">
      <data key="d29">1</data>
      <data key="d30">32.36681</data>
      <data key="d31">United States</data>
      <data key="d32">39</data>
      <data key="d33">-86.29997</data>
      <data key="d34">Montgomery</data>
    </node>
    <node id="40">
      <data key="d29">1</data>
      <data key="d30">33.52066</data>
      <data key="d31">United States</data>
      <data key="d32">40</data>
      <data key="d33">-86.80249</data>
      <data key="d34">Birmingham</data>
    </node>
    <node id="41">
      <data key="d29">1</data>
      <data key="d30">26.12231</data>
      <data key="d31">United States</data>
      <data key="d32">41</data>
      <data key="d33">-80.14338</data>
      <data key="d34">Ft Lauderdale</data>
    </node>
    <node id="42">
      <data key="d29">1</data>
      <data key="d30">26.35869</data>
      <data key="d31">United States</data>
      <data key="d32">42</data>
      <data key="d33">-80.0831</data>
      <data key="d34">Boca Raton</data>
    </node>
    <node id="43">
      <data key="d29">1</data>
      <data key="d30">30.69436</data>
      <data key="d31">United States</data>
      <data key="d32">43</data>
      <data key="d33">-88.04305</data>
      <data key="d34">Mobile</data>
    </node>
    <node id="44">
      <data key="d29">1</data>
      <data key="d30">34.85262</data>
      <data key="d31">United States</data>
      <data key="d32">44</data>
      <data key="d33">-82.39401</data>
      <data key="d34">Greenville</data>
    </node>
    <node id="45">
      <data key="d29">1</data>
      <data key="d30">34.94957</data>
      <data key="d31">United States</data>
      <data key="d32">45</data>
      <data key="d33">-81.93205</data>
      <data key="d34">Spartanburg</data>
    </node>
    <node id="46">
      <data key="d29">1</data>
      <data key="d30">33.80816</data>
      <data key="d31">United States</data>
      <data key="d32">46</data>
      <data key="d33">-84.1702</data>
      <data key="d34">Stone Mt?</data>
    </node>
    <node id="47">
      <data key="d29">1</data>
      <data key="d30">34.22573</data>
      <data key="d31">United States</data>
      <data key="d32">47</data>
      <data key="d33">-77.94471</data>
      <data key="d34">Wilmington</data>
    </node>
    <node id="48">
      <data key="d29">1</data>
      <data key="d30">28.53834</data>
      <data key="d31">United States</data>
      <data key="d32">48</data>
      <data key="d33">-81.37924</data>
      <data key="d34">Orlando</data>
    </node>
    <node id="49">
      <data key="d29">1</data>
      <data key="d30">25.77427</data>
      <data key="d31">United States</data>
      <data key="d32">49</data>
      <data key="d33">-80.19366</data>
      <data key="d34">Miami</data>
    </node>
    <node id="50">
      <data key="d29">1</data>
      <data key="d30">25.77427</data>
      <data key="d31">United States</data>
      <data key="d32">50</data>
      <data key="d33">-80.19366</data>
      <data key="d34">Miami?</data>
    </node>
    <edge source="0" target="48">
      <data key="d36">e11</data>
      <data key="d37">0</data>
    </edge>
    <edge source="1" target="4">
      <data key="d36">e23</data>
      <data key="d37">0</data>
    </edge>
    <edge source="2" target="42">
      <data key="d36">e22</data>
      <data key="d37">0</data>
    </edge>
    <edge source="3" target="50">
      <data key="d36">e21</data>
      <data key="d37">0</data>
    </edge>
    <edge source="4" target="35">
      <data key="d36">e26</data>
      <data key="d37">0</data>
    </edge>
    <edge source="4" target="49">
      <data key="d36">e15</data>
      <data key="d37">0</data>
    </edge>
    <edge source="5" target="46">
      <data key="d36">e5</data>
      <data key="d37">0</data>
    </edge>
    <edge source="6" target="26">
      <data key="d36">e24</data>
      <data key="d37">0</data>
    </edge>
    <edge source="6" target="31">
      <data key="d36">e25</data>
      <data key="d37">0</data>
    </edge>
    <edge source="7" target="48">
      <data key="d36">e14</data>
      <data key="d37">0</data>
    </edge>
    <edge source="8" target="46">
      <data key="d36">e6</data>
      <data key="d37">0</data>
    </edge>
    <edge source="9" target="46">
      <data key="d36">e7</data>
      <data key="d37">0</data>
    </edge>
    <edge source="10" target="39">
      <data key="d36">e41</data>
      <data key="d37">0</data>
    </edge>
    <edge source="10" target="35">
      <data key="d36">e32</data>
      <data key="d37">0</data>
    </edge>
    <edge source="10" target="46">
      <data key="d36">e9</data>
      <data key="d37">0</data>
    </edge>
    <edge source="10" target="15">
      <data key="d36">e57</data>
      <data key="d37">0</data>
    </edge>
    <edge source="11" target="35">
      <data key="d36">e35</data>
      <data key="d37">0</data>
    </edge>
    <edge source="11" target="31">
      <data key="d36">e50</data>
      <data key="d37">0</data>
    </edge>
    <edge source="12" target="35">
      <data key="d36">e28</data>
      <data key="d37">0</data>
    </edge>
    <edge source="12" target="31">
      <data key="d36">e49</data>
      <data key="d37">0</data>
    </edge>
    <edge source="13" target="15">
      <data key="d36">e54</data>
      <data key="d37">0</data>
    </edge>
    <edge source="14" target="15">
      <data key="d36">e55</data>
      <data key="d37">0</data>
    </edge>
    <edge source="15" target="16">
      <data key="d36">e56</data>
      <data key="d37">0</data>
    </edge>
    <edge source="17" target="35">
      <data key="d36">e27</data>
      <data key="d37">0</data>
    </edge>
    <edge source="17" target="31">
      <data key="d36">e46</data>
      <data key="d37">0</data>
    </edge>
    <edge source="18" target="31">
      <data key="d36">e47</data>
      <data key="d37">0</data>
    </edge>
    <edge source="19" target="20">
      <data key="d36">e58</data>
      <data key="d37">0</data>
    </edge>
    <edge source="20" target="35">
      <data key="d36">e37</data>
      <data key="d37">0</data>
    </edge>
    <edge source="20" target="21">
      <data key="d36">e59</data>
      <data key="d37">0</data>
    </edge>
    <edge source="20" target="31">
      <data key="d36">e48</data>
      <data key="d37">0</data>
    </edge>
    <edge source="22" target="25">
      <data key="d36">e62</data>
      <data key="d37">0</data>
    </edge>
    <edge source="22" target="31">
      <data key="d36">e53</data>
      <data key="d37">0</data>
    </edge>
    <edge source="23" target="26">
      <data key="d36">e61</data>
      <data key="d37">0</data>
    </edge>
    <edge source="24" target="26">
      <data key="d36">e60</data>
      <data key="d37">0</data>
    </edge>
    <edge source="25" target="35">
      <data key="d36">e30</data>
      <data key="d37">0</data>
    </edge>
    <edge source="25" target="31">
      <data key="d36">e51</data>
      <data key="d37">0</data>
    </edge>
    <edge source="26" target="35">
      <data key="d36">e29</data>
      <data key="d37">0</data>
    </edge>
    <edge source="26" target="47">
      <data key="d36">e10</data>
      <data key="d37">0</data>
    </edge>
    <edge source="27" target="35">
      <data key="d36">e31</data>
      <data key="d37">0</data>
    </edge>
    <edge source="27" target="28">
      <data key="d36">e63</data>
      <data key="d37">0</data>
    </edge>
    <edge source="27" target="29">
      <data key="d36">e64</data>
      <data key="d37">0</data>
    </edge>
    <edge source="27" target="30">
      <data key="d36">e65</data>
      <data key="d37">0</data>
    </edge>
    <edge source="27" target="31">
      <data key="d36">e52</data>
      <data key="d37">0</data>
    </edge>
    <edge source="31" target="32">
      <data key="d36">e45</data>
      <data key="d37">0</data>
    </edge>
    <edge source="31" target="34">
      <data key="d36">e38</data>
      <data key="d37">0</data>
    </edge>
    <edge source="31" target="43">
      <data key="d36">e1</data>
      <data key="d37">0</data>
    </edge>
    <edge source="31" target="37">
      <data key="d36">e44</data>
      <data key="d37">0</data>
    </edge>
    <edge source="31" target="39">
      <data key="d36">e42</data>
      <data key="d37">0</data>
    </edge>
    <edge source="31" target="40">
      <data key="d36">e40</data>
      <data key="d37">0</data>
    </edge>
    <edge source="31" target="38">
      <data key="d36">e43</data>
      <data key="d37">0</data>
    </edge>
    <edge source="31" target="35">
      <data key="d36">e36</data>
      <data key="d37">0</data>
    </edge>
    <edge source="31" target="49">
      <data key="d36">e18</data>
      <data key="d37">0</data>
    </edge>
    <edge source="33" target="40">
      <data key="d36">e39</data>
      <data key="d37">0</data>
    </edge>
    <edge source="34" target="35">
      <data key="d36">e33</data>
      <data key="d37">0</data>
    </edge>
    <edge source="35" target="43">
      <data key="d36">e0</data>
      <data key="d37">0</data>
    </edge>
    <edge source="35" target="49">
      <data key="d36">e17</data>
      <data key="d37">0</data>
    </edge>
    <edge source="35" target="40">
      <data key="d36">e34</data>
      <data key="d37">0</data>
    </edge>
    <edge source="35" target="44">
      <data key="d36">e4</data>
      <data key="d37">0</data>
    </edge>
    <edge source="35" target="48">
      <data key="d36">e12</data>
      <data key="d37">0</data>
    </edge>
    <edge source="36" target="46">
      <data key="d36">e8</data>
      <data key="d37">0</data>
    </edge>
    <edge source="38" target="44">
      <data key="d36">e3</data>
      <data key="d37">0</data>
    </edge>
    <edge source="41" target="50">
      <data key="d36">e19</data>
      <data key="d37">0</data>
    </edge>
    <edge source="42" target="50">
      <data key="d36">e20</data>
      <data key="d37">0</data>
    </edge>
    <edge source="44" target="45">
      <data key="d36">e2</data>
      <data key="d37">0</data>
    </edge>
    <edge source="48" target="49">
      <data key="d36">e13</data>
      <data key="d37">0</data>
    </edge>
    <edge source="49" target="50">
      <data key="d36">e16</data>
      <data key="d37">0</data>
    </edge>
  </graph>
</graphml>
