<?xml version="1.0" encoding="utf-8"?><graphml xmlns="http://graphml.graphdrawing.org/xmlns" xmlns:xsi="http://www.w3.org/2001/XMLSchema-instance" xsi:schemaLocation="http://graphml.graphdrawing.org/xmlns http://graphml.graphdrawing.org/xmlns/1.0/graphml.xsd">
  <key attr.name="key" attr.type="int" for="edge" id="d36" />
  <key attr.name="LinkLabel" attr.type="string" for="edge" id="d35" />
  <key attr.name="label" attr.type="string" for="node" id="d34" />
  <key attr.name="Longitude" attr.type="double" for="node" id="d33" />
  <key attr.name="id" attr.type="int" for="node" id="d32" />
  <key attr.name="type" attr.type="string" for="node" id="d31" />
  <key attr.name="Country" attr.type="string" for="node" id="d30" />
  <key attr.name="Latitude" attr.type="double" for="node" id="d29" />
  <key attr.name="Internal" attr.type="int" for="node" id="d28" />
  <key attr.name="Testbed" attr.type="int" for="graph" id="d27" />
  <key attr.name="LastProcessed" attr.type="string" for="graph" id="d26" />
  <key attr.name="DateYear" attr.type="string" for="graph" id="d25" />
  <key attr.name="NetworkDate" attr.type="string" for="graph" id="d24" />
  <key attr.name="Transit" attr.type="int" for="graph" id="d23" />
  <key attr.name="Developed" attr.type="int" for="graph" id="d22" />
  <key attr.name="Creator" attr.type="string" for="graph" id="d21" />
  <key attr.name="Layer" attr.type="string" for="graph" id="d20" />
  <key attr.name="LastAccess" attr.type="string" for="graph" id="d19" />
  <key attr.name="DateMonth" attr.type="int" for="graph" id="d18" />
  <key attr.name="DateModifier" attr.type="string" for="graph" id="d17" />
  <key attr.name="SourceGitVersion" attr.type="string" for="graph" id="d16" />
  <key attr.name="IX" attr.type="int" for="graph" id="d15" />
  <key attr.name="Customer" attr.type="int" for="graph" id="d14" />
  <key attr.name="ToolsetVersion" attr.type="string" for="graph" id="d13" />
  <key attr.name="label" attr.type="string" for="graph" id="d12" />
  <key attr.name="Commercial" attr.type="int" for="graph" id="d11" />
  <key attr.name="Backbone" attr.type="int" for="graph" id="d10" />
  <key attr.name="Type" attr.type="string" for="graph" id="d9" />
  <key attr.name="DateType" attr.type="string" for="graph" id="d8" />
  <key attr.name="Version" attr.type="string" for="graph" id="d7" />
  <key attr.name="Source" attr.type="string" for="graph" id="d6" />
  <key attr.name="Access" attr.type="int" for="graph" id="d5" />
  <key attr.name="Provenance" attr.type="string" for="graph" id="d4" />
  <key attr.name="Network" attr.type="string" for="graph" id="d3" />
  <key attr.name="GeoExtent" attr.type="string" for="graph" id="d2" />
  <key attr.name="GeoLocation" attr.type="string" for="graph" id="d1" />
  <key attr.name="DateObtained" attr.type="string" for="graph" id="d0" />
  <graph edgedefault="undirected">
    <data key="d0">12/03/11</data>
    <data key="d1">Belgium</data>
    <data key="d2">Country</data>
    <data key="d3">BELNET</data>
    <data key="d4">Primary</data>
    <data key="d5">0</data>
    <data key="d6">http://www.belnet.be/sites/www.belnet.be/files/publications/BELNET_annual_report_2009_EN.pdf</data>
    <data key="d7">1.0</data>
    <data key="d8">Historic</data>
    <data key="d9">REN</data>
    <data key="d10">1</data>
    <data key="d11">0</data>
    <data key="d12">Belnet2009</data>
    <data key="d13">0.3.34dev-20120328</data>
    <data key="d14">0</data>
    <data key="d15">0</data>
    <data key="d16">e278b1b</data>
    <data key="d17">=</data>
    <data key="d18">0</data>
    <data key="d19">12/03/11</data>
    <data key="d20">IP</data>
    <data key="d21">Topology Zoo Toolset</data>
    <data key="d22">0</data>
    <data key="d23">0</data>
    <data key="d24">2009</data>
    <data key="d25">2009</data>
    <data key="d26">2011_09_01</data>
    <data key="d27">0</data>
    <node id="0">
      <data key="d28">1</data>
      <data key="d29">50.66829</data>
      <data key="d30">Belgium</data>
      <data key="d31">Small Node</data>
      <data key="d32">0</data>
      <data key="d33">4.61443</data>
      <data key="d34">Louvain-la-Neuve</data>
    </node>
    <node id="1">
      <data key="d28">1</data>
      <data key="d29">50.41667</data>
      <data key="d30">Belgium</data>
      <data key="d31">Small Node</data>
      <data key="d32">1</data>
      <data key="d33">4.43333</data>
      <data key="d34">Charleroi</data>
    </node>
    <node id="2">
      <data key="d28">1</data>
      <data key="d29">49.68333</data>
      <data key="d30">Belgium</data>
      <data key="d31">Small Node</data>
      <data key="d32">2</data>
      <data key="d33">5.81667</data>
      <data key="d34">Arlon</data>
    </node>
    <node id="3">
      <data key="d28">1</data>
      <data key="d29">50.46992</data>
      <data key="d30">Belgium</data>
      <data key="d31">Small Node</data>
      <data key="d32">3</data>
      <data key="d33">4.82577</data>
      <data key="d34">Namur</data>
    </node>
    <node id="4">
      <data key="d28">1</data>
      <data key="d29">51.21667</data>
      <data key="d30">Belgium</data>
      <data key="d31">One of two small nodes in same city</data>
      <data key="d32">4</data>
      <data key="d33">4.41667</data>
      <data key="d34">Antwerpen 2</data>
    </node>
    <node id="5">
      <data key="d28">1</data>
      <data key="d29">51.21667</data>
      <data key="d30">Belgium</data>
      <data key="d31">One of two small nodes in same city</data>
      <data key="d32">5</data>
      <data key="d33">4.41667</data>
      <data key="d34">Antwerpen1</data>
    </node>
    <node id="6">
      <data key="d28">1</data>
      <data key="d29">50.45413</data>
      <data key="d30">Belgium</data>
      <data key="d31">Small Node</data>
      <data key="d32">6</data>
      <data key="d33">3.95229</data>
      <data key="d34">Mons</data>
    </node>
    <node id="7">
      <data key="d28">1</data>
      <data key="d29">50.82803</data>
      <data key="d30">Belgium</data>
      <data key="d31">Small Node</data>
      <data key="d32">7</data>
      <data key="d33">3.26487</data>
      <data key="d34">Korthijk</data>
    </node>
    <node id="8">
      <data key="d28">1</data>
      <data key="d29">51.05</data>
      <data key="d30">Belgium</data>
      <data key="d31">One of two small nodes in same city</data>
      <data key="d32">8</data>
      <data key="d33">3.71667</data>
      <data key="d34">Gent2</data>
    </node>
    <node id="9">
      <data key="d28">1</data>
      <data key="d29">51.05</data>
      <data key="d30">Belgium</data>
      <data key="d31">One of two small nodes in same city</data>
      <data key="d32">9</data>
      <data key="d33">3.71667</data>
      <data key="d34">Gent1</data>
    </node>
    <node id="10">
      <data key="d28">1</data>
      <data key="d29">50.53474</data>
      <data key="d30">Belgium</data>
      <data key="d31">One of two small nodes in same city</data>
      <data key="d32">10</data>
      <data key="d33">5.27734</data>
      <data key="d34">Liege 1 </data>
    </node>
    <node id="11">
      <data key="d28">1</data>
      <data key="d29">50.64119</data>
      <data key="d30">Belgium</data>
      <data key="d31">One of two small nodes in same city</data>
      <data key="d32">11</data>
      <data key="d33">5.57178</data>
      <data key="d34">Liege 2</data>
    </node>
    <node id="12">
      <data key="d28">1</data>
      <data key="d29">51.20892</data>
      <data key="d30">Belgium</data>
      <data key="d31">Small Node</data>
      <data key="d32">12</data>
      <data key="d33">3.22424</data>
      <data key="d34">Brugge</data>
    </node>
    <node id="13">
      <data key="d28">1</data>
      <data key="d29">51.16667</data>
      <data key="d30">Belgium</data>
      <data key="d31">Small Node</data>
      <data key="d32">13</data>
      <data key="d33">5.0</data>
      <data key="d34">Geel</data>
    </node>
    <node id="14">
      <data key="d28">1</data>
      <data key="d29">50.93333</data>
      <data key="d30">Belgium</data>
      <data key="d31">Small Node</data>
      <data key="d32">14</data>
      <data key="d33">5.33333</data>
      <data key="d34">Hasselt</data>
    </node>
    <node id="15">
      <data key="d28">1</data>
      <data key="d29">50.87959</data>
      <data key="d30">Belgium</data>
      <data key="d31">One of two small nodes in same city</data>
      <data key="d32">15</data>
      <data key="d33">4.70093</data>
      <data key="d34">Leuven2</data>
    </node>
    <node id="16">
      <data key="d28">1</data>
      <data key="d29">50.87959</data>
      <data key="d30">Belgium</data>
      <data key="d31">One of two small nodes in same city</data>
      <data key="d32">16</data>
      <data key="d33">4.70093</data>
      <data key="d34">Leuven1</data>
    </node>
    <node id="17">
      <data key="d28">1</data>
      <data key="d29">50.91823</data>
      <data key="d30">Belgium</data>
      <data key="d31">Large Node</data>
      <data key="d32">17</data>
      <data key="d33">4.40731</data>
      <data key="d34">Vilvoorde</data>
    </node>
    <node id="18">
      <data key="d28">1</data>
      <data key="d29">50.86667</data>
      <data key="d30">Belgium</data>
      <data key="d31">Large Node</data>
      <data key="d32">18</data>
      <data key="d33">4.4</data>
      <data key="d34">Evere</data>
    </node>
    <node id="19">
      <data key="d28">1</data>
      <data key="d29">50.85045</data>
      <data key="d30">Belgium</data>
      <data key="d31">Small Node</data>
      <data key="d32">19</data>
      <data key="d33">4.34878</data>
      <data key="d34">Brussels Science</data>
    </node>
    <node id="20">
      <data key="d28">1</data>
      <data key="d29">50.85045</data>
      <data key="d30">Belgium</data>
      <data key="d31">Small Node</data>
      <data key="d32">20</data>
      <data key="d33">4.34878</data>
      <data key="d34">Brussels Campus</data>
    </node>
    <edge source="0" target="1">
      <data key="d35">Green</data>
      <data key="d36">0</data>
    </edge>
    <edge source="0" target="3">
      <data key="d35">Green</data>
      <data key="d36">0</data>
    </edge>
    <edge source="1" target="6">
      <data key="d35">Green</data>
      <data key="d36">0</data>
    </edge>
    <edge source="2" target="11">
      <data key="d35">Green</data>
      <data key="d36">0</data>
    </edge>
    <edge source="2" target="3">
      <data key="d35">Green</data>
      <data key="d36">0</data>
    </edge>
    <edge source="4" target="18">
      <data key="d35">Blue</data>
      <data key="d36">0</data>
    </edge>
    <edge source="4" target="5">
      <data key="d35">Blue</data>
      <data key="d36">0</data>
    </edge>
    <edge source="4" target="5">
      <data key="d35">Blue</data>
      <data key="d36">1</data>
    </edge>
    <edge source="5" target="8">
      <data key="d35">Blue</data>
      <data key="d36">0</data>
    </edge>
    <edge source="6" target="17">
      <data key="d35">Green</data>
      <data key="d36">0</data>
    </edge>
    <edge source="7" target="17">
      <data key="d35">Blue</data>
      <data key="d36">0</data>
    </edge>
    <edge source="7" target="12">
      <data key="d35">Blue</data>
      <data key="d36">0</data>
    </edge>
    <edge source="8" target="9">
      <data key="d35">Blue</data>
      <data key="d36">0</data>
    </edge>
    <edge source="8" target="9">
      <data key="d35">Blue</data>
      <data key="d36">1</data>
    </edge>
    <edge source="9" target="12">
      <data key="d35">Blue</data>
      <data key="d36">0</data>
    </edge>
    <edge source="10" target="18">
      <data key="d35">Green</data>
      <data key="d36">0</data>
    </edge>
    <edge source="10" target="11">
      <data key="d35">Green</data>
      <data key="d36">0</data>
    </edge>
    <edge source="10" target="11">
      <data key="d35">Green</data>
      <data key="d36">1</data>
    </edge>
    <edge source="13" target="17">
      <data key="d35">Orange</data>
      <data key="d36">0</data>
    </edge>
    <edge source="13" target="14">
      <data key="d35">Orange</data>
      <data key="d36">0</data>
    </edge>
    <edge source="14" target="15">
      <data key="d35">Orange</data>
      <data key="d36">0</data>
    </edge>
    <edge source="15" target="16">
      <data key="d35">Orange</data>
      <data key="d36">0</data>
    </edge>
    <edge source="15" target="16">
      <data key="d35">Orange</data>
      <data key="d36">1</data>
    </edge>
    <edge source="16" target="18">
      <data key="d35">Orange</data>
      <data key="d36">0</data>
    </edge>
    <edge source="17" target="18">
      <data key="d35">Red</data>
      <data key="d36">0</data>
    </edge>
    <edge source="17" target="18">
      <data key="d35">Green</data>
      <data key="d36">1</data>
    </edge>
    <edge source="17" target="18">
      <data key="d35">Orange</data>
      <data key="d36">2</data>
    </edge>
    <edge source="17" target="18">
      <data key="d35">Blue</data>
      <data key="d36">3</data>
    </edge>
    <edge source="17" target="20">
      <data key="d35">Red</data>
      <data key="d36">0</data>
    </edge>
    <edge source="18" target="19">
      <data key="d35">Red</data>
      <data key="d36">0</data>
    </edge>
    <edge source="19" target="20">
      <data key="d35">Red</data>
      <data key="d36">0</data>
    </edge>
  </graph>
</graphml>
