<?xml version="1.0" encoding="utf-8"?><graphml xmlns="http://graphml.graphdrawing.org/xmlns" xmlns:xsi="http://www.w3.org/2001/XMLSchema-instance" xsi:schemaLocation="http://graphml.graphdrawing.org/xmlns http://graphml.graphdrawing.org/xmlns/1.0/graphml.xsd">
  <key attr.name="key" attr.type="int" for="edge" id="d39" />
  <key attr.name="LinkSpeedRaw" attr.type="double" for="edge" id="d38" />
  <key attr.name="LinkNote" attr.type="string" for="edge" id="d37" />
  <key attr.name="LinkLabel" attr.type="string" for="edge" id="d36" />
  <key attr.name="LinkSpeedUnits" attr.type="string" for="edge" id="d35" />
  <key attr.name="LinkSpeed" attr.type="string" for="edge" id="d34" />
  <key attr.name="label" attr.type="string" for="node" id="d33" />
  <key attr.name="Longitude" attr.type="double" for="node" id="d32" />
  <key attr.name="id" attr.type="int" for="node" id="d31" />
  <key attr.name="Country" attr.type="string" for="node" id="d30" />
  <key attr.name="Latitude" attr.type="double" for="node" id="d29" />
  <key attr.name="Internal" attr.type="int" for="node" id="d28" />
  <key attr.name="Testbed" attr.type="int" for="graph" id="d27" />
  <key attr.name="LastProcessed" attr.type="string" for="graph" id="d26" />
  <key attr.name="DateYear" attr.type="string" for="graph" id="d25" />
  <key attr.name="NetworkDate" attr.type="string" for="graph" id="d24" />
  <key attr.name="Transit" attr.type="int" for="graph" id="d23" />
  <key attr.name="Developed" attr.type="int" for="graph" id="d22" />
  <key attr.name="Creator" attr.type="string" for="graph" id="d21" />
  <key attr.name="Layer" attr.type="string" for="graph" id="d20" />
  <key attr.name="LastAccess" attr.type="string" for="graph" id="d19" />
  <key attr.name="DateMonth" attr.type="int" for="graph" id="d18" />
  <key attr.name="DateModifier" attr.type="string" for="graph" id="d17" />
  <key attr.name="SourceGitVersion" attr.type="string" for="graph" id="d16" />
  <key attr.name="IX" attr.type="int" for="graph" id="d15" />
  <key attr.name="Customer" attr.type="int" for="graph" id="d14" />
  <key attr.name="ToolsetVersion" attr.type="string" for="graph" id="d13" />
  <key attr.name="label" attr.type="string" for="graph" id="d12" />
  <key attr.name="Commercial" attr.type="int" for="graph" id="d11" />
  <key attr.name="Backbone" attr.type="int" for="graph" id="d10" />
  <key attr.name="Type" attr.type="string" for="graph" id="d9" />
  <key attr.name="DateType" attr.type="string" for="graph" id="d8" />
  <key attr.name="Version" attr.type="string" for="graph" id="d7" />
  <key attr.name="Source" attr.type="string" for="graph" id="d6" />
  <key attr.name="Access" attr.type="int" for="graph" id="d5" />
  <key attr.name="Provenance" attr.type="string" for="graph" id="d4" />
  <key attr.name="Network" attr.type="string" for="graph" id="d3" />
  <key attr.name="GeoExtent" attr.type="string" for="graph" id="d2" />
  <key attr.name="GeoLocation" attr.type="string" for="graph" id="d1" />
  <key attr.name="DateObtained" attr.type="string" for="graph" id="d0" />
  <graph edgedefault="undirected">
    <data key="d0">12/03/11</data>
    <data key="d1">Belgium</data>
    <data key="d2">Country</data>
    <data key="d3">BELNET</data>
    <data key="d4">Primary</data>
    <data key="d5">0</data>
    <data key="d6">http://www.belnet.be/sites/www.belnet.be/files/publications/BELNET_annual_report_2003_EN.pdf</data>
    <data key="d7">1.0</data>
    <data key="d8">Historic</data>
    <data key="d9">REN</data>
    <data key="d10">1</data>
    <data key="d11">0</data>
    <data key="d12">Belnet2003</data>
    <data key="d13">0.3.34dev-20120328</data>
    <data key="d14">0</data>
    <data key="d15">0</data>
    <data key="d16">e278b1b</data>
    <data key="d17">=</data>
    <data key="d18">0</data>
    <data key="d19">12/03/11</data>
    <data key="d20">IP</data>
    <data key="d21">Topology Zoo Toolset</data>
    <data key="d22">0</data>
    <data key="d23">0</data>
    <data key="d24">2003</data>
    <data key="d25">2003</data>
    <data key="d26">2011_09_01</data>
    <data key="d27">0</data>
    <node id="0">
      <data key="d28">1</data>
      <data key="d29">51.16667</data>
      <data key="d30">Belgium</data>
      <data key="d31">0</data>
      <data key="d32">5.0</data>
      <data key="d33">Geel</data>
    </node>
    <node id="1">
      <data key="d28">1</data>
      <data key="d29">51.21667</data>
      <data key="d30">Belgium</data>
      <data key="d31">1</data>
      <data key="d32">4.41667</data>
      <data key="d33">Antwerpen</data>
    </node>
    <node id="2">
      <data key="d28">1</data>
      <data key="d29">50.87959</data>
      <data key="d30">Belgium</data>
      <data key="d31">2</data>
      <data key="d32">4.70093</data>
      <data key="d33">Leuven</data>
    </node>
    <node id="3">
      <data key="d28">1</data>
      <data key="d29">50.93333</data>
      <data key="d30">Belgium</data>
      <data key="d31">3</data>
      <data key="d32">5.33333</data>
      <data key="d33">Hasselt</data>
    </node>
    <node id="4">
      <data key="d28">1</data>
      <data key="d29">50.85045</data>
      <data key="d30">Belgium</data>
      <data key="d31">4</data>
      <data key="d32">4.34878</data>
      <data key="d33">Brussel II B</data>
    </node>
    <node id="5">
      <data key="d28">0</data>
      <data key="d31">5</data>
      <data key="d33">SFINX</data>
    </node>
    <node id="6">
      <data key="d28">1</data>
      <data key="d29">50.85045</data>
      <data key="d30">Belgium</data>
      <data key="d31">6</data>
      <data key="d32">4.34878</data>
      <data key="d33">Brussel I B</data>
    </node>
    <node id="7">
      <data key="d28">1</data>
      <data key="d29">50.85045</data>
      <data key="d30">Belgium</data>
      <data key="d31">7</data>
      <data key="d32">4.34878</data>
      <data key="d33">Brussel II A</data>
    </node>
    <node id="8">
      <data key="d28">0</data>
      <data key="d31">8</data>
      <data key="d33">AMS-IX</data>
    </node>
    <node id="9">
      <data key="d28">0</data>
      <data key="d31">9</data>
      <data key="d33">LINX</data>
    </node>
    <node id="10">
      <data key="d28">0</data>
      <data key="d31">10</data>
      <data key="d33">Global Internet</data>
    </node>
    <node id="11">
      <data key="d28">0</data>
      <data key="d31">11</data>
      <data key="d33">BNIX</data>
    </node>
    <node id="12">
      <data key="d28">0</data>
      <data key="d31">12</data>
      <data key="d33">Geant2</data>
    </node>
    <node id="13">
      <data key="d28">1</data>
      <data key="d29">50.64119</data>
      <data key="d30">Belgium</data>
      <data key="d31">13</data>
      <data key="d32">5.57178</data>
      <data key="d33">Liege</data>
    </node>
    <node id="14">
      <data key="d28">1</data>
      <data key="d29">50.85045</data>
      <data key="d30">Belgium</data>
      <data key="d31">14</data>
      <data key="d32">4.34878</data>
      <data key="d33">Brussel I A</data>
    </node>
    <node id="15">
      <data key="d28">1</data>
      <data key="d29">51.20892</data>
      <data key="d30">Belgium</data>
      <data key="d31">15</data>
      <data key="d32">3.22424</data>
      <data key="d33">Brugge</data>
    </node>
    <node id="16">
      <data key="d28">1</data>
      <data key="d29">51.05</data>
      <data key="d30">Belgium</data>
      <data key="d31">16</data>
      <data key="d32">3.71667</data>
      <data key="d33">Gent</data>
    </node>
    <node id="17">
      <data key="d28">1</data>
      <data key="d29">50.82803</data>
      <data key="d30">Belgium</data>
      <data key="d31">17</data>
      <data key="d32">3.26487</data>
      <data key="d33">Korthijk</data>
    </node>
    <node id="18">
      <data key="d28">1</data>
      <data key="d29">50.45413</data>
      <data key="d30">Belgium</data>
      <data key="d31">18</data>
      <data key="d32">3.95229</data>
      <data key="d33">Mons</data>
    </node>
    <node id="19">
      <data key="d28">1</data>
      <data key="d29">50.41667</data>
      <data key="d30">Belgium</data>
      <data key="d31">19</data>
      <data key="d32">4.43333</data>
      <data key="d33">Charleroi</data>
    </node>
    <node id="20">
      <data key="d28">1</data>
      <data key="d29">50.66829</data>
      <data key="d30">Belgium</data>
      <data key="d31">20</data>
      <data key="d32">4.61443</data>
      <data key="d33">Louvain-la-Neuve</data>
    </node>
    <node id="21">
      <data key="d28">1</data>
      <data key="d29">50.46992</data>
      <data key="d30">Belgium</data>
      <data key="d31">21</data>
      <data key="d32">4.82577</data>
      <data key="d33">Namur</data>
    </node>
    <node id="22">
      <data key="d28">1</data>
      <data key="d29">49.68333</data>
      <data key="d30">Belgium</data>
      <data key="d31">22</data>
      <data key="d32">5.81667</data>
      <data key="d33">Arlon</data>
    </node>
    <edge source="0" target="4">
      <data key="d34">2.5</data>
      <data key="d35">G</data>
      <data key="d36">2.5 Gbit/s</data>
      <data key="d37"> it/s</data>
      <data key="d38">2500000000.0</data>
      <data key="d39">0</data>
    </edge>
    <edge source="0" target="6">
      <data key="d34">2.5</data>
      <data key="d35">G</data>
      <data key="d36">2.5 Gbit/s</data>
      <data key="d37"> it/s</data>
      <data key="d38">2500000000.0</data>
      <data key="d39">0</data>
    </edge>
    <edge source="1" target="4">
      <data key="d34">2.5</data>
      <data key="d35">G</data>
      <data key="d36">2.5 Gbit/s</data>
      <data key="d37"> it/s</data>
      <data key="d38">2500000000.0</data>
      <data key="d39">0</data>
    </edge>
    <edge source="1" target="6">
      <data key="d34">2.5</data>
      <data key="d35">G</data>
      <data key="d36">2.5 Gbit/s</data>
      <data key="d37"> it/s</data>
      <data key="d38">2500000000.0</data>
      <data key="d39">0</data>
    </edge>
    <edge source="2" target="4">
      <data key="d34">2.5</data>
      <data key="d35">G</data>
      <data key="d36">2.5 Gbit/s</data>
      <data key="d37"> it/s</data>
      <data key="d38">2500000000.0</data>
      <data key="d39">0</data>
    </edge>
    <edge source="2" target="6">
      <data key="d34">2.5</data>
      <data key="d35">G</data>
      <data key="d36">2.5 Gbit/s</data>
      <data key="d37"> it/s</data>
      <data key="d38">2500000000.0</data>
      <data key="d39">0</data>
    </edge>
    <edge source="3" target="4">
      <data key="d34">2.5</data>
      <data key="d35">G</data>
      <data key="d36">2.5 Gbit/s</data>
      <data key="d37"> it/s</data>
      <data key="d38">2500000000.0</data>
      <data key="d39">0</data>
    </edge>
    <edge source="3" target="6">
      <data key="d34">2.5</data>
      <data key="d35">G</data>
      <data key="d36">2.5 Gbit/s</data>
      <data key="d37"> it/s</data>
      <data key="d38">2500000000.0</data>
      <data key="d39">0</data>
    </edge>
    <edge source="4" target="6">
      <data key="d34">2.5</data>
      <data key="d35">G</data>
      <data key="d36">2.5 Gbit/s</data>
      <data key="d37"> it/s</data>
      <data key="d38">2500000000.0</data>
      <data key="d39">0</data>
    </edge>
    <edge source="4" target="7">
      <data key="d34">2.5</data>
      <data key="d35">G</data>
      <data key="d36">2.5 Gbit/s</data>
      <data key="d37"> it/s</data>
      <data key="d38">2500000000.0</data>
      <data key="d39">0</data>
    </edge>
    <edge source="4" target="13">
      <data key="d34">2.5</data>
      <data key="d35">G</data>
      <data key="d36">2.5 Gbit/s</data>
      <data key="d37"> it/s</data>
      <data key="d38">2500000000.0</data>
      <data key="d39">0</data>
    </edge>
    <edge source="4" target="14">
      <data key="d34">2.5</data>
      <data key="d35">G</data>
      <data key="d36">2.5 Gbit/s</data>
      <data key="d37"> it/s</data>
      <data key="d38">2500000000.0</data>
      <data key="d39">0</data>
    </edge>
    <edge source="4" target="15">
      <data key="d34">2.5</data>
      <data key="d35">G</data>
      <data key="d36">2.5 Gbit/s</data>
      <data key="d37"> it/s</data>
      <data key="d38">2500000000.0</data>
      <data key="d39">0</data>
    </edge>
    <edge source="4" target="16">
      <data key="d34">2.5</data>
      <data key="d35">G</data>
      <data key="d36">2.5 Gbit/s</data>
      <data key="d37"> it/s</data>
      <data key="d38">2500000000.0</data>
      <data key="d39">0</data>
    </edge>
    <edge source="4" target="17">
      <data key="d34">2.5</data>
      <data key="d35">G</data>
      <data key="d36">2.5 Gbit/s</data>
      <data key="d37"> it/s</data>
      <data key="d38">2500000000.0</data>
      <data key="d39">0</data>
    </edge>
    <edge source="4" target="18">
      <data key="d34">2.5</data>
      <data key="d35">G</data>
      <data key="d36">2.5 Gbit/s</data>
      <data key="d37"> it/s</data>
      <data key="d38">2500000000.0</data>
      <data key="d39">0</data>
    </edge>
    <edge source="4" target="19">
      <data key="d34">2.5</data>
      <data key="d35">G</data>
      <data key="d36">2.5 Gbit/s</data>
      <data key="d37"> it/s</data>
      <data key="d38">2500000000.0</data>
      <data key="d39">0</data>
    </edge>
    <edge source="4" target="20">
      <data key="d34">2.5</data>
      <data key="d35">G</data>
      <data key="d36">2.5 Gbit/s</data>
      <data key="d37"> it/s</data>
      <data key="d38">2500000000.0</data>
      <data key="d39">0</data>
    </edge>
    <edge source="4" target="21">
      <data key="d34">2.5</data>
      <data key="d35">G</data>
      <data key="d36">2.5 Gbit/s</data>
      <data key="d37"> it/s</data>
      <data key="d38">2500000000.0</data>
      <data key="d39">0</data>
    </edge>
    <edge source="4" target="22">
      <data key="d34">155</data>
      <data key="d35">M</data>
      <data key="d36">155 Mbit/s</data>
      <data key="d37"> it/s</data>
      <data key="d38">155000000.0</data>
      <data key="d39">0</data>
    </edge>
    <edge source="5" target="7">
      <data key="d34">155</data>
      <data key="d35">M</data>
      <data key="d36">155 Mbit/s</data>
      <data key="d37"> it/s</data>
      <data key="d38">155000000.0</data>
      <data key="d39">0</data>
    </edge>
    <edge source="6" target="7">
      <data key="d34">2.5</data>
      <data key="d35">G</data>
      <data key="d36">2.5 Gbit/s</data>
      <data key="d37"> it/s</data>
      <data key="d38">2500000000.0</data>
      <data key="d39">0</data>
    </edge>
    <edge source="6" target="13">
      <data key="d34">2.5</data>
      <data key="d35">G</data>
      <data key="d36">2.5 Gbit/s</data>
      <data key="d37"> it/s</data>
      <data key="d38">2500000000.0</data>
      <data key="d39">0</data>
    </edge>
    <edge source="6" target="14">
      <data key="d34">10</data>
      <data key="d35">G</data>
      <data key="d36">10 Gbit/s</data>
      <data key="d37"> it/s</data>
      <data key="d38">10000000000.0</data>
      <data key="d39">0</data>
    </edge>
    <edge source="6" target="15">
      <data key="d34">2.5</data>
      <data key="d35">G</data>
      <data key="d36">2.5 Gbit/s</data>
      <data key="d37"> it/s</data>
      <data key="d38">2500000000.0</data>
      <data key="d39">0</data>
    </edge>
    <edge source="6" target="16">
      <data key="d34">2.5</data>
      <data key="d35">G</data>
      <data key="d36">2.5 Gbit/s</data>
      <data key="d37"> it/s</data>
      <data key="d38">2500000000.0</data>
      <data key="d39">0</data>
    </edge>
    <edge source="6" target="17">
      <data key="d34">2.5</data>
      <data key="d35">G</data>
      <data key="d36">2.5 Gbit/s</data>
      <data key="d37"> it/s</data>
      <data key="d38">2500000000.0</data>
      <data key="d39">0</data>
    </edge>
    <edge source="6" target="18">
      <data key="d34">2.5</data>
      <data key="d35">G</data>
      <data key="d36">2.5 Gbit/s</data>
      <data key="d37"> it/s</data>
      <data key="d38">2500000000.0</data>
      <data key="d39">0</data>
    </edge>
    <edge source="6" target="19">
      <data key="d34">2.5</data>
      <data key="d35">G</data>
      <data key="d36">2.5 Gbit/s</data>
      <data key="d37"> it/s</data>
      <data key="d38">2500000000.0</data>
      <data key="d39">0</data>
    </edge>
    <edge source="6" target="20">
      <data key="d34">2.5</data>
      <data key="d35">G</data>
      <data key="d36">2.5 Gbit/s</data>
      <data key="d37"> it/s</data>
      <data key="d38">2500000000.0</data>
      <data key="d39">0</data>
    </edge>
    <edge source="6" target="21">
      <data key="d34">2.5</data>
      <data key="d35">G</data>
      <data key="d36">2.5 Gbit/s</data>
      <data key="d37"> it/s</data>
      <data key="d38">2500000000.0</data>
      <data key="d39">0</data>
    </edge>
    <edge source="6" target="22">
      <data key="d34">155</data>
      <data key="d35">M</data>
      <data key="d36">155 Mbit/s</data>
      <data key="d37"> it/s</data>
      <data key="d38">155000000.0</data>
      <data key="d39">0</data>
    </edge>
    <edge source="7" target="8">
      <data key="d34">1</data>
      <data key="d35">G</data>
      <data key="d36">1 Gbit/s</data>
      <data key="d37"> it/s</data>
      <data key="d38">1000000000.0</data>
      <data key="d39">0</data>
    </edge>
    <edge source="7" target="9">
      <data key="d34">155</data>
      <data key="d35">M</data>
      <data key="d36">155 Mbit/s</data>
      <data key="d37"> it/s</data>
      <data key="d38">155000000.0</data>
      <data key="d39">0</data>
    </edge>
    <edge source="7" target="10">
      <data key="d34">1</data>
      <data key="d35">G</data>
      <data key="d36">1 Gbit/s</data>
      <data key="d37"> it/s</data>
      <data key="d38">1000000000.0</data>
      <data key="d39">0</data>
    </edge>
    <edge source="7" target="10">
      <data key="d34">1</data>
      <data key="d35">G</data>
      <data key="d36">1 Gbit/s</data>
      <data key="d37"> it/s</data>
      <data key="d38">1000000000.0</data>
      <data key="d39">1</data>
    </edge>
    <edge source="7" target="12">
      <data key="d34">1</data>
      <data key="d35">G</data>
      <data key="d36">1 Gbit/s</data>
      <data key="d37"> it/s</data>
      <data key="d38">1000000000.0</data>
      <data key="d39">0</data>
    </edge>
    <edge source="7" target="14">
      <data key="d34">2.5</data>
      <data key="d35">G</data>
      <data key="d36">2.5 Gbit/s</data>
      <data key="d37"> it/s</data>
      <data key="d38">2500000000.0</data>
      <data key="d39">0</data>
    </edge>
    <edge source="10" target="14">
      <data key="d34">1</data>
      <data key="d35">G</data>
      <data key="d36">1 Gbit/s</data>
      <data key="d37"> it/s</data>
      <data key="d38">1000000000.0</data>
      <data key="d39">0</data>
    </edge>
    <edge source="10" target="14">
      <data key="d34">1</data>
      <data key="d35">G</data>
      <data key="d36">1 Gbit/s</data>
      <data key="d37"> it/s</data>
      <data key="d38">1000000000.0</data>
      <data key="d39">1</data>
    </edge>
    <edge source="10" target="14">
      <data key="d34">1</data>
      <data key="d35">G</data>
      <data key="d36">1 Gbit/s</data>
      <data key="d37"> it/s</data>
      <data key="d38">1000000000.0</data>
      <data key="d39">2</data>
    </edge>
    <edge source="11" target="14">
      <data key="d34">1</data>
      <data key="d35">G</data>
      <data key="d36">1 Gbit/s</data>
      <data key="d37"> it/s</data>
      <data key="d38">1000000000.0</data>
      <data key="d39">0</data>
    </edge>
    <edge source="11" target="14">
      <data key="d34">1</data>
      <data key="d35">G</data>
      <data key="d36">1 Gbit/s</data>
      <data key="d37"> it/s</data>
      <data key="d38">1000000000.0</data>
      <data key="d39">1</data>
    </edge>
  </graph>
</graphml>
