<?xml version="1.0" encoding="utf-8"?><graphml xmlns="http://graphml.graphdrawing.org/xmlns" xmlns:xsi="http://www.w3.org/2001/XMLSchema-instance" xsi:schemaLocation="http://graphml.graphdrawing.org/xmlns http://graphml.graphdrawing.org/xmlns/1.0/graphml.xsd">
  <key attr.name="LinkLabel" attr.type="string" for="edge" id="d38" />
  <key attr.name="key" attr.type="int" for="edge" id="d37" />
  <key attr.name="id" attr.type="string" for="edge" id="d36" />
  <key attr.name="type" attr.type="string" for="node" id="d35" />
  <key attr.name="label" attr.type="string" for="node" id="d34" />
  <key attr.name="Longitude" attr.type="double" for="node" id="d33" />
  <key attr.name="id" attr.type="int" for="node" id="d32" />
  <key attr.name="Country" attr.type="string" for="node" id="d31" />
  <key attr.name="Latitude" attr.type="double" for="node" id="d30" />
  <key attr.name="Internal" attr.type="int" for="node" id="d29" />
  <key attr.name="Testbed" attr.type="int" for="graph" id="d28" />
  <key attr.name="LastProcessed" attr.type="string" for="graph" id="d27" />
  <key attr.name="DateYear" attr.type="int" for="graph" id="d26" />
  <key attr.name="NetworkDate" attr.type="string" for="graph" id="d25" />
  <key attr.name="Transit" attr.type="int" for="graph" id="d24" />
  <key attr.name="Developed" attr.type="int" for="graph" id="d23" />
  <key attr.name="Creator" attr.type="string" for="graph" id="d22" />
  <key attr.name="Layer" attr.type="string" for="graph" id="d21" />
  <key attr.name="Access" attr.type="int" for="graph" id="d20" />
  <key attr.name="LastAccess" attr.type="string" for="graph" id="d19" />
  <key attr.name="DateMonth" attr.type="int" for="graph" id="d18" />
  <key attr.name="DateModifier" attr.type="string" for="graph" id="d17" />
  <key attr.name="SourceGitVersion" attr.type="string" for="graph" id="d16" />
  <key attr.name="IX" attr.type="int" for="graph" id="d15" />
  <key attr.name="Customer" attr.type="int" for="graph" id="d14" />
  <key attr.name="ToolsetVersion" attr.type="string" for="graph" id="d13" />
  <key attr.name="label" attr.type="string" for="graph" id="d12" />
  <key attr.name="Commercial" attr.type="int" for="graph" id="d11" />
  <key attr.name="Backbone" attr.type="int" for="graph" id="d10" />
  <key attr.name="DateType" attr.type="string" for="graph" id="d9" />
  <key attr.name="Type" attr.type="string" for="graph" id="d8" />
  <key attr.name="Version" attr.type="string" for="graph" id="d7" />
  <key attr.name="Source" attr.type="string" for="graph" id="d6" />
  <key attr.name="Note" attr.type="string" for="graph" id="d5" />
  <key attr.name="Provenance" attr.type="string" for="graph" id="d4" />
  <key attr.name="Network" attr.type="string" for="graph" id="d3" />
  <key attr.name="GeoExtent" attr.type="string" for="graph" id="d2" />
  <key attr.name="GeoLocation" attr.type="string" for="graph" id="d1" />
  <key attr.name="DateObtained" attr.type="string" for="graph" id="d0" />
  <graph edgedefault="undirected">
    <data key="d0">19/10/10</data>
    <data key="d1">USA</data>
    <data key="d2">Country</data>
    <data key="d3">BTN </data>
    <data key="d4">Secondary</data>
    <data key="d5">Now PCCW Global AS3491</data>
    <data key="d6">http://www.isp-planet.com/img/backbones/BTN.jpg</data>
    <data key="d7">1.0</data>
    <data key="d8">COM</data>
    <data key="d9">Historic</data>
    <data key="d10">1</data>
    <data key="d11">0</data>
    <data key="d12">BeyondTheNetwork</data>
    <data key="d13">0.3.34dev-20120328</data>
    <data key="d14">1</data>
    <data key="d15">0</data>
    <data key="d16">e278b1b</data>
    <data key="d17">&lt;</data>
    <data key="d18">0</data>
    <data key="d19">3/08/10</data>
    <data key="d20">1</data>
    <data key="d21">IP</data>
    <data key="d22">Topology Zoo Toolset</data>
    <data key="d23">0</data>
    <data key="d24">1</data>
    <data key="d25">&lt;2005</data>
    <data key="d26">0</data>
    <data key="d27">2011_09_01</data>
    <data key="d28">0</data>
    <node id="0">
      <data key="d29">1</data>
      <data key="d30">42.35843</data>
      <data key="d31">United States</data>
      <data key="d32">0</data>
      <data key="d33">-71.05977</data>
      <data key="d34">Boston</data>
    </node>
    <node id="1">
      <data key="d29">1</data>
      <data key="d30">42.33143</data>
      <data key="d31">United States</data>
      <data key="d32">1</data>
      <data key="d33">-83.04575</data>
      <data key="d34">Detroit</data>
    </node>
    <node id="2">
      <data key="d29">1</data>
      <data key="d30">39.95234</data>
      <data key="d31">United States</data>
      <data key="d32">2</data>
      <data key="d33">-75.16379</data>
      <data key="d34">Philadelphia</data>
    </node>
    <node id="3">
      <data key="d29">1</data>
      <data key="d30">40.71427</data>
      <data key="d31">United States</data>
      <data key="d32">3</data>
      <data key="d33">-74.00597</data>
      <data key="d34">New York</data>
    </node>
    <node id="4">
      <data key="d29">1</data>
      <data key="d30">38.58157</data>
      <data key="d31">United States</data>
      <data key="d32">4</data>
      <data key="d33">-121.4944</data>
      <data key="d34">Sacramento</data>
    </node>
    <node id="5">
      <data key="d29">1</data>
      <data key="d30">37.33939</data>
      <data key="d31">United States</data>
      <data key="d32">5</data>
      <data key="d33">-121.89496</data>
      <data key="d34">San Jose</data>
    </node>
    <node id="6">
      <data key="d29">1</data>
      <data key="d30">47.60621</data>
      <data key="d31">United States</data>
      <data key="d32">6</data>
      <data key="d33">-122.33207</data>
      <data key="d34">Seattle</data>
    </node>
    <node id="7">
      <data key="d29">1</data>
      <data key="d30">45.52345</data>
      <data key="d31">United States</data>
      <data key="d32">7</data>
      <data key="d33">-122.67621</data>
      <data key="d34">Portland</data>
    </node>
    <node id="8">
      <data key="d29">1</data>
      <data key="d30">37.36883</data>
      <data key="d31">United States</data>
      <data key="d32">8</data>
      <data key="d33">-122.03635</data>
      <data key="d34">Sunnyvale</data>
    </node>
    <node id="9">
      <data key="d29">1</data>
      <data key="d30">34.05223</data>
      <data key="d31">United States</data>
      <data key="d32">9</data>
      <data key="d33">-118.24368</data>
      <data key="d34">Los Angeles</data>
    </node>
    <node id="10">
      <data key="d29">0</data>
      <data key="d35">Private Peering Point</data>
      <data key="d32">10</data>
      <data key="d34">Seattle</data>
    </node>
    <node id="11">
      <data key="d29">0</data>
      <data key="d35">Private Peering Point</data>
      <data key="d32">11</data>
      <data key="d34">Los Angeles</data>
    </node>
    <node id="12">
      <data key="d29">0</data>
      <data key="d35">Private Peering Point</data>
      <data key="d32">12</data>
      <data key="d34">San Jose</data>
    </node>
    <node id="13">
      <data key="d29">0</data>
      <data key="d32">13</data>
      <data key="d34">BtN London POP</data>
    </node>
    <node id="14">
      <data key="d29">0</data>
      <data key="d35">NAP Connection</data>
      <data key="d32">14</data>
      <data key="d34">SIX</data>
    </node>
    <node id="15">
      <data key="d29">0</data>
      <data key="d35">NAP Connection</data>
      <data key="d32">15</data>
      <data key="d34">MAE East</data>
    </node>
    <node id="16">
      <data key="d29">0</data>
      <data key="d35">NAP Connection</data>
      <data key="d32">16</data>
      <data key="d34">MAE Central</data>
    </node>
    <node id="17">
      <data key="d29">0</data>
      <data key="d35">NAP Connection</data>
      <data key="d32">17</data>
      <data key="d34">PAIX</data>
    </node>
    <node id="18">
      <data key="d29">0</data>
      <data key="d35">NAP Connection</data>
      <data key="d32">18</data>
      <data key="d34">PAIX</data>
    </node>
    <node id="19">
      <data key="d29">0</data>
      <data key="d35">NAP Connection</data>
      <data key="d32">19</data>
      <data key="d34">PAIX</data>
    </node>
    <node id="20">
      <data key="d29">0</data>
      <data key="d35">NAP Connection</data>
      <data key="d32">20</data>
      <data key="d34">MAE West</data>
    </node>
    <node id="21">
      <data key="d29">0</data>
      <data key="d32">21</data>
      <data key="d34">BtN Frankfurt POP</data>
    </node>
    <node id="22">
      <data key="d29">0</data>
      <data key="d32">22</data>
      <data key="d34">BtN London POP</data>
    </node>
    <node id="23">
      <data key="d29">0</data>
      <data key="d35">Private Peering Point</data>
      <data key="d32">23</data>
      <data key="d34">AShburn</data>
    </node>
    <node id="24">
      <data key="d29">0</data>
      <data key="d35">Private Peering Point</data>
      <data key="d32">24</data>
      <data key="d34">Miami</data>
    </node>
    <node id="25">
      <data key="d29">1</data>
      <data key="d30">40.44062</data>
      <data key="d31">United States</data>
      <data key="d32">25</data>
      <data key="d33">-79.99589</data>
      <data key="d34">Pittsburgh</data>
    </node>
    <node id="26">
      <data key="d29">0</data>
      <data key="d35">NAP Connection</data>
      <data key="d32">26</data>
      <data key="d34">PAIX</data>
    </node>
    <node id="27">
      <data key="d29">0</data>
      <data key="d32">27</data>
      <data key="d34">BtN Hong Kong POP</data>
    </node>
    <node id="28">
      <data key="d29">0</data>
      <data key="d32">28</data>
      <data key="d34">BtN Hong Kong POP</data>
    </node>
    <node id="29">
      <data key="d29">0</data>
      <data key="d35">Private Peering Point</data>
      <data key="d32">29</data>
      <data key="d34">Atlanta</data>
    </node>
    <node id="30">
      <data key="d29">0</data>
      <data key="d35">Private Peering Point</data>
      <data key="d32">30</data>
      <data key="d34">Chicago</data>
    </node>
    <node id="31">
      <data key="d29">0</data>
      <data key="d35">Private Peering Point</data>
      <data key="d32">31</data>
      <data key="d34">New York</data>
    </node>
    <node id="32">
      <data key="d29">0</data>
      <data key="d35">Private Peering Point</data>
      <data key="d32">32</data>
      <data key="d34">Dallas</data>
    </node>
    <node id="33">
      <data key="d29">0</data>
      <data key="d35">NAP Connection</data>
      <data key="d32">33</data>
      <data key="d34">NY-IIX</data>
    </node>
    <node id="34">
      <data key="d29">0</data>
      <data key="d35">NAP Connection</data>
      <data key="d32">34</data>
      <data key="d34">Ameritech AADS</data>
    </node>
    <node id="35">
      <data key="d29">1</data>
      <data key="d30">32.78306</data>
      <data key="d31">United States</data>
      <data key="d32">35</data>
      <data key="d33">-96.80667</data>
      <data key="d34">Dallas</data>
    </node>
    <node id="36">
      <data key="d29">1</data>
      <data key="d30">29.42412</data>
      <data key="d31">United States</data>
      <data key="d32">36</data>
      <data key="d33">-98.49363</data>
      <data key="d34">San Antonio</data>
    </node>
    <node id="37">
      <data key="d29">1</data>
      <data key="d30">33.44838</data>
      <data key="d31">United States</data>
      <data key="d32">37</data>
      <data key="d33">-112.07404</data>
      <data key="d34">Phoenix</data>
    </node>
    <node id="38">
      <data key="d29">1</data>
      <data key="d30">32.71533</data>
      <data key="d31">United States</data>
      <data key="d32">38</data>
      <data key="d33">-117.15726</data>
      <data key="d34">San Diego</data>
    </node>
    <node id="39">
      <data key="d29">1</data>
      <data key="d30">27.94752</data>
      <data key="d31">United States</data>
      <data key="d32">39</data>
      <data key="d33">-82.45843</data>
      <data key="d34">Tampa</data>
    </node>
    <node id="40">
      <data key="d29">1</data>
      <data key="d30">25.77427</data>
      <data key="d31">United States</data>
      <data key="d32">40</data>
      <data key="d33">-80.19366</data>
      <data key="d34">Miami</data>
    </node>
    <node id="41">
      <data key="d29">1</data>
      <data key="d30">29.95465</data>
      <data key="d31">United States</data>
      <data key="d32">41</data>
      <data key="d33">-90.07507</data>
      <data key="d34">New Orleans</data>
    </node>
    <node id="42">
      <data key="d29">1</data>
      <data key="d30">29.76328</data>
      <data key="d31">United States</data>
      <data key="d32">42</data>
      <data key="d33">-95.36327</data>
      <data key="d34">Houston</data>
    </node>
    <node id="43">
      <data key="d29">1</data>
      <data key="d30">38.89511</data>
      <data key="d31">United States</data>
      <data key="d32">43</data>
      <data key="d33">-77.03637</data>
      <data key="d34">Washington</data>
    </node>
    <node id="44">
      <data key="d29">1</data>
      <data key="d30">39.29038</data>
      <data key="d31">United States</data>
      <data key="d32">44</data>
      <data key="d33">-76.61219</data>
      <data key="d34">Baltimore</data>
    </node>
    <node id="45">
      <data key="d29">1</data>
      <data key="d30">39.73915</data>
      <data key="d31">United States</data>
      <data key="d32">45</data>
      <data key="d33">-104.9847</data>
      <data key="d34">Denver</data>
    </node>
    <node id="46">
      <data key="d29">1</data>
      <data key="d30">44.97997</data>
      <data key="d31">United States</data>
      <data key="d32">46</data>
      <data key="d33">-93.26384</data>
      <data key="d34">Minneapolis</data>
    </node>
    <node id="47">
      <data key="d29">1</data>
      <data key="d30">41.85003</data>
      <data key="d31">United States</data>
      <data key="d32">47</data>
      <data key="d33">-87.65005</data>
      <data key="d34">Chicago</data>
    </node>
    <node id="48">
      <data key="d29">1</data>
      <data key="d30">39.11417</data>
      <data key="d31">United States</data>
      <data key="d32">48</data>
      <data key="d33">-94.62746</data>
      <data key="d34">Kansas City</data>
    </node>
    <node id="49">
      <data key="d29">1</data>
      <data key="d30">33.749</data>
      <data key="d31">United States</data>
      <data key="d32">49</data>
      <data key="d33">-84.38798</data>
      <data key="d34">Atlanta</data>
    </node>
    <node id="50">
      <data key="d29">1</data>
      <data key="d30">35.7721</data>
      <data key="d31">United States</data>
      <data key="d32">50</data>
      <data key="d33">-78.63861</data>
      <data key="d34">Raleigh</data>
    </node>
    <node id="51">
      <data key="d29">1</data>
      <data key="d30">39.04372</data>
      <data key="d31">United States</data>
      <data key="d32">51</data>
      <data key="d33">-77.48749</data>
      <data key="d34">Ashburn</data>
    </node>
    <node id="52">
      <data key="d29">1</data>
      <data key="d30">38.90122</data>
      <data key="d31">United States</data>
      <data key="d32">52</data>
      <data key="d33">-77.26526</data>
      <data key="d34">Vienna</data>
    </node>
    <edge source="0" target="1">
      <data key="d36">e34</data>
      <data key="d37">0</data>
    </edge>
    <edge source="0" target="3">
      <data key="d36">e31</data>
      <data key="d37">0</data>
    </edge>
    <edge source="1" target="47">
      <data key="d36">e6</data>
      <data key="d37">0</data>
    </edge>
    <edge source="2" target="25">
      <data key="d36">e27</data>
      <data key="d37">0</data>
    </edge>
    <edge source="2" target="3">
      <data key="d36">e26</data>
      <data key="d37">0</data>
    </edge>
    <edge source="2" target="44">
      <data key="d36">e25</data>
      <data key="d37">0</data>
    </edge>
    <edge source="2" target="51">
      <data key="d36">e18</data>
      <data key="d37">0</data>
    </edge>
    <edge source="3" target="33">
      <data key="d38">1Q 2003</data>
      <data key="d37">0</data>
    </edge>
    <edge source="3" target="13">
      <data key="d36">e30</data>
      <data key="d37">0</data>
    </edge>
    <edge source="3" target="47">
      <data key="d36">e5</data>
      <data key="d37">0</data>
    </edge>
    <edge source="3" target="21">
      <data key="d36">e28</data>
      <data key="d37">0</data>
    </edge>
    <edge source="3" target="22">
      <data key="d36">e29</data>
      <data key="d37">0</data>
    </edge>
    <edge source="3" target="31">
      <data key="d36">e32</data>
      <data key="d37">0</data>
    </edge>
    <edge source="4" target="5">
      <data key="d36">e40</data>
      <data key="d37">0</data>
    </edge>
    <edge source="4" target="7">
      <data key="d36">e39</data>
      <data key="d37">0</data>
    </edge>
    <edge source="5" target="8">
      <data key="d36">e43</data>
      <data key="d37">0</data>
    </edge>
    <edge source="5" target="12">
      <data key="d36">e44</data>
      <data key="d37">0</data>
    </edge>
    <edge source="5" target="45">
      <data key="d36">e0</data>
      <data key="d37">0</data>
    </edge>
    <edge source="5" target="19">
      <data key="d38">1Q 2003</data>
      <data key="d37">0</data>
    </edge>
    <edge source="5" target="20">
      <data key="d36">e42</data>
      <data key="d37">0</data>
    </edge>
    <edge source="6" target="26">
      <data key="d38">1Q 2003</data>
      <data key="d37">0</data>
    </edge>
    <edge source="6" target="7">
      <data key="d36">e38</data>
      <data key="d37">0</data>
    </edge>
    <edge source="6" target="10">
      <data key="d36">e37</data>
      <data key="d37">0</data>
    </edge>
    <edge source="6" target="14">
      <data key="d36">e36</data>
      <data key="d37">0</data>
    </edge>
    <edge source="6" target="47">
      <data key="d36">e7</data>
      <data key="d37">0</data>
    </edge>
    <edge source="8" target="9">
      <data key="d36">e45</data>
      <data key="d37">0</data>
    </edge>
    <edge source="9" target="35">
      <data key="d36">e50</data>
      <data key="d37">0</data>
    </edge>
    <edge source="9" target="37">
      <data key="d36">e49</data>
      <data key="d37">0</data>
    </edge>
    <edge source="9" target="38">
      <data key="d36">e48</data>
      <data key="d37">0</data>
    </edge>
    <edge source="9" target="11">
      <data key="d36">e51</data>
      <data key="d37">0</data>
    </edge>
    <edge source="9" target="27">
      <data key="d36">e47</data>
      <data key="d37">0</data>
    </edge>
    <edge source="9" target="28">
      <data key="d36">e46</data>
      <data key="d37">0</data>
    </edge>
    <edge source="15" target="52">
      <data key="d36">e22</data>
      <data key="d37">0</data>
    </edge>
    <edge source="16" target="35">
      <data key="d36">e59</data>
      <data key="d37">0</data>
    </edge>
    <edge source="17" target="49">
      <data key="d38">1Q 2003</data>
      <data key="d37">0</data>
    </edge>
    <edge source="18" target="40">
      <data key="d38">1Q 2003</data>
      <data key="d37">0</data>
    </edge>
    <edge source="23" target="51">
      <data key="d36">e19</data>
      <data key="d37">0</data>
    </edge>
    <edge source="24" target="40">
      <data key="d36">e63</data>
      <data key="d37">0</data>
    </edge>
    <edge source="25" target="43">
      <data key="d36">e24</data>
      <data key="d37">0</data>
    </edge>
    <edge source="25" target="47">
      <data key="d36">e4</data>
      <data key="d37">0</data>
    </edge>
    <edge source="29" target="49">
      <data key="d36">e14</data>
      <data key="d37">0</data>
    </edge>
    <edge source="30" target="47">
      <data key="d36">e8</data>
      <data key="d37">0</data>
    </edge>
    <edge source="32" target="35">
      <data key="d36">e56</data>
      <data key="d37">0</data>
    </edge>
    <edge source="34" target="47">
      <data key="d36">e9</data>
      <data key="d37">0</data>
    </edge>
    <edge source="35" target="48">
      <data key="d36">e10</data>
      <data key="d37">0</data>
    </edge>
    <edge source="35" target="36">
      <data key="d36">e55</data>
      <data key="d37">0</data>
    </edge>
    <edge source="35" target="42">
      <data key="d36">e57</data>
      <data key="d37">0</data>
    </edge>
    <edge source="35" target="49">
      <data key="d36">e15</data>
      <data key="d37">0</data>
    </edge>
    <edge source="35" target="41">
      <data key="d36">e58</data>
      <data key="d37">0</data>
    </edge>
    <edge source="36" target="42">
      <data key="d36">e54</data>
      <data key="d37">0</data>
    </edge>
    <edge source="36" target="37">
      <data key="d36">e53</data>
      <data key="d37">0</data>
    </edge>
    <edge source="37" target="38">
      <data key="d36">e52</data>
      <data key="d37">0</data>
    </edge>
    <edge source="39" target="40">
      <data key="d36">e64</data>
      <data key="d37">0</data>
    </edge>
    <edge source="39" target="41">
      <data key="d36">e61</data>
      <data key="d37">0</data>
    </edge>
    <edge source="40" target="49">
      <data key="d36">e16</data>
      <data key="d37">0</data>
    </edge>
    <edge source="41" target="42">
      <data key="d36">e60</data>
      <data key="d37">0</data>
    </edge>
    <edge source="43" target="50">
      <data key="d36">e17</data>
      <data key="d37">0</data>
    </edge>
    <edge source="43" target="44">
      <data key="d36">e23</data>
      <data key="d37">0</data>
    </edge>
    <edge source="43" target="52">
      <data key="d36">e21</data>
      <data key="d37">0</data>
    </edge>
    <edge source="45" target="47">
      <data key="d36">e1</data>
      <data key="d37">0</data>
    </edge>
    <edge source="46" target="47">
      <data key="d36">e2</data>
      <data key="d37">0</data>
    </edge>
    <edge source="47" target="48">
      <data key="d36">e3</data>
      <data key="d37">0</data>
    </edge>
    <edge source="49" target="50">
      <data key="d36">e12</data>
      <data key="d37">0</data>
    </edge>
    <edge source="49" target="51">
      <data key="d36">e13</data>
      <data key="d37">0</data>
    </edge>
    <edge source="51" target="52">
      <data key="d36">e20</data>
      <data key="d37">0</data>
    </edge>
  </graph>
</graphml>
