<?xml version="1.0" encoding="utf-8"?><graphml xmlns="http://graphml.graphdrawing.org/xmlns" xmlns:xsi="http://www.w3.org/2001/XMLSchema-instance" xsi:schemaLocation="http://graphml.graphdrawing.org/xmlns http://graphml.graphdrawing.org/xmlns/1.0/graphml.xsd">
  <key attr.name="key" attr.type="int" for="edge" id="d36" />
  <key attr.name="id" attr.type="string" for="edge" id="d35" />
  <key attr.name="label" attr.type="string" for="node" id="d34" />
  <key attr.name="Longitude" attr.type="double" for="node" id="d33" />
  <key attr.name="id" attr.type="int" for="node" id="d32" />
  <key attr.name="Country" attr.type="string" for="node" id="d31" />
  <key attr.name="Latitude" attr.type="double" for="node" id="d30" />
  <key attr.name="Internal" attr.type="int" for="node" id="d29" />
  <key attr.name="Testbed" attr.type="int" for="graph" id="d28" />
  <key attr.name="LastProcessed" attr.type="string" for="graph" id="d27" />
  <key attr.name="DateYear" attr.type="string" for="graph" id="d26" />
  <key attr.name="NetworkDate" attr.type="string" for="graph" id="d25" />
  <key attr.name="Transit" attr.type="int" for="graph" id="d24" />
  <key attr.name="Developed" attr.type="int" for="graph" id="d23" />
  <key attr.name="Creator" attr.type="string" for="graph" id="d22" />
  <key attr.name="Layer" attr.type="string" for="graph" id="d21" />
  <key attr.name="Access" attr.type="int" for="graph" id="d20" />
  <key attr.name="LastAccess" attr.type="string" for="graph" id="d19" />
  <key attr.name="DateMonth" attr.type="string" for="graph" id="d18" />
  <key attr.name="DateModifier" attr.type="string" for="graph" id="d17" />
  <key attr.name="SourceGitVersion" attr.type="string" for="graph" id="d16" />
  <key attr.name="IX" attr.type="int" for="graph" id="d15" />
  <key attr.name="Customer" attr.type="int" for="graph" id="d14" />
  <key attr.name="ToolsetVersion" attr.type="string" for="graph" id="d13" />
  <key attr.name="label" attr.type="string" for="graph" id="d12" />
  <key attr.name="Commercial" attr.type="int" for="graph" id="d11" />
  <key attr.name="Backbone" attr.type="int" for="graph" id="d10" />
  <key attr.name="DateType" attr.type="string" for="graph" id="d9" />
  <key attr.name="Type" attr.type="string" for="graph" id="d8" />
  <key attr.name="Version" attr.type="string" for="graph" id="d7" />
  <key attr.name="Source" attr.type="string" for="graph" id="d6" />
  <key attr.name="Note" attr.type="string" for="graph" id="d5" />
  <key attr.name="Provenance" attr.type="string" for="graph" id="d4" />
  <key attr.name="Network" attr.type="string" for="graph" id="d3" />
  <key attr.name="GeoExtent" attr.type="string" for="graph" id="d2" />
  <key attr.name="GeoLocation" attr.type="string" for="graph" id="d1" />
  <key attr.name="DateObtained" attr.type="string" for="graph" id="d0" />
  <graph edgedefault="undirected">
    <data key="d0">16/01/11</data>
    <data key="d1">Indonesia</data>
    <data key="d2">Country</data>
    <data key="d3">BizNetworks</data>
    <data key="d4">Primary</data>
    <data key="d5">Offers IX but unclear as to how.</data>
    <data key="d6">http://www.biznetnetworks.com/pdf/BiznetInterCityNetwork.pdf</data>
    <data key="d7">1.0</data>
    <data key="d8">COM</data>
    <data key="d9">Current</data>
    <data key="d10">1</data>
    <data key="d11">0</data>
    <data key="d12">Biznet</data>
    <data key="d13">0.3.34dev-20120328</data>
    <data key="d14">1</data>
    <data key="d15">0</data>
    <data key="d16">e278b1b</data>
    <data key="d17">=</data>
    <data key="d18">01</data>
    <data key="d19">16/01/11</data>
    <data key="d20">1</data>
    <data key="d21">IP</data>
    <data key="d22">Topology Zoo Toolset</data>
    <data key="d23">0</data>
    <data key="d24">1</data>
    <data key="d25">2011_01</data>
    <data key="d26">2011</data>
    <data key="d27">2011_09_01</data>
    <data key="d28">0</data>
    <node id="0">
      <data key="d29">1</data>
      <data key="d30">-7.72639</data>
      <data key="d31">Indonesia</data>
      <data key="d32">0</data>
      <data key="d33">109.00944</data>
      <data key="d34">Cilacap</data>
    </node>
    <node id="1">
      <data key="d29">1</data>
      <data key="d30">-7.42139</data>
      <data key="d31">Indonesia</data>
      <data key="d32">1</data>
      <data key="d33">109.23444</data>
      <data key="d34">Purwokerto</data>
    </node>
    <node id="2">
      <data key="d29">1</data>
      <data key="d30">-6.91806</data>
      <data key="d31">Indonesia</data>
      <data key="d32">2</data>
      <data key="d33">106.92667</data>
      <data key="d34">Sukabumi</data>
    </node>
    <node id="3">
      <data key="d29">1</data>
      <data key="d30">-7.33333</data>
      <data key="d31">Indonesia</data>
      <data key="d32">3</data>
      <data key="d33">108.2</data>
      <data key="d34">Tasikmalaya</data>
    </node>
    <node id="4">
      <data key="d29">1</data>
      <data key="d30">-6.8886</data>
      <data key="d31">Indonesia</data>
      <data key="d32">4</data>
      <data key="d33">109.6753</data>
      <data key="d34">Pekalongan</data>
    </node>
    <node id="5">
      <data key="d29">1</data>
      <data key="d30">-6.9932</data>
      <data key="d31">Indonesia</data>
      <data key="d32">5</data>
      <data key="d33">110.4203</data>
      <data key="d34">Semarang</data>
    </node>
    <node id="6">
      <data key="d29">1</data>
      <data key="d30">-7.47056</data>
      <data key="d31">Indonesia</data>
      <data key="d32">6</data>
      <data key="d33">110.21778</data>
      <data key="d34">Magelang</data>
    </node>
    <node id="7">
      <data key="d29">1</data>
      <data key="d30">-7.78278</data>
      <data key="d31">Indonesia</data>
      <data key="d32">7</data>
      <data key="d33">110.36083</data>
      <data key="d34">Yogyakarta</data>
    </node>
    <node id="8">
      <data key="d29">1</data>
      <data key="d30">-6.8048</data>
      <data key="d31">Indonesia</data>
      <data key="d32">8</data>
      <data key="d33">110.8405</data>
      <data key="d34">Kudus</data>
    </node>
    <node id="9">
      <data key="d29">1</data>
      <data key="d30">-7.55611</data>
      <data key="d31">Indonesia</data>
      <data key="d32">9</data>
      <data key="d33">110.83167</data>
      <data key="d34">Surakarta</data>
    </node>
    <node id="10">
      <data key="d29">1</data>
      <data key="d30">-9.59806</data>
      <data key="d31">Indonesia</data>
      <data key="d32">10</data>
      <data key="d33">123.77028</data>
      <data key="d34">Nusa Dua</data>
    </node>
    <node id="11">
      <data key="d29">1</data>
      <data key="d30">-7.24917</data>
      <data key="d31">Indonesia</data>
      <data key="d32">11</data>
      <data key="d33">112.75083</data>
      <data key="d34">Surabaya</data>
    </node>
    <node id="12">
      <data key="d29">1</data>
      <data key="d30">-7.81667</data>
      <data key="d31">Indonesia</data>
      <data key="d32">12</data>
      <data key="d33">112.01667</data>
      <data key="d34">Kediri</data>
    </node>
    <node id="13">
      <data key="d29">1</data>
      <data key="d30">-7.6298</data>
      <data key="d31">Indonesia</data>
      <data key="d32">13</data>
      <data key="d33">111.5239</data>
      <data key="d34">Madium</data>
    </node>
    <node id="14">
      <data key="d29">1</data>
      <data key="d30">-6.9</data>
      <data key="d31">Indonesia</data>
      <data key="d32">14</data>
      <data key="d33">112.05</data>
      <data key="d34">Tuban</data>
    </node>
    <node id="15">
      <data key="d29">1</data>
      <data key="d30">-8.2215</data>
      <data key="d31">Indonesia</data>
      <data key="d32">15</data>
      <data key="d33">114.3646</data>
      <data key="d34">Banyunwangi</data>
    </node>
    <node id="16">
      <data key="d29">1</data>
      <data key="d30">-8.16604</data>
      <data key="d31">Indonesia</data>
      <data key="d32">16</data>
      <data key="d33">113.70317</data>
      <data key="d34">Jember</data>
    </node>
    <node id="17">
      <data key="d29">1</data>
      <data key="d30">-7.7543</data>
      <data key="d31">Indonesia</data>
      <data key="d32">17</data>
      <data key="d33">113.2159</data>
      <data key="d34">Probolinggo</data>
    </node>
    <node id="18">
      <data key="d29">1</data>
      <data key="d30">-7.9797</data>
      <data key="d31">Indonesia</data>
      <data key="d32">18</data>
      <data key="d33">112.6304</data>
      <data key="d34">Malang</data>
    </node>
    <node id="19">
      <data key="d29">1</data>
      <data key="d32">19</data>
      <data key="d34">Bakauhuni</data>
    </node>
    <node id="20">
      <data key="d29">1</data>
      <data key="d30">-6.76667</data>
      <data key="d31">Indonesia</data>
      <data key="d32">20</data>
      <data key="d33">105.85</data>
      <data key="d34">Cibaliung</data>
    </node>
    <node id="21">
      <data key="d29">1</data>
      <data key="d30">-6.8694</data>
      <data key="d31">Indonesia</data>
      <data key="d32">21</data>
      <data key="d33">109.1402</data>
      <data key="d34">Tegal</data>
    </node>
    <node id="22">
      <data key="d29">1</data>
      <data key="d30">-6.7063</data>
      <data key="d31">Indonesia</data>
      <data key="d32">22</data>
      <data key="d33">108.557</data>
      <data key="d34">Cirebon</data>
    </node>
    <node id="23">
      <data key="d29">1</data>
      <data key="d30">-6.90389</data>
      <data key="d31">Indonesia</data>
      <data key="d32">23</data>
      <data key="d33">107.61861</data>
      <data key="d34">Bandung</data>
    </node>
    <node id="24">
      <data key="d29">1</data>
      <data key="d30">-6.30333</data>
      <data key="d31">Indonesia</data>
      <data key="d32">24</data>
      <data key="d33">107.30556</data>
      <data key="d34">Karawang</data>
    </node>
    <node id="25">
      <data key="d29">1</data>
      <data key="d30">-6.21462</data>
      <data key="d31">Indonesia</data>
      <data key="d32">25</data>
      <data key="d33">106.84513</data>
      <data key="d34">Jakarta</data>
    </node>
    <node id="26">
      <data key="d29">1</data>
      <data key="d30">-6.59444</data>
      <data key="d31">Indonesia</data>
      <data key="d32">26</data>
      <data key="d33">106.78917</data>
      <data key="d34">Bogor</data>
    </node>
    <node id="27">
      <data key="d29">1</data>
      <data key="d30">-6.1149</data>
      <data key="d31">Indonesia</data>
      <data key="d32">27</data>
      <data key="d33">106.1502</data>
      <data key="d34">Serang</data>
    </node>
    <node id="28">
      <data key="d29">1</data>
      <data key="d30">-6.06667</data>
      <data key="d31">Indonesia</data>
      <data key="d32">28</data>
      <data key="d33">105.88333</data>
      <data key="d34">Anyer</data>
    </node>
    <edge source="0" target="1">
      <data key="d35">e15</data>
      <data key="d36">0</data>
    </edge>
    <edge source="0" target="3">
      <data key="d35">e14</data>
      <data key="d36">0</data>
    </edge>
    <edge source="1" target="6">
      <data key="d35">e16</data>
      <data key="d36">0</data>
    </edge>
    <edge source="2" target="26">
      <data key="d35">e10</data>
      <data key="d36">0</data>
    </edge>
    <edge source="2" target="23">
      <data key="d35">e4</data>
      <data key="d36">0</data>
    </edge>
    <edge source="3" target="23">
      <data key="d35">e5</data>
      <data key="d36">0</data>
    </edge>
    <edge source="4" target="21">
      <data key="d35">e0</data>
      <data key="d36">0</data>
    </edge>
    <edge source="4" target="5">
      <data key="d35">e19</data>
      <data key="d36">0</data>
    </edge>
    <edge source="5" target="8">
      <data key="d35">e20</data>
      <data key="d36">0</data>
    </edge>
    <edge source="5" target="9">
      <data key="d35">e21</data>
      <data key="d36">0</data>
    </edge>
    <edge source="6" target="7">
      <data key="d35">e17</data>
      <data key="d36">0</data>
    </edge>
    <edge source="7" target="9">
      <data key="d35">e18</data>
      <data key="d36">0</data>
    </edge>
    <edge source="8" target="14">
      <data key="d35">e22</data>
      <data key="d36">0</data>
    </edge>
    <edge source="9" target="13">
      <data key="d35">e23</data>
      <data key="d36">0</data>
    </edge>
    <edge source="10" target="15">
      <data key="d35">e32</data>
      <data key="d36">0</data>
    </edge>
    <edge source="11" target="17">
      <data key="d35">e28</data>
      <data key="d36">0</data>
    </edge>
    <edge source="11" target="12">
      <data key="d35">e27</data>
      <data key="d36">0</data>
    </edge>
    <edge source="11" target="14">
      <data key="d35">e24</data>
      <data key="d36">0</data>
    </edge>
    <edge source="12" target="18">
      <data key="d35">e26</data>
      <data key="d36">0</data>
    </edge>
    <edge source="12" target="13">
      <data key="d35">e25</data>
      <data key="d36">0</data>
    </edge>
    <edge source="15" target="16">
      <data key="d35">e31</data>
      <data key="d36">0</data>
    </edge>
    <edge source="16" target="17">
      <data key="d35">e30</data>
      <data key="d36">0</data>
    </edge>
    <edge source="16" target="18">
      <data key="d35">e29</data>
      <data key="d36">0</data>
    </edge>
    <edge source="19" target="28">
      <data key="d35">e12</data>
      <data key="d36">0</data>
    </edge>
    <edge source="20" target="26">
      <data key="d35">e9</data>
      <data key="d36">0</data>
    </edge>
    <edge source="20" target="28">
      <data key="d35">e13</data>
      <data key="d36">0</data>
    </edge>
    <edge source="21" target="22">
      <data key="d35">e1</data>
      <data key="d36">0</data>
    </edge>
    <edge source="22" target="23">
      <data key="d35">e2</data>
      <data key="d36">0</data>
    </edge>
    <edge source="23" target="24">
      <data key="d35">e3</data>
      <data key="d36">0</data>
    </edge>
    <edge source="24" target="25">
      <data key="d35">e6</data>
      <data key="d36">0</data>
    </edge>
    <edge source="25" target="26">
      <data key="d35">e7</data>
      <data key="d36">0</data>
    </edge>
    <edge source="25" target="27">
      <data key="d35">e8</data>
      <data key="d36">0</data>
    </edge>
    <edge source="27" target="28">
      <data key="d35">e11</data>
      <data key="d36">0</data>
    </edge>
  </graph>
</graphml>
