<?xml version="1.0" encoding="utf-8"?><graphml xmlns="http://graphml.graphdrawing.org/xmlns" xmlns:xsi="http://www.w3.org/2001/XMLSchema-instance" xsi:schemaLocation="http://graphml.graphdrawing.org/xmlns http://graphml.graphdrawing.org/xmlns/1.0/graphml.xsd">
  <key attr.name="LinkSpeedRaw" attr.type="double" for="edge" id="d42" />
  <key attr.name="LinkSpeedUnits" attr.type="string" for="edge" id="d41" />
  <key attr.name="LinkSpeed" attr.type="string" for="edge" id="d40" />
  <key attr.name="key" attr.type="int" for="edge" id="d39" />
  <key attr.name="LinkLabel" attr.type="string" for="edge" id="d38" />
  <key attr.name="LinkType" attr.type="string" for="edge" id="d37" />
  <key attr.name="hyperedge" attr.type="int" for="node" id="d36" />
  <key attr.name="label" attr.type="string" for="node" id="d35" />
  <key attr.name="Longitude" attr.type="double" for="node" id="d34" />
  <key attr.name="id" attr.type="int" for="node" id="d33" />
  <key attr.name="type" attr.type="string" for="node" id="d32" />
  <key attr.name="Country" attr.type="string" for="node" id="d31" />
  <key attr.name="Latitude" attr.type="double" for="node" id="d30" />
  <key attr.name="Internal" attr.type="int" for="node" id="d29" />
  <key attr.name="Testbed" attr.type="int" for="graph" id="d28" />
  <key attr.name="LastProcessed" attr.type="string" for="graph" id="d27" />
  <key attr.name="DateYear" attr.type="string" for="graph" id="d26" />
  <key attr.name="NetworkDate" attr.type="string" for="graph" id="d25" />
  <key attr.name="Transit" attr.type="int" for="graph" id="d24" />
  <key attr.name="Developed" attr.type="int" for="graph" id="d23" />
  <key attr.name="Creator" attr.type="string" for="graph" id="d22" />
  <key attr.name="Layer" attr.type="string" for="graph" id="d21" />
  <key attr.name="Access" attr.type="int" for="graph" id="d20" />
  <key attr.name="LastAccess" attr.type="string" for="graph" id="d19" />
  <key attr.name="DateMonth" attr.type="string" for="graph" id="d18" />
  <key attr.name="DateModifier" attr.type="string" for="graph" id="d17" />
  <key attr.name="SourceGitVersion" attr.type="string" for="graph" id="d16" />
  <key attr.name="IX" attr.type="int" for="graph" id="d15" />
  <key attr.name="Customer" attr.type="int" for="graph" id="d14" />
  <key attr.name="ToolsetVersion" attr.type="string" for="graph" id="d13" />
  <key attr.name="label" attr.type="string" for="graph" id="d12" />
  <key attr.name="Commercial" attr.type="int" for="graph" id="d11" />
  <key attr.name="Backbone" attr.type="int" for="graph" id="d10" />
  <key attr.name="DateType" attr.type="string" for="graph" id="d9" />
  <key attr.name="Type" attr.type="string" for="graph" id="d8" />
  <key attr.name="Version" attr.type="string" for="graph" id="d7" />
  <key attr.name="Source" attr.type="string" for="graph" id="d6" />
  <key attr.name="Note" attr.type="string" for="graph" id="d5" />
  <key attr.name="Provenance" attr.type="string" for="graph" id="d4" />
  <key attr.name="Network" attr.type="string" for="graph" id="d3" />
  <key attr.name="GeoExtent" attr.type="string" for="graph" id="d2" />
  <key attr.name="GeoLocation" attr.type="string" for="graph" id="d1" />
  <key attr.name="DateObtained" attr.type="string" for="graph" id="d0" />
  <graph edgedefault="undirected">
    <data key="d0">20/10/10</data>
    <data key="d1">Bulgaria</data>
    <data key="d2">Country</data>
    <data key="d3">BREN</data>
    <data key="d4">Primary</data>
    <data key="d5">Names from http://www.bren.bg/index.php?option=com_content&amp;view=article&amp;id=11&amp;Itemid=15&amp;lang=en</data>
    <data key="d6">http://www.bren.bg/images/stories/bren_2010_english.png</data>
    <data key="d7">1.0</data>
    <data key="d8">REN</data>
    <data key="d9">Dynamic</data>
    <data key="d10">1</data>
    <data key="d11">0</data>
    <data key="d12">Bren</data>
    <data key="d13">0.3.34dev-20120328</data>
    <data key="d14">1</data>
    <data key="d15">0</data>
    <data key="d16">e278b1b</data>
    <data key="d17">=</data>
    <data key="d18">10</data>
    <data key="d19">20/10/10</data>
    <data key="d20">0</data>
    <data key="d21">Layer 1</data>
    <data key="d22">Topology Zoo Toolset</data>
    <data key="d23">0</data>
    <data key="d24">0</data>
    <data key="d25">2010_10</data>
    <data key="d26">2010</data>
    <data key="d27">2011_09_01</data>
    <data key="d28">0</data>
    <node id="0">
      <data key="d29">1</data>
      <data key="d30">42.69751</data>
      <data key="d31">Bulgaria</data>
      <data key="d32">Backbone Switch</data>
      <data key="d33">0</data>
      <data key="d34">23.32415</data>
      <data key="d35">Technical Uni</data>
    </node>
    <node id="1">
      <data key="d36">1</data>
      <data key="d29">1</data>
      <data key="d33">1</data>
      <data key="d35">None</data>
    </node>
    <node id="2">
      <data key="d29">1</data>
      <data key="d30">42.69751</data>
      <data key="d31">Bulgaria</data>
      <data key="d32">Backbone Switch</data>
      <data key="d33">2</data>
      <data key="d34">23.32415</data>
      <data key="d35">Todos Kableshkov Uni</data>
    </node>
    <node id="3">
      <data key="d29">1</data>
      <data key="d30">42.69751</data>
      <data key="d31">Bulgaria</data>
      <data key="d32">Backbone Switch</data>
      <data key="d33">3</data>
      <data key="d34">23.32415</data>
      <data key="d35">IPP-BAS</data>
    </node>
    <node id="4">
      <data key="d29">1</data>
      <data key="d30">42.69751</data>
      <data key="d31">Bulgaria</data>
      <data key="d32">End Customer</data>
      <data key="d33">4</data>
      <data key="d34">23.32415</data>
      <data key="d35">Telecom. and Post</data>
    </node>
    <node id="5">
      <data key="d29">1</data>
      <data key="d30">42.01667</data>
      <data key="d31">Bulgaria</data>
      <data key="d32">End Customer</data>
      <data key="d33">5</data>
      <data key="d34">23.1</data>
      <data key="d35">South-West Uni</data>
    </node>
    <node id="6">
      <data key="d29">1</data>
      <data key="d30">42.69751</data>
      <data key="d31">Bulgaria</data>
      <data key="d32">End Customer</data>
      <data key="d33">6</data>
      <data key="d34">23.32415</data>
      <data key="d35">Civil Engineering</data>
    </node>
    <node id="7">
      <data key="d29">1</data>
      <data key="d30">42.69751</data>
      <data key="d31">Bulgaria</data>
      <data key="d32">End Customer</data>
      <data key="d33">7</data>
      <data key="d34">23.32415</data>
      <data key="d35">Higher Attestation Commission</data>
    </node>
    <node id="8">
      <data key="d29">0</data>
      <data key="d33">8</data>
      <data key="d35">Academy of Sciences</data>
    </node>
    <node id="9">
      <data key="d29">1</data>
      <data key="d32">End Customer</data>
      <data key="d33">9</data>
      <data key="d35">NMU</data>
    </node>
    <node id="10">
      <data key="d29">1</data>
      <data key="d30">43.27064</data>
      <data key="d31">Bulgaria</data>
      <data key="d32">Backbone Switch</data>
      <data key="d33">10</data>
      <data key="d34">26.92286</data>
      <data key="d35">Vasil Levski Uni</data>
    </node>
    <node id="11">
      <data key="d29">1</data>
      <data key="d30">43.21667</data>
      <data key="d31">Bulgaria</data>
      <data key="d32">Backbone Switch</data>
      <data key="d33">11</data>
      <data key="d34">27.91667</data>
      <data key="d35">Uni of Economics</data>
    </node>
    <node id="12">
      <data key="d29">1</data>
      <data key="d30">43.21667</data>
      <data key="d31">Bulgaria</data>
      <data key="d32">End Customer</data>
      <data key="d33">12</data>
      <data key="d34">27.91667</data>
      <data key="d35">Varna Tech Uni</data>
    </node>
    <node id="13">
      <data key="d29">1</data>
      <data key="d30">43.21667</data>
      <data key="d31">Bulgaria</data>
      <data key="d32">End Customer</data>
      <data key="d33">13</data>
      <data key="d34">27.91667</data>
      <data key="d35">Naval Academy</data>
    </node>
    <node id="14">
      <data key="d36">1</data>
      <data key="d29">1</data>
      <data key="d33">14</data>
      <data key="d35">None</data>
    </node>
    <node id="15">
      <data key="d36">1</data>
      <data key="d29">1</data>
      <data key="d33">15</data>
      <data key="d35">None</data>
    </node>
    <node id="16">
      <data key="d29">1</data>
      <data key="d30">43.27064</data>
      <data key="d31">Bulgaria</data>
      <data key="d32">End Customer</data>
      <data key="d33">16</data>
      <data key="d34">26.92286</data>
      <data key="d35">Shumen University</data>
    </node>
    <node id="17">
      <data key="d29">1</data>
      <data key="d30">43.85639</data>
      <data key="d31">Bulgaria</data>
      <data key="d32">Backbone Switch</data>
      <data key="d33">17</data>
      <data key="d34">25.97083</data>
      <data key="d35">Ruse Uni.</data>
    </node>
    <node id="18">
      <data key="d29">1</data>
      <data key="d30">43.62306</data>
      <data key="d31">Bulgaria</data>
      <data key="d32">End Customer</data>
      <data key="d33">18</data>
      <data key="d34">25.35389</data>
      <data key="d35">Academy of Economics</data>
    </node>
    <node id="19">
      <data key="d29">1</data>
      <data key="d30">42.15</data>
      <data key="d31">Bulgaria</data>
      <data key="d32">End Customer</data>
      <data key="d33">19</data>
      <data key="d34">24.75</data>
      <data key="d35">Technical Uni.</data>
    </node>
    <node id="20">
      <data key="d29">1</data>
      <data key="d30">42.15</data>
      <data key="d31">Bulgaria</data>
      <data key="d32">End Customer</data>
      <data key="d33">20</data>
      <data key="d34">24.75</data>
      <data key="d35">Agriculture</data>
    </node>
    <node id="21">
      <data key="d29">1</data>
      <data key="d30">42.15</data>
      <data key="d31">Bulgaria</data>
      <data key="d32">Backbone Switch</data>
      <data key="d33">21</data>
      <data key="d34">24.75</data>
      <data key="d35">Plovdiv Uni</data>
    </node>
    <node id="22">
      <data key="d29">1</data>
      <data key="d30">43.41667</data>
      <data key="d31">Bulgaria</data>
      <data key="d32">Backbone Switch</data>
      <data key="d33">22</data>
      <data key="d34">24.61667</data>
      <data key="d35">Pleven University</data>
    </node>
    <node id="23">
      <data key="d36">1</data>
      <data key="d29">1</data>
      <data key="d33">23</data>
      <data key="d35">None</data>
    </node>
    <node id="24">
      <data key="d29">1</data>
      <data key="d30">43.08124</data>
      <data key="d31">Bulgaria</data>
      <data key="d32">End Customer</data>
      <data key="d33">24</data>
      <data key="d34">25.62904</data>
      <data key="d35">Veliko Uni</data>
    </node>
    <node id="25">
      <data key="d29">1</data>
      <data key="d30">43.08124</data>
      <data key="d31">Bulgaria</data>
      <data key="d32">Backbone Switch</data>
      <data key="d33">25</data>
      <data key="d34">25.62904</data>
      <data key="d35">Military Uni</data>
    </node>
    <node id="26">
      <data key="d29">1</data>
      <data key="d30">42.87472</data>
      <data key="d31">Bulgaria</data>
      <data key="d32">Backbone Switch</data>
      <data key="d33">26</data>
      <data key="d34">25.33417</data>
      <data key="d35">Gabrovo Uni</data>
    </node>
    <node id="27">
      <data key="d29">1</data>
      <data key="d30">42.69751</data>
      <data key="d31">Bulgaria</data>
      <data key="d32">Backbone Switch</data>
      <data key="d33">27</data>
      <data key="d34">23.32415</data>
      <data key="d35">Sofia University</data>
    </node>
    <node id="28">
      <data key="d29">1</data>
      <data key="d30">42.69751</data>
      <data key="d31">Bulgaria</data>
      <data key="d32">Backbone Switch</data>
      <data key="d33">28</data>
      <data key="d34">23.32415</data>
      <data key="d35">Economy Uni.</data>
    </node>
    <node id="29">
      <data key="d29">0</data>
      <data key="d33">29</data>
      <data key="d35">GEANT</data>
    </node>
    <node id="30">
      <data key="d29">0</data>
      <data key="d33">30</data>
      <data key="d35">BG Internet</data>
    </node>
    <node id="31">
      <data key="d29">1</data>
      <data key="d30">42.69751</data>
      <data key="d31">Bulgaria</data>
      <data key="d32">End Customer</data>
      <data key="d33">31</data>
      <data key="d34">23.32415</data>
      <data key="d35">Medical Uni. Pharmacy</data>
    </node>
    <node id="32">
      <data key="d29">1</data>
      <data key="d30">42.69751</data>
      <data key="d31">Bulgaria</data>
      <data key="d32">End Customer</data>
      <data key="d33">32</data>
      <data key="d34">23.32415</data>
      <data key="d35">Medical Uni Public Health</data>
    </node>
    <node id="33">
      <data key="d29">1</data>
      <data key="d30">42.69751</data>
      <data key="d31">Bulgaria</data>
      <data key="d32">End Customer</data>
      <data key="d33">33</data>
      <data key="d34">23.32415</data>
      <data key="d35">Min. Education</data>
    </node>
    <node id="34">
      <data key="d29">1</data>
      <data key="d30">42.69751</data>
      <data key="d31">Bulgaria</data>
      <data key="d32">Backbone Switch</data>
      <data key="d33">34</data>
      <data key="d34">23.32415</data>
      <data key="d35">Sofia Uni.</data>
    </node>
    <node id="35">
      <data key="d29">1</data>
      <data key="d30">42.69751</data>
      <data key="d31">Bulgaria</data>
      <data key="d32">Backbone Switch</data>
      <data key="d33">35</data>
      <data key="d34">23.32415</data>
      <data key="d35">Medical Uni Sofia</data>
    </node>
    <node id="36">
      <data key="d29">1</data>
      <data key="d30">42.69751</data>
      <data key="d31">Bulgaria</data>
      <data key="d32">End Customer</data>
      <data key="d33">36</data>
      <data key="d34">23.32415</data>
      <data key="d35">Medical college of Sofia</data>
    </node>
    <edge source="0" target="3">
      <data key="d37">Ethernet</data>
      <data key="d38">Ethernet</data>
      <data key="d39">0</data>
    </edge>
    <edge source="0" target="28">
      <data key="d37">Ethernet</data>
      <data key="d38">Ethernet</data>
      <data key="d39">0</data>
    </edge>
    <edge source="1" target="3">
      <data key="d40">1</data>
      <data key="d38">1Gb/s</data>
      <data key="d41">G</data>
      <data key="d42">1000000000.0</data>
      <data key="d39">0</data>
    </edge>
    <edge source="1" target="4">
      <data key="d40">100</data>
      <data key="d38">100 Mb/s</data>
      <data key="d41">M</data>
      <data key="d42">100000000.0</data>
      <data key="d39">0</data>
    </edge>
    <edge source="1" target="6">
      <data key="d40">1</data>
      <data key="d38">1Gb/s</data>
      <data key="d41">G</data>
      <data key="d42">1000000000.0</data>
      <data key="d39">0</data>
    </edge>
    <edge source="1" target="7">
      <data key="d40">100</data>
      <data key="d38">100Mb/s</data>
      <data key="d41">M</data>
      <data key="d42">100000000.0</data>
      <data key="d39">0</data>
    </edge>
    <edge source="2" target="34">
      <data key="d37">Ethernet</data>
      <data key="d38">Ethernet</data>
      <data key="d39">0</data>
    </edge>
    <edge source="2" target="3">
      <data key="d37">Ethernet</data>
      <data key="d38">Ethernet</data>
      <data key="d39">0</data>
    </edge>
    <edge source="3" target="8">
      <data key="d37">Ethernet</data>
      <data key="d40">1</data>
      <data key="d38">1Gb/s Ethernet</data>
      <data key="d41">G</data>
      <data key="d42">1000000000.0</data>
      <data key="d39">0</data>
    </edge>
    <edge source="3" target="14">
      <data key="d40">100</data>
      <data key="d38">100 Mb/s</data>
      <data key="d41">M</data>
      <data key="d42">100000000.0</data>
      <data key="d39">0</data>
    </edge>
    <edge source="3" target="21">
      <data key="d40">1</data>
      <data key="d38">1Gb/s </data>
      <data key="d41">G</data>
      <data key="d42">1000000000.0</data>
      <data key="d39">0</data>
    </edge>
    <edge source="3" target="22">
      <data key="d37">Ethernet</data>
      <data key="d40">1</data>
      <data key="d38">1Gb/s Ethernet</data>
      <data key="d41">G</data>
      <data key="d42">1000000000.0</data>
      <data key="d39">0</data>
    </edge>
    <edge source="3" target="29">
      <data key="d37">Ethernet</data>
      <data key="d38">Ethernet</data>
      <data key="d39">0</data>
    </edge>
    <edge source="3" target="30">
      <data key="d37">Ethernet</data>
      <data key="d38">Ethernet</data>
      <data key="d39">0</data>
    </edge>
    <edge source="5" target="14">
      <data key="d40">100</data>
      <data key="d38">100 Mb/s</data>
      <data key="d41">M</data>
      <data key="d42">100000000.0</data>
      <data key="d39">0</data>
    </edge>
    <edge source="9" target="15">
      <data key="d40">100</data>
      <data key="d38">100Mb/s</data>
      <data key="d41">M</data>
      <data key="d42">100000000.0</data>
      <data key="d39">0</data>
    </edge>
    <edge source="10" target="16">
      <data key="d40">1</data>
      <data key="d38">1Gb/s</data>
      <data key="d41">G</data>
      <data key="d42">1000000000.0</data>
      <data key="d39">0</data>
    </edge>
    <edge source="10" target="17">
      <data key="d40">1</data>
      <data key="d38">1Gb/s</data>
      <data key="d41">G</data>
      <data key="d42">1000000000.0</data>
      <data key="d39">0</data>
    </edge>
    <edge source="10" target="11">
      <data key="d40">1</data>
      <data key="d38">1Gb/s</data>
      <data key="d41">G</data>
      <data key="d42">1000000000.0</data>
      <data key="d39">0</data>
    </edge>
    <edge source="11" target="12">
      <data key="d40">1</data>
      <data key="d38">1Gb/s</data>
      <data key="d41">G</data>
      <data key="d42">1000000000.0</data>
      <data key="d39">0</data>
    </edge>
    <edge source="11" target="13">
      <data key="d40">1</data>
      <data key="d38">1Gb/s</data>
      <data key="d41">G</data>
      <data key="d42">1000000000.0</data>
      <data key="d39">0</data>
    </edge>
    <edge source="11" target="21">
      <data key="d40">1</data>
      <data key="d38">1Gb/s</data>
      <data key="d41">G</data>
      <data key="d42">1000000000.0</data>
      <data key="d39">0</data>
    </edge>
    <edge source="15" target="22">
      <data key="d40">100</data>
      <data key="d38">100Mb/s</data>
      <data key="d41">M</data>
      <data key="d42">100000000.0</data>
      <data key="d39">0</data>
    </edge>
    <edge source="17" target="25">
      <data key="d40">1</data>
      <data key="d38">1Gb/s</data>
      <data key="d41">G</data>
      <data key="d42">1000000000.0</data>
      <data key="d39">0</data>
    </edge>
    <edge source="18" target="23">
      <data key="d40">100</data>
      <data key="d38">100Mb/s</data>
      <data key="d41">M</data>
      <data key="d42">100000000.0</data>
      <data key="d39">0</data>
    </edge>
    <edge source="19" target="21">
      <data key="d40">1</data>
      <data key="d38">1Gb/s</data>
      <data key="d41">G</data>
      <data key="d42">1000000000.0</data>
      <data key="d39">0</data>
    </edge>
    <edge source="20" target="21">
      <data key="d40">1</data>
      <data key="d38">1Gb/s</data>
      <data key="d41">G</data>
      <data key="d42">1000000000.0</data>
      <data key="d39">0</data>
    </edge>
    <edge source="22" target="25">
      <data key="d40">1</data>
      <data key="d38">1Gb/s</data>
      <data key="d41">G</data>
      <data key="d42">1000000000.0</data>
      <data key="d39">0</data>
    </edge>
    <edge source="23" target="25">
      <data key="d40">100</data>
      <data key="d38">100Mb/s</data>
      <data key="d41">M</data>
      <data key="d42">100000000.0</data>
      <data key="d39">0</data>
    </edge>
    <edge source="24" target="25">
      <data key="d40">1</data>
      <data key="d38">1Gb/s</data>
      <data key="d41">G</data>
      <data key="d42">1000000000.0</data>
      <data key="d39">0</data>
    </edge>
    <edge source="25" target="26">
      <data key="d40">1</data>
      <data key="d38">1Gb/s</data>
      <data key="d41">G</data>
      <data key="d42">1000000000.0</data>
      <data key="d39">0</data>
    </edge>
    <edge source="27" target="35">
      <data key="d37">Ethernet</data>
      <data key="d38">Ethernet</data>
      <data key="d39">0</data>
    </edge>
    <edge source="27" target="28">
      <data key="d37">Ethernet</data>
      <data key="d38">Ethernet</data>
      <data key="d39">0</data>
    </edge>
    <edge source="31" target="34">
      <data key="d37">Ethernet</data>
      <data key="d38">Ethernet</data>
      <data key="d39">0</data>
    </edge>
    <edge source="32" target="34">
      <data key="d37">Ethernet</data>
      <data key="d38">Ethernet</data>
      <data key="d39">0</data>
    </edge>
    <edge source="33" target="34">
      <data key="d37">Ethernet</data>
      <data key="d38">Ethernet</data>
      <data key="d39">0</data>
    </edge>
    <edge source="34" target="35">
      <data key="d37">Ethernet</data>
      <data key="d38">Ethernet</data>
      <data key="d39">0</data>
    </edge>
    <edge source="35" target="36">
      <data key="d37">Ethernet</data>
      <data key="d38">Ethernet</data>
      <data key="d39">0</data>
    </edge>
  </graph>
</graphml>
