<?xml version="1.0" encoding="utf-8"?><graphml xmlns="http://graphml.graphdrawing.org/xmlns" xmlns:xsi="http://www.w3.org/2001/XMLSchema-instance" xsi:schemaLocation="http://graphml.graphdrawing.org/xmlns http://graphml.graphdrawing.org/xmlns/1.0/graphml.xsd">
  <key attr.name="key" attr.type="int" for="edge" id="d36" />
  <key attr.name="id" attr.type="string" for="edge" id="d35" />
  <key attr.name="label" attr.type="string" for="node" id="d34" />
  <key attr.name="Longitude" attr.type="double" for="node" id="d33" />
  <key attr.name="id" attr.type="int" for="node" id="d32" />
  <key attr.name="Country" attr.type="string" for="node" id="d31" />
  <key attr.name="Latitude" attr.type="double" for="node" id="d30" />
  <key attr.name="Internal" attr.type="int" for="node" id="d29" />
  <key attr.name="Testbed" attr.type="int" for="graph" id="d28" />
  <key attr.name="LastProcessed" attr.type="string" for="graph" id="d27" />
  <key attr.name="DateYear" attr.type="string" for="graph" id="d26" />
  <key attr.name="NetworkDate" attr.type="string" for="graph" id="d25" />
  <key attr.name="Transit" attr.type="int" for="graph" id="d24" />
  <key attr.name="Developed" attr.type="int" for="graph" id="d23" />
  <key attr.name="Creator" attr.type="string" for="graph" id="d22" />
  <key attr.name="Layer" attr.type="string" for="graph" id="d21" />
  <key attr.name="Access" attr.type="int" for="graph" id="d20" />
  <key attr.name="LastAccess" attr.type="string" for="graph" id="d19" />
  <key attr.name="DateMonth" attr.type="string" for="graph" id="d18" />
  <key attr.name="DateModifier" attr.type="string" for="graph" id="d17" />
  <key attr.name="SourceGitVersion" attr.type="string" for="graph" id="d16" />
  <key attr.name="IX" attr.type="int" for="graph" id="d15" />
  <key attr.name="Customer" attr.type="int" for="graph" id="d14" />
  <key attr.name="ToolsetVersion" attr.type="string" for="graph" id="d13" />
  <key attr.name="label" attr.type="string" for="graph" id="d12" />
  <key attr.name="Commercial" attr.type="int" for="graph" id="d11" />
  <key attr.name="Backbone" attr.type="int" for="graph" id="d10" />
  <key attr.name="Type" attr.type="string" for="graph" id="d9" />
  <key attr.name="DateType" attr.type="string" for="graph" id="d8" />
  <key attr.name="Version" attr.type="string" for="graph" id="d7" />
  <key attr.name="Source" attr.type="string" for="graph" id="d6" />
  <key attr.name="Note" attr.type="string" for="graph" id="d5" />
  <key attr.name="Provenance" attr.type="string" for="graph" id="d4" />
  <key attr.name="Network" attr.type="string" for="graph" id="d3" />
  <key attr.name="GeoExtent" attr.type="string" for="graph" id="d2" />
  <key attr.name="GeoLocation" attr.type="string" for="graph" id="d1" />
  <key attr.name="DateObtained" attr.type="string" for="graph" id="d0" />
  <graph edgedefault="undirected">
    <data key="d0">16/01/11</data>
    <data key="d1">Europe</data>
    <data key="d2">Continent</data>
    <data key="d3">BSONetworkSolutions</data>
    <data key="d4">Primary</data>
    <data key="d5">Map link dead</data>
    <data key="d6">http://en.bsonetwork.com/images/map_reseaux/europe_map.jpg</data>
    <data key="d7">1.0</data>
    <data key="d8">Current</data>
    <data key="d9">COM</data>
    <data key="d10">1</data>
    <data key="d11">0</data>
    <data key="d12">BsonetEurope</data>
    <data key="d13">0.3.34dev-20120328</data>
    <data key="d14">1</data>
    <data key="d15">0</data>
    <data key="d16">e278b1b</data>
    <data key="d17">=</data>
    <data key="d18">01</data>
    <data key="d19">16/01/11</data>
    <data key="d20">0</data>
    <data key="d21">IP</data>
    <data key="d22">Topology Zoo Toolset</data>
    <data key="d23">1</data>
    <data key="d24">1</data>
    <data key="d25">2011_01</data>
    <data key="d26">2011</data>
    <data key="d27">2011_09_01</data>
    <data key="d28">0</data>
    <node id="0">
      <data key="d29">1</data>
      <data key="d30">50.08804</data>
      <data key="d31">Czech Republic</data>
      <data key="d32">0</data>
      <data key="d33">14.42076</data>
      <data key="d34">Prague</data>
    </node>
    <node id="1">
      <data key="d29">1</data>
      <data key="d30">50.11667</data>
      <data key="d31">Germany</data>
      <data key="d32">1</data>
      <data key="d33">8.68333</data>
      <data key="d34">Frankfurt</data>
    </node>
    <node id="2">
      <data key="d29">1</data>
      <data key="d30">53.55</data>
      <data key="d31">Germany</data>
      <data key="d32">2</data>
      <data key="d33">10.0</data>
      <data key="d34">Hamburg</data>
    </node>
    <node id="3">
      <data key="d29">1</data>
      <data key="d30">55.67594</data>
      <data key="d31">Denmark</data>
      <data key="d32">3</data>
      <data key="d33">12.56553</data>
      <data key="d34">Copenhagen</data>
    </node>
    <node id="4">
      <data key="d29">0</data>
      <data key="d32">4</data>
      <data key="d34">Dubai</data>
    </node>
    <node id="5">
      <data key="d29">1</data>
      <data key="d30">40.4165</data>
      <data key="d31">Spain</data>
      <data key="d32">5</data>
      <data key="d33">-3.70256</data>
      <data key="d34">Madrid</data>
    </node>
    <node id="6">
      <data key="d29">1</data>
      <data key="d30">46.20222</data>
      <data key="d31">Switzerland</data>
      <data key="d32">6</data>
      <data key="d33">6.14569</data>
      <data key="d34">Geneva</data>
    </node>
    <node id="7">
      <data key="d29">1</data>
      <data key="d30">45.46427</data>
      <data key="d31">Italy</data>
      <data key="d32">7</data>
      <data key="d33">9.18951</data>
      <data key="d34">Milan</data>
    </node>
    <node id="8">
      <data key="d29">1</data>
      <data key="d30">50.85045</data>
      <data key="d31">Belgium</data>
      <data key="d32">8</data>
      <data key="d33">4.34878</data>
      <data key="d34">Brussels</data>
    </node>
    <node id="9">
      <data key="d29">1</data>
      <data key="d30">52.37403</data>
      <data key="d31">Netherlands</data>
      <data key="d32">9</data>
      <data key="d33">4.88969</data>
      <data key="d34">Amsterdam</data>
    </node>
    <node id="10">
      <data key="d29">1</data>
      <data key="d30">60.16952</data>
      <data key="d31">Finland</data>
      <data key="d32">10</data>
      <data key="d33">24.93545</data>
      <data key="d34">Helsinki</data>
    </node>
    <node id="11">
      <data key="d29">1</data>
      <data key="d30">59.33258</data>
      <data key="d31">Sweden</data>
      <data key="d32">11</data>
      <data key="d33">18.0649</data>
      <data key="d34">Stockholm</data>
    </node>
    <node id="12">
      <data key="d29">0</data>
      <data key="d32">12</data>
      <data key="d34">Hong Kong</data>
    </node>
    <node id="13">
      <data key="d29">1</data>
      <data key="d30">59.91273</data>
      <data key="d31">Norway</data>
      <data key="d32">13</data>
      <data key="d33">10.74609</data>
      <data key="d34">Oslo</data>
    </node>
    <node id="14">
      <data key="d29">1</data>
      <data key="d30">51.50853</data>
      <data key="d31">United Kingdom</data>
      <data key="d32">14</data>
      <data key="d33">-0.12574</data>
      <data key="d34">London</data>
    </node>
    <node id="15">
      <data key="d29">0</data>
      <data key="d32">15</data>
      <data key="d34">New York</data>
    </node>
    <node id="16">
      <data key="d29">0</data>
      <data key="d32">16</data>
      <data key="d34">New York</data>
    </node>
    <node id="17">
      <data key="d29">1</data>
      <data key="d30">48.85341</data>
      <data key="d31">France</data>
      <data key="d32">17</data>
      <data key="d33">2.3488</data>
      <data key="d34">Paris</data>
    </node>
    <edge source="0" target="1">
      <data key="d35">e21</data>
      <data key="d36">0</data>
    </edge>
    <edge source="1" target="9">
      <data key="d35">e19</data>
      <data key="d36">0</data>
    </edge>
    <edge source="1" target="6">
      <data key="d35">e22</data>
      <data key="d36">0</data>
    </edge>
    <edge source="1" target="17">
      <data key="d35">e13</data>
      <data key="d36">0</data>
    </edge>
    <edge source="2" target="9">
      <data key="d35">e18</data>
      <data key="d36">0</data>
    </edge>
    <edge source="2" target="3">
      <data key="d35">e20</data>
      <data key="d36">0</data>
    </edge>
    <edge source="3" target="11">
      <data key="d35">e4</data>
      <data key="d36">0</data>
    </edge>
    <edge source="4" target="14">
      <data key="d35">e7</data>
      <data key="d36">0</data>
    </edge>
    <edge source="5" target="17">
      <data key="d35">e16</data>
      <data key="d36">0</data>
    </edge>
    <edge source="6" target="7">
      <data key="d35">e23</data>
      <data key="d36">0</data>
    </edge>
    <edge source="6" target="17">
      <data key="d35">e14</data>
      <data key="d36">0</data>
    </edge>
    <edge source="7" target="17">
      <data key="d35">e15</data>
      <data key="d36">0</data>
    </edge>
    <edge source="8" target="9">
      <data key="d35">e17</data>
      <data key="d36">0</data>
    </edge>
    <edge source="8" target="17">
      <data key="d35">e12</data>
      <data key="d36">0</data>
    </edge>
    <edge source="9" target="11">
      <data key="d35">e3</data>
      <data key="d36">0</data>
    </edge>
    <edge source="9" target="14">
      <data key="d35">e8</data>
      <data key="d36">0</data>
    </edge>
    <edge source="10" target="11">
      <data key="d35">e1</data>
      <data key="d36">0</data>
    </edge>
    <edge source="10" target="11">
      <data key="d35">e0</data>
      <data key="d36">1</data>
    </edge>
    <edge source="10" target="12">
      <data key="d35">e2</data>
      <data key="d36">0</data>
    </edge>
    <edge source="11" target="13">
      <data key="d35">e5</data>
      <data key="d36">0</data>
    </edge>
    <edge source="13" target="14">
      <data key="d35">e6</data>
      <data key="d36">0</data>
    </edge>
    <edge source="14" target="15">
      <data key="d35">e9</data>
      <data key="d36">0</data>
    </edge>
    <edge source="14" target="17">
      <data key="d35">e10</data>
      <data key="d36">0</data>
    </edge>
    <edge source="16" target="17">
      <data key="d35">e11</data>
      <data key="d36">0</data>
    </edge>
  </graph>
</graphml>
