<?xml version="1.0" encoding="utf-8"?><graphml xmlns="http://graphml.graphdrawing.org/xmlns" xmlns:xsi="http://www.w3.org/2001/XMLSchema-instance" xsi:schemaLocation="http://graphml.graphdrawing.org/xmlns http://graphml.graphdrawing.org/xmlns/1.0/graphml.xsd">
  <key attr.name="key" attr.type="int" for="edge" id="d35" />
  <key attr.name="id" attr.type="string" for="edge" id="d34" />
  <key attr.name="label" attr.type="string" for="node" id="d33" />
  <key attr.name="Longitude" attr.type="double" for="node" id="d32" />
  <key attr.name="id" attr.type="int" for="node" id="d31" />
  <key attr.name="Country" attr.type="string" for="node" id="d30" />
  <key attr.name="Latitude" attr.type="double" for="node" id="d29" />
  <key attr.name="Internal" attr.type="int" for="node" id="d28" />
  <key attr.name="Testbed" attr.type="int" for="graph" id="d27" />
  <key attr.name="LastProcessed" attr.type="string" for="graph" id="d26" />
  <key attr.name="DateYear" attr.type="string" for="graph" id="d25" />
  <key attr.name="NetworkDate" attr.type="string" for="graph" id="d24" />
  <key attr.name="Transit" attr.type="int" for="graph" id="d23" />
  <key attr.name="Developed" attr.type="int" for="graph" id="d22" />
  <key attr.name="Creator" attr.type="string" for="graph" id="d21" />
  <key attr.name="Layer" attr.type="string" for="graph" id="d20" />
  <key attr.name="LastAccess" attr.type="string" for="graph" id="d19" />
  <key attr.name="DateMonth" attr.type="string" for="graph" id="d18" />
  <key attr.name="DateModifier" attr.type="string" for="graph" id="d17" />
  <key attr.name="SourceGitVersion" attr.type="string" for="graph" id="d16" />
  <key attr.name="IX" attr.type="int" for="graph" id="d15" />
  <key attr.name="Customer" attr.type="int" for="graph" id="d14" />
  <key attr.name="ToolsetVersion" attr.type="string" for="graph" id="d13" />
  <key attr.name="label" attr.type="string" for="graph" id="d12" />
  <key attr.name="Commercial" attr.type="int" for="graph" id="d11" />
  <key attr.name="Backbone" attr.type="int" for="graph" id="d10" />
  <key attr.name="DateType" attr.type="string" for="graph" id="d9" />
  <key attr.name="Type" attr.type="string" for="graph" id="d8" />
  <key attr.name="Version" attr.type="string" for="graph" id="d7" />
  <key attr.name="Source" attr.type="string" for="graph" id="d6" />
  <key attr.name="Access" attr.type="int" for="graph" id="d5" />
  <key attr.name="Provenance" attr.type="string" for="graph" id="d4" />
  <key attr.name="Network" attr.type="string" for="graph" id="d3" />
  <key attr.name="GeoExtent" attr.type="string" for="graph" id="d2" />
  <key attr.name="GeoLocation" attr.type="string" for="graph" id="d1" />
  <key attr.name="DateObtained" attr.type="string" for="graph" id="d0" />
  <graph edgedefault="undirected">
    <data key="d0">16/11/10</data>
    <data key="d1">Europe</data>
    <data key="d2">Continent</data>
    <data key="d3">BT Europe</data>
    <data key="d4">Primary</data>
    <data key="d5">0</data>
    <data key="d6">http://www.bt.net/info/europe.shtml</data>
    <data key="d7">1.0</data>
    <data key="d8">COM</data>
    <data key="d9">Current</data>
    <data key="d10">1</data>
    <data key="d11">0</data>
    <data key="d12">BtEurope</data>
    <data key="d13">0.3.34dev-20120328</data>
    <data key="d14">1</data>
    <data key="d15">0</data>
    <data key="d16">e278b1b</data>
    <data key="d17">=</data>
    <data key="d18">08</data>
    <data key="d19">3/08/10</data>
    <data key="d20">IP</data>
    <data key="d21">Topology Zoo Toolset</data>
    <data key="d22">0</data>
    <data key="d23">1</data>
    <data key="d24">2010_08</data>
    <data key="d25">2010</data>
    <data key="d26">2011_09_01</data>
    <data key="d27">1</data>
    <node id="0">
      <data key="d28">1</data>
      <data key="d29">47.49801</data>
      <data key="d30">Hungary</data>
      <data key="d31">0</data>
      <data key="d32">19.03991</data>
      <data key="d33">Budapest</data>
    </node>
    <node id="1">
      <data key="d28">1</data>
      <data key="d29">48.13743</data>
      <data key="d30">Germany</data>
      <data key="d31">1</data>
      <data key="d32">11.57549</data>
      <data key="d33">Munich</data>
    </node>
    <node id="2">
      <data key="d28">1</data>
      <data key="d29">50.08804</data>
      <data key="d30">Czech Republic</data>
      <data key="d31">2</data>
      <data key="d32">14.42076</data>
      <data key="d33">Prague</data>
    </node>
    <node id="3">
      <data key="d28">1</data>
      <data key="d29">48.20849</data>
      <data key="d30">Austria</data>
      <data key="d31">3</data>
      <data key="d32">16.37208</data>
      <data key="d33">Vienna</data>
    </node>
    <node id="4">
      <data key="d28">1</data>
      <data key="d29">51.22172</data>
      <data key="d30">Germany</data>
      <data key="d31">4</data>
      <data key="d32">6.77616</data>
      <data key="d33">Dusseldorf</data>
    </node>
    <node id="5">
      <data key="d28">1</data>
      <data key="d29">50.11667</data>
      <data key="d30">Germany</data>
      <data key="d31">5</data>
      <data key="d32">8.68333</data>
      <data key="d33">Frankfurt</data>
    </node>
    <node id="6">
      <data key="d28">1</data>
      <data key="d29">47.36667</data>
      <data key="d30">Switzerland</data>
      <data key="d31">6</data>
      <data key="d32">8.55</data>
      <data key="d33">Zurich</data>
    </node>
    <node id="7">
      <data key="d28">1</data>
      <data key="d29">48.85341</data>
      <data key="d30">France</data>
      <data key="d31">7</data>
      <data key="d32">2.3488</data>
      <data key="d33">Paris</data>
    </node>
    <node id="8">
      <data key="d28">1</data>
      <data key="d29">45.46427</data>
      <data key="d30">Italy</data>
      <data key="d31">8</data>
      <data key="d32">9.18951</data>
      <data key="d33">Milan</data>
    </node>
    <node id="9">
      <data key="d28">1</data>
      <data key="d29">41.38879</data>
      <data key="d30">Spain</data>
      <data key="d31">9</data>
      <data key="d32">2.15899</data>
      <data key="d33">Barcelona</data>
    </node>
    <node id="10">
      <data key="d28">1</data>
      <data key="d29">50.05</data>
      <data key="d30">United Kingdom</data>
      <data key="d31">10</data>
      <data key="d32">-5.2</data>
      <data key="d33">Goonhilly</data>
    </node>
    <node id="11">
      <data key="d28">0</data>
      <data key="d31">11</data>
      <data key="d33">New York</data>
    </node>
    <node id="12">
      <data key="d28">0</data>
      <data key="d31">12</data>
      <data key="d33">Washington</data>
    </node>
    <node id="13">
      <data key="d28">1</data>
      <data key="d29">40.4165</data>
      <data key="d30">Spain</data>
      <data key="d31">13</data>
      <data key="d32">-3.70256</data>
      <data key="d33">Madrid</data>
    </node>
    <node id="14">
      <data key="d28">1</data>
      <data key="d29">60.16952</data>
      <data key="d30">Finland</data>
      <data key="d31">14</data>
      <data key="d32">24.93545</data>
      <data key="d33">Helsinki</data>
    </node>
    <node id="15">
      <data key="d28">1</data>
      <data key="d29">55.67594</data>
      <data key="d30">Denmark</data>
      <data key="d31">15</data>
      <data key="d32">12.56553</data>
      <data key="d33">Copenhagen</data>
    </node>
    <node id="16">
      <data key="d28">1</data>
      <data key="d29">51.50853</data>
      <data key="d30">United Kingdom</data>
      <data key="d31">16</data>
      <data key="d32">-0.12574</data>
      <data key="d33">London</data>
    </node>
    <node id="17">
      <data key="d28">1</data>
      <data key="d29">51.50853</data>
      <data key="d30">United Kingdom</data>
      <data key="d31">17</data>
      <data key="d32">-0.12574</data>
      <data key="d33">London</data>
    </node>
    <node id="18">
      <data key="d28">1</data>
      <data key="d29">52.03333</data>
      <data key="d30">United Kingdom</data>
      <data key="d31">18</data>
      <data key="d32">-2.85</data>
      <data key="d33">Madley</data>
    </node>
    <node id="19">
      <data key="d28">1</data>
      <data key="d29">53.34399</data>
      <data key="d30">Ireland</data>
      <data key="d31">19</data>
      <data key="d32">-6.26719</data>
      <data key="d33">Dublin</data>
    </node>
    <node id="20">
      <data key="d28">1</data>
      <data key="d29">50.85045</data>
      <data key="d30">Belgium</data>
      <data key="d31">20</data>
      <data key="d32">4.34878</data>
      <data key="d33">Brussels</data>
    </node>
    <node id="21">
      <data key="d28">1</data>
      <data key="d29">52.37403</data>
      <data key="d30">Netherlands</data>
      <data key="d31">21</data>
      <data key="d32">4.88969</data>
      <data key="d33">Amsterdam</data>
    </node>
    <node id="22">
      <data key="d28">1</data>
      <data key="d29">57.70716</data>
      <data key="d30">Sweden</data>
      <data key="d31">22</data>
      <data key="d32">11.96679</data>
      <data key="d33">Gothenburg</data>
    </node>
    <node id="23">
      <data key="d28">1</data>
      <data key="d29">59.33258</data>
      <data key="d30">Sweden</data>
      <data key="d31">23</data>
      <data key="d32">18.0649</data>
      <data key="d33">Stockholm</data>
    </node>
    <edge source="0" target="17">
      <data key="d34">e9</data>
      <data key="d35">0</data>
    </edge>
    <edge source="0" target="5">
      <data key="d34">e30</data>
      <data key="d35">0</data>
    </edge>
    <edge source="1" target="4">
      <data key="d34">e31</data>
      <data key="d35">0</data>
    </edge>
    <edge source="1" target="5">
      <data key="d34">e32</data>
      <data key="d35">0</data>
    </edge>
    <edge source="2" target="16">
      <data key="d34">e1</data>
      <data key="d35">0</data>
    </edge>
    <edge source="2" target="5">
      <data key="d34">e28</data>
      <data key="d35">0</data>
    </edge>
    <edge source="3" target="5">
      <data key="d34">e29</data>
      <data key="d35">0</data>
    </edge>
    <edge source="3" target="21">
      <data key="d34">e20</data>
      <data key="d35">0</data>
    </edge>
    <edge source="4" target="5">
      <data key="d34">e34</data>
      <data key="d35">0</data>
    </edge>
    <edge source="4" target="21">
      <data key="d34">e22</data>
      <data key="d35">0</data>
    </edge>
    <edge source="5" target="6">
      <data key="d34">e33</data>
      <data key="d35">0</data>
    </edge>
    <edge source="5" target="8">
      <data key="d34">e35</data>
      <data key="d35">0</data>
    </edge>
    <edge source="5" target="17">
      <data key="d34">e12</data>
      <data key="d35">0</data>
    </edge>
    <edge source="5" target="21">
      <data key="d34">e23</data>
      <data key="d35">0</data>
    </edge>
    <edge source="6" target="17">
      <data key="d34">e10</data>
      <data key="d35">0</data>
    </edge>
    <edge source="7" target="17">
      <data key="d34">e11</data>
      <data key="d35">0</data>
    </edge>
    <edge source="7" target="21">
      <data key="d34">e21</data>
      <data key="d35">0</data>
    </edge>
    <edge source="8" target="17">
      <data key="d34">e13</data>
      <data key="d35">0</data>
    </edge>
    <edge source="9" target="13">
      <data key="d34">e36</data>
      <data key="d35">0</data>
    </edge>
    <edge source="9" target="21">
      <data key="d34">e24</data>
      <data key="d35">0</data>
    </edge>
    <edge source="10" target="17">
      <data key="d34">e16</data>
      <data key="d35">0</data>
    </edge>
    <edge source="11" target="17">
      <data key="d34">e15</data>
      <data key="d35">0</data>
    </edge>
    <edge source="12" target="16">
      <data key="d34">e3</data>
      <data key="d35">0</data>
    </edge>
    <edge source="13" target="17">
      <data key="d34">e14</data>
      <data key="d35">0</data>
    </edge>
    <edge source="14" target="23">
      <data key="d34">e26</data>
      <data key="d35">0</data>
    </edge>
    <edge source="15" target="23">
      <data key="d34">e27</data>
      <data key="d35">0</data>
    </edge>
    <edge source="16" target="17">
      <data key="d34">e0</data>
      <data key="d35">0</data>
    </edge>
    <edge source="16" target="21">
      <data key="d34">e4</data>
      <data key="d35">0</data>
    </edge>
    <edge source="16" target="23">
      <data key="d34">e2</data>
      <data key="d35">0</data>
    </edge>
    <edge source="17" target="18">
      <data key="d34">e5</data>
      <data key="d35">0</data>
    </edge>
    <edge source="17" target="19">
      <data key="d34">e6</data>
      <data key="d35">0</data>
    </edge>
    <edge source="17" target="20">
      <data key="d34">e7</data>
      <data key="d35">0</data>
    </edge>
    <edge source="17" target="21">
      <data key="d34">e8</data>
      <data key="d35">0</data>
    </edge>
    <edge source="19" target="21">
      <data key="d34">e17</data>
      <data key="d35">0</data>
    </edge>
    <edge source="21" target="22">
      <data key="d34">e18</data>
      <data key="d35">0</data>
    </edge>
    <edge source="21" target="23">
      <data key="d34">e19</data>
      <data key="d35">0</data>
    </edge>
    <edge source="22" target="23">
      <data key="d34">e25</data>
      <data key="d35">0</data>
    </edge>
  </graph>
</graphml>
