<?xml version="1.0" encoding="utf-8"?><graphml xmlns="http://graphml.graphdrawing.org/xmlns" xmlns:xsi="http://www.w3.org/2001/XMLSchema-instance" xsi:schemaLocation="http://graphml.graphdrawing.org/xmlns http://graphml.graphdrawing.org/xmlns/1.0/graphml.xsd">
  <key attr.name="key" attr.type="int" for="edge" id="d37" />
  <key attr.name="id" attr.type="string" for="edge" id="d36" />
  <key attr.name="geocode_country" attr.type="string" for="node" id="d35" />
  <key attr.name="label" attr.type="string" for="node" id="d34" />
  <key attr.name="Longitude" attr.type="double" for="node" id="d33" />
  <key attr.name="id" attr.type="int" for="node" id="d32" />
  <key attr.name="Country" attr.type="string" for="node" id="d31" />
  <key attr.name="Latitude" attr.type="double" for="node" id="d30" />
  <key attr.name="Internal" attr.type="int" for="node" id="d29" />
  <key attr.name="Testbed" attr.type="int" for="graph" id="d28" />
  <key attr.name="LastProcessed" attr.type="string" for="graph" id="d27" />
  <key attr.name="DateYear" attr.type="string" for="graph" id="d26" />
  <key attr.name="NetworkDate" attr.type="string" for="graph" id="d25" />
  <key attr.name="Transit" attr.type="int" for="graph" id="d24" />
  <key attr.name="Developed" attr.type="int" for="graph" id="d23" />
  <key attr.name="Creator" attr.type="string" for="graph" id="d22" />
  <key attr.name="Layer" attr.type="string" for="graph" id="d21" />
  <key attr.name="Access" attr.type="int" for="graph" id="d20" />
  <key attr.name="LastAccess" attr.type="string" for="graph" id="d19" />
  <key attr.name="DateMonth" attr.type="string" for="graph" id="d18" />
  <key attr.name="DateModifier" attr.type="string" for="graph" id="d17" />
  <key attr.name="SourceGitVersion" attr.type="string" for="graph" id="d16" />
  <key attr.name="IX" attr.type="int" for="graph" id="d15" />
  <key attr.name="Customer" attr.type="int" for="graph" id="d14" />
  <key attr.name="ToolsetVersion" attr.type="string" for="graph" id="d13" />
  <key attr.name="label" attr.type="string" for="graph" id="d12" />
  <key attr.name="Commercial" attr.type="int" for="graph" id="d11" />
  <key attr.name="Backbone" attr.type="int" for="graph" id="d10" />
  <key attr.name="DateType" attr.type="string" for="graph" id="d9" />
  <key attr.name="Type" attr.type="string" for="graph" id="d8" />
  <key attr.name="Version" attr.type="string" for="graph" id="d7" />
  <key attr.name="Source" attr.type="string" for="graph" id="d6" />
  <key attr.name="Note" attr.type="string" for="graph" id="d5" />
  <key attr.name="Provenance" attr.type="string" for="graph" id="d4" />
  <key attr.name="Network" attr.type="string" for="graph" id="d3" />
  <key attr.name="GeoExtent" attr.type="string" for="graph" id="d2" />
  <key attr.name="GeoLocation" attr.type="string" for="graph" id="d1" />
  <key attr.name="DateObtained" attr.type="string" for="graph" id="d0" />
  <graph edgedefault="undirected">
    <data key="d0">16/11/10</data>
    <data key="d1">Latin America</data>
    <data key="d2">Continent</data>
    <data key="d3">BT Latin America</data>
    <data key="d4">Primary</data>
    <data key="d5">Excluded from NUS as disconnected (two components)</data>
    <data key="d6">http://www.bt.net/info/latin_america.shtml</data>
    <data key="d7">1.0</data>
    <data key="d8">COM</data>
    <data key="d9">Current</data>
    <data key="d10">1</data>
    <data key="d11">0</data>
    <data key="d12">BtLatinAmerica</data>
    <data key="d13">0.3.34dev-20120328</data>
    <data key="d14">1</data>
    <data key="d15">0</data>
    <data key="d16">e278b1b</data>
    <data key="d17">=</data>
    <data key="d18">08</data>
    <data key="d19">3/08/10</data>
    <data key="d20">0</data>
    <data key="d21">IP</data>
    <data key="d22">Topology Zoo Toolset</data>
    <data key="d23">0</data>
    <data key="d24">1</data>
    <data key="d25">2010_08</data>
    <data key="d26">2010</data>
    <data key="d27">2011_09_01</data>
    <data key="d28">1</data>
    <node id="0">
      <data key="d29">1</data>
      <data key="d30">-34.83346</data>
      <data key="d31">Uruguay</data>
      <data key="d32">0</data>
      <data key="d33">-56.16735</data>
      <data key="d34">Montevideo</data>
    </node>
    <node id="1">
      <data key="d29">1</data>
      <data key="d30">-32.95111</data>
      <data key="d31">Argentina</data>
      <data key="d32">1</data>
      <data key="d33">-60.66639</data>
      <data key="d34">Rosario</data>
    </node>
    <node id="2">
      <data key="d29">1</data>
      <data key="d30">-25.42778</data>
      <data key="d31">Brazil</data>
      <data key="d32">2</data>
      <data key="d33">-49.27306</data>
      <data key="d34">Curitba</data>
    </node>
    <node id="3">
      <data key="d29">1</data>
      <data key="d30">-30.03306</data>
      <data key="d31">Brazil</data>
      <data key="d32">3</data>
      <data key="d33">-51.23</data>
      <data key="d34">Port Alegre</data>
    </node>
    <node id="4">
      <data key="d29">1</data>
      <data key="d32">4</data>
      <data key="d34">?</data>
    </node>
    <node id="5">
      <data key="d29">1</data>
      <data key="d30">-16.5</data>
      <data key="d31">Bolivia</data>
      <data key="d32">5</data>
      <data key="d33">-68.15</data>
      <data key="d34">La Paz</data>
    </node>
    <node id="6">
      <data key="d29">1</data>
      <data key="d30">-33.42628</data>
      <data key="d31">Chile</data>
      <data key="d32">6</data>
      <data key="d33">-70.56656</data>
      <data key="d34">Santiago</data>
    </node>
    <node id="7">
      <data key="d29">1</data>
      <data key="d30">-17.8</data>
      <data key="d31">Bolivia</data>
      <data key="d32">7</data>
      <data key="d33">-63.16667</data>
      <data key="d34">Santa Cruz</data>
    </node>
    <node id="8">
      <data key="d29">1</data>
      <data key="d30">-12.04318</data>
      <data key="d31">Peru</data>
      <data key="d32">8</data>
      <data key="d33">-77.02824</data>
      <data key="d34">Lima</data>
    </node>
    <node id="9">
      <data key="d29">1</data>
      <data key="d30">-2.88333</data>
      <data key="d31">Ecuador</data>
      <data key="d32">9</data>
      <data key="d33">-78.98333</data>
      <data key="d34">Cuenca</data>
    </node>
    <node id="10">
      <data key="d29">1</data>
      <data key="d32">10</data>
      <data key="d34">?</data>
    </node>
    <node id="11">
      <data key="d29">1</data>
      <data key="d30">24.03333</data>
      <data key="d31">Mexico</data>
      <data key="d32">11</data>
      <data key="d33">-104.66667</data>
      <data key="d34">Durango</data>
    </node>
    <node id="12">
      <data key="d29">1</data>
      <data key="d30">20.66667</data>
      <data key="d31">Mexico</data>
      <data key="d32">12</data>
      <data key="d33">-103.33333</data>
      <data key="d34">Guadajajara</data>
    </node>
    <node id="13">
      <data key="d35">Costa Rica</data>
      <data key="d29">1</data>
      <data key="d30">10.0</data>
      <data key="d31">Costa Rica</data>
      <data key="d32">13</data>
      <data key="d33">-84.0</data>
      <data key="d34">Costa Rica</data>
    </node>
    <node id="14">
      <data key="d29">1</data>
      <data key="d30">12.13282</data>
      <data key="d31">Nicaragua</data>
      <data key="d32">14</data>
      <data key="d33">-86.2504</data>
      <data key="d34">Nicaragua</data>
    </node>
    <node id="15">
      <data key="d35">El Salvador</data>
      <data key="d29">1</data>
      <data key="d30">13.83333</data>
      <data key="d31">El Salvador</data>
      <data key="d32">15</data>
      <data key="d33">-88.91667</data>
      <data key="d34">El Salvador</data>
    </node>
    <node id="16">
      <data key="d29">1</data>
      <data key="d30">14.64072</data>
      <data key="d31">Guatemala</data>
      <data key="d32">16</data>
      <data key="d33">-90.51327</data>
      <data key="d34">Guatemala</data>
    </node>
    <node id="17">
      <data key="d29">1</data>
      <data key="d30">19.42847</data>
      <data key="d31">Mexico</data>
      <data key="d32">17</data>
      <data key="d33">-99.12766</data>
      <data key="d34">Mexico City</data>
    </node>
    <node id="18">
      <data key="d29">1</data>
      <data key="d32">18</data>
      <data key="d34">?</data>
    </node>
    <node id="19">
      <data key="d29">1</data>
      <data key="d32">19</data>
      <data key="d34">?</data>
    </node>
    <node id="20">
      <data key="d29">1</data>
      <data key="d32">20</data>
      <data key="d34">?</data>
    </node>
    <node id="21">
      <data key="d29">1</data>
      <data key="d30">-2.16667</data>
      <data key="d31">Ecuador</data>
      <data key="d32">21</data>
      <data key="d33">-79.9</data>
      <data key="d34">Guayaquil</data>
    </node>
    <node id="22">
      <data key="d29">1</data>
      <data key="d30">-32.88333</data>
      <data key="d31">Argentina</data>
      <data key="d32">22</data>
      <data key="d33">-68.81667</data>
      <data key="d34">Mendoza</data>
    </node>
    <node id="23">
      <data key="d29">0</data>
      <data key="d32">23</data>
      <data key="d34">Miami</data>
    </node>
    <node id="24">
      <data key="d29">1</data>
      <data key="d30">26.23333</data>
      <data key="d31">Mexico</data>
      <data key="d32">24</data>
      <data key="d33">-98.91667</data>
      <data key="d34">Monterey</data>
    </node>
    <node id="25">
      <data key="d29">1</data>
      <data key="d32">25</data>
      <data key="d34">?</data>
    </node>
    <node id="26">
      <data key="d29">1</data>
      <data key="d32">26</data>
      <data key="d34">?</data>
    </node>
    <node id="27">
      <data key="d29">1</data>
      <data key="d32">27</data>
      <data key="d34">?</data>
    </node>
    <node id="28">
      <data key="d29">1</data>
      <data key="d32">28</data>
      <data key="d34">?</data>
    </node>
    <node id="29">
      <data key="d29">1</data>
      <data key="d30">-23.5475</data>
      <data key="d31">Brazil</data>
      <data key="d32">29</data>
      <data key="d33">-46.63611</data>
      <data key="d34">Sao Paulo</data>
    </node>
    <node id="30">
      <data key="d29">1</data>
      <data key="d30">10.5</data>
      <data key="d31">Venezuela</data>
      <data key="d32">30</data>
      <data key="d33">-66.91667</data>
      <data key="d34">Caracas</data>
    </node>
    <node id="31">
      <data key="d29">1</data>
      <data key="d30">14.0818</data>
      <data key="d31">Honduras</data>
      <data key="d32">31</data>
      <data key="d33">-87.20681</data>
      <data key="d34">Honduras</data>
    </node>
    <node id="32">
      <data key="d29">1</data>
      <data key="d30">17.99702</data>
      <data key="d31">Jamaica</data>
      <data key="d32">32</data>
      <data key="d33">-76.79358</data>
      <data key="d34">Jamaica</data>
    </node>
    <node id="33">
      <data key="d29">1</data>
      <data key="d32">33</data>
      <data key="d34">?</data>
    </node>
    <node id="34">
      <data key="d29">1</data>
      <data key="d30">3.43722</data>
      <data key="d31">Colombia</data>
      <data key="d32">34</data>
      <data key="d33">-76.5225</data>
      <data key="d34">Cali</data>
    </node>
    <node id="35">
      <data key="d29">1</data>
      <data key="d30">4.60971</data>
      <data key="d31">Colombia</data>
      <data key="d32">35</data>
      <data key="d33">-74.08175</data>
      <data key="d34">Bogota</data>
    </node>
    <node id="36">
      <data key="d29">1</data>
      <data key="d30">-0.22985</data>
      <data key="d31">Ecuador</data>
      <data key="d32">36</data>
      <data key="d33">-78.52495</data>
      <data key="d34">Quito</data>
    </node>
    <node id="37">
      <data key="d29">1</data>
      <data key="d30">18.46633</data>
      <data key="d31">Puerto Rico</data>
      <data key="d32">37</data>
      <data key="d33">-66.10572</data>
      <data key="d34">Puerto Rico</data>
    </node>
    <node id="38">
      <data key="d29">1</data>
      <data key="d30">10.66617</data>
      <data key="d31">Trinidad and Tobago</data>
      <data key="d32">38</data>
      <data key="d33">-61.51657</data>
      <data key="d34">Trinidad and Tobago</data>
    </node>
    <node id="39">
      <data key="d29">1</data>
      <data key="d32">39</data>
      <data key="d34">?</data>
    </node>
    <node id="40">
      <data key="d29">1</data>
      <data key="d32">40</data>
      <data key="d34">?</data>
    </node>
    <node id="41">
      <data key="d29">1</data>
      <data key="d30">-22.90278</data>
      <data key="d31">Brazil</data>
      <data key="d32">41</data>
      <data key="d33">-43.2075</data>
      <data key="d34">Rio De Janeiro</data>
    </node>
    <node id="42">
      <data key="d29">1</data>
      <data key="d30">-23.31028</data>
      <data key="d31">Brazil</data>
      <data key="d32">42</data>
      <data key="d33">-51.16278</data>
      <data key="d34">Londrina</data>
    </node>
    <node id="43">
      <data key="d29">1</data>
      <data key="d30">-19.03332</data>
      <data key="d31">Bolivia</data>
      <data key="d32">43</data>
      <data key="d33">-65.26274</data>
      <data key="d34">Sucre</data>
    </node>
    <node id="44">
      <data key="d29">1</data>
      <data key="d30">-21.53549</data>
      <data key="d31">Bolivia</data>
      <data key="d32">44</data>
      <data key="d33">-64.72956</data>
      <data key="d34">Tarija</data>
    </node>
    <node id="45">
      <data key="d29">1</data>
      <data key="d30">-31.4</data>
      <data key="d31">Argentina</data>
      <data key="d32">45</data>
      <data key="d33">-64.18333</data>
      <data key="d34">Cordoba</data>
    </node>
    <node id="46">
      <data key="d29">1</data>
      <data key="d30">-34.61315</data>
      <data key="d31">Argentina</data>
      <data key="d32">46</data>
      <data key="d33">-58.37723</data>
      <data key="d34">Buenos Aires</data>
    </node>
    <node id="47">
      <data key="d29">0</data>
      <data key="d32">47</data>
      <data key="d34">New York</data>
    </node>
    <node id="48">
      <data key="d29">0</data>
      <data key="d32">48</data>
      <data key="d34">Fort Lauderdale</data>
    </node>
    <node id="49">
      <data key="d29">1</data>
      <data key="d30">-15.77972</data>
      <data key="d31">Brazil</data>
      <data key="d32">49</data>
      <data key="d33">-47.92972</data>
      <data key="d34">Brasilia</data>
    </node>
    <node id="50">
      <data key="d29">1</data>
      <data key="d30">-19.92083</data>
      <data key="d31">Brazil</data>
      <data key="d32">50</data>
      <data key="d33">-43.93778</data>
      <data key="d34">Belo Horizonte</data>
    </node>
    <edge source="0" target="46">
      <data key="d36">e4</data>
      <data key="d37">0</data>
    </edge>
    <edge source="1" target="46">
      <data key="d36">e5</data>
      <data key="d37">0</data>
    </edge>
    <edge source="1" target="22">
      <data key="d36">e17</data>
      <data key="d37">0</data>
    </edge>
    <edge source="1" target="7">
      <data key="d36">e18</data>
      <data key="d37">0</data>
    </edge>
    <edge source="2" target="42">
      <data key="d36">e14</data>
      <data key="d37">0</data>
    </edge>
    <edge source="2" target="3">
      <data key="d36">e15</data>
      <data key="d37">0</data>
    </edge>
    <edge source="2" target="29">
      <data key="d36">e16</data>
      <data key="d37">0</data>
    </edge>
    <edge source="4" target="5">
      <data key="d36">e22</data>
      <data key="d37">0</data>
    </edge>
    <edge source="4" target="7">
      <data key="d36">e21</data>
      <data key="d37">0</data>
    </edge>
    <edge source="6" target="8">
      <data key="d36">e20</data>
      <data key="d37">0</data>
    </edge>
    <edge source="6" target="22">
      <data key="d36">e19</data>
      <data key="d37">0</data>
    </edge>
    <edge source="6" target="47">
      <data key="d36">e8</data>
      <data key="d37">0</data>
    </edge>
    <edge source="7" target="43">
      <data key="d36">e1</data>
      <data key="d37">0</data>
    </edge>
    <edge source="8" target="48">
      <data key="d36">e9</data>
      <data key="d37">0</data>
    </edge>
    <edge source="9" target="21">
      <data key="d36">e23</data>
      <data key="d37">0</data>
    </edge>
    <edge source="10" target="37">
      <data key="d36">e32</data>
      <data key="d37">0</data>
    </edge>
    <edge source="10" target="23">
      <data key="d36">e45</data>
      <data key="d37">0</data>
    </edge>
    <edge source="11" target="20">
      <data key="d36">e42</data>
      <data key="d37">0</data>
    </edge>
    <edge source="12" target="19">
      <data key="d36">e41</data>
      <data key="d37">0</data>
    </edge>
    <edge source="13" target="37">
      <data key="d36">e34</data>
      <data key="d37">0</data>
    </edge>
    <edge source="13" target="31">
      <data key="d36">e36</data>
      <data key="d37">0</data>
    </edge>
    <edge source="17" target="18">
      <data key="d36">e37</data>
      <data key="d37">0</data>
    </edge>
    <edge source="18" target="19">
      <data key="d36">e38</data>
      <data key="d37">0</data>
    </edge>
    <edge source="19" target="24">
      <data key="d36">e39</data>
      <data key="d37">0</data>
    </edge>
    <edge source="19" target="20">
      <data key="d36">e40</data>
      <data key="d37">0</data>
    </edge>
    <edge source="21" target="36">
      <data key="d36">e24</data>
      <data key="d37">0</data>
    </edge>
    <edge source="22" target="45">
      <data key="d36">e2</data>
      <data key="d37">0</data>
    </edge>
    <edge source="23" target="37">
      <data key="d36">e31</data>
      <data key="d37">0</data>
    </edge>
    <edge source="23" target="40">
      <data key="d36">e30</data>
      <data key="d37">0</data>
    </edge>
    <edge source="23" target="24">
      <data key="d36">e43</data>
      <data key="d37">0</data>
    </edge>
    <edge source="23" target="29">
      <data key="d36">e44</data>
      <data key="d37">0</data>
    </edge>
    <edge source="23" target="31">
      <data key="d36">e35</data>
      <data key="d37">0</data>
    </edge>
    <edge source="25" target="26">
      <data key="d36">e46</data>
      <data key="d37">0</data>
    </edge>
    <edge source="25" target="28">
      <data key="d36">e47</data>
      <data key="d37">0</data>
    </edge>
    <edge source="27" target="28">
      <data key="d36">e48</data>
      <data key="d37">0</data>
    </edge>
    <edge source="27" target="30">
      <data key="d36">e49</data>
      <data key="d37">0</data>
    </edge>
    <edge source="29" target="41">
      <data key="d36">e13</data>
      <data key="d37">0</data>
    </edge>
    <edge source="29" target="50">
      <data key="d36">e12</data>
      <data key="d37">0</data>
    </edge>
    <edge source="29" target="46">
      <data key="d36">e3</data>
      <data key="d37">0</data>
    </edge>
    <edge source="30" target="37">
      <data key="d36">e33</data>
      <data key="d37">0</data>
    </edge>
    <edge source="33" target="40">
      <data key="d36">e29</data>
      <data key="d37">0</data>
    </edge>
    <edge source="33" target="34">
      <data key="d36">e28</data>
      <data key="d37">0</data>
    </edge>
    <edge source="33" target="35">
      <data key="d36">e27</data>
      <data key="d37">0</data>
    </edge>
    <edge source="34" target="35">
      <data key="d36">e26</data>
      <data key="d37">0</data>
    </edge>
    <edge source="35" target="36">
      <data key="d36">e25</data>
      <data key="d37">0</data>
    </edge>
    <edge source="41" target="50">
      <data key="d36">e11</data>
      <data key="d37">0</data>
    </edge>
    <edge source="41" target="47">
      <data key="d36">e7</data>
      <data key="d37">0</data>
    </edge>
    <edge source="43" target="44">
      <data key="d36">e0</data>
      <data key="d37">0</data>
    </edge>
    <edge source="46" target="48">
      <data key="d36">e6</data>
      <data key="d37">0</data>
    </edge>
    <edge source="49" target="50">
      <data key="d36">e10</data>
      <data key="d37">0</data>
    </edge>
  </graph>
</graphml>
