<?xml version="1.0" encoding="utf-8"?><graphml xmlns="http://graphml.graphdrawing.org/xmlns" xmlns:xsi="http://www.w3.org/2001/XMLSchema-instance" xsi:schemaLocation="http://graphml.graphdrawing.org/xmlns http://graphml.graphdrawing.org/xmlns/1.0/graphml.xsd">
  <key attr.name="key" attr.type="int" for="edge" id="d35" />
  <key attr.name="id" attr.type="string" for="edge" id="d34" />
  <key attr.name="label" attr.type="string" for="node" id="d33" />
  <key attr.name="Longitude" attr.type="double" for="node" id="d32" />
  <key attr.name="id" attr.type="int" for="node" id="d31" />
  <key attr.name="Country" attr.type="string" for="node" id="d30" />
  <key attr.name="Latitude" attr.type="double" for="node" id="d29" />
  <key attr.name="Internal" attr.type="int" for="node" id="d28" />
  <key attr.name="Testbed" attr.type="int" for="graph" id="d27" />
  <key attr.name="LastProcessed" attr.type="string" for="graph" id="d26" />
  <key attr.name="DateYear" attr.type="string" for="graph" id="d25" />
  <key attr.name="NetworkDate" attr.type="string" for="graph" id="d24" />
  <key attr.name="Transit" attr.type="int" for="graph" id="d23" />
  <key attr.name="Developed" attr.type="int" for="graph" id="d22" />
  <key attr.name="Creator" attr.type="string" for="graph" id="d21" />
  <key attr.name="Layer" attr.type="string" for="graph" id="d20" />
  <key attr.name="LastAccess" attr.type="string" for="graph" id="d19" />
  <key attr.name="DateMonth" attr.type="string" for="graph" id="d18" />
  <key attr.name="DateModifier" attr.type="string" for="graph" id="d17" />
  <key attr.name="SourceGitVersion" attr.type="string" for="graph" id="d16" />
  <key attr.name="IX" attr.type="int" for="graph" id="d15" />
  <key attr.name="Customer" attr.type="int" for="graph" id="d14" />
  <key attr.name="ToolsetVersion" attr.type="string" for="graph" id="d13" />
  <key attr.name="label" attr.type="string" for="graph" id="d12" />
  <key attr.name="Commercial" attr.type="int" for="graph" id="d11" />
  <key attr.name="Backbone" attr.type="int" for="graph" id="d10" />
  <key attr.name="DateType" attr.type="string" for="graph" id="d9" />
  <key attr.name="Type" attr.type="string" for="graph" id="d8" />
  <key attr.name="Version" attr.type="string" for="graph" id="d7" />
  <key attr.name="Source" attr.type="string" for="graph" id="d6" />
  <key attr.name="Access" attr.type="int" for="graph" id="d5" />
  <key attr.name="Provenance" attr.type="string" for="graph" id="d4" />
  <key attr.name="Network" attr.type="string" for="graph" id="d3" />
  <key attr.name="GeoExtent" attr.type="string" for="graph" id="d2" />
  <key attr.name="GeoLocation" attr.type="string" for="graph" id="d1" />
  <key attr.name="DateObtained" attr.type="string" for="graph" id="d0" />
  <graph edgedefault="undirected">
    <data key="d0">16/11/10</data>
    <data key="d1">North America</data>
    <data key="d2">Continent</data>
    <data key="d3">BT North America</data>
    <data key="d4">Primary</data>
    <data key="d5">0</data>
    <data key="d6">http://www.bt.net/info/north_america.shtml</data>
    <data key="d7">1.0</data>
    <data key="d8">COM</data>
    <data key="d9">Current</data>
    <data key="d10">1</data>
    <data key="d11">0</data>
    <data key="d12">BtNorthAmerica</data>
    <data key="d13">0.3.34dev-20120328</data>
    <data key="d14">1</data>
    <data key="d15">0</data>
    <data key="d16">e278b1b</data>
    <data key="d17">=</data>
    <data key="d18">08</data>
    <data key="d19">3/08/10</data>
    <data key="d20">IP</data>
    <data key="d21">Topology Zoo Toolset</data>
    <data key="d22">0</data>
    <data key="d23">1</data>
    <data key="d24">2010_08</data>
    <data key="d25">2010</data>
    <data key="d26">2011_09_01</data>
    <data key="d27">1</data>
    <node id="0">
      <data key="d28">1</data>
      <data key="d29">41.13998</data>
      <data key="d30">United States</data>
      <data key="d31">0</data>
      <data key="d32">-104.82025</data>
      <data key="d33">Cheyenne</data>
    </node>
    <node id="1">
      <data key="d28">1</data>
      <data key="d29">40.76078</data>
      <data key="d30">United States</data>
      <data key="d31">1</data>
      <data key="d32">-111.89105</data>
      <data key="d33">Salt Lake</data>
    </node>
    <node id="2">
      <data key="d28">1</data>
      <data key="d29">39.73915</data>
      <data key="d30">United States</data>
      <data key="d31">2</data>
      <data key="d32">-104.9847</data>
      <data key="d33">Denver</data>
    </node>
    <node id="3">
      <data key="d28">1</data>
      <data key="d31">3</data>
      <data key="d33">?</data>
    </node>
    <node id="4">
      <data key="d28">1</data>
      <data key="d29">45.52345</data>
      <data key="d30">United States</data>
      <data key="d31">4</data>
      <data key="d32">-122.67621</data>
      <data key="d33">Portland</data>
    </node>
    <node id="5">
      <data key="d28">1</data>
      <data key="d29">44.05207</data>
      <data key="d30">United States</data>
      <data key="d31">5</data>
      <data key="d32">-123.08675</data>
      <data key="d33">Eugene</data>
    </node>
    <node id="6">
      <data key="d28">1</data>
      <data key="d29">47.65878</data>
      <data key="d30">United States</data>
      <data key="d31">6</data>
      <data key="d32">-117.42605</data>
      <data key="d33">Spokane</data>
    </node>
    <node id="7">
      <data key="d28">1</data>
      <data key="d29">47.60621</data>
      <data key="d30">United States</data>
      <data key="d31">7</data>
      <data key="d32">-122.33207</data>
      <data key="d33">Seattle</data>
    </node>
    <node id="8">
      <data key="d28">1</data>
      <data key="d29">34.18084</data>
      <data key="d30">United States</data>
      <data key="d31">8</data>
      <data key="d32">-118.30897</data>
      <data key="d33">Burbank</data>
    </node>
    <node id="9">
      <data key="d28">1</data>
      <data key="d29">34.05223</data>
      <data key="d30">United States</data>
      <data key="d31">9</data>
      <data key="d32">-118.24368</data>
      <data key="d33">Los Angeles</data>
    </node>
    <node id="10">
      <data key="d28">1</data>
      <data key="d29">40.73566</data>
      <data key="d30">United States</data>
      <data key="d31">10</data>
      <data key="d32">-74.17237</data>
      <data key="d33">Newark</data>
    </node>
    <node id="11">
      <data key="d28">1</data>
      <data key="d29">40.71427</data>
      <data key="d30">United States</data>
      <data key="d31">11</data>
      <data key="d32">-74.00597</data>
      <data key="d33">New York</data>
    </node>
    <node id="12">
      <data key="d28">1</data>
      <data key="d29">42.35843</data>
      <data key="d30">United States</data>
      <data key="d31">12</data>
      <data key="d32">-71.05977</data>
      <data key="d33">Boston</data>
    </node>
    <node id="13">
      <data key="d28">1</data>
      <data key="d29">38.91261</data>
      <data key="d30">United States</data>
      <data key="d31">13</data>
      <data key="d32">-77.00914</data>
      <data key="d33">Eckington</data>
    </node>
    <node id="14">
      <data key="d28">0</data>
      <data key="d31">14</data>
      <data key="d33">Europe</data>
    </node>
    <node id="15">
      <data key="d28">1</data>
      <data key="d29">47.47399</data>
      <data key="d30">United States</data>
      <data key="d31">15</data>
      <data key="d32">-122.26096</data>
      <data key="d33">Tukwita</data>
    </node>
    <node id="16">
      <data key="d28">1</data>
      <data key="d29">38.89511</data>
      <data key="d30">United States</data>
      <data key="d31">16</data>
      <data key="d32">-77.03637</data>
      <data key="d33">Washington</data>
    </node>
    <node id="17">
      <data key="d28">1</data>
      <data key="d29">41.85003</data>
      <data key="d30">United States</data>
      <data key="d31">17</data>
      <data key="d32">-87.65005</data>
      <data key="d33">Chicago</data>
    </node>
    <node id="18">
      <data key="d28">1</data>
      <data key="d29">32.78306</data>
      <data key="d30">United States</data>
      <data key="d31">18</data>
      <data key="d32">-96.80667</data>
      <data key="d33">Dallas</data>
    </node>
    <node id="19">
      <data key="d28">1</data>
      <data key="d29">35.08449</data>
      <data key="d30">United States</data>
      <data key="d31">19</data>
      <data key="d32">-106.65114</data>
      <data key="d33">Albuquerque</data>
    </node>
    <node id="20">
      <data key="d28">1</data>
      <data key="d29">32.22174</data>
      <data key="d30">United States</data>
      <data key="d31">20</data>
      <data key="d32">-110.92648</data>
      <data key="d33">Tucson</data>
    </node>
    <node id="21">
      <data key="d28">1</data>
      <data key="d29">33.44838</data>
      <data key="d30">United States</data>
      <data key="d31">21</data>
      <data key="d32">-112.07404</data>
      <data key="d33">Phoenix</data>
    </node>
    <node id="22">
      <data key="d28">1</data>
      <data key="d29">41.85003</data>
      <data key="d30">United States</data>
      <data key="d31">22</data>
      <data key="d32">-87.65005</data>
      <data key="d33">Cermak</data>
    </node>
    <node id="23">
      <data key="d28">1</data>
      <data key="d29">33.749</data>
      <data key="d30">United States</data>
      <data key="d31">23</data>
      <data key="d32">-84.38798</data>
      <data key="d33">Atlanta</data>
    </node>
    <node id="24">
      <data key="d28">1</data>
      <data key="d29">27.94752</data>
      <data key="d30">United States</data>
      <data key="d31">24</data>
      <data key="d32">-82.45843</data>
      <data key="d33">Tampa</data>
    </node>
    <node id="25">
      <data key="d28">1</data>
      <data key="d29">29.76328</data>
      <data key="d30">United States</data>
      <data key="d31">25</data>
      <data key="d32">-95.36327</data>
      <data key="d33">Houston</data>
    </node>
    <node id="26">
      <data key="d28">1</data>
      <data key="d31">26</data>
      <data key="d33">?</data>
    </node>
    <node id="27">
      <data key="d28">1</data>
      <data key="d29">39.11417</data>
      <data key="d30">United States</data>
      <data key="d31">27</data>
      <data key="d32">-94.62746</data>
      <data key="d33">Kansas</data>
    </node>
    <node id="28">
      <data key="d28">1</data>
      <data key="d29">37.36883</data>
      <data key="d30">United States</data>
      <data key="d31">28</data>
      <data key="d32">-122.03635</data>
      <data key="d33">Sunnyvale</data>
    </node>
    <node id="29">
      <data key="d28">1</data>
      <data key="d29">43.6135</data>
      <data key="d30">United States</data>
      <data key="d31">29</data>
      <data key="d32">-116.20345</data>
      <data key="d33">Boise</data>
    </node>
    <node id="30">
      <data key="d28">1</data>
      <data key="d29">46.59271</data>
      <data key="d30">United States</data>
      <data key="d31">30</data>
      <data key="d32">-112.03611</data>
      <data key="d33">Helena</data>
    </node>
    <node id="31">
      <data key="d28">1</data>
      <data key="d29">45.78329</data>
      <data key="d30">United States</data>
      <data key="d31">31</data>
      <data key="d32">-108.50069</data>
      <data key="d33">Billings</data>
    </node>
    <node id="32">
      <data key="d28">1</data>
      <data key="d29">46.87719</data>
      <data key="d30">United States</data>
      <data key="d31">32</data>
      <data key="d32">-96.7898</data>
      <data key="d33">Fargo</data>
    </node>
    <node id="33">
      <data key="d28">1</data>
      <data key="d29">44.97997</data>
      <data key="d30">United States</data>
      <data key="d31">33</data>
      <data key="d32">-93.26384</data>
      <data key="d33">Minneapolis</data>
    </node>
    <node id="34">
      <data key="d28">1</data>
      <data key="d29">42.49999</data>
      <data key="d30">United States</data>
      <data key="d31">34</data>
      <data key="d32">-96.40031</data>
      <data key="d33">Sioux City</data>
    </node>
    <node id="35">
      <data key="d28">1</data>
      <data key="d29">41.25861</data>
      <data key="d30">United States</data>
      <data key="d31">35</data>
      <data key="d32">-95.93779</data>
      <data key="d33">Omaha</data>
    </node>
    <edge source="0" target="1">
      <data key="d34">e33</data>
      <data key="d35">0</data>
    </edge>
    <edge source="0" target="2">
      <data key="d34">e29</data>
      <data key="d35">0</data>
    </edge>
    <edge source="1" target="2">
      <data key="d34">e30</data>
      <data key="d35">0</data>
    </edge>
    <edge source="1" target="6">
      <data key="d34">e34</data>
      <data key="d35">0</data>
    </edge>
    <edge source="1" target="8">
      <data key="d34">e35</data>
      <data key="d35">0</data>
    </edge>
    <edge source="1" target="22">
      <data key="d34">e36</data>
      <data key="d35">0</data>
    </edge>
    <edge source="1" target="28">
      <data key="d34">e3</data>
      <data key="d35">0</data>
    </edge>
    <edge source="1" target="29">
      <data key="d34">e9</data>
      <data key="d35">0</data>
    </edge>
    <edge source="1" target="31">
      <data key="d34">e12</data>
      <data key="d35">0</data>
    </edge>
    <edge source="2" target="3">
      <data key="d34">e28</data>
      <data key="d35">0</data>
    </edge>
    <edge source="2" target="19">
      <data key="d34">e32</data>
      <data key="d35">0</data>
    </edge>
    <edge source="2" target="21">
      <data key="d34">e31</data>
      <data key="d35">0</data>
    </edge>
    <edge source="2" target="27">
      <data key="d34">e22</data>
      <data key="d35">0</data>
    </edge>
    <edge source="2" target="28">
      <data key="d34">e2</data>
      <data key="d35">0</data>
    </edge>
    <edge source="3" target="27">
      <data key="d34">e23</data>
      <data key="d35">0</data>
    </edge>
    <edge source="4" target="8">
      <data key="d34">e42</data>
      <data key="d35">0</data>
    </edge>
    <edge source="4" target="5">
      <data key="d34">e41</data>
      <data key="d35">0</data>
    </edge>
    <edge source="4" target="15">
      <data key="d34">e43</data>
      <data key="d35">0</data>
    </edge>
    <edge source="5" target="15">
      <data key="d34">e44</data>
      <data key="d35">0</data>
    </edge>
    <edge source="6" target="7">
      <data key="d34">e37</data>
      <data key="d35">0</data>
    </edge>
    <edge source="7" target="17">
      <data key="d34">e40</data>
      <data key="d35">0</data>
    </edge>
    <edge source="7" target="15">
      <data key="d34">e39</data>
      <data key="d35">0</data>
    </edge>
    <edge source="7" target="30">
      <data key="d34">e11</data>
      <data key="d35">0</data>
    </edge>
    <edge source="7" target="21">
      <data key="d34">e38</data>
      <data key="d35">0</data>
    </edge>
    <edge source="8" target="9">
      <data key="d34">e45</data>
      <data key="d35">0</data>
    </edge>
    <edge source="8" target="21">
      <data key="d34">e46</data>
      <data key="d35">0</data>
    </edge>
    <edge source="8" target="25">
      <data key="d34">e47</data>
      <data key="d35">0</data>
    </edge>
    <edge source="8" target="28">
      <data key="d34">e4</data>
      <data key="d35">0</data>
    </edge>
    <edge source="9" target="25">
      <data key="d34">e48</data>
      <data key="d35">0</data>
    </edge>
    <edge source="9" target="28">
      <data key="d34">e5</data>
      <data key="d35">0</data>
    </edge>
    <edge source="10" target="11">
      <data key="d34">e73</data>
      <data key="d35">0</data>
    </edge>
    <edge source="10" target="12">
      <data key="d34">e70</data>
      <data key="d35">0</data>
    </edge>
    <edge source="10" target="13">
      <data key="d34">e71</data>
      <data key="d35">0</data>
    </edge>
    <edge source="10" target="14">
      <data key="d34">e72</data>
      <data key="d35">0</data>
    </edge>
    <edge source="10" target="17">
      <data key="d34">e65</data>
      <data key="d35">0</data>
    </edge>
    <edge source="10" target="25">
      <data key="d34">e56</data>
      <data key="d35">0</data>
    </edge>
    <edge source="10" target="27">
      <data key="d34">e27</data>
      <data key="d35">0</data>
    </edge>
    <edge source="11" target="16">
      <data key="d34">e69</data>
      <data key="d35">0</data>
    </edge>
    <edge source="11" target="17">
      <data key="d34">e66</data>
      <data key="d35">0</data>
    </edge>
    <edge source="11" target="12">
      <data key="d34">e74</data>
      <data key="d35">0</data>
    </edge>
    <edge source="11" target="13">
      <data key="d34">e75</data>
      <data key="d35">0</data>
    </edge>
    <edge source="13" target="16">
      <data key="d34">e67</data>
      <data key="d35">0</data>
    </edge>
    <edge source="13" target="22">
      <data key="d34">e62</data>
      <data key="d35">0</data>
    </edge>
    <edge source="13" target="23">
      <data key="d34">e61</data>
      <data key="d35">0</data>
    </edge>
    <edge source="13" target="24">
      <data key="d34">e57</data>
      <data key="d35">0</data>
    </edge>
    <edge source="13" target="25">
      <data key="d34">e53</data>
      <data key="d35">0</data>
    </edge>
    <edge source="13" target="27">
      <data key="d34">e21</data>
      <data key="d35">0</data>
    </edge>
    <edge source="13" target="28">
      <data key="d34">e0</data>
      <data key="d35">0</data>
    </edge>
    <edge source="14" target="16">
      <data key="d34">e68</data>
      <data key="d35">0</data>
    </edge>
    <edge source="15" target="28">
      <data key="d34">e1</data>
      <data key="d35">0</data>
    </edge>
    <edge source="15" target="29">
      <data key="d34">e8</data>
      <data key="d35">0</data>
    </edge>
    <edge source="16" target="17">
      <data key="d34">e64</data>
      <data key="d35">0</data>
    </edge>
    <edge source="16" target="23">
      <data key="d34">e60</data>
      <data key="d35">0</data>
    </edge>
    <edge source="17" target="22">
      <data key="d34">e63</data>
      <data key="d35">0</data>
    </edge>
    <edge source="17" target="27">
      <data key="d34">e26</data>
      <data key="d35">0</data>
    </edge>
    <edge source="17" target="28">
      <data key="d34">e7</data>
      <data key="d35">0</data>
    </edge>
    <edge source="18" target="25">
      <data key="d34">e52</data>
      <data key="d35">0</data>
    </edge>
    <edge source="18" target="27">
      <data key="d34">e24</data>
      <data key="d35">0</data>
    </edge>
    <edge source="18" target="20">
      <data key="d34">e51</data>
      <data key="d35">0</data>
    </edge>
    <edge source="19" target="20">
      <data key="d34">e50</data>
      <data key="d35">0</data>
    </edge>
    <edge source="20" target="21">
      <data key="d34">e49</data>
      <data key="d35">0</data>
    </edge>
    <edge source="22" target="33">
      <data key="d34">e16</data>
      <data key="d35">0</data>
    </edge>
    <edge source="22" target="23">
      <data key="d34">e59</data>
      <data key="d35">0</data>
    </edge>
    <edge source="22" target="27">
      <data key="d34">e25</data>
      <data key="d35">0</data>
    </edge>
    <edge source="23" target="24">
      <data key="d34">e58</data>
      <data key="d35">0</data>
    </edge>
    <edge source="23" target="25">
      <data key="d34">e55</data>
      <data key="d35">0</data>
    </edge>
    <edge source="24" target="25">
      <data key="d34">e54</data>
      <data key="d35">0</data>
    </edge>
    <edge source="25" target="28">
      <data key="d34">e6</data>
      <data key="d35">0</data>
    </edge>
    <edge source="26" target="35">
      <data key="d34">e18</data>
      <data key="d35">0</data>
    </edge>
    <edge source="26" target="27">
      <data key="d34">e20</data>
      <data key="d35">0</data>
    </edge>
    <edge source="27" target="33">
      <data key="d34">e15</data>
      <data key="d35">0</data>
    </edge>
    <edge source="27" target="35">
      <data key="d34">e19</data>
      <data key="d35">0</data>
    </edge>
    <edge source="30" target="31">
      <data key="d34">e10</data>
      <data key="d35">0</data>
    </edge>
    <edge source="32" target="33">
      <data key="d34">e13</data>
      <data key="d35">0</data>
    </edge>
    <edge source="32" target="34">
      <data key="d34">e14</data>
      <data key="d35">0</data>
    </edge>
    <edge source="34" target="35">
      <data key="d34">e17</data>
      <data key="d35">0</data>
    </edge>
  </graph>
</graphml>
