<?xml version="1.0" encoding="utf-8"?><graphml xmlns="http://graphml.graphdrawing.org/xmlns" xmlns:xsi="http://www.w3.org/2001/XMLSchema-instance" xsi:schemaLocation="http://graphml.graphdrawing.org/xmlns http://graphml.graphdrawing.org/xmlns/1.0/graphml.xsd">
  <key attr.name="LinkNote" attr.type="string" for="edge" id="d39" />
  <key attr.name="LinkStatus" attr.type="string" for="edge" id="d38" />
  <key attr.name="id" attr.type="string" for="edge" id="d37" />
  <key attr.name="key" attr.type="int" for="edge" id="d36" />
  <key attr.name="LinkLabel" attr.type="string" for="edge" id="d35" />
  <key attr.name="label" attr.type="string" for="node" id="d34" />
  <key attr.name="Longitude" attr.type="double" for="node" id="d33" />
  <key attr.name="id" attr.type="int" for="node" id="d32" />
  <key attr.name="Country" attr.type="string" for="node" id="d31" />
  <key attr.name="Latitude" attr.type="double" for="node" id="d30" />
  <key attr.name="Internal" attr.type="int" for="node" id="d29" />
  <key attr.name="Testbed" attr.type="int" for="graph" id="d28" />
  <key attr.name="LastProcessed" attr.type="string" for="graph" id="d27" />
  <key attr.name="DateYear" attr.type="string" for="graph" id="d26" />
  <key attr.name="NetworkDate" attr.type="string" for="graph" id="d25" />
  <key attr.name="Transit" attr.type="int" for="graph" id="d24" />
  <key attr.name="Developed" attr.type="int" for="graph" id="d23" />
  <key attr.name="Creator" attr.type="string" for="graph" id="d22" />
  <key attr.name="Layer" attr.type="string" for="graph" id="d21" />
  <key attr.name="Access" attr.type="int" for="graph" id="d20" />
  <key attr.name="LastAccess" attr.type="string" for="graph" id="d19" />
  <key attr.name="DateMonth" attr.type="string" for="graph" id="d18" />
  <key attr.name="DateModifier" attr.type="string" for="graph" id="d17" />
  <key attr.name="SourceGitVersion" attr.type="string" for="graph" id="d16" />
  <key attr.name="IX" attr.type="int" for="graph" id="d15" />
  <key attr.name="Customer" attr.type="int" for="graph" id="d14" />
  <key attr.name="ToolsetVersion" attr.type="string" for="graph" id="d13" />
  <key attr.name="label" attr.type="string" for="graph" id="d12" />
  <key attr.name="Commercial" attr.type="int" for="graph" id="d11" />
  <key attr.name="Backbone" attr.type="int" for="graph" id="d10" />
  <key attr.name="DateType" attr.type="string" for="graph" id="d9" />
  <key attr.name="Type" attr.type="string" for="graph" id="d8" />
  <key attr.name="Version" attr.type="string" for="graph" id="d7" />
  <key attr.name="Source" attr.type="string" for="graph" id="d6" />
  <key attr.name="Note" attr.type="string" for="graph" id="d5" />
  <key attr.name="Provenance" attr.type="string" for="graph" id="d4" />
  <key attr.name="Network" attr.type="string" for="graph" id="d3" />
  <key attr.name="GeoExtent" attr.type="string" for="graph" id="d2" />
  <key attr.name="GeoLocation" attr.type="string" for="graph" id="d1" />
  <key attr.name="DateObtained" attr.type="string" for="graph" id="d0" />
  <graph edgedefault="undirected">
    <data key="d0">2/12/10</data>
    <data key="d1">Canada</data>
    <data key="d2">Country</data>
    <data key="d3">Canerie</data>
    <data key="d4">Primary</data>
    <data key="d5">Explicitly allows for 3-rd party transit in network docs.</data>
    <data key="d6">http://www.canarie.ca/templates/news/docs/CANARIE_Network_May28_2010.png</data>
    <data key="d7">1.0</data>
    <data key="d8">REN</data>
    <data key="d9">Dynamic</data>
    <data key="d10">1</data>
    <data key="d11">0</data>
    <data key="d12">Canerie</data>
    <data key="d13">0.3.34dev-20120328</data>
    <data key="d14">0</data>
    <data key="d15">0</data>
    <data key="d16">e278b1b</data>
    <data key="d17">=</data>
    <data key="d18">10</data>
    <data key="d19">7/10/10</data>
    <data key="d20">0</data>
    <data key="d21">IP</data>
    <data key="d22">Topology Zoo Toolset</data>
    <data key="d23">1</data>
    <data key="d24">1</data>
    <data key="d25">2010_10</data>
    <data key="d26">2010</data>
    <data key="d27">2011_09_01</data>
    <data key="d28">0</data>
    <node id="0">
      <data key="d29">1</data>
      <data key="d30">48.4001</data>
      <data key="d31">Canada</data>
      <data key="d32">0</data>
      <data key="d33">-89.31683</data>
      <data key="d34">Thunder Bay</data>
    </node>
    <node id="1">
      <data key="d29">1</data>
      <data key="d30">41.85003</data>
      <data key="d31">United States</data>
      <data key="d32">1</data>
      <data key="d33">-87.65005</data>
      <data key="d34">Chicago</data>
    </node>
    <node id="2">
      <data key="d29">1</data>
      <data key="d30">50.45008</data>
      <data key="d31">Canada</data>
      <data key="d32">2</data>
      <data key="d33">-104.6178</data>
      <data key="d34">Regina</data>
    </node>
    <node id="3">
      <data key="d29">1</data>
      <data key="d30">49.8844</data>
      <data key="d31">Canada</data>
      <data key="d32">3</data>
      <data key="d33">-97.14704</data>
      <data key="d34">Winnipeg</data>
    </node>
    <node id="4">
      <data key="d29">1</data>
      <data key="d30">45.41117</data>
      <data key="d31">Canada</data>
      <data key="d32">4</data>
      <data key="d33">-75.69812</data>
      <data key="d34">Ottawa</data>
    </node>
    <node id="5">
      <data key="d29">1</data>
      <data key="d30">45.50884</data>
      <data key="d31">Canada</data>
      <data key="d32">5</data>
      <data key="d33">-73.58781</data>
      <data key="d34">Montreal</data>
    </node>
    <node id="6">
      <data key="d29">1</data>
      <data key="d30">42.33143</data>
      <data key="d31">United States</data>
      <data key="d32">6</data>
      <data key="d33">-83.04575</data>
      <data key="d34">Windsor/Detroit</data>
    </node>
    <node id="7">
      <data key="d29">1</data>
      <data key="d30">43.70011</data>
      <data key="d31">Canada</data>
      <data key="d32">7</data>
      <data key="d33">-79.4163</data>
      <data key="d34">Toronto</data>
    </node>
    <node id="8">
      <data key="d29">1</data>
      <data key="d30">45.94541</data>
      <data key="d31">Canada</data>
      <data key="d32">8</data>
      <data key="d33">-66.66558</data>
      <data key="d34">Fredericton</data>
    </node>
    <node id="9">
      <data key="d29">1</data>
      <data key="d30">46.23525</data>
      <data key="d31">Canada</data>
      <data key="d32">9</data>
      <data key="d33">-63.12671</data>
      <data key="d34">Charlottetown</data>
    </node>
    <node id="10">
      <data key="d29">0</data>
      <data key="d32">10</data>
      <data key="d34">Asie-Pacifique</data>
    </node>
    <node id="11">
      <data key="d29">1</data>
      <data key="d30">42.35843</data>
      <data key="d31">United States</data>
      <data key="d32">11</data>
      <data key="d33">-71.05977</data>
      <data key="d34">Boston</data>
    </node>
    <node id="12">
      <data key="d29">0</data>
      <data key="d32">12</data>
      <data key="d34">Asia-Pacific</data>
    </node>
    <node id="13">
      <data key="d29">0</data>
      <data key="d32">13</data>
      <data key="d34">Amerique du Nord et Amerique du Sud</data>
    </node>
    <node id="14">
      <data key="d29">0</data>
      <data key="d32">14</data>
      <data key="d34">Europe</data>
    </node>
    <node id="15">
      <data key="d29">1</data>
      <data key="d30">40.71427</data>
      <data key="d31">United States</data>
      <data key="d32">15</data>
      <data key="d33">-74.00597</data>
      <data key="d34">New York</data>
    </node>
    <node id="16">
      <data key="d29">1</data>
      <data key="d30">47.56494</data>
      <data key="d31">Canada</data>
      <data key="d32">16</data>
      <data key="d33">-52.70931</data>
      <data key="d34">St John's</data>
    </node>
    <node id="17">
      <data key="d29">1</data>
      <data key="d30">44.646</data>
      <data key="d31">Canada</data>
      <data key="d32">17</data>
      <data key="d33">-63.57333</data>
      <data key="d34">Halifax</data>
    </node>
    <node id="18">
      <data key="d29">0</data>
      <data key="d32">18</data>
      <data key="d34">North and South America</data>
    </node>
    <node id="19">
      <data key="d29">0</data>
      <data key="d32">19</data>
      <data key="d34">Europe and other countries</data>
    </node>
    <node id="20">
      <data key="d29">0</data>
      <data key="d32">20</data>
      <data key="d34">Europe et autres pays</data>
    </node>
    <node id="21">
      <data key="d29">0</data>
      <data key="d32">21</data>
      <data key="d34">Europe and other countries</data>
    </node>
    <node id="22">
      <data key="d29">1</data>
      <data key="d30">51.05011</data>
      <data key="d31">Canada</data>
      <data key="d32">22</data>
      <data key="d33">-114.08529</data>
      <data key="d34">Calgary</data>
    </node>
    <node id="23">
      <data key="d29">1</data>
      <data key="d30">52.11679</data>
      <data key="d31">Canada</data>
      <data key="d32">23</data>
      <data key="d33">-106.63452</data>
      <data key="d34">Saskatoon</data>
    </node>
    <node id="24">
      <data key="d29">1</data>
      <data key="d30">60.71611</data>
      <data key="d31">Canada</data>
      <data key="d32">24</data>
      <data key="d33">-135.05375</data>
      <data key="d34">Whitehorse</data>
    </node>
    <node id="25">
      <data key="d29">1</data>
      <data key="d30">62.456</data>
      <data key="d31">Canada</data>
      <data key="d32">25</data>
      <data key="d33">-114.35255</data>
      <data key="d34">Yellowknife</data>
    </node>
    <node id="26">
      <data key="d29">1</data>
      <data key="d30">53.55014</data>
      <data key="d31">Canada</data>
      <data key="d32">26</data>
      <data key="d33">-113.46871</data>
      <data key="d34">Edmonton</data>
    </node>
    <node id="27">
      <data key="d29">1</data>
      <data key="d30">50.66648</data>
      <data key="d31">Canada</data>
      <data key="d32">27</data>
      <data key="d33">-120.3192</data>
      <data key="d34">Kamloops</data>
    </node>
    <node id="28">
      <data key="d29">1</data>
      <data key="d30">49.88307</data>
      <data key="d31">Canada</data>
      <data key="d32">28</data>
      <data key="d33">-119.48568</data>
      <data key="d34">Kelowna</data>
    </node>
    <node id="29">
      <data key="d29">1</data>
      <data key="d30">49.24966</data>
      <data key="d31">Canada</data>
      <data key="d32">29</data>
      <data key="d33">-123.11934</data>
      <data key="d34">Vancouver</data>
    </node>
    <node id="30">
      <data key="d29">1</data>
      <data key="d30">48.43294</data>
      <data key="d31">Canada</data>
      <data key="d32">30</data>
      <data key="d33">-123.3693</data>
      <data key="d34">Victoria</data>
    </node>
    <node id="31">
      <data key="d29">1</data>
      <data key="d30">47.60621</data>
      <data key="d31">United States</data>
      <data key="d32">31</data>
      <data key="d33">-122.33207</data>
      <data key="d34">Seattle</data>
    </node>
    <edge source="0" target="3">
      <data key="d35">Leased Wavelength/Managed Service</data>
      <data key="d36">0</data>
    </edge>
    <edge source="0" target="7">
      <data key="d35">Leased Wavelength/Managed Service</data>
      <data key="d36">0</data>
    </edge>
    <edge source="1" target="3">
      <data key="d35">Leased Wavelength/Managed Service</data>
      <data key="d36">0</data>
    </edge>
    <edge source="1" target="6">
      <data key="d35">72 Lambda ROADM Network</data>
      <data key="d36">0</data>
    </edge>
    <edge source="1" target="13">
      <data key="d37">e25</data>
      <data key="d36">0</data>
    </edge>
    <edge source="1" target="18">
      <data key="d37">e24</data>
      <data key="d36">0</data>
    </edge>
    <edge source="1" target="19">
      <data key="d37">e23</data>
      <data key="d36">0</data>
    </edge>
    <edge source="1" target="22">
      <data key="d35">Leased Wavelength/Managed Service</data>
      <data key="d36">0</data>
    </edge>
    <edge source="1" target="31">
      <data key="d35">Leased Wavelength/Managed Service</data>
      <data key="d36">0</data>
    </edge>
    <edge source="2" target="3">
      <data key="d35">Leased Wavelength/Managed Service</data>
      <data key="d36">0</data>
    </edge>
    <edge source="2" target="22">
      <data key="d35">Leased Wavelength/Managed Service</data>
      <data key="d36">0</data>
    </edge>
    <edge source="3" target="7">
      <data key="d35">Leased Wavelength/Managed Service</data>
      <data key="d36">0</data>
    </edge>
    <edge source="3" target="22">
      <data key="d35">Leased Wavelength/Managed Service</data>
      <data key="d36">0</data>
    </edge>
    <edge source="3" target="23">
      <data key="d35">Leased Wavelength/Managed Service</data>
      <data key="d36">0</data>
    </edge>
    <edge source="4" target="5">
      <data key="d35">72 Lambda ROADM Network</data>
      <data key="d36">0</data>
    </edge>
    <edge source="4" target="7">
      <data key="d35">72 Lambda ROADM Network</data>
      <data key="d36">0</data>
    </edge>
    <edge source="5" target="8">
      <data key="d35">Leased Wavelength/Managed Service</data>
      <data key="d36">0</data>
    </edge>
    <edge source="5" target="17">
      <data key="d35">Leased Wavelength/Managed Service</data>
      <data key="d36">0</data>
    </edge>
    <edge source="5" target="11">
      <data key="d35">72 Lambda ROADM Network</data>
      <data key="d36">0</data>
    </edge>
    <edge source="6" target="7">
      <data key="d35">72 Lambda ROADM Network</data>
      <data key="d36">0</data>
    </edge>
    <edge source="7" target="15">
      <data key="d35">Leased Wavelength/Managed Service</data>
      <data key="d36">0</data>
    </edge>
    <edge source="8" target="9">
      <data key="d38">Planned</data>
      <data key="d35">Planned Wavelength</data>
      <data key="d39"> Wavelength</data>
      <data key="d36">0</data>
    </edge>
    <edge source="9" target="17">
      <data key="d35">Leased Wavelength/Managed Service</data>
      <data key="d36">0</data>
    </edge>
    <edge source="10" target="31">
      <data key="d37">e10</data>
      <data key="d36">0</data>
    </edge>
    <edge source="11" target="15">
      <data key="d35">72 Lambda ROADM Network</data>
      <data key="d36">0</data>
    </edge>
    <edge source="12" target="31">
      <data key="d37">e12</data>
      <data key="d36">0</data>
    </edge>
    <edge source="14" target="16">
      <data key="d35">Leased Wavelength/Managed Service</data>
      <data key="d36">0</data>
    </edge>
    <edge source="15" target="17">
      <data key="d35">Leased Wavelength/Managed Service</data>
      <data key="d36">0</data>
    </edge>
    <edge source="15" target="20">
      <data key="d37">e39</data>
      <data key="d36">0</data>
    </edge>
    <edge source="15" target="21">
      <data key="d37">e38</data>
      <data key="d36">0</data>
    </edge>
    <edge source="16" target="17">
      <data key="d35">Leased Wavelength/Managed Service</data>
      <data key="d36">0</data>
    </edge>
    <edge source="22" target="27">
      <data key="d35">72 Lambda ROADM Network</data>
      <data key="d36">0</data>
    </edge>
    <edge source="22" target="26">
      <data key="d35">Leased Wavelength/Managed Service</data>
      <data key="d36">0</data>
    </edge>
    <edge source="23" target="26">
      <data key="d35">Leased Wavelength/Managed Service</data>
      <data key="d36">0</data>
    </edge>
    <edge source="24" target="26">
      <data key="d35">Leased Wavelength/Managed Service</data>
      <data key="d36">0</data>
    </edge>
    <edge source="25" target="26">
      <data key="d35">Leased Wavelength/Managed Service</data>
      <data key="d36">0</data>
    </edge>
    <edge source="27" target="28">
      <data key="d35">72 Lambda ROADM Network</data>
      <data key="d36">0</data>
    </edge>
    <edge source="27" target="29">
      <data key="d35">72 Lambda ROADM Network</data>
      <data key="d36">0</data>
    </edge>
    <edge source="29" target="30">
      <data key="d35">72 Lambda ROADM Network</data>
      <data key="d36">0</data>
    </edge>
    <edge source="29" target="31">
      <data key="d35">Leased Wavelength/Managed Service</data>
      <data key="d36">0</data>
    </edge>
    <edge source="30" target="31">
      <data key="d35">72 Lambda ROADM Network</data>
      <data key="d36">0</data>
    </edge>
  </graph>
</graphml>
