<?xml version="1.0" encoding="utf-8"?><graphml xmlns="http://graphml.graphdrawing.org/xmlns" xmlns:xsi="http://www.w3.org/2001/XMLSchema-instance" xsi:schemaLocation="http://graphml.graphdrawing.org/xmlns http://graphml.graphdrawing.org/xmlns/1.0/graphml.xsd">
  <key attr.name="id" attr.type="string" for="edge" id="d41" />
  <key attr.name="key" attr.type="int" for="edge" id="d40" />
  <key attr.name="LinkSpeedRaw" attr.type="double" for="edge" id="d39" />
  <key attr.name="LinkSpeedUnits" attr.type="string" for="edge" id="d38" />
  <key attr.name="LinkLabel" attr.type="string" for="edge" id="d37" />
  <key attr.name="LinkSpeed" attr.type="string" for="edge" id="d36" />
  <key attr.name="label" attr.type="string" for="node" id="d35" />
  <key attr.name="Longitude" attr.type="double" for="node" id="d34" />
  <key attr.name="id" attr.type="int" for="node" id="d33" />
  <key attr.name="type" attr.type="string" for="node" id="d32" />
  <key attr.name="Country" attr.type="string" for="node" id="d31" />
  <key attr.name="Latitude" attr.type="double" for="node" id="d30" />
  <key attr.name="Internal" attr.type="int" for="node" id="d29" />
  <key attr.name="Testbed" attr.type="int" for="graph" id="d28" />
  <key attr.name="LastProcessed" attr.type="string" for="graph" id="d27" />
  <key attr.name="DateYear" attr.type="string" for="graph" id="d26" />
  <key attr.name="NetworkDate" attr.type="string" for="graph" id="d25" />
  <key attr.name="Transit" attr.type="int" for="graph" id="d24" />
  <key attr.name="Developed" attr.type="int" for="graph" id="d23" />
  <key attr.name="Creator" attr.type="string" for="graph" id="d22" />
  <key attr.name="Layer" attr.type="string" for="graph" id="d21" />
  <key attr.name="Access" attr.type="int" for="graph" id="d20" />
  <key attr.name="LastAccess" attr.type="string" for="graph" id="d19" />
  <key attr.name="DateMonth" attr.type="string" for="graph" id="d18" />
  <key attr.name="DateModifier" attr.type="string" for="graph" id="d17" />
  <key attr.name="SourceGitVersion" attr.type="string" for="graph" id="d16" />
  <key attr.name="IX" attr.type="int" for="graph" id="d15" />
  <key attr.name="Customer" attr.type="int" for="graph" id="d14" />
  <key attr.name="ToolsetVersion" attr.type="string" for="graph" id="d13" />
  <key attr.name="label" attr.type="string" for="graph" id="d12" />
  <key attr.name="Commercial" attr.type="int" for="graph" id="d11" />
  <key attr.name="Backbone" attr.type="int" for="graph" id="d10" />
  <key attr.name="Type" attr.type="string" for="graph" id="d9" />
  <key attr.name="DateType" attr.type="string" for="graph" id="d8" />
  <key attr.name="Version" attr.type="string" for="graph" id="d7" />
  <key attr.name="Source" attr.type="string" for="graph" id="d6" />
  <key attr.name="Note" attr.type="string" for="graph" id="d5" />
  <key attr.name="Provenance" attr.type="string" for="graph" id="d4" />
  <key attr.name="Network" attr.type="string" for="graph" id="d3" />
  <key attr.name="GeoExtent" attr.type="string" for="graph" id="d2" />
  <key attr.name="GeoLocation" attr.type="string" for="graph" id="d1" />
  <key attr.name="DateObtained" attr.type="string" for="graph" id="d0" />
  <graph edgedefault="undirected">
    <data key="d0">11/10/10</data>
    <data key="d1">China</data>
    <data key="d2">Country</data>
    <data key="d3">Cernet</data>
    <data key="d4">Primary</data>
    <data key="d5">We assume there are two links between Beijing and Xi'an</data>
    <data key="d6">http://www.edu.cn/20060111/3170194.shtml</data>
    <data key="d7">1.0</data>
    <data key="d8">Historic</data>
    <data key="d9">REN</data>
    <data key="d10">1</data>
    <data key="d11">0</data>
    <data key="d12">Cernet</data>
    <data key="d13">0.3.34dev-20120328</data>
    <data key="d14">1</data>
    <data key="d15">0</data>
    <data key="d16">e278b1b</data>
    <data key="d17">=</data>
    <data key="d18">11</data>
    <data key="d19">9/10/10</data>
    <data key="d20">0</data>
    <data key="d21">IP</data>
    <data key="d22">Topology Zoo Toolset</data>
    <data key="d23">0</data>
    <data key="d24">0</data>
    <data key="d25">2006_11</data>
    <data key="d26">2006</data>
    <data key="d27">2011_09_01</data>
    <data key="d28">0</data>
    <node id="0">
      <data key="d29">1</data>
      <data key="d30">25.28194</data>
      <data key="d31">China</data>
      <data key="d32">small</data>
      <data key="d33">0</data>
      <data key="d34">110.28639</data>
      <data key="d35">Gullin</data>
    </node>
    <node id="1">
      <data key="d29">1</data>
      <data key="d30">25.03889</data>
      <data key="d31">China</data>
      <data key="d32">small</data>
      <data key="d33">1</data>
      <data key="d34">102.71833</data>
      <data key="d35">Kunming</data>
    </node>
    <node id="2">
      <data key="d29">1</data>
      <data key="d30">29.56278</data>
      <data key="d31">China</data>
      <data key="d32">small</data>
      <data key="d33">2</data>
      <data key="d34">106.55278</data>
      <data key="d35">Chongqing</data>
    </node>
    <node id="3">
      <data key="d29">1</data>
      <data key="d30">26.58333</data>
      <data key="d31">China</data>
      <data key="d32">small</data>
      <data key="d33">3</data>
      <data key="d34">106.71667</data>
      <data key="d35">Guiyang</data>
    </node>
    <node id="4">
      <data key="d29">1</data>
      <data key="d30">20.04583</data>
      <data key="d31">China</data>
      <data key="d32">small</data>
      <data key="d33">4</data>
      <data key="d34">110.34167</data>
      <data key="d35">Haikou</data>
    </node>
    <node id="5">
      <data key="d29">1</data>
      <data key="d30">23.38861</data>
      <data key="d31">China</data>
      <data key="d32">small</data>
      <data key="d33">5</data>
      <data key="d34">112.82111</data>
      <data key="d35">Xianggang</data>
    </node>
    <node id="6">
      <data key="d29">1</data>
      <data key="d30">22.81667</data>
      <data key="d31">China</data>
      <data key="d32">small</data>
      <data key="d33">6</data>
      <data key="d34">108.31667</data>
      <data key="d35">Nanning</data>
    </node>
    <node id="7">
      <data key="d29">1</data>
      <data key="d30">23.11667</data>
      <data key="d31">China</data>
      <data key="d32">large</data>
      <data key="d33">7</data>
      <data key="d34">113.25</data>
      <data key="d35">Guangzhou</data>
    </node>
    <node id="8">
      <data key="d29">1</data>
      <data key="d30">22.54554</data>
      <data key="d31">China</data>
      <data key="d32">small</data>
      <data key="d33">8</data>
      <data key="d34">114.0683</data>
      <data key="d35">Shenzhen</data>
    </node>
    <node id="9">
      <data key="d29">1</data>
      <data key="d30">24.47979</data>
      <data key="d31">China</data>
      <data key="d32">small</data>
      <data key="d33">9</data>
      <data key="d34">118.08187</data>
      <data key="d35">Xiemen</data>
    </node>
    <node id="10">
      <data key="d29">0</data>
      <data key="d33">10</data>
      <data key="d35">Japan</data>
    </node>
    <node id="11">
      <data key="d29">0</data>
      <data key="d33">11</data>
      <data key="d35">Europe</data>
    </node>
    <node id="12">
      <data key="d29">1</data>
      <data key="d30">38.04139</data>
      <data key="d31">China</data>
      <data key="d32">small</data>
      <data key="d33">12</data>
      <data key="d34">114.47861</data>
      <data key="d35">Shijiazhuang</data>
    </node>
    <node id="13">
      <data key="d29">1</data>
      <data key="d30">39.14222</data>
      <data key="d31">China</data>
      <data key="d32">small</data>
      <data key="d33">13</data>
      <data key="d34">117.17667</data>
      <data key="d35">Tianjing</data>
    </node>
    <node id="14">
      <data key="d29">1</data>
      <data key="d30">38.91222</data>
      <data key="d31">China</data>
      <data key="d32">small</data>
      <data key="d33">14</data>
      <data key="d34">121.60222</data>
      <data key="d35">Dalian</data>
    </node>
    <node id="15">
      <data key="d29">1</data>
      <data key="d30">41.79222</data>
      <data key="d31">China</data>
      <data key="d32">large</data>
      <data key="d33">15</data>
      <data key="d34">123.43278</data>
      <data key="d35">Shenyang</data>
    </node>
    <node id="16">
      <data key="d29">1</data>
      <data key="d30">45.75</data>
      <data key="d31">China</data>
      <data key="d32">small</data>
      <data key="d33">16</data>
      <data key="d34">126.65</data>
      <data key="d35">Harbin</data>
    </node>
    <node id="17">
      <data key="d29">1</data>
      <data key="d30">43.88</data>
      <data key="d31">China</data>
      <data key="d32">small</data>
      <data key="d33">17</data>
      <data key="d34">125.32278</data>
      <data key="d35">Chanchun</data>
    </node>
    <node id="18">
      <data key="d29">0</data>
      <data key="d33">18</data>
      <data key="d35">N.A</data>
    </node>
    <node id="19">
      <data key="d29">0</data>
      <data key="d33">19</data>
      <data key="d35">Korea</data>
    </node>
    <node id="20">
      <data key="d29">1</data>
      <data key="d30">31.86389</data>
      <data key="d31">China</data>
      <data key="d32">small</data>
      <data key="d33">20</data>
      <data key="d34">117.28083</data>
      <data key="d35">Hefei</data>
    </node>
    <node id="21">
      <data key="d29">1</data>
      <data key="d30">39.9075</data>
      <data key="d31">China</data>
      <data key="d32">large</data>
      <data key="d33">21</data>
      <data key="d34">116.39723</data>
      <data key="d35">Beijing</data>
    </node>
    <node id="22">
      <data key="d29">1</data>
      <data key="d30">38.04139</data>
      <data key="d31">China</data>
      <data key="d32">small</data>
      <data key="d33">22</data>
      <data key="d34">114.47861</data>
      <data key="d35">Shijiazhuang</data>
    </node>
    <node id="23">
      <data key="d29">1</data>
      <data key="d30">28.68333</data>
      <data key="d31">China</data>
      <data key="d32">small</data>
      <data key="d33">23</data>
      <data key="d34">115.88333</data>
      <data key="d35">Nanchang</data>
    </node>
    <node id="24">
      <data key="d29">1</data>
      <data key="d30">30.58333</data>
      <data key="d31">China</data>
      <data key="d32">large</data>
      <data key="d33">24</data>
      <data key="d34">114.26667</data>
      <data key="d35">Wuhan</data>
    </node>
    <node id="25">
      <data key="d29">1</data>
      <data key="d30">28.2</data>
      <data key="d31">China</data>
      <data key="d32">small</data>
      <data key="d33">25</data>
      <data key="d34">112.96667</data>
      <data key="d35">Changsha</data>
    </node>
    <node id="26">
      <data key="d29">1</data>
      <data key="d30">26.06139</data>
      <data key="d31">China</data>
      <data key="d32">small</data>
      <data key="d33">26</data>
      <data key="d34">119.30611</data>
      <data key="d35">Fuzhou</data>
    </node>
    <node id="27">
      <data key="d29">1</data>
      <data key="d30">36.09861</data>
      <data key="d31">China</data>
      <data key="d32">small</data>
      <data key="d33">27</data>
      <data key="d34">120.37194</data>
      <data key="d35">Qingdao</data>
    </node>
    <node id="28">
      <data key="d29">1</data>
      <data key="d30">32.06167</data>
      <data key="d31">China</data>
      <data key="d32">large</data>
      <data key="d33">28</data>
      <data key="d34">118.77778</data>
      <data key="d35">Nanjing</data>
    </node>
    <node id="29">
      <data key="d29">1</data>
      <data key="d30">31.22222</data>
      <data key="d31">China</data>
      <data key="d32">large</data>
      <data key="d33">29</data>
      <data key="d34">121.45806</data>
      <data key="d35">Shanghai</data>
    </node>
    <node id="30">
      <data key="d29">1</data>
      <data key="d30">30.25528</data>
      <data key="d31">China</data>
      <data key="d32">small</data>
      <data key="d33">30</data>
      <data key="d34">120.16889</data>
      <data key="d35">Hangzhou</data>
    </node>
    <node id="31">
      <data key="d29">1</data>
      <data key="d30">34.75778</data>
      <data key="d31">China</data>
      <data key="d32">small</data>
      <data key="d33">31</data>
      <data key="d34">113.64861</data>
      <data key="d35">Zhengzhou</data>
    </node>
    <node id="32">
      <data key="d29">1</data>
      <data key="d30">25.71056</data>
      <data key="d31">China</data>
      <data key="d32">large</data>
      <data key="d33">32</data>
      <data key="d34">116.97865</data>
      <data key="d35">Chengdou</data>
    </node>
    <node id="33">
      <data key="d29">1</data>
      <data key="d30">43.8</data>
      <data key="d31">China</data>
      <data key="d32">small</data>
      <data key="d33">33</data>
      <data key="d34">87.58333</data>
      <data key="d35">Urumchi</data>
    </node>
    <node id="34">
      <data key="d29">1</data>
      <data key="d30">29.65</data>
      <data key="d31">China</data>
      <data key="d32">small</data>
      <data key="d33">34</data>
      <data key="d34">91.1</data>
      <data key="d35">Lasa</data>
    </node>
    <node id="35">
      <data key="d29">1</data>
      <data key="d30">36.61667</data>
      <data key="d31">China</data>
      <data key="d32">small</data>
      <data key="d33">35</data>
      <data key="d34">101.76667</data>
      <data key="d35">Xining</data>
    </node>
    <node id="36">
      <data key="d29">1</data>
      <data key="d30">36.05639</data>
      <data key="d31">China</data>
      <data key="d32">small</data>
      <data key="d33">36</data>
      <data key="d34">103.79222</data>
      <data key="d35">Lanzhou</data>
    </node>
    <node id="37">
      <data key="d29">1</data>
      <data key="d30">34.25833</data>
      <data key="d31">China</data>
      <data key="d32">large</data>
      <data key="d33">37</data>
      <data key="d34">108.92861</data>
      <data key="d35">Xi'an</data>
    </node>
    <node id="38">
      <data key="d29">1</data>
      <data key="d30">38.46806</data>
      <data key="d31">China</data>
      <data key="d32">small</data>
      <data key="d33">38</data>
      <data key="d34">106.27306</data>
      <data key="d35">Yinchuan</data>
    </node>
    <node id="39">
      <data key="d29">1</data>
      <data key="d30">40.81056</data>
      <data key="d31">China</data>
      <data key="d32">small</data>
      <data key="d33">39</data>
      <data key="d34">111.65222</data>
      <data key="d35">Hohhot</data>
    </node>
    <node id="40">
      <data key="d29">1</data>
      <data key="d30">37.86944</data>
      <data key="d31">China</data>
      <data key="d32">small</data>
      <data key="d33">40</data>
      <data key="d34">112.56028</data>
      <data key="d35">Taiyuan</data>
    </node>
    <edge source="0" target="6">
      <data key="d36">2</data>
      <data key="d37">2M</data>
      <data key="d38">M</data>
      <data key="d39">2000000.0</data>
      <data key="d40">0</data>
    </edge>
    <edge source="0" target="7">
      <data key="d36">155</data>
      <data key="d37">155M</data>
      <data key="d38">M</data>
      <data key="d39">155000000.0</data>
      <data key="d40">0</data>
    </edge>
    <edge source="1" target="32">
      <data key="d36">155</data>
      <data key="d37">155M</data>
      <data key="d38">M</data>
      <data key="d39">155000000.0</data>
      <data key="d40">0</data>
    </edge>
    <edge source="1" target="3">
      <data key="d36">2</data>
      <data key="d37">2M</data>
      <data key="d38">M</data>
      <data key="d39">2000000.0</data>
      <data key="d40">0</data>
    </edge>
    <edge source="2" target="24">
      <data key="d36">155</data>
      <data key="d37">155M</data>
      <data key="d38">M</data>
      <data key="d39">155000000.0</data>
      <data key="d40">0</data>
    </edge>
    <edge source="2" target="32">
      <data key="d36">2.5</data>
      <data key="d37">2.5G</data>
      <data key="d38">G</data>
      <data key="d39">2500000000.0</data>
      <data key="d40">0</data>
    </edge>
    <edge source="3" target="32">
      <data key="d36">155</data>
      <data key="d37">155M</data>
      <data key="d38">M</data>
      <data key="d39">155000000.0</data>
      <data key="d40">0</data>
    </edge>
    <edge source="4" target="8">
      <data key="d36">2</data>
      <data key="d37">2M</data>
      <data key="d38">M</data>
      <data key="d39">2000000.0</data>
      <data key="d40">0</data>
    </edge>
    <edge source="4" target="7">
      <data key="d36">155</data>
      <data key="d37">155M</data>
      <data key="d38">M</data>
      <data key="d39">155000000.0</data>
      <data key="d40">0</data>
    </edge>
    <edge source="5" target="21">
      <data key="d37">External</data>
      <data key="d40">0</data>
    </edge>
    <edge source="6" target="7">
      <data key="d36">155</data>
      <data key="d37">155M</data>
      <data key="d38">M</data>
      <data key="d39">155000000.0</data>
      <data key="d40">0</data>
    </edge>
    <edge source="7" target="8">
      <data key="d36">155</data>
      <data key="d37">155M</data>
      <data key="d38">M</data>
      <data key="d39">155000000.0</data>
      <data key="d40">0</data>
    </edge>
    <edge source="7" target="9">
      <data key="d36">155</data>
      <data key="d37">155M</data>
      <data key="d38">M</data>
      <data key="d39">155000000.0</data>
      <data key="d40">0</data>
    </edge>
    <edge source="7" target="24">
      <data key="d36">2.5</data>
      <data key="d37">2.5G</data>
      <data key="d38">G</data>
      <data key="d39">2500000000.0</data>
      <data key="d40">0</data>
    </edge>
    <edge source="7" target="25">
      <data key="d36">2.5</data>
      <data key="d37">2.5G</data>
      <data key="d38">G</data>
      <data key="d39">2500000000.0</data>
      <data key="d40">0</data>
    </edge>
    <edge source="7" target="29">
      <data key="d36">155</data>
      <data key="d37">155M</data>
      <data key="d38">M</data>
      <data key="d39">155000000.0</data>
      <data key="d40">0</data>
    </edge>
    <edge source="9" target="26">
      <data key="d36">155</data>
      <data key="d37">155M</data>
      <data key="d38">M</data>
      <data key="d39">155000000.0</data>
      <data key="d40">0</data>
    </edge>
    <edge source="10" target="21">
      <data key="d37">External</data>
      <data key="d40">0</data>
    </edge>
    <edge source="11" target="21">
      <data key="d37">External</data>
      <data key="d40">0</data>
    </edge>
    <edge source="12" target="27">
      <data key="d36">2</data>
      <data key="d37">2M</data>
      <data key="d38">M</data>
      <data key="d39">2000000.0</data>
      <data key="d40">0</data>
    </edge>
    <edge source="12" target="28">
      <data key="d36">155</data>
      <data key="d37">155M</data>
      <data key="d38">M</data>
      <data key="d39">155000000.0</data>
      <data key="d40">0</data>
    </edge>
    <edge source="12" target="13">
      <data key="d36">2.5</data>
      <data key="d37">2.5G</data>
      <data key="d38">G</data>
      <data key="d39">2500000000.0</data>
      <data key="d40">0</data>
    </edge>
    <edge source="13" target="21">
      <data key="d41">e50</data>
      <data key="d40">0</data>
    </edge>
    <edge source="14" target="15">
      <data key="d36">2.5</data>
      <data key="d37">2.5G</data>
      <data key="d38">G</data>
      <data key="d39">2500000000.0</data>
      <data key="d40">0</data>
    </edge>
    <edge source="15" target="16">
      <data key="d36">2.5</data>
      <data key="d37">2.5G</data>
      <data key="d38">G</data>
      <data key="d39">2500000000.0</data>
      <data key="d40">0</data>
    </edge>
    <edge source="15" target="17">
      <data key="d36">2.5</data>
      <data key="d37">2.5G</data>
      <data key="d38">G</data>
      <data key="d39">2500000000.0</data>
      <data key="d40">0</data>
    </edge>
    <edge source="15" target="21">
      <data key="d36">2.5</data>
      <data key="d37">2.5G</data>
      <data key="d38">G</data>
      <data key="d39">2500000000.0</data>
      <data key="d40">0</data>
    </edge>
    <edge source="15" target="29">
      <data key="d36">155</data>
      <data key="d37">155M</data>
      <data key="d38">M</data>
      <data key="d39">155000000.0</data>
      <data key="d40">0</data>
    </edge>
    <edge source="18" target="21">
      <data key="d37">External</data>
      <data key="d40">0</data>
    </edge>
    <edge source="19" target="21">
      <data key="d37">External</data>
      <data key="d40">0</data>
    </edge>
    <edge source="20" target="24">
      <data key="d36">2.5</data>
      <data key="d37">2.5G</data>
      <data key="d38">G</data>
      <data key="d39">2500000000.0</data>
      <data key="d40">0</data>
    </edge>
    <edge source="20" target="28">
      <data key="d36">155</data>
      <data key="d37">155M</data>
      <data key="d38">M</data>
      <data key="d39">155000000.0</data>
      <data key="d40">0</data>
    </edge>
    <edge source="21" target="34">
      <data key="d36">155</data>
      <data key="d37">155M</data>
      <data key="d38">M</data>
      <data key="d39">155000000.0</data>
      <data key="d40">0</data>
    </edge>
    <edge source="21" target="39">
      <data key="d36">155</data>
      <data key="d37">155M</data>
      <data key="d38">M</data>
      <data key="d39">155000000.0</data>
      <data key="d40">0</data>
    </edge>
    <edge source="21" target="40">
      <data key="d36">155</data>
      <data key="d37">155M</data>
      <data key="d38">M</data>
      <data key="d39">155000000.0</data>
      <data key="d40">0</data>
    </edge>
    <edge source="21" target="22">
      <data key="d36">155</data>
      <data key="d37">155M</data>
      <data key="d38">M</data>
      <data key="d39">155000000.0</data>
      <data key="d40">0</data>
    </edge>
    <edge source="21" target="23">
      <data key="d36">2</data>
      <data key="d37">2M</data>
      <data key="d38">M</data>
      <data key="d39">2000000.0</data>
      <data key="d40">0</data>
    </edge>
    <edge source="21" target="24">
      <data key="d36">2.5</data>
      <data key="d37">2.5G</data>
      <data key="d38">G</data>
      <data key="d39">2500000000.0</data>
      <data key="d40">0</data>
    </edge>
    <edge source="21" target="31">
      <data key="d36">2.5</data>
      <data key="d37">2.5G</data>
      <data key="d38">G</data>
      <data key="d39">2500000000.0</data>
      <data key="d40">0</data>
    </edge>
    <edge source="21" target="28">
      <data key="d36">2.5</data>
      <data key="d37">2.5G</data>
      <data key="d38">G</data>
      <data key="d39">2500000000.0</data>
      <data key="d40">0</data>
    </edge>
    <edge source="21" target="37">
      <data key="d36">155</data>
      <data key="d37">155M</data>
      <data key="d38">M</data>
      <data key="d39">155000000.0</data>
      <data key="d40">0</data>
    </edge>
    <edge source="21" target="37">
      <data key="d36">155</data>
      <data key="d37">155M</data>
      <data key="d38">M</data>
      <data key="d39">155000000.0</data>
      <data key="d40">1</data>
    </edge>
    <edge source="23" target="29">
      <data key="d36">155</data>
      <data key="d37">155M</data>
      <data key="d38">M</data>
      <data key="d39">155000000.0</data>
      <data key="d40">0</data>
    </edge>
    <edge source="24" target="32">
      <data key="d36">2.5</data>
      <data key="d37">2.5G</data>
      <data key="d38">G</data>
      <data key="d39">2500000000.0</data>
      <data key="d40">0</data>
    </edge>
    <edge source="24" target="25">
      <data key="d36">155</data>
      <data key="d37">155M</data>
      <data key="d38">M</data>
      <data key="d39">155000000.0</data>
      <data key="d40">0</data>
    </edge>
    <edge source="24" target="28">
      <data key="d36">2.5</data>
      <data key="d37">2.5G</data>
      <data key="d38">G</data>
      <data key="d39">2500000000.0</data>
      <data key="d40">0</data>
    </edge>
    <edge source="24" target="31">
      <data key="d36">155</data>
      <data key="d37">155M</data>
      <data key="d38">M</data>
      <data key="d39">155000000.0</data>
      <data key="d40">0</data>
    </edge>
    <edge source="26" target="29">
      <data key="d36">155</data>
      <data key="d37">155M</data>
      <data key="d38">M</data>
      <data key="d39">155000000.0</data>
      <data key="d40">0</data>
    </edge>
    <edge source="27" target="28">
      <data key="d36">155</data>
      <data key="d37">155M</data>
      <data key="d38">M</data>
      <data key="d39">155000000.0</data>
      <data key="d40">0</data>
    </edge>
    <edge source="28" target="29">
      <data key="d36">2.5</data>
      <data key="d37">2.5G</data>
      <data key="d38">G</data>
      <data key="d39">2500000000.0</data>
      <data key="d40">0</data>
    </edge>
    <edge source="29" target="30">
      <data key="d36">2.5</data>
      <data key="d37">2.5G</data>
      <data key="d38">G</data>
      <data key="d39">2500000000.0</data>
      <data key="d40">0</data>
    </edge>
    <edge source="32" target="37">
      <data key="d36">155</data>
      <data key="d37">155M</data>
      <data key="d38">M</data>
      <data key="d39">155000000.0</data>
      <data key="d40">0</data>
    </edge>
    <edge source="33" target="37">
      <data key="d36">155</data>
      <data key="d37">155M</data>
      <data key="d38">M</data>
      <data key="d39">155000000.0</data>
      <data key="d40">0</data>
    </edge>
    <edge source="33" target="38">
      <data key="d36">2</data>
      <data key="d37">2M</data>
      <data key="d38">M</data>
      <data key="d39">2000000.0</data>
      <data key="d40">0</data>
    </edge>
    <edge source="35" target="36">
      <data key="d36">2</data>
      <data key="d37">2M</data>
      <data key="d38">M</data>
      <data key="d39">2000000.0</data>
      <data key="d40">0</data>
    </edge>
    <edge source="35" target="37">
      <data key="d36">155</data>
      <data key="d37">155M</data>
      <data key="d38">M</data>
      <data key="d39">155000000.0</data>
      <data key="d40">0</data>
    </edge>
    <edge source="36" target="37">
      <data key="d36">155</data>
      <data key="d37">155M</data>
      <data key="d38">M</data>
      <data key="d39">155000000.0</data>
      <data key="d40">0</data>
    </edge>
    <edge source="37" target="38">
      <data key="d36">155</data>
      <data key="d37">155M</data>
      <data key="d38">M</data>
      <data key="d39">155000000.0</data>
      <data key="d40">0</data>
    </edge>
    <edge source="39" target="40">
      <data key="d36">2</data>
      <data key="d37">2M</data>
      <data key="d38">M</data>
      <data key="d39">2000000.0</data>
      <data key="d40">0</data>
    </edge>
  </graph>
</graphml>
