<?xml version="1.0" encoding="utf-8"?><graphml xmlns="http://graphml.graphdrawing.org/xmlns" xmlns:xsi="http://www.w3.org/2001/XMLSchema-instance" xsi:schemaLocation="http://graphml.graphdrawing.org/xmlns http://graphml.graphdrawing.org/xmlns/1.0/graphml.xsd">
  <key attr.name="LinkSpeedRaw" attr.type="double" for="edge" id="d39" />
  <key attr.name="LinkSpeedUnits" attr.type="string" for="edge" id="d38" />
  <key attr.name="LinkSpeed" attr.type="string" for="edge" id="d37" />
  <key attr.name="key" attr.type="int" for="edge" id="d36" />
  <key attr.name="LinkLabel" attr.type="string" for="edge" id="d35" />
  <key attr.name="label" attr.type="string" for="node" id="d34" />
  <key attr.name="Longitude" attr.type="double" for="node" id="d33" />
  <key attr.name="id" attr.type="int" for="node" id="d32" />
  <key attr.name="Country" attr.type="string" for="node" id="d31" />
  <key attr.name="Latitude" attr.type="double" for="node" id="d30" />
  <key attr.name="Internal" attr.type="int" for="node" id="d29" />
  <key attr.name="Testbed" attr.type="int" for="graph" id="d28" />
  <key attr.name="LastProcessed" attr.type="string" for="graph" id="d27" />
  <key attr.name="DateYear" attr.type="string" for="graph" id="d26" />
  <key attr.name="NetworkDate" attr.type="string" for="graph" id="d25" />
  <key attr.name="Transit" attr.type="int" for="graph" id="d24" />
  <key attr.name="Developed" attr.type="int" for="graph" id="d23" />
  <key attr.name="Creator" attr.type="string" for="graph" id="d22" />
  <key attr.name="Layer" attr.type="string" for="graph" id="d21" />
  <key attr.name="Access" attr.type="int" for="graph" id="d20" />
  <key attr.name="LastAccess" attr.type="string" for="graph" id="d19" />
  <key attr.name="DateMonth" attr.type="string" for="graph" id="d18" />
  <key attr.name="DateModifier" attr.type="string" for="graph" id="d17" />
  <key attr.name="SourceGitVersion" attr.type="string" for="graph" id="d16" />
  <key attr.name="IX" attr.type="int" for="graph" id="d15" />
  <key attr.name="Customer" attr.type="int" for="graph" id="d14" />
  <key attr.name="ToolsetVersion" attr.type="string" for="graph" id="d13" />
  <key attr.name="label" attr.type="string" for="graph" id="d12" />
  <key attr.name="Commercial" attr.type="int" for="graph" id="d11" />
  <key attr.name="Backbone" attr.type="int" for="graph" id="d10" />
  <key attr.name="DateType" attr.type="string" for="graph" id="d9" />
  <key attr.name="Type" attr.type="string" for="graph" id="d8" />
  <key attr.name="Version" attr.type="string" for="graph" id="d7" />
  <key attr.name="Source" attr.type="string" for="graph" id="d6" />
  <key attr.name="Note" attr.type="string" for="graph" id="d5" />
  <key attr.name="Provenance" attr.type="string" for="graph" id="d4" />
  <key attr.name="Network" attr.type="string" for="graph" id="d3" />
  <key attr.name="GeoExtent" attr.type="string" for="graph" id="d2" />
  <key attr.name="GeoLocation" attr.type="string" for="graph" id="d1" />
  <key attr.name="DateObtained" attr.type="string" for="graph" id="d0" />
  <graph edgedefault="undirected">
    <data key="d0">20/01/11</data>
    <data key="d1">Czech Republic</data>
    <data key="d2">Country</data>
    <data key="d3">CESNET</data>
    <data key="d4">Secondary</data>
    <data key="d5">Hard to determine link speeds</data>
    <data key="d6">http://replay.waybackmachine.org/20051123114233/http://www.cesnet.cz/provoz/img/cesnet2-topo.gif</data>
    <data key="d7">1.0</data>
    <data key="d8">REN</data>
    <data key="d9">Historic</data>
    <data key="d10">1</data>
    <data key="d11">0</data>
    <data key="d12">Cesnet200511</data>
    <data key="d13">0.3.34dev-20120328</data>
    <data key="d14">0</data>
    <data key="d15">0</data>
    <data key="d16">e278b1b</data>
    <data key="d17">=</data>
    <data key="d18">11</data>
    <data key="d19">20/01/11</data>
    <data key="d20">0</data>
    <data key="d21">IP</data>
    <data key="d22">Topology Zoo Toolset</data>
    <data key="d23">1</data>
    <data key="d24">1</data>
    <data key="d25">2005_11</data>
    <data key="d26">2005</data>
    <data key="d27">2011_09_01</data>
    <data key="d28">1</data>
    <node id="0">
      <data key="d29">1</data>
      <data key="d30">50.20923</data>
      <data key="d31">Czech Republic</data>
      <data key="d32">0</data>
      <data key="d33">15.83277</data>
      <data key="d34">Hradec Kralove</data>
    </node>
    <node id="1">
      <data key="d29">1</data>
      <data key="d30">49.90436</data>
      <data key="d31">Czech Republic</data>
      <data key="d32">1</data>
      <data key="d33">16.44413</data>
      <data key="d34">Ceska Trebova</data>
    </node>
    <node id="2">
      <data key="d29">1</data>
      <data key="d30">49.14404</data>
      <data key="d31">Czech Republic</data>
      <data key="d32">2</data>
      <data key="d33">15.00301</data>
      <data key="d34">Jindrichuv Hradec</data>
    </node>
    <node id="3">
      <data key="d29">1</data>
      <data key="d30">50.04075</data>
      <data key="d31">Czech Republic</data>
      <data key="d32">3</data>
      <data key="d33">15.77659</data>
      <data key="d34">Pardubice</data>
    </node>
    <node id="4">
      <data key="d29">1</data>
      <data key="d30">49.27747</data>
      <data key="d31">Czech Republic</data>
      <data key="d32">4</data>
      <data key="d33">16.99897</data>
      <data key="d34">Vyskov</data>
    </node>
    <node id="5">
      <data key="d29">1</data>
      <data key="d30">49.21667</data>
      <data key="d31">Czech Republic</data>
      <data key="d32">5</data>
      <data key="d33">17.66667</data>
      <data key="d34">Zlin</data>
    </node>
    <node id="6">
      <data key="d29">1</data>
      <data key="d30">49.59552</data>
      <data key="d31">Czech Republic</data>
      <data key="d32">6</data>
      <data key="d33">17.25175</data>
      <data key="d34">Olomouc</data>
    </node>
    <node id="7">
      <data key="d29">1</data>
      <data key="d30">49.19522</data>
      <data key="d31">Czech Republic</data>
      <data key="d32">7</data>
      <data key="d33">16.60796</data>
      <data key="d34">Brno</data>
    </node>
    <node id="8">
      <data key="d29">1</data>
      <data key="d30">48.75897</data>
      <data key="d31">Czech Republic</data>
      <data key="d32">8</data>
      <data key="d33">16.88203</data>
      <data key="d34">Breclav,Lednice</data>
    </node>
    <node id="9">
      <data key="d29">1</data>
      <data key="d30">49.83465</data>
      <data key="d31">Czech Republic</data>
      <data key="d32">9</data>
      <data key="d33">18.28204</data>
      <data key="d34">Ostrava</data>
    </node>
    <node id="10">
      <data key="d29">0</data>
      <data key="d32">10</data>
      <data key="d34">PIONIER</data>
    </node>
    <node id="11">
      <data key="d29">1</data>
      <data key="d30">49.96382</data>
      <data key="d31">Czech Republic</data>
      <data key="d32">11</data>
      <data key="d33">14.072</data>
      <data key="d34">Beroun</data>
    </node>
    <node id="12">
      <data key="d29">1</data>
      <data key="d30">49.96459</data>
      <data key="d31">Czech Republic</data>
      <data key="d32">12</data>
      <data key="d33">12.70118</data>
      <data key="d34">Marlanske Lazne</data>
    </node>
    <node id="13">
      <data key="d29">1</data>
      <data key="d30">50.50301</data>
      <data key="d31">Czech Republic</data>
      <data key="d32">13</data>
      <data key="d33">13.63617</data>
      <data key="d34">Most</data>
    </node>
    <node id="14">
      <data key="d29">1</data>
      <data key="d30">50.43172</data>
      <data key="d31">Czech Republic</data>
      <data key="d32">14</data>
      <data key="d33">15.81402</data>
      <data key="d34">Dvur Kralove</data>
    </node>
    <node id="15">
      <data key="d29">1</data>
      <data key="d30">50.08967</data>
      <data key="d31">Czech Republic</data>
      <data key="d32">15</data>
      <data key="d33">17.70385</data>
      <data key="d34">Krnov</data>
    </node>
    <node id="16">
      <data key="d29">1</data>
      <data key="d30">49.01018</data>
      <data key="d31">Czech Republic</data>
      <data key="d32">16</data>
      <data key="d33">17.12253</data>
      <data key="d34">Kyjov</data>
    </node>
    <node id="17">
      <data key="d29">1</data>
      <data key="d30">49.3961</data>
      <data key="d31">Czech Republic</data>
      <data key="d32">17</data>
      <data key="d33">15.59124</data>
      <data key="d34">Jihlava</data>
    </node>
    <node id="18">
      <data key="d29">0</data>
      <data key="d32">18</data>
      <data key="d34">SANET</data>
    </node>
    <node id="19">
      <data key="d29">1</data>
      <data key="d30">49.18418</data>
      <data key="d31">Czech Republic</data>
      <data key="d32">19</data>
      <data key="d33">15.45275</data>
      <data key="d34">Telc</data>
    </node>
    <node id="20">
      <data key="d29">1</data>
      <data key="d30">49.99403</data>
      <data key="d31">Czech Republic</data>
      <data key="d32">20</data>
      <data key="d33">14.85922</data>
      <data key="d34">Kostelec n C.L</data>
    </node>
    <node id="21">
      <data key="d29">1</data>
      <data key="d30">49.00364</data>
      <data key="d31">Czech Republic</data>
      <data key="d32">21</data>
      <data key="d33">14.77065</data>
      <data key="d34">Trebon</data>
    </node>
    <node id="22">
      <data key="d29">0</data>
      <data key="d32">22</data>
      <data key="d34">GEANT</data>
    </node>
    <node id="23">
      <data key="d29">1</data>
      <data key="d30">49.93866</data>
      <data key="d31">Czech Republic</data>
      <data key="d32">23</data>
      <data key="d33">17.90257</data>
      <data key="d34">Opava</data>
    </node>
    <node id="24">
      <data key="d29">1</data>
      <data key="d30">49.84452</data>
      <data key="d31">Czech Republic</data>
      <data key="d32">24</data>
      <data key="d33">18.49166</data>
      <data key="d34">Karvina</data>
    </node>
    <node id="25">
      <data key="d29">1</data>
      <data key="d30">49.94839</data>
      <data key="d31">Czech Republic</data>
      <data key="d32">25</data>
      <data key="d33">15.26816</data>
      <data key="d34">Kutna Hora</data>
    </node>
    <node id="26">
      <data key="d29">1</data>
      <data key="d30">50.17734</data>
      <data key="d31">Czech Republic</data>
      <data key="d32">26</data>
      <data key="d33">14.35733</data>
      <data key="d34">Rez</data>
    </node>
    <node id="27">
      <data key="d29">1</data>
      <data key="d30">49.41441</data>
      <data key="d31">Czech Republic</data>
      <data key="d32">27</data>
      <data key="d33">14.6578</data>
      <data key="d34">Tabor</data>
    </node>
    <node id="28">
      <data key="d29">1</data>
      <data key="d30">49.3088</data>
      <data key="d31">Czech Republic</data>
      <data key="d32">28</data>
      <data key="d33">14.1475</data>
      <data key="d34">Pisek</data>
    </node>
    <node id="29">
      <data key="d29">0</data>
      <data key="d32">29</data>
      <data key="d34">NIX</data>
    </node>
    <node id="30">
      <data key="d29">0</data>
      <data key="d32">30</data>
      <data key="d34">Internet</data>
    </node>
    <node id="31">
      <data key="d29">1</data>
      <data key="d30">50.07963</data>
      <data key="d31">Czech Republic</data>
      <data key="d32">31</data>
      <data key="d33">12.37392</data>
      <data key="d34">Cheb</data>
    </node>
    <node id="32">
      <data key="d29">1</data>
      <data key="d30">49.74747</data>
      <data key="d31">Czech Republic</data>
      <data key="d32">32</data>
      <data key="d33">13.37759</data>
      <data key="d34">Plzen</data>
    </node>
    <node id="33">
      <data key="d29">1</data>
      <data key="d30">50.78215</data>
      <data key="d31">Czech Republic</data>
      <data key="d32">33</data>
      <data key="d33">14.21478</data>
      <data key="d34">Decin</data>
    </node>
    <node id="34">
      <data key="d29">1</data>
      <data key="d30">50.6607</data>
      <data key="d31">Czech Republic</data>
      <data key="d32">34</data>
      <data key="d33">14.03227</data>
      <data key="d34">Usti nad Labem</data>
    </node>
    <node id="35">
      <data key="d29">1</data>
      <data key="d30">50.08804</data>
      <data key="d31">Czech Republic</data>
      <data key="d32">35</data>
      <data key="d33">14.42076</data>
      <data key="d34">Praha</data>
    </node>
    <node id="36">
      <data key="d29">1</data>
      <data key="d30">50.76711</data>
      <data key="d31">Czech Republic</data>
      <data key="d32">36</data>
      <data key="d33">15.05619</data>
      <data key="d34">Liberec</data>
    </node>
    <node id="37">
      <data key="d29">1</data>
      <data key="d30">50.14242</data>
      <data key="d31">Czech Republic</data>
      <data key="d32">37</data>
      <data key="d33">15.11881</data>
      <data key="d34">Podebrady</data>
    </node>
    <node id="38">
      <data key="d29">1</data>
      <data key="d30">48.97447</data>
      <data key="d31">Czech Republic</data>
      <data key="d32">38</data>
      <data key="d33">14.47434</data>
      <data key="d34">Ceske Budejovice</data>
    </node>
    <edge source="0" target="1">
      <data key="d35">10-34 Mb/s</data>
      <data key="d36">0</data>
    </edge>
    <edge source="0" target="3">
      <data key="d35">1-2.5 Gb/s</data>
      <data key="d36">0</data>
    </edge>
    <edge source="0" target="36">
      <data key="d35">1-2.5 Gb/s</data>
      <data key="d36">0</data>
    </edge>
    <edge source="0" target="6">
      <data key="d35">1-2.5 Gb/s</data>
      <data key="d36">0</data>
    </edge>
    <edge source="0" target="14">
      <data key="d35">10-34 Mb/s</data>
      <data key="d36">0</data>
    </edge>
    <edge source="0" target="35">
      <data key="d35">1-2.5 Gb/s</data>
      <data key="d36">0</data>
    </edge>
    <edge source="2" target="38">
      <data key="d37">100</data>
      <data key="d35">100 Mb/s</data>
      <data key="d38">M</data>
      <data key="d39">100000000.0</data>
      <data key="d36">0</data>
    </edge>
    <edge source="3" target="25">
      <data key="d35">10-34 Mb/s</data>
      <data key="d36">0</data>
    </edge>
    <edge source="3" target="35">
      <data key="d35">1-2.5 Gb/s</data>
      <data key="d36">0</data>
    </edge>
    <edge source="3" target="17">
      <data key="d35">1-2.5 Gb/s</data>
      <data key="d36">0</data>
    </edge>
    <edge source="4" target="7">
      <data key="d35">10-34 Mb/s</data>
      <data key="d36">0</data>
    </edge>
    <edge source="5" target="6">
      <data key="d35">1-2.5 Gb/s</data>
      <data key="d36">0</data>
    </edge>
    <edge source="5" target="7">
      <data key="d35">1-2.5 Gb/s</data>
      <data key="d36">0</data>
    </edge>
    <edge source="6" target="9">
      <data key="d35">1-2.5 Gb/s</data>
      <data key="d36">0</data>
    </edge>
    <edge source="6" target="7">
      <data key="d35">1-2.5 Gb/s</data>
      <data key="d36">0</data>
    </edge>
    <edge source="7" target="35">
      <data key="d35">DWDM</data>
      <data key="d36">0</data>
    </edge>
    <edge source="7" target="8">
      <data key="d35">10-34 Mb/s</data>
      <data key="d36">0</data>
    </edge>
    <edge source="7" target="9">
      <data key="d35">1-2.5 Gb/s</data>
      <data key="d36">0</data>
    </edge>
    <edge source="7" target="16">
      <data key="d35">1-2.5 Gb/s</data>
      <data key="d36">0</data>
    </edge>
    <edge source="7" target="18">
      <data key="d35">1-2.5 Gb/s</data>
      <data key="d36">0</data>
    </edge>
    <edge source="7" target="38">
      <data key="d35">1-2.5 Gb/s</data>
      <data key="d36">0</data>
    </edge>
    <edge source="9" target="24">
      <data key="d37">100</data>
      <data key="d35">100 Mb/s</data>
      <data key="d38">M</data>
      <data key="d39">100000000.0</data>
      <data key="d36">0</data>
    </edge>
    <edge source="9" target="10">
      <data key="d35">1-2.5 Gb/s</data>
      <data key="d36">0</data>
    </edge>
    <edge source="9" target="23">
      <data key="d37">100</data>
      <data key="d35">100 Mb/s</data>
      <data key="d38">M</data>
      <data key="d39">100000000.0</data>
      <data key="d36">0</data>
    </edge>
    <edge source="11" target="35">
      <data key="d35">10-34 Mb/s</data>
      <data key="d36">0</data>
    </edge>
    <edge source="12" target="35">
      <data key="d35">10-34 Mb/s</data>
      <data key="d36">0</data>
    </edge>
    <edge source="13" target="34">
      <data key="d35">10-34 Mb/s</data>
      <data key="d36">0</data>
    </edge>
    <edge source="15" target="23">
      <data key="d35">10-34 Mb/s</data>
      <data key="d36">0</data>
    </edge>
    <edge source="17" target="19">
      <data key="d35">10-34 Mb/s</data>
      <data key="d36">0</data>
    </edge>
    <edge source="20" target="37">
      <data key="d35">10-34 Mb/s</data>
      <data key="d36">0</data>
    </edge>
    <edge source="21" target="38">
      <data key="d35">10-34 Mb/s</data>
      <data key="d36">0</data>
    </edge>
    <edge source="22" target="35">
      <data key="d35">1-2.5 Gb/s</data>
      <data key="d36">0</data>
    </edge>
    <edge source="26" target="35">
      <data key="d35">10-34 Mb/s</data>
      <data key="d36">0</data>
    </edge>
    <edge source="27" target="35">
      <data key="d35">10-34 Mb/s</data>
      <data key="d36">0</data>
    </edge>
    <edge source="28" target="38">
      <data key="d35">10-34 Mb/s</data>
      <data key="d36">0</data>
    </edge>
    <edge source="29" target="35">
      <data key="d37">10</data>
      <data key="d35">10 Gb/s</data>
      <data key="d38">G</data>
      <data key="d39">10000000000.0</data>
      <data key="d36">0</data>
    </edge>
    <edge source="30" target="35">
      <data key="d37">800</data>
      <data key="d35">800 Mb/s</data>
      <data key="d38">M</data>
      <data key="d39">800000000.0</data>
      <data key="d36">0</data>
    </edge>
    <edge source="31" target="32">
      <data key="d37">100</data>
      <data key="d35">100 Mb/s</data>
      <data key="d38">M</data>
      <data key="d39">100000000.0</data>
      <data key="d36">0</data>
    </edge>
    <edge source="32" target="35">
      <data key="d35">1-2.5 Gb/s</data>
      <data key="d36">0</data>
    </edge>
    <edge source="32" target="38">
      <data key="d35">1-2.5 Gb/s</data>
      <data key="d36">0</data>
    </edge>
    <edge source="33" target="34">
      <data key="d37">100</data>
      <data key="d35">100 Mb/s</data>
      <data key="d38">M</data>
      <data key="d39">100000000.0</data>
      <data key="d36">0</data>
    </edge>
    <edge source="34" target="35">
      <data key="d35">1-2.5 Gb/s</data>
      <data key="d36">0</data>
    </edge>
    <edge source="34" target="36">
      <data key="d35">1-2.5 Gb/s</data>
      <data key="d36">0</data>
    </edge>
    <edge source="35" target="37">
      <data key="d35">10-34 Mb/s</data>
      <data key="d36">0</data>
    </edge>
  </graph>
</graphml>
