<?xml version="1.0" encoding="utf-8"?><graphml xmlns="http://graphml.graphdrawing.org/xmlns" xmlns:xsi="http://www.w3.org/2001/XMLSchema-instance" xsi:schemaLocation="http://graphml.graphdrawing.org/xmlns http://graphml.graphdrawing.org/xmlns/1.0/graphml.xsd">
  <key attr.name="id" attr.type="string" for="edge" id="d40" />
  <key attr.name="key" attr.type="int" for="edge" id="d39" />
  <key attr.name="LinkSpeedRaw" attr.type="double" for="edge" id="d38" />
  <key attr.name="LinkSpeedUnits" attr.type="string" for="edge" id="d37" />
  <key attr.name="LinkLabel" attr.type="string" for="edge" id="d36" />
  <key attr.name="LinkSpeed" attr.type="string" for="edge" id="d35" />
  <key attr.name="Longitude" attr.type="double" for="node" id="d34" />
  <key attr.name="Country" attr.type="string" for="node" id="d33" />
  <key attr.name="Latitude" attr.type="double" for="node" id="d32" />
  <key attr.name="label" attr.type="string" for="node" id="d31" />
  <key attr.name="id" attr.type="int" for="node" id="d30" />
  <key attr.name="Internal" attr.type="int" for="node" id="d29" />
  <key attr.name="hyperedge" attr.type="int" for="node" id="d28" />
  <key attr.name="Testbed" attr.type="int" for="graph" id="d27" />
  <key attr.name="LastProcessed" attr.type="string" for="graph" id="d26" />
  <key attr.name="DateYear" attr.type="string" for="graph" id="d25" />
  <key attr.name="NetworkDate" attr.type="string" for="graph" id="d24" />
  <key attr.name="Transit" attr.type="int" for="graph" id="d23" />
  <key attr.name="Developed" attr.type="int" for="graph" id="d22" />
  <key attr.name="Creator" attr.type="string" for="graph" id="d21" />
  <key attr.name="Layer" attr.type="string" for="graph" id="d20" />
  <key attr.name="LastAccess" attr.type="string" for="graph" id="d19" />
  <key attr.name="DateMonth" attr.type="int" for="graph" id="d18" />
  <key attr.name="DateModifier" attr.type="string" for="graph" id="d17" />
  <key attr.name="SourceGitVersion" attr.type="string" for="graph" id="d16" />
  <key attr.name="IX" attr.type="int" for="graph" id="d15" />
  <key attr.name="Customer" attr.type="int" for="graph" id="d14" />
  <key attr.name="ToolsetVersion" attr.type="string" for="graph" id="d13" />
  <key attr.name="label" attr.type="string" for="graph" id="d12" />
  <key attr.name="Commercial" attr.type="int" for="graph" id="d11" />
  <key attr.name="Backbone" attr.type="int" for="graph" id="d10" />
  <key attr.name="DateType" attr.type="string" for="graph" id="d9" />
  <key attr.name="Type" attr.type="string" for="graph" id="d8" />
  <key attr.name="Version" attr.type="string" for="graph" id="d7" />
  <key attr.name="Source" attr.type="string" for="graph" id="d6" />
  <key attr.name="Access" attr.type="int" for="graph" id="d5" />
  <key attr.name="Provenance" attr.type="string" for="graph" id="d4" />
  <key attr.name="Network" attr.type="string" for="graph" id="d3" />
  <key attr.name="GeoExtent" attr.type="string" for="graph" id="d2" />
  <key attr.name="GeoLocation" attr.type="string" for="graph" id="d1" />
  <key attr.name="DateObtained" attr.type="string" for="graph" id="d0" />
  <graph edgedefault="undirected">
    <data key="d0">20/01/11</data>
    <data key="d1">Czech Republic</data>
    <data key="d2">Country</data>
    <data key="d3">CESNET</data>
    <data key="d4">Primary</data>
    <data key="d5">0</data>
    <data key="d6">http://www.ces.net/network/img/1997-ten34.gif</data>
    <data key="d7">1.0</data>
    <data key="d8">REN</data>
    <data key="d9">Historic</data>
    <data key="d10">1</data>
    <data key="d11">0</data>
    <data key="d12">Cesnet1997</data>
    <data key="d13">0.3.34dev-20120328</data>
    <data key="d14">0</data>
    <data key="d15">0</data>
    <data key="d16">e278b1b</data>
    <data key="d17">=</data>
    <data key="d18">0</data>
    <data key="d19">20/01/11</data>
    <data key="d20">IP</data>
    <data key="d21">Topology Zoo Toolset</data>
    <data key="d22">1</data>
    <data key="d23">1</data>
    <data key="d24">1997</data>
    <data key="d25">1997</data>
    <data key="d26">2011_09_01</data>
    <data key="d27">1</data>
    <node id="0">
      <data key="d28">1</data>
      <data key="d29">1</data>
      <data key="d30">0</data>
      <data key="d31">None</data>
    </node>
    <node id="1">
      <data key="d28">1</data>
      <data key="d29">1</data>
      <data key="d30">1</data>
      <data key="d31">None</data>
    </node>
    <node id="2">
      <data key="d28">1</data>
      <data key="d29">1</data>
      <data key="d30">2</data>
      <data key="d31">None</data>
    </node>
    <node id="3">
      <data key="d29">1</data>
      <data key="d32">49.83465</data>
      <data key="d33">Czech Republic</data>
      <data key="d30">3</data>
      <data key="d34">18.28204</data>
      <data key="d31">Ostrava</data>
    </node>
    <node id="4">
      <data key="d29">0</data>
      <data key="d30">4</data>
      <data key="d31">TEN-34</data>
    </node>
    <node id="5">
      <data key="d29">1</data>
      <data key="d32">49.74747</data>
      <data key="d33">Czech Republic</data>
      <data key="d30">5</data>
      <data key="d34">13.37759</data>
      <data key="d31">Plzen</data>
    </node>
    <node id="6">
      <data key="d29">1</data>
      <data key="d32">50.08804</data>
      <data key="d33">Czech Republic</data>
      <data key="d30">6</data>
      <data key="d34">14.42076</data>
      <data key="d31">Praha</data>
    </node>
    <node id="7">
      <data key="d29">1</data>
      <data key="d32">50.76711</data>
      <data key="d33">Czech Republic</data>
      <data key="d30">7</data>
      <data key="d34">15.05619</data>
      <data key="d31">Liberec</data>
    </node>
    <node id="8">
      <data key="d29">1</data>
      <data key="d32">48.97447</data>
      <data key="d33">Czech Republic</data>
      <data key="d30">8</data>
      <data key="d34">14.47434</data>
      <data key="d31">Ceske Budejovice</data>
    </node>
    <node id="9">
      <data key="d29">1</data>
      <data key="d32">50.04075</data>
      <data key="d33">Czech Republic</data>
      <data key="d30">9</data>
      <data key="d34">15.77659</data>
      <data key="d31">Pardubice</data>
    </node>
    <node id="10">
      <data key="d29">1</data>
      <data key="d32">50.20923</data>
      <data key="d33">Czech Republic</data>
      <data key="d30">10</data>
      <data key="d34">15.83277</data>
      <data key="d31">Hradec Kralove</data>
    </node>
    <node id="11">
      <data key="d29">1</data>
      <data key="d32">49.59552</data>
      <data key="d33">Czech Republic</data>
      <data key="d30">11</data>
      <data key="d34">17.25175</data>
      <data key="d31">Olomouc</data>
    </node>
    <node id="12">
      <data key="d29">1</data>
      <data key="d32">49.19522</data>
      <data key="d33">Czech Republic</data>
      <data key="d30">12</data>
      <data key="d34">16.60796</data>
      <data key="d31">Brno</data>
    </node>
    <edge source="0" target="1">
      <data key="d35">34</data>
      <data key="d36">34M</data>
      <data key="d37">M</data>
      <data key="d38">34000000.0</data>
      <data key="d39">0</data>
    </edge>
    <edge source="0" target="11">
      <data key="d35">34</data>
      <data key="d36">34M</data>
      <data key="d37">M</data>
      <data key="d38">34000000.0</data>
      <data key="d39">0</data>
    </edge>
    <edge source="0" target="12">
      <data key="d35">34</data>
      <data key="d36">34M</data>
      <data key="d37">M</data>
      <data key="d38">34000000.0</data>
      <data key="d39">0</data>
    </edge>
    <edge source="1" target="8">
      <data key="d35">34</data>
      <data key="d36">34M</data>
      <data key="d37">M</data>
      <data key="d38">34000000.0</data>
      <data key="d39">0</data>
    </edge>
    <edge source="1" target="6">
      <data key="d35">34</data>
      <data key="d36">34M</data>
      <data key="d37">M</data>
      <data key="d38">34000000.0</data>
      <data key="d39">0</data>
    </edge>
    <edge source="2" target="9">
      <data key="d35">34</data>
      <data key="d36">34M</data>
      <data key="d37">M</data>
      <data key="d38">34000000.0</data>
      <data key="d39">0</data>
    </edge>
    <edge source="2" target="10">
      <data key="d35">34</data>
      <data key="d36">34M</data>
      <data key="d37">M</data>
      <data key="d38">34000000.0</data>
      <data key="d39">0</data>
    </edge>
    <edge source="2" target="6">
      <data key="d35">34</data>
      <data key="d36">34M</data>
      <data key="d37">M</data>
      <data key="d38">34000000.0</data>
      <data key="d39">0</data>
    </edge>
    <edge source="3" target="11">
      <data key="d35">34</data>
      <data key="d36">34M</data>
      <data key="d37">M</data>
      <data key="d38">34000000.0</data>
      <data key="d39">0</data>
    </edge>
    <edge source="4" target="6">
      <data key="d40">e1</data>
      <data key="d39">0</data>
    </edge>
    <edge source="5" target="6">
      <data key="d35">34</data>
      <data key="d36">34M</data>
      <data key="d37">M</data>
      <data key="d38">34000000.0</data>
      <data key="d39">0</data>
    </edge>
    <edge source="6" target="7">
      <data key="d35">34</data>
      <data key="d36">34M</data>
      <data key="d37">M</data>
      <data key="d38">34000000.0</data>
      <data key="d39">0</data>
    </edge>
  </graph>
</graphml>
