<?xml version="1.0" encoding="utf-8"?><graphml xmlns="http://graphml.graphdrawing.org/xmlns" xmlns:xsi="http://www.w3.org/2001/XMLSchema-instance" xsi:schemaLocation="http://graphml.graphdrawing.org/xmlns http://graphml.graphdrawing.org/xmlns/1.0/graphml.xsd">
  <key attr.name="LinkSpeedRaw" attr.type="double" for="edge" id="d40" />
  <key attr.name="LinkSpeedUnits" attr.type="string" for="edge" id="d39" />
  <key attr.name="LinkSpeed" attr.type="string" for="edge" id="d38" />
  <key attr.name="key" attr.type="int" for="edge" id="d37" />
  <key attr.name="LinkLabel" attr.type="string" for="edge" id="d36" />
  <key attr.name="label" attr.type="string" for="node" id="d35" />
  <key attr.name="Longitude" attr.type="double" for="node" id="d34" />
  <key attr.name="id" attr.type="int" for="node" id="d33" />
  <key attr.name="type" attr.type="string" for="node" id="d32" />
  <key attr.name="Country" attr.type="string" for="node" id="d31" />
  <key attr.name="Latitude" attr.type="double" for="node" id="d30" />
  <key attr.name="Internal" attr.type="int" for="node" id="d29" />
  <key attr.name="Testbed" attr.type="int" for="graph" id="d28" />
  <key attr.name="LastProcessed" attr.type="string" for="graph" id="d27" />
  <key attr.name="DateYear" attr.type="string" for="graph" id="d26" />
  <key attr.name="NetworkDate" attr.type="string" for="graph" id="d25" />
  <key attr.name="Transit" attr.type="int" for="graph" id="d24" />
  <key attr.name="Developed" attr.type="int" for="graph" id="d23" />
  <key attr.name="Creator" attr.type="string" for="graph" id="d22" />
  <key attr.name="Layer" attr.type="string" for="graph" id="d21" />
  <key attr.name="Access" attr.type="int" for="graph" id="d20" />
  <key attr.name="LastAccess" attr.type="string" for="graph" id="d19" />
  <key attr.name="DateMonth" attr.type="string" for="graph" id="d18" />
  <key attr.name="DateModifier" attr.type="string" for="graph" id="d17" />
  <key attr.name="SourceGitVersion" attr.type="string" for="graph" id="d16" />
  <key attr.name="IX" attr.type="int" for="graph" id="d15" />
  <key attr.name="Customer" attr.type="int" for="graph" id="d14" />
  <key attr.name="ToolsetVersion" attr.type="string" for="graph" id="d13" />
  <key attr.name="label" attr.type="string" for="graph" id="d12" />
  <key attr.name="Commercial" attr.type="int" for="graph" id="d11" />
  <key attr.name="Backbone" attr.type="int" for="graph" id="d10" />
  <key attr.name="DateType" attr.type="string" for="graph" id="d9" />
  <key attr.name="Type" attr.type="string" for="graph" id="d8" />
  <key attr.name="Version" attr.type="string" for="graph" id="d7" />
  <key attr.name="Source" attr.type="string" for="graph" id="d6" />
  <key attr.name="Note" attr.type="string" for="graph" id="d5" />
  <key attr.name="Provenance" attr.type="string" for="graph" id="d4" />
  <key attr.name="Network" attr.type="string" for="graph" id="d3" />
  <key attr.name="GeoExtent" attr.type="string" for="graph" id="d2" />
  <key attr.name="GeoLocation" attr.type="string" for="graph" id="d1" />
  <key attr.name="DateObtained" attr.type="string" for="graph" id="d0" />
  <graph edgedefault="undirected">
    <data key="d0">14/02/11</data>
    <data key="d1">Czech Republic</data>
    <data key="d2">Country</data>
    <data key="d3">CESNET</data>
    <data key="d4">Primary</data>
    <data key="d5">Letohrad found using http://czechlight.cesnet.cz/export/sites/default/publications/network-architecture/2009/sima.pdf</data>
    <data key="d6">http://www.cesnet.cz/provoz/img/cesnet2-topo.pdf</data>
    <data key="d7">1.0</data>
    <data key="d8">REN</data>
    <data key="d9">Historic</data>
    <data key="d10">1</data>
    <data key="d11">0</data>
    <data key="d12">Cesnet201006</data>
    <data key="d13">0.3.34dev-20120328</data>
    <data key="d14">0</data>
    <data key="d15">0</data>
    <data key="d16">e278b1b</data>
    <data key="d17">=</data>
    <data key="d18">06</data>
    <data key="d19">14/02/11</data>
    <data key="d20">0</data>
    <data key="d21">IP</data>
    <data key="d22">Topology Zoo Toolset</data>
    <data key="d23">1</data>
    <data key="d24">1</data>
    <data key="d25">2010_06</data>
    <data key="d26">2010</data>
    <data key="d27">2011_09_01</data>
    <data key="d28">1</data>
    <node id="0">
      <data key="d29">1</data>
      <data key="d30">50.20923</data>
      <data key="d31">Czech Republic</data>
      <data key="d32">Orange Node</data>
      <data key="d33">0</data>
      <data key="d34">15.83277</data>
      <data key="d35">Hradec Kralove</data>
    </node>
    <node id="1">
      <data key="d29">1</data>
      <data key="d30">49.90436</data>
      <data key="d31">Czech Republic</data>
      <data key="d32">Dark Blue Node</data>
      <data key="d33">1</data>
      <data key="d34">16.44413</data>
      <data key="d35">Ceska Trebova</data>
    </node>
    <node id="2">
      <data key="d29">1</data>
      <data key="d30">49.14404</data>
      <data key="d31">Czech Republic</data>
      <data key="d32">Orange Node</data>
      <data key="d33">2</data>
      <data key="d34">15.00301</data>
      <data key="d35">Jindrichuv Hradec</data>
    </node>
    <node id="3">
      <data key="d29">1</data>
      <data key="d30">50.04075</data>
      <data key="d31">Czech Republic</data>
      <data key="d32">Orange Node</data>
      <data key="d33">3</data>
      <data key="d34">15.77659</data>
      <data key="d35">Pardubice</data>
    </node>
    <node id="4">
      <data key="d29">1</data>
      <data key="d30">49.27747</data>
      <data key="d31">Czech Republic</data>
      <data key="d32">Dark Blue Node</data>
      <data key="d33">4</data>
      <data key="d34">16.99897</data>
      <data key="d35">Vyskov</data>
    </node>
    <node id="5">
      <data key="d29">1</data>
      <data key="d30">49.21667</data>
      <data key="d31">Czech Republic</data>
      <data key="d32">Orange Node</data>
      <data key="d33">5</data>
      <data key="d34">17.66667</data>
      <data key="d35">Zlin</data>
    </node>
    <node id="6">
      <data key="d29">1</data>
      <data key="d30">49.59552</data>
      <data key="d31">Czech Republic</data>
      <data key="d32">Orange Node</data>
      <data key="d33">6</data>
      <data key="d34">17.25175</data>
      <data key="d35">Olomouc</data>
    </node>
    <node id="7">
      <data key="d29">1</data>
      <data key="d30">49.19522</data>
      <data key="d31">Czech Republic</data>
      <data key="d32">Orange Node</data>
      <data key="d33">7</data>
      <data key="d34">16.60796</data>
      <data key="d35">Brno</data>
    </node>
    <node id="8">
      <data key="d29">1</data>
      <data key="d30">48.75897</data>
      <data key="d31">Czech Republic</data>
      <data key="d32">Light Blue Node</data>
      <data key="d33">8</data>
      <data key="d34">16.88203</data>
      <data key="d35">Breclav,Lednice</data>
    </node>
    <node id="9">
      <data key="d29">1</data>
      <data key="d30">49.83465</data>
      <data key="d31">Czech Republic</data>
      <data key="d32">Orange Node</data>
      <data key="d33">9</data>
      <data key="d34">18.28204</data>
      <data key="d35">Ostrava</data>
    </node>
    <node id="10">
      <data key="d29">1</data>
      <data key="d30">50.58356</data>
      <data key="d31">Czech Republic</data>
      <data key="d32">Black Node</data>
      <data key="d33">10</data>
      <data key="d34">15.15186</data>
      <data key="d35">Turnov</data>
    </node>
    <node id="11">
      <data key="d29">1</data>
      <data key="d30">50.0358</data>
      <data key="d31">Czech Republic</data>
      <data key="d32">Orange Node</data>
      <data key="d33">11</data>
      <data key="d34">16.49879</data>
      <data key="d35">Letohrad</data>
    </node>
    <node id="12">
      <data key="d29">0</data>
      <data key="d33">12</data>
      <data key="d35">PIONIER</data>
    </node>
    <node id="13">
      <data key="d29">0</data>
      <data key="d33">13</data>
      <data key="d35">ACONET</data>
    </node>
    <node id="14">
      <data key="d29">1</data>
      <data key="d30">49.96382</data>
      <data key="d31">Czech Republic</data>
      <data key="d32">Black Node</data>
      <data key="d33">14</data>
      <data key="d34">14.072</data>
      <data key="d35">Beroun</data>
    </node>
    <node id="15">
      <data key="d29">1</data>
      <data key="d30">49.96459</data>
      <data key="d31">Czech Republic</data>
      <data key="d32">Black Node</data>
      <data key="d33">15</data>
      <data key="d34">12.70118</data>
      <data key="d35">Marlanske Lazne</data>
    </node>
    <node id="16">
      <data key="d29">1</data>
      <data key="d30">50.50301</data>
      <data key="d31">Czech Republic</data>
      <data key="d32">Orange Node</data>
      <data key="d33">16</data>
      <data key="d34">13.63617</data>
      <data key="d35">Most</data>
    </node>
    <node id="17">
      <data key="d29">1</data>
      <data key="d30">50.43172</data>
      <data key="d31">Czech Republic</data>
      <data key="d32">Black Node</data>
      <data key="d33">17</data>
      <data key="d34">15.81402</data>
      <data key="d35">Dvur Kralove</data>
    </node>
    <node id="18">
      <data key="d29">1</data>
      <data key="d30">50.08967</data>
      <data key="d31">Czech Republic</data>
      <data key="d32">Black Node</data>
      <data key="d33">18</data>
      <data key="d34">17.70385</data>
      <data key="d35">Krnov</data>
    </node>
    <node id="19">
      <data key="d29">1</data>
      <data key="d30">49.01018</data>
      <data key="d31">Czech Republic</data>
      <data key="d32">Orange Node</data>
      <data key="d33">19</data>
      <data key="d34">17.12253</data>
      <data key="d35">Kyjov</data>
    </node>
    <node id="20">
      <data key="d29">1</data>
      <data key="d30">49.3961</data>
      <data key="d31">Czech Republic</data>
      <data key="d32">Orange Node</data>
      <data key="d33">20</data>
      <data key="d34">15.59124</data>
      <data key="d35">Jihlava</data>
    </node>
    <node id="21">
      <data key="d29">0</data>
      <data key="d33">21</data>
      <data key="d35">SANET</data>
    </node>
    <node id="22">
      <data key="d29">1</data>
      <data key="d30">48.86667</data>
      <data key="d31">Czech Republic</data>
      <data key="d32">Dark Blue Node</data>
      <data key="d33">22</data>
      <data key="d34">14.0889</data>
      <data key="d35">Ondrejov</data>
    </node>
    <node id="23">
      <data key="d29">1</data>
      <data key="d30">49.54152</data>
      <data key="d31">Czech Republic</data>
      <data key="d32">Light Blue Node</data>
      <data key="d33">23</data>
      <data key="d34">15.35932</data>
      <data key="d35">Humpolec</data>
    </node>
    <node id="24">
      <data key="d29">1</data>
      <data key="d30">50.72431</data>
      <data key="d31">Czech Republic</data>
      <data key="d32">Light Blue Node</data>
      <data key="d33">24</data>
      <data key="d34">15.17108</data>
      <data key="d35">Jablonec n N</data>
    </node>
    <node id="25">
      <data key="d29">1</data>
      <data key="d30">49.86809</data>
      <data key="d31">Czech Republic</data>
      <data key="d32">Black Node</data>
      <data key="d33">25</data>
      <data key="d34">16.31298</data>
      <data key="d35">Litomysl</data>
    </node>
    <node id="26">
      <data key="d29">1</data>
      <data key="d30">49.06975</data>
      <data key="d31">Czech Republic</data>
      <data key="d32">Dark Blue Node</data>
      <data key="d33">26</data>
      <data key="d34">17.45969</data>
      <data key="d35">Uherske Hradiste</data>
    </node>
    <node id="27">
      <data key="d29">1</data>
      <data key="d30">49.47188</data>
      <data key="d31">Czech Republic</data>
      <data key="d32">Light Blue Node</data>
      <data key="d33">27</data>
      <data key="d34">17.11184</data>
      <data key="d35">Prostejov</data>
    </node>
    <node id="28">
      <data key="d29">1</data>
      <data key="d30">49.14789</data>
      <data key="d31">Czech Republic</data>
      <data key="d32">Black Node</data>
      <data key="d33">28</data>
      <data key="d34">14.17513</data>
      <data key="d35">Vodnany</data>
    </node>
    <node id="29">
      <data key="d29">0</data>
      <data key="d33">29</data>
      <data key="d35">AMS-IX</data>
    </node>
    <node id="30">
      <data key="d29">1</data>
      <data key="d30">48.8555</data>
      <data key="d31">Czech Republic</data>
      <data key="d32">Dark Blue Node</data>
      <data key="d33">30</data>
      <data key="d34">16.0488</data>
      <data key="d35">Znojmo</data>
    </node>
    <node id="31">
      <data key="d29">1</data>
      <data key="d30">48.78963</data>
      <data key="d31">Czech Republic</data>
      <data key="d32">Light Blue Node</data>
      <data key="d33">31</data>
      <data key="d34">14.77839</data>
      <data key="d35">Nove Hrady</data>
    </node>
    <node id="32">
      <data key="d29">1</data>
      <data key="d30">49.18418</data>
      <data key="d31">Czech Republic</data>
      <data key="d32">Light Blue Node</data>
      <data key="d33">32</data>
      <data key="d34">15.45275</data>
      <data key="d35">Telc</data>
    </node>
    <node id="33">
      <data key="d29">1</data>
      <data key="d30">49.99403</data>
      <data key="d31">Czech Republic</data>
      <data key="d32">Black Node</data>
      <data key="d33">33</data>
      <data key="d34">14.85922</data>
      <data key="d35">Kostelec n C.L</data>
    </node>
    <node id="34">
      <data key="d29">1</data>
      <data key="d30">49.00364</data>
      <data key="d31">Czech Republic</data>
      <data key="d32">Black Node</data>
      <data key="d33">34</data>
      <data key="d34">14.77065</data>
      <data key="d35">Trebon</data>
    </node>
    <node id="35">
      <data key="d29">0</data>
      <data key="d33">35</data>
      <data key="d35">GEANT</data>
    </node>
    <node id="36">
      <data key="d29">1</data>
      <data key="d30">49.93866</data>
      <data key="d31">Czech Republic</data>
      <data key="d32">Orange Node</data>
      <data key="d33">36</data>
      <data key="d34">17.90257</data>
      <data key="d35">Opava</data>
    </node>
    <node id="37">
      <data key="d29">1</data>
      <data key="d30">49.84452</data>
      <data key="d31">Czech Republic</data>
      <data key="d32">Orange Node</data>
      <data key="d33">37</data>
      <data key="d34">18.49166</data>
      <data key="d35">Karvina</data>
    </node>
    <node id="38">
      <data key="d29">1</data>
      <data key="d30">49.94839</data>
      <data key="d31">Czech Republic</data>
      <data key="d32">Light Blue Node</data>
      <data key="d33">38</data>
      <data key="d34">15.26816</data>
      <data key="d35">Kutna Hora</data>
    </node>
    <node id="39">
      <data key="d29">1</data>
      <data key="d30">50.17734</data>
      <data key="d31">Czech Republic</data>
      <data key="d32">Dark Blue Node</data>
      <data key="d33">39</data>
      <data key="d34">14.35733</data>
      <data key="d35">Rez</data>
    </node>
    <node id="40">
      <data key="d29">1</data>
      <data key="d30">49.41441</data>
      <data key="d31">Czech Republic</data>
      <data key="d32">Black Node</data>
      <data key="d33">40</data>
      <data key="d34">14.6578</data>
      <data key="d35">Tabor</data>
    </node>
    <node id="41">
      <data key="d29">1</data>
      <data key="d30">49.3088</data>
      <data key="d31">Czech Republic</data>
      <data key="d32">Light Blue Node</data>
      <data key="d33">41</data>
      <data key="d34">14.1475</data>
      <data key="d35">Pisek</data>
    </node>
    <node id="42">
      <data key="d29">0</data>
      <data key="d33">42</data>
      <data key="d35">NIX</data>
    </node>
    <node id="43">
      <data key="d29">0</data>
      <data key="d33">43</data>
      <data key="d35">Internet</data>
    </node>
    <node id="44">
      <data key="d29">1</data>
      <data key="d30">50.07963</data>
      <data key="d31">Czech Republic</data>
      <data key="d32">Orange Node</data>
      <data key="d33">44</data>
      <data key="d34">12.37392</data>
      <data key="d35">Cheb</data>
    </node>
    <node id="45">
      <data key="d29">1</data>
      <data key="d30">49.74747</data>
      <data key="d31">Czech Republic</data>
      <data key="d32">Orange Node</data>
      <data key="d33">45</data>
      <data key="d34">13.37759</data>
      <data key="d35">Plzen</data>
    </node>
    <node id="46">
      <data key="d29">1</data>
      <data key="d30">50.78215</data>
      <data key="d31">Czech Republic</data>
      <data key="d32">Orange Node</data>
      <data key="d33">46</data>
      <data key="d34">14.21478</data>
      <data key="d35">Decin</data>
    </node>
    <node id="47">
      <data key="d29">1</data>
      <data key="d30">50.6607</data>
      <data key="d31">Czech Republic</data>
      <data key="d32">Orange Node</data>
      <data key="d33">47</data>
      <data key="d34">14.03227</data>
      <data key="d35">Usti nad Labem</data>
    </node>
    <node id="48">
      <data key="d29">1</data>
      <data key="d30">50.08804</data>
      <data key="d31">Czech Republic</data>
      <data key="d32">Orange Node</data>
      <data key="d33">48</data>
      <data key="d34">14.42076</data>
      <data key="d35">Praha</data>
    </node>
    <node id="49">
      <data key="d29">1</data>
      <data key="d30">50.76711</data>
      <data key="d31">Czech Republic</data>
      <data key="d32">Orange Node</data>
      <data key="d33">49</data>
      <data key="d34">15.05619</data>
      <data key="d35">Liberec</data>
    </node>
    <node id="50">
      <data key="d29">1</data>
      <data key="d30">50.14242</data>
      <data key="d31">Czech Republic</data>
      <data key="d32">Light Blue Node</data>
      <data key="d33">50</data>
      <data key="d34">15.11881</data>
      <data key="d35">Podebrady</data>
    </node>
    <node id="51">
      <data key="d29">1</data>
      <data key="d30">48.97447</data>
      <data key="d31">Czech Republic</data>
      <data key="d32">Orange Node</data>
      <data key="d33">51</data>
      <data key="d34">14.47434</data>
      <data key="d35">Ceske Budejovice</data>
    </node>
    <edge source="0" target="48">
      <data key="d36">DWDM</data>
      <data key="d37">0</data>
    </edge>
    <edge source="0" target="17">
      <data key="d36">&lt; 100 Mb/s</data>
      <data key="d37">0</data>
    </edge>
    <edge source="0" target="3">
      <data key="d36">DWDM</data>
      <data key="d37">0</data>
    </edge>
    <edge source="0" target="11">
      <data key="d36">DWDM</data>
      <data key="d37">0</data>
    </edge>
    <edge source="0" target="49">
      <data key="d36">DWDM</data>
      <data key="d37">0</data>
    </edge>
    <edge source="1" target="11">
      <data key="d36">1-2.5 Gb/s</data>
      <data key="d37">0</data>
    </edge>
    <edge source="2" target="51">
      <data key="d36">DWDM</data>
      <data key="d37">0</data>
    </edge>
    <edge source="2" target="20">
      <data key="d36">DWDM</data>
      <data key="d37">0</data>
    </edge>
    <edge source="3" target="25">
      <data key="d36">&lt; 100 Mb/s</data>
      <data key="d37">0</data>
    </edge>
    <edge source="3" target="38">
      <data key="d38">100</data>
      <data key="d36">100 Mb/s</data>
      <data key="d39">M</data>
      <data key="d40">100000000.0</data>
      <data key="d37">0</data>
    </edge>
    <edge source="3" target="48">
      <data key="d36">DWDM</data>
      <data key="d37">0</data>
    </edge>
    <edge source="4" target="7">
      <data key="d36">1-2.5 Gb/s</data>
      <data key="d37">0</data>
    </edge>
    <edge source="5" target="26">
      <data key="d36">1-2.5 Gb/s</data>
      <data key="d37">0</data>
    </edge>
    <edge source="5" target="6">
      <data key="d36">DWDM</data>
      <data key="d37">0</data>
    </edge>
    <edge source="5" target="7">
      <data key="d36">DWDM</data>
      <data key="d37">0</data>
    </edge>
    <edge source="6" target="9">
      <data key="d36">DWDM</data>
      <data key="d37">0</data>
    </edge>
    <edge source="6" target="11">
      <data key="d36">DWDM</data>
      <data key="d37">0</data>
    </edge>
    <edge source="6" target="7">
      <data key="d36">DWDM</data>
      <data key="d37">0</data>
    </edge>
    <edge source="7" target="32">
      <data key="d38">100</data>
      <data key="d36">100 Mb/s</data>
      <data key="d39">M</data>
      <data key="d40">100000000.0</data>
      <data key="d37">0</data>
    </edge>
    <edge source="7" target="8">
      <data key="d38">100</data>
      <data key="d36">100 Mb/s</data>
      <data key="d39">M</data>
      <data key="d40">100000000.0</data>
      <data key="d37">0</data>
    </edge>
    <edge source="7" target="9">
      <data key="d36">DWDM</data>
      <data key="d37">0</data>
    </edge>
    <edge source="7" target="13">
      <data key="d36">DWDM</data>
      <data key="d37">0</data>
    </edge>
    <edge source="7" target="48">
      <data key="d36">DWDM</data>
      <data key="d37">0</data>
    </edge>
    <edge source="7" target="19">
      <data key="d36">DWDM</data>
      <data key="d37">0</data>
    </edge>
    <edge source="7" target="20">
      <data key="d36">DWDM</data>
      <data key="d37">0</data>
    </edge>
    <edge source="7" target="21">
      <data key="d36">DWDM</data>
      <data key="d37">0</data>
    </edge>
    <edge source="7" target="23">
      <data key="d38">100</data>
      <data key="d36">100 Mb/s</data>
      <data key="d39">M</data>
      <data key="d40">100000000.0</data>
      <data key="d37">0</data>
    </edge>
    <edge source="7" target="27">
      <data key="d36">&lt; 100 Mb/s</data>
      <data key="d37">0</data>
    </edge>
    <edge source="9" target="36">
      <data key="d36">DWDM</data>
      <data key="d37">0</data>
    </edge>
    <edge source="9" target="12">
      <data key="d36">DWDM</data>
      <data key="d37">0</data>
    </edge>
    <edge source="9" target="37">
      <data key="d36">DWDM</data>
      <data key="d37">0</data>
    </edge>
    <edge source="10" target="49">
      <data key="d36">&lt; 100 Mb/s</data>
      <data key="d37">0</data>
    </edge>
    <edge source="11" target="36">
      <data key="d36">DWDM</data>
      <data key="d37">0</data>
    </edge>
    <edge source="14" target="48">
      <data key="d36">&lt; 100 Mb/s</data>
      <data key="d37">0</data>
    </edge>
    <edge source="15" target="48">
      <data key="d36">&lt; 100 Mb/s</data>
      <data key="d37">0</data>
    </edge>
    <edge source="15" target="44">
      <data key="d36">DWDM</data>
      <data key="d37">0</data>
    </edge>
    <edge source="15" target="45">
      <data key="d36">DWDM</data>
      <data key="d37">0</data>
    </edge>
    <edge source="16" target="44">
      <data key="d36">DWDM</data>
      <data key="d37">0</data>
    </edge>
    <edge source="16" target="46">
      <data key="d36">DWDM</data>
      <data key="d37">0</data>
    </edge>
    <edge source="16" target="47">
      <data key="d36">DWDM</data>
      <data key="d37">0</data>
    </edge>
    <edge source="18" target="36">
      <data key="d36">&lt; 100 Mb/s</data>
      <data key="d37">0</data>
    </edge>
    <edge source="20" target="30">
      <data key="d36">1-2.5 Gb/s</data>
      <data key="d37">0</data>
    </edge>
    <edge source="22" target="48">
      <data key="d38">10</data>
      <data key="d36">10 Gb/s</data>
      <data key="d39">G</data>
      <data key="d40">10000000000.0</data>
      <data key="d37">0</data>
    </edge>
    <edge source="24" target="49">
      <data key="d38">100</data>
      <data key="d36">100 Mb/s</data>
      <data key="d39">M</data>
      <data key="d40">100000000.0</data>
      <data key="d37">0</data>
    </edge>
    <edge source="28" target="51">
      <data key="d36">&lt; 100 Mb/s</data>
      <data key="d37">0</data>
    </edge>
    <edge source="29" target="48">
      <data key="d36">1-2.5 Gb/s</data>
      <data key="d37">0</data>
    </edge>
    <edge source="31" target="51">
      <data key="d38">100</data>
      <data key="d36">100 Mb/s</data>
      <data key="d39">M</data>
      <data key="d40">100000000.0</data>
      <data key="d37">0</data>
    </edge>
    <edge source="33" target="48">
      <data key="d36">&lt; 100 Mb/s</data>
      <data key="d37">0</data>
    </edge>
    <edge source="34" target="51">
      <data key="d36">&lt; 100 Mb/s</data>
      <data key="d37">0</data>
    </edge>
    <edge source="35" target="48">
      <data key="d38">10</data>
      <data key="d36">10 Gb/s</data>
      <data key="d39">G</data>
      <data key="d40">10000000000.0</data>
      <data key="d37">0</data>
    </edge>
    <edge source="39" target="48">
      <data key="d36">1-2.5 Gb/s</data>
      <data key="d37">0</data>
    </edge>
    <edge source="40" target="48">
      <data key="d36">&lt; 100 Mb/s</data>
      <data key="d37">0</data>
    </edge>
    <edge source="41" target="48">
      <data key="d38">100</data>
      <data key="d36">100 Mb/s</data>
      <data key="d39">M</data>
      <data key="d40">100000000.0</data>
      <data key="d37">0</data>
    </edge>
    <edge source="42" target="48">
      <data key="d38">10</data>
      <data key="d36">10 Gb/s</data>
      <data key="d39">G</data>
      <data key="d40">10000000000.0</data>
      <data key="d37">0</data>
    </edge>
    <edge source="43" target="48">
      <data key="d36">1-2.5 Gb/s</data>
      <data key="d37">0</data>
    </edge>
    <edge source="45" target="48">
      <data key="d36">DWDM</data>
      <data key="d37">0</data>
    </edge>
    <edge source="45" target="51">
      <data key="d36">DWDM</data>
      <data key="d37">0</data>
    </edge>
    <edge source="46" target="47">
      <data key="d36">DWDM</data>
      <data key="d37">0</data>
    </edge>
    <edge source="47" target="48">
      <data key="d36">DWDM</data>
      <data key="d37">0</data>
    </edge>
    <edge source="47" target="49">
      <data key="d36">DWDM</data>
      <data key="d37">0</data>
    </edge>
    <edge source="48" target="49">
      <data key="d36">DWDM</data>
      <data key="d37">0</data>
    </edge>
    <edge source="48" target="51">
      <data key="d36">DWDM</data>
      <data key="d37">0</data>
    </edge>
    <edge source="48" target="50">
      <data key="d38">100</data>
      <data key="d36">100 Mb/s</data>
      <data key="d39">M</data>
      <data key="d40">100000000.0</data>
      <data key="d37">0</data>
    </edge>
  </graph>
</graphml>
