<?xml version="1.0" encoding="utf-8"?><graphml xmlns="http://graphml.graphdrawing.org/xmlns" xmlns:xsi="http://www.w3.org/2001/XMLSchema-instance" xsi:schemaLocation="http://graphml.graphdrawing.org/xmlns http://graphml.graphdrawing.org/xmlns/1.0/graphml.xsd">
  <key attr.name="LinkNote" attr.type="string" for="edge" id="d39" />
  <key attr.name="LinkLabel" attr.type="string" for="edge" id="d38" />
  <key attr.name="LinkType" attr.type="string" for="edge" id="d37" />
  <key attr.name="key" attr.type="int" for="edge" id="d36" />
  <key attr.name="id" attr.type="string" for="edge" id="d35" />
  <key attr.name="Longitude" attr.type="double" for="node" id="d34" />
  <key attr.name="Country" attr.type="string" for="node" id="d33" />
  <key attr.name="Latitude" attr.type="double" for="node" id="d32" />
  <key attr.name="label" attr.type="string" for="node" id="d31" />
  <key attr.name="id" attr.type="int" for="node" id="d30" />
  <key attr.name="Internal" attr.type="int" for="node" id="d29" />
  <key attr.name="Testbed" attr.type="int" for="graph" id="d28" />
  <key attr.name="LastProcessed" attr.type="string" for="graph" id="d27" />
  <key attr.name="DateYear" attr.type="string" for="graph" id="d26" />
  <key attr.name="NetworkDate" attr.type="string" for="graph" id="d25" />
  <key attr.name="Transit" attr.type="int" for="graph" id="d24" />
  <key attr.name="Developed" attr.type="int" for="graph" id="d23" />
  <key attr.name="Creator" attr.type="string" for="graph" id="d22" />
  <key attr.name="Layer" attr.type="string" for="graph" id="d21" />
  <key attr.name="Access" attr.type="int" for="graph" id="d20" />
  <key attr.name="LastAccess" attr.type="string" for="graph" id="d19" />
  <key attr.name="DateMonth" attr.type="string" for="graph" id="d18" />
  <key attr.name="DateModifier" attr.type="string" for="graph" id="d17" />
  <key attr.name="SourceGitVersion" attr.type="string" for="graph" id="d16" />
  <key attr.name="IX" attr.type="int" for="graph" id="d15" />
  <key attr.name="Customer" attr.type="int" for="graph" id="d14" />
  <key attr.name="ToolsetVersion" attr.type="string" for="graph" id="d13" />
  <key attr.name="label" attr.type="string" for="graph" id="d12" />
  <key attr.name="Commercial" attr.type="int" for="graph" id="d11" />
  <key attr.name="Backbone" attr.type="int" for="graph" id="d10" />
  <key attr.name="DateType" attr.type="string" for="graph" id="d9" />
  <key attr.name="Type" attr.type="string" for="graph" id="d8" />
  <key attr.name="Version" attr.type="string" for="graph" id="d7" />
  <key attr.name="Source" attr.type="string" for="graph" id="d6" />
  <key attr.name="Note" attr.type="string" for="graph" id="d5" />
  <key attr.name="Provenance" attr.type="string" for="graph" id="d4" />
  <key attr.name="Network" attr.type="string" for="graph" id="d3" />
  <key attr.name="GeoExtent" attr.type="string" for="graph" id="d2" />
  <key attr.name="GeoLocation" attr.type="string" for="graph" id="d1" />
  <key attr.name="DateObtained" attr.type="string" for="graph" id="d0" />
  <graph edgedefault="undirected">
    <data key="d0">14/01/11</data>
    <data key="d1">USA</data>
    <data key="d2">Country</data>
    <data key="d3">Compuserve</data>
    <data key="d4">Secondary</data>
    <data key="d5">Compuserve is very complicated and was never much beyond an ISP until WorldCom purchase. Post WorldCom, 'WC did the network, AOL did the ISP and the accountants did the taxes'</data>
    <data key="d6">http://www.nthelp.com/images/compuserve.jpg</data>
    <data key="d7">1.0</data>
    <data key="d8">COM</data>
    <data key="d9">Current</data>
    <data key="d10">0</data>
    <data key="d11">0</data>
    <data key="d12">Compuserve</data>
    <data key="d13">0.3.34dev-20120328</data>
    <data key="d14">1</data>
    <data key="d15">0</data>
    <data key="d16">e278b1b</data>
    <data key="d17">=</data>
    <data key="d18">01</data>
    <data key="d19">14/01/11</data>
    <data key="d20">0</data>
    <data key="d21">IP</data>
    <data key="d22">Topology Zoo Toolset</data>
    <data key="d23">1</data>
    <data key="d24">0</data>
    <data key="d25">2011_01</data>
    <data key="d26">2011</data>
    <data key="d27">2011_09_01</data>
    <data key="d28">0</data>
    <node id="0">
      <data key="d29">0</data>
      <data key="d30">0</data>
      <data key="d31">1</data>
    </node>
    <node id="1">
      <data key="d29">0</data>
      <data key="d30">1</data>
      <data key="d31">1</data>
    </node>
    <node id="2">
      <data key="d29">1</data>
      <data key="d32">38.89511</data>
      <data key="d33">United States</data>
      <data key="d30">2</data>
      <data key="d34">-77.03637</data>
      <data key="d31">Washington, DC</data>
    </node>
    <node id="3">
      <data key="d29">0</data>
      <data key="d30">3</data>
      <data key="d31">1</data>
    </node>
    <node id="4">
      <data key="d29">1</data>
      <data key="d32">42.35843</data>
      <data key="d33">United States</data>
      <data key="d30">4</data>
      <data key="d34">-71.05977</data>
      <data key="d31">Boston</data>
    </node>
    <node id="5">
      <data key="d29">1</data>
      <data key="d32">40.71427</data>
      <data key="d33">United States</data>
      <data key="d30">5</data>
      <data key="d34">-74.00597</data>
      <data key="d31">New York</data>
    </node>
    <node id="6">
      <data key="d29">1</data>
      <data key="d32">47.60621</data>
      <data key="d33">United States</data>
      <data key="d30">6</data>
      <data key="d34">-122.33207</data>
      <data key="d31">Seattle</data>
    </node>
    <node id="7">
      <data key="d29">1</data>
      <data key="d32">37.77493</data>
      <data key="d33">United States</data>
      <data key="d30">7</data>
      <data key="d34">-122.41942</data>
      <data key="d31">San Francisco</data>
    </node>
    <node id="8">
      <data key="d29">1</data>
      <data key="d32">34.05223</data>
      <data key="d33">United States</data>
      <data key="d30">8</data>
      <data key="d34">-118.24368</data>
      <data key="d31">Los Angeles</data>
    </node>
    <node id="9">
      <data key="d29">1</data>
      <data key="d32">32.78306</data>
      <data key="d33">United States</data>
      <data key="d30">9</data>
      <data key="d34">-96.80667</data>
      <data key="d31">Dallas</data>
    </node>
    <node id="10">
      <data key="d29">1</data>
      <data key="d32">29.76328</data>
      <data key="d33">United States</data>
      <data key="d30">10</data>
      <data key="d34">-95.36327</data>
      <data key="d31">Houston</data>
    </node>
    <node id="11">
      <data key="d29">1</data>
      <data key="d32">33.749</data>
      <data key="d33">United States</data>
      <data key="d30">11</data>
      <data key="d34">-84.38798</data>
      <data key="d31">Atlanta</data>
    </node>
    <node id="12">
      <data key="d29">1</data>
      <data key="d32">39.96118</data>
      <data key="d33">United States</data>
      <data key="d30">12</data>
      <data key="d34">-82.99879</data>
      <data key="d31">Columbus</data>
    </node>
    <node id="13">
      <data key="d29">1</data>
      <data key="d32">41.85003</data>
      <data key="d33">United States</data>
      <data key="d30">13</data>
      <data key="d34">-87.65005</data>
      <data key="d31">Chicago</data>
    </node>
    <edge source="0" target="12">
      <data key="d35">e12</data>
      <data key="d36">0</data>
    </edge>
    <edge source="1" target="12">
      <data key="d35">e13</data>
      <data key="d36">0</data>
    </edge>
    <edge source="2" target="11">
      <data key="d37">DS-3</data>
      <data key="d38">45 Mbps DS-3</data>
      <data key="d39">45 Mbps </data>
      <data key="d36">0</data>
    </edge>
    <edge source="2" target="12">
      <data key="d37">DS-3</data>
      <data key="d38">45 Mbps DS-3</data>
      <data key="d39">45 Mbps </data>
      <data key="d36">0</data>
    </edge>
    <edge source="2" target="5">
      <data key="d37">DS-3</data>
      <data key="d38">45 Mbps DS-3</data>
      <data key="d39">45 Mbps </data>
      <data key="d36">0</data>
    </edge>
    <edge source="3" target="12">
      <data key="d35">e11</data>
      <data key="d36">0</data>
    </edge>
    <edge source="4" target="5">
      <data key="d37">DS-3</data>
      <data key="d38">45 Mbps DS-3</data>
      <data key="d39">45 Mbps </data>
      <data key="d36">0</data>
    </edge>
    <edge source="4" target="13">
      <data key="d37">DS-3</data>
      <data key="d38">45 Mbps DS-3</data>
      <data key="d39">45 Mbps </data>
      <data key="d36">0</data>
    </edge>
    <edge source="6" target="13">
      <data key="d37">DS-3</data>
      <data key="d38">45 Mbps DS-3</data>
      <data key="d39">45 Mbps </data>
      <data key="d36">0</data>
    </edge>
    <edge source="6" target="7">
      <data key="d37">DS-3</data>
      <data key="d38">45 Mbps DS-3</data>
      <data key="d39">45 Mbps </data>
      <data key="d36">0</data>
    </edge>
    <edge source="7" target="8">
      <data key="d37">DS-3</data>
      <data key="d38">45 Mbps DS-3</data>
      <data key="d39">45 Mbps </data>
      <data key="d36">0</data>
    </edge>
    <edge source="7" target="12">
      <data key="d37">DS-3</data>
      <data key="d38">45 Mbps DS-3</data>
      <data key="d39">45 Mbps </data>
      <data key="d36">0</data>
    </edge>
    <edge source="8" target="9">
      <data key="d37">DS-3</data>
      <data key="d38">45 Mbps DS-3</data>
      <data key="d39">45 Mbps </data>
      <data key="d36">0</data>
    </edge>
    <edge source="9" target="10">
      <data key="d37">DS-3</data>
      <data key="d38">45 Mbps DS-3</data>
      <data key="d39">45 Mbps </data>
      <data key="d36">0</data>
    </edge>
    <edge source="9" target="12">
      <data key="d37">DS-3</data>
      <data key="d38">45 Mbps DS-3</data>
      <data key="d39">45 Mbps </data>
      <data key="d36">0</data>
    </edge>
    <edge source="10" target="11">
      <data key="d37">DS-3</data>
      <data key="d38">45 Mbps DS-3</data>
      <data key="d39">45 Mbps </data>
      <data key="d36">0</data>
    </edge>
    <edge source="12" target="13">
      <data key="d37">DS-3</data>
      <data key="d38">45 Mbps DS-3</data>
      <data key="d39">45 Mbps </data>
      <data key="d36">0</data>
    </edge>
  </graph>
</graphml>
