<?xml version="1.0" encoding="utf-8"?><graphml xmlns="http://graphml.graphdrawing.org/xmlns" xmlns:xsi="http://www.w3.org/2001/XMLSchema-instance" xsi:schemaLocation="http://graphml.graphdrawing.org/xmlns http://graphml.graphdrawing.org/xmlns/1.0/graphml.xsd">
  <key attr.name="LinkSpeedRaw" attr.type="double" for="edge" id="d39" />
  <key attr.name="LinkSpeedUnits" attr.type="string" for="edge" id="d38" />
  <key attr.name="LinkLabel" attr.type="string" for="edge" id="d37" />
  <key attr.name="LinkSpeed" attr.type="string" for="edge" id="d36" />
  <key attr.name="key" attr.type="int" for="edge" id="d35" />
  <key attr.name="id" attr.type="string" for="edge" id="d34" />
  <key attr.name="type" attr.type="string" for="node" id="d33" />
  <key attr.name="label" attr.type="string" for="node" id="d32" />
  <key attr.name="id" attr.type="int" for="node" id="d31" />
  <key attr.name="Internal" attr.type="int" for="node" id="d30" />
  <key attr.name="hyperedge" attr.type="int" for="node" id="d29" />
  <key attr.name="Testbed" attr.type="int" for="graph" id="d28" />
  <key attr.name="LastProcessed" attr.type="string" for="graph" id="d27" />
  <key attr.name="DateYear" attr.type="string" for="graph" id="d26" />
  <key attr.name="NetworkDate" attr.type="string" for="graph" id="d25" />
  <key attr.name="Transit" attr.type="int" for="graph" id="d24" />
  <key attr.name="Developed" attr.type="int" for="graph" id="d23" />
  <key attr.name="Creator" attr.type="string" for="graph" id="d22" />
  <key attr.name="Layer" attr.type="string" for="graph" id="d21" />
  <key attr.name="Access" attr.type="int" for="graph" id="d20" />
  <key attr.name="LastAccess" attr.type="string" for="graph" id="d19" />
  <key attr.name="DateMonth" attr.type="string" for="graph" id="d18" />
  <key attr.name="DateModifier" attr.type="string" for="graph" id="d17" />
  <key attr.name="SourceGitVersion" attr.type="string" for="graph" id="d16" />
  <key attr.name="IX" attr.type="int" for="graph" id="d15" />
  <key attr.name="Customer" attr.type="int" for="graph" id="d14" />
  <key attr.name="ToolsetVersion" attr.type="string" for="graph" id="d13" />
  <key attr.name="label" attr.type="string" for="graph" id="d12" />
  <key attr.name="Commercial" attr.type="int" for="graph" id="d11" />
  <key attr.name="Backbone" attr.type="int" for="graph" id="d10" />
  <key attr.name="DateType" attr.type="string" for="graph" id="d9" />
  <key attr.name="Type" attr.type="string" for="graph" id="d8" />
  <key attr.name="Version" attr.type="string" for="graph" id="d7" />
  <key attr.name="Source" attr.type="string" for="graph" id="d6" />
  <key attr.name="Note" attr.type="string" for="graph" id="d5" />
  <key attr.name="Provenance" attr.type="string" for="graph" id="d4" />
  <key attr.name="Network" attr.type="string" for="graph" id="d3" />
  <key attr.name="GeoExtent" attr.type="string" for="graph" id="d2" />
  <key attr.name="GeoLocation" attr.type="string" for="graph" id="d1" />
  <key attr.name="DateObtained" attr.type="string" for="graph" id="d0" />
  <graph edgedefault="undirected">
    <data key="d0">20/10/10</data>
    <data key="d1">Mexico</data>
    <data key="d2">Country</data>
    <data key="d3">CUDI</data>
    <data key="d4">Primary</data>
    <data key="d5">Node labels are hard to read.</data>
    <data key="d6">http://www.noc.cudi.edu.mx/images/backbone.gif</data>
    <data key="d7">1.0</data>
    <data key="d8">REN</data>
    <data key="d9">Current</data>
    <data key="d10">1</data>
    <data key="d11">0</data>
    <data key="d12">Cudi</data>
    <data key="d13">0.3.34dev-20120328</data>
    <data key="d14">0</data>
    <data key="d15">0</data>
    <data key="d16">e278b1b</data>
    <data key="d17">=</data>
    <data key="d18">10</data>
    <data key="d19">20/10/10</data>
    <data key="d20">0</data>
    <data key="d21">IP</data>
    <data key="d22">Topology Zoo Toolset</data>
    <data key="d23">0</data>
    <data key="d24">0</data>
    <data key="d25">2010_10</data>
    <data key="d26">2010</data>
    <data key="d27">2011_09_01</data>
    <data key="d28">0</data>
    <node id="0">
      <data key="d29">1</data>
      <data key="d30">1</data>
      <data key="d31">0</data>
      <data key="d32">None</data>
    </node>
    <node id="1">
      <data key="d30">0</data>
      <data key="d33">White Octagon</data>
      <data key="d31">1</data>
      <data key="d32">UANL</data>
    </node>
    <node id="2">
      <data key="d30">0</data>
      <data key="d33">Transparent Cloud</data>
      <data key="d31">2</data>
      <data key="d32">UTEI</data>
    </node>
    <node id="3">
      <data key="d30">0</data>
      <data key="d33">White Octagon</data>
      <data key="d31">3</data>
      <data key="d32">UACJ</data>
    </node>
    <node id="4">
      <data key="d30">0</data>
      <data key="d33">White Octagon</data>
      <data key="d31">4</data>
      <data key="d32">UAL</data>
    </node>
    <node id="5">
      <data key="d30">0</data>
      <data key="d33">White Octagon</data>
      <data key="d31">5</data>
      <data key="d32">UNAM</data>
    </node>
    <node id="6">
      <data key="d30">0</data>
      <data key="d33">White Octagon</data>
      <data key="d31">6</data>
      <data key="d32">ITESM</data>
    </node>
    <node id="7">
      <data key="d30">0</data>
      <data key="d33">White Octagon</data>
      <data key="d31">7</data>
      <data key="d32">UAT</data>
    </node>
    <node id="8">
      <data key="d30">0</data>
      <data key="d33">Green Circle</data>
      <data key="d31">8</data>
      <data key="d32">CUDI</data>
    </node>
    <node id="9">
      <data key="d30">0</data>
      <data key="d33">Green Circle</data>
      <data key="d31">9</data>
      <data key="d32">?</data>
    </node>
    <node id="10">
      <data key="d30">0</data>
      <data key="d33">Transparent Cloud</data>
      <data key="d31">10</data>
      <data key="d32">VBNS</data>
    </node>
    <node id="11">
      <data key="d30">0</data>
      <data key="d33">White Octagon</data>
      <data key="d31">11</data>
      <data key="d32">UAM</data>
    </node>
    <node id="12">
      <data key="d30">0</data>
      <data key="d33">White Octagon</data>
      <data key="d31">12</data>
      <data key="d32">MILITARY</data>
    </node>
    <node id="13">
      <data key="d30">0</data>
      <data key="d33">White Octagon</data>
      <data key="d31">13</data>
      <data key="d32">UV</data>
    </node>
    <node id="14">
      <data key="d30">0</data>
      <data key="d33">White Octagon</data>
      <data key="d31">14</data>
      <data key="d32">CO?</data>
    </node>
    <node id="15">
      <data key="d30">0</data>
      <data key="d33">White Octagon</data>
      <data key="d31">15</data>
      <data key="d32">UDLAP</data>
    </node>
    <node id="16">
      <data key="d30">0</data>
      <data key="d33">White Octagon</data>
      <data key="d31">16</data>
      <data key="d32">BUAP</data>
    </node>
    <node id="17">
      <data key="d30">0</data>
      <data key="d33">White Octagon</data>
      <data key="d31">17</data>
      <data key="d32">IPN</data>
    </node>
    <node id="18">
      <data key="d30">0</data>
      <data key="d33">White Octagon</data>
      <data key="d31">18</data>
      <data key="d32">ITSEM</data>
    </node>
    <node id="19">
      <data key="d30">0</data>
      <data key="d33">White Octagon</data>
      <data key="d31">19</data>
      <data key="d32">UAEM</data>
    </node>
    <node id="20">
      <data key="d30">0</data>
      <data key="d33">White Octagon</data>
      <data key="d31">20</data>
      <data key="d32">UAEH</data>
    </node>
    <node id="21">
      <data key="d30">0</data>
      <data key="d33">Green Circle</data>
      <data key="d31">21</data>
      <data key="d32">UaSLP</data>
    </node>
    <node id="22">
      <data key="d30">0</data>
      <data key="d33">Green Circle</data>
      <data key="d31">22</data>
      <data key="d32">UPALP</data>
    </node>
    <node id="23">
      <data key="d30">0</data>
      <data key="d33">Green Circle</data>
      <data key="d31">23</data>
      <data key="d32">???</data>
    </node>
    <node id="24">
      <data key="d30">0</data>
      <data key="d33">Green Circle</data>
      <data key="d31">24</data>
      <data key="d32">LANIA</data>
    </node>
    <node id="25">
      <data key="d30">0</data>
      <data key="d33">White Octagon</data>
      <data key="d31">25</data>
      <data key="d32">UDG</data>
    </node>
    <node id="26">
      <data key="d30">0</data>
      <data key="d33">Green Circle</data>
      <data key="d31">26</data>
      <data key="d32">INANDO</data>
    </node>
    <node id="27">
      <data key="d30">0</data>
      <data key="d33">Green Circle</data>
      <data key="d31">27</data>
      <data key="d32">UniSod?</data>
    </node>
    <node id="28">
      <data key="d30">0</data>
      <data key="d33">Transparent Cloud</data>
      <data key="d31">28</data>
      <data key="d32">VPN</data>
    </node>
    <node id="29">
      <data key="d30">0</data>
      <data key="d33">Green Circle</data>
      <data key="d31">29</data>
      <data key="d32">Ucol</data>
    </node>
    <node id="30">
      <data key="d30">0</data>
      <data key="d33">Green Circle</data>
      <data key="d31">30</data>
      <data key="d32">OCSE?</data>
    </node>
    <node id="31">
      <data key="d29">1</data>
      <data key="d30">1</data>
      <data key="d31">31</data>
      <data key="d32">None</data>
    </node>
    <node id="32">
      <data key="d30">0</data>
      <data key="d33">Green Circle</data>
      <data key="d31">32</data>
      <data key="d32">UASLP</data>
    </node>
    <node id="33">
      <data key="d30">0</data>
      <data key="d33">Green Circle</data>
      <data key="d31">33</data>
      <data key="d32">ITE</data>
    </node>
    <node id="34">
      <data key="d30">0</data>
      <data key="d33">White Octagon</data>
      <data key="d31">34</data>
      <data key="d32">ILCE</data>
    </node>
    <node id="35">
      <data key="d30">0</data>
      <data key="d33">Green Circle</data>
      <data key="d31">35</data>
      <data key="d32">ITAM</data>
    </node>
    <node id="36">
      <data key="d30">0</data>
      <data key="d33">Green Circle</data>
      <data key="d31">36</data>
      <data key="d32">UP</data>
    </node>
    <node id="37">
      <data key="d30">0</data>
      <data key="d33">Green Circle</data>
      <data key="d31">37</data>
      <data key="d32">CP</data>
    </node>
    <node id="38">
      <data key="d30">0</data>
      <data key="d33">Green Circle</data>
      <data key="d31">38</data>
      <data key="d32">ULSA</data>
    </node>
    <node id="39">
      <data key="d30">0</data>
      <data key="d33">Green Circle</data>
      <data key="d31">39</data>
      <data key="d32">TAMU</data>
    </node>
    <node id="40">
      <data key="d30">0</data>
      <data key="d33">Green Circle</data>
      <data key="d31">40</data>
      <data key="d32">IMP</data>
    </node>
    <node id="41">
      <data key="d30">0</data>
      <data key="d33">Transparent Cloud</data>
      <data key="d31">41</data>
      <data key="d32">CENIC</data>
    </node>
    <node id="42">
      <data key="d30">0</data>
      <data key="d33">Transparent Cloud</data>
      <data key="d31">42</data>
      <data key="d32">Abilene</data>
    </node>
    <node id="43">
      <data key="d30">1</data>
      <data key="d33">Node PoP</data>
      <data key="d31">43</data>
      <data key="d32">MTY</data>
    </node>
    <node id="44">
      <data key="d30">1</data>
      <data key="d33">Node PoP</data>
      <data key="d31">44</data>
      <data key="d32">GDL</data>
    </node>
    <node id="45">
      <data key="d30">1</data>
      <data key="d33">Node PoP</data>
      <data key="d31">45</data>
      <data key="d32">MEX</data>
    </node>
    <node id="46">
      <data key="d30">1</data>
      <data key="d33">Node PoP</data>
      <data key="d31">46</data>
      <data key="d32">Cd.J</data>
    </node>
    <node id="47">
      <data key="d30">1</data>
      <data key="d33">Node PoP</data>
      <data key="d31">47</data>
      <data key="d32">TU</data>
    </node>
    <node id="48">
      <data key="d30">1</data>
      <data key="d33">Node PoP</data>
      <data key="d31">48</data>
      <data key="d32">CAN</data>
    </node>
    <node id="49">
      <data key="d30">0</data>
      <data key="d33">Green Circle</data>
      <data key="d31">49</data>
      <data key="d32">UABC</data>
    </node>
    <node id="50">
      <data key="d30">0</data>
      <data key="d33">White Octagon</data>
      <data key="d31">50</data>
      <data key="d32">?</data>
    </node>
    <edge source="0" target="1">
      <data key="d34">e20</data>
      <data key="d35">0</data>
    </edge>
    <edge source="0" target="43">
      <data key="d36">24</data>
      <data key="d37">24 Mb/s</data>
      <data key="d38">M</data>
      <data key="d39">24000000.0</data>
      <data key="d35">0</data>
    </edge>
    <edge source="0" target="4">
      <data key="d34">e19</data>
      <data key="d35">0</data>
    </edge>
    <edge source="0" target="6">
      <data key="d34">e21</data>
      <data key="d35">0</data>
    </edge>
    <edge source="0" target="7">
      <data key="d34">e22</data>
      <data key="d35">0</data>
    </edge>
    <edge source="2" target="42">
      <data key="d34">e18</data>
      <data key="d35">0</data>
    </edge>
    <edge source="2" target="46">
      <data key="d36">100</data>
      <data key="d37">100Mb/s</data>
      <data key="d38">M</data>
      <data key="d39">100000000.0</data>
      <data key="d35">0</data>
    </edge>
    <edge source="3" target="46">
      <data key="d36">24</data>
      <data key="d37">24 Mb/s</data>
      <data key="d38">M</data>
      <data key="d39">24000000.0</data>
      <data key="d35">0</data>
    </edge>
    <edge source="5" target="32">
      <data key="d36">2</data>
      <data key="d37">2Mb/s</data>
      <data key="d38">M</data>
      <data key="d39">2000000.0</data>
      <data key="d35">0</data>
    </edge>
    <edge source="5" target="33">
      <data key="d36">2</data>
      <data key="d37">2Mb/s</data>
      <data key="d38">M</data>
      <data key="d39">2000000.0</data>
      <data key="d35">0</data>
    </edge>
    <edge source="5" target="35">
      <data key="d36">2</data>
      <data key="d37">2Mb/s</data>
      <data key="d38">M</data>
      <data key="d39">2000000.0</data>
      <data key="d35">0</data>
    </edge>
    <edge source="5" target="36">
      <data key="d36">2</data>
      <data key="d37">2Mb/s</data>
      <data key="d38">M</data>
      <data key="d39">2000000.0</data>
      <data key="d35">0</data>
    </edge>
    <edge source="5" target="37">
      <data key="d36">2</data>
      <data key="d37">2Mb/s</data>
      <data key="d38">M</data>
      <data key="d39">2000000.0</data>
      <data key="d35">0</data>
    </edge>
    <edge source="5" target="38">
      <data key="d36">2</data>
      <data key="d37">2Mb/s</data>
      <data key="d38">M</data>
      <data key="d39">2000000.0</data>
      <data key="d35">0</data>
    </edge>
    <edge source="5" target="39">
      <data key="d36">2</data>
      <data key="d37">2Mb/s</data>
      <data key="d38">M</data>
      <data key="d39">2000000.0</data>
      <data key="d35">0</data>
    </edge>
    <edge source="5" target="8">
      <data key="d36">2</data>
      <data key="d37">2Mb/s</data>
      <data key="d38">M</data>
      <data key="d39">2000000.0</data>
      <data key="d35">0</data>
    </edge>
    <edge source="5" target="9">
      <data key="d36">2</data>
      <data key="d37">2Mb/s</data>
      <data key="d38">M</data>
      <data key="d39">2000000.0</data>
      <data key="d35">0</data>
    </edge>
    <edge source="5" target="45">
      <data key="d36">24</data>
      <data key="d37">24Mb/s</data>
      <data key="d38">M</data>
      <data key="d39">24000000.0</data>
      <data key="d35">0</data>
    </edge>
    <edge source="5" target="40">
      <data key="d36">2</data>
      <data key="d37">2 Mb/s</data>
      <data key="d38">M</data>
      <data key="d39">2000000.0</data>
      <data key="d35">0</data>
    </edge>
    <edge source="10" target="43">
      <data key="d36">155</data>
      <data key="d37">155Mb/s</data>
      <data key="d38">M</data>
      <data key="d39">155000000.0</data>
      <data key="d35">0</data>
    </edge>
    <edge source="11" target="31">
      <data key="d36">24</data>
      <data key="d37">24 MB/s</data>
      <data key="d38">M</data>
      <data key="d39">24000000.0</data>
      <data key="d35">0</data>
    </edge>
    <edge source="12" target="31">
      <data key="d36">24</data>
      <data key="d37">24 MB/s</data>
      <data key="d38">M</data>
      <data key="d39">24000000.0</data>
      <data key="d35">0</data>
    </edge>
    <edge source="13" target="24">
      <data key="d36">2</data>
      <data key="d37">2 MB/s</data>
      <data key="d38">M</data>
      <data key="d39">2000000.0</data>
      <data key="d35">0</data>
    </edge>
    <edge source="13" target="31">
      <data key="d36">24</data>
      <data key="d37">24 MB/s</data>
      <data key="d38">M</data>
      <data key="d39">24000000.0</data>
      <data key="d35">0</data>
    </edge>
    <edge source="14" target="31">
      <data key="d36">24</data>
      <data key="d37">24 MB/s</data>
      <data key="d38">M</data>
      <data key="d39">24000000.0</data>
      <data key="d35">0</data>
    </edge>
    <edge source="14" target="23">
      <data key="d36">2</data>
      <data key="d37">2 MB/s</data>
      <data key="d38">M</data>
      <data key="d39">2000000.0</data>
      <data key="d35">0</data>
    </edge>
    <edge source="15" target="26">
      <data key="d36">2</data>
      <data key="d37">2 MB/s</data>
      <data key="d38">M</data>
      <data key="d39">2000000.0</data>
      <data key="d35">0</data>
    </edge>
    <edge source="15" target="31">
      <data key="d36">24</data>
      <data key="d37">24 MB/s</data>
      <data key="d38">M</data>
      <data key="d39">24000000.0</data>
      <data key="d35">0</data>
    </edge>
    <edge source="16" target="31">
      <data key="d36">24</data>
      <data key="d37">24 MB/s</data>
      <data key="d38">M</data>
      <data key="d39">24000000.0</data>
      <data key="d35">0</data>
    </edge>
    <edge source="17" target="31">
      <data key="d36">24</data>
      <data key="d37">24 MB/s</data>
      <data key="d38">M</data>
      <data key="d39">24000000.0</data>
      <data key="d35">0</data>
    </edge>
    <edge source="18" target="31">
      <data key="d36">24</data>
      <data key="d37">24 MB/s</data>
      <data key="d38">M</data>
      <data key="d39">24000000.0</data>
      <data key="d35">0</data>
    </edge>
    <edge source="19" target="31">
      <data key="d36">24</data>
      <data key="d37">24 MB/s</data>
      <data key="d38">M</data>
      <data key="d39">24000000.0</data>
      <data key="d35">0</data>
    </edge>
    <edge source="20" target="31">
      <data key="d36">24</data>
      <data key="d37">24 MB/s</data>
      <data key="d38">M</data>
      <data key="d39">24000000.0</data>
      <data key="d35">0</data>
    </edge>
    <edge source="21" target="28">
      <data key="d36">2</data>
      <data key="d37">2Mb/s</data>
      <data key="d38">M</data>
      <data key="d39">2000000.0</data>
      <data key="d35">0</data>
    </edge>
    <edge source="22" target="28">
      <data key="d36">2</data>
      <data key="d37">2Mb/s</data>
      <data key="d38">M</data>
      <data key="d39">2000000.0</data>
      <data key="d35">0</data>
    </edge>
    <edge source="25" target="44">
      <data key="d36">24</data>
      <data key="d37">24 Mb/s</data>
      <data key="d38">M</data>
      <data key="d39">24000000.0</data>
      <data key="d35">0</data>
    </edge>
    <edge source="27" target="28">
      <data key="d36">2</data>
      <data key="d37">2Mb/s</data>
      <data key="d38">M</data>
      <data key="d39">2000000.0</data>
      <data key="d35">0</data>
    </edge>
    <edge source="28" target="45">
      <data key="d36">24</data>
      <data key="d37">24 MB/s</data>
      <data key="d38">M</data>
      <data key="d39">24000000.0</data>
      <data key="d35">0</data>
    </edge>
    <edge source="28" target="29">
      <data key="d36">2</data>
      <data key="d37">2Mb/s</data>
      <data key="d38">M</data>
      <data key="d39">2000000.0</data>
      <data key="d35">0</data>
    </edge>
    <edge source="28" target="30">
      <data key="d36">2</data>
      <data key="d37">2Mb/s</data>
      <data key="d38">M</data>
      <data key="d39">2000000.0</data>
      <data key="d35">0</data>
    </edge>
    <edge source="31" target="34">
      <data key="d36">24</data>
      <data key="d37">24 MB/s</data>
      <data key="d38">M</data>
      <data key="d39">24000000.0</data>
      <data key="d35">0</data>
    </edge>
    <edge source="31" target="45">
      <data key="d36">24</data>
      <data key="d37">24 Mb/s</data>
      <data key="d38">M</data>
      <data key="d39">24000000.0</data>
      <data key="d35">0</data>
    </edge>
    <edge source="41" target="42">
      <data key="d34">e17</data>
      <data key="d35">0</data>
    </edge>
    <edge source="41" target="47">
      <data key="d36">155</data>
      <data key="d37">155mb/s</data>
      <data key="d38">M</data>
      <data key="d39">155000000.0</data>
      <data key="d35">0</data>
    </edge>
    <edge source="43" target="44">
      <data key="d36">155</data>
      <data key="d37">155Mb/s</data>
      <data key="d38">M</data>
      <data key="d39">155000000.0</data>
      <data key="d35">0</data>
    </edge>
    <edge source="43" target="45">
      <data key="d36">155</data>
      <data key="d37">155Mb/s</data>
      <data key="d38">M</data>
      <data key="d39">155000000.0</data>
      <data key="d35">0</data>
    </edge>
    <edge source="43" target="46">
      <data key="d36">155</data>
      <data key="d37">155Mb/s</data>
      <data key="d38">M</data>
      <data key="d39">155000000.0</data>
      <data key="d35">0</data>
    </edge>
    <edge source="44" target="45">
      <data key="d36">155</data>
      <data key="d37">155Mb/s</data>
      <data key="d38">M</data>
      <data key="d39">155000000.0</data>
      <data key="d35">0</data>
    </edge>
    <edge source="44" target="47">
      <data key="d36">155</data>
      <data key="d37">155Mb/s</data>
      <data key="d38">M</data>
      <data key="d39">155000000.0</data>
      <data key="d35">0</data>
    </edge>
    <edge source="45" target="48">
      <data key="d36">155</data>
      <data key="d37">155Mb/s</data>
      <data key="d38">M</data>
      <data key="d39">155000000.0</data>
      <data key="d35">0</data>
    </edge>
    <edge source="47" target="50">
      <data key="d36">24</data>
      <data key="d37">24 Mb/s</data>
      <data key="d38">M</data>
      <data key="d39">24000000.0</data>
      <data key="d35">0</data>
    </edge>
    <edge source="49" target="50">
      <data key="d36">2</data>
      <data key="d37">2Mb/s</data>
      <data key="d38">M</data>
      <data key="d39">2000000.0</data>
      <data key="d35">0</data>
    </edge>
  </graph>
</graphml>
