<?xml version="1.0" encoding="utf-8"?><graphml xmlns="http://graphml.graphdrawing.org/xmlns" xmlns:xsi="http://www.w3.org/2001/XMLSchema-instance" xsi:schemaLocation="http://graphml.graphdrawing.org/xmlns http://graphml.graphdrawing.org/xmlns/1.0/graphml.xsd">
  <key attr.name="key" attr.type="int" for="edge" id="d36" />
  <key attr.name="id" attr.type="string" for="edge" id="d35" />
  <key attr.name="label" attr.type="string" for="node" id="d34" />
  <key attr.name="Longitude" attr.type="double" for="node" id="d33" />
  <key attr.name="id" attr.type="int" for="node" id="d32" />
  <key attr.name="Country" attr.type="string" for="node" id="d31" />
  <key attr.name="Latitude" attr.type="double" for="node" id="d30" />
  <key attr.name="Internal" attr.type="int" for="node" id="d29" />
  <key attr.name="Testbed" attr.type="int" for="graph" id="d28" />
  <key attr.name="LastProcessed" attr.type="string" for="graph" id="d27" />
  <key attr.name="DateYear" attr.type="string" for="graph" id="d26" />
  <key attr.name="NetworkDate" attr.type="string" for="graph" id="d25" />
  <key attr.name="Transit" attr.type="int" for="graph" id="d24" />
  <key attr.name="Developed" attr.type="int" for="graph" id="d23" />
  <key attr.name="Creator" attr.type="string" for="graph" id="d22" />
  <key attr.name="Layer" attr.type="string" for="graph" id="d21" />
  <key attr.name="Access" attr.type="int" for="graph" id="d20" />
  <key attr.name="LastAccess" attr.type="string" for="graph" id="d19" />
  <key attr.name="DateMonth" attr.type="string" for="graph" id="d18" />
  <key attr.name="DateModifier" attr.type="string" for="graph" id="d17" />
  <key attr.name="SourceGitVersion" attr.type="string" for="graph" id="d16" />
  <key attr.name="IX" attr.type="int" for="graph" id="d15" />
  <key attr.name="Customer" attr.type="int" for="graph" id="d14" />
  <key attr.name="ToolsetVersion" attr.type="string" for="graph" id="d13" />
  <key attr.name="label" attr.type="string" for="graph" id="d12" />
  <key attr.name="Commercial" attr.type="int" for="graph" id="d11" />
  <key attr.name="Backbone" attr.type="int" for="graph" id="d10" />
  <key attr.name="DateType" attr.type="string" for="graph" id="d9" />
  <key attr.name="Type" attr.type="string" for="graph" id="d8" />
  <key attr.name="Version" attr.type="string" for="graph" id="d7" />
  <key attr.name="Source" attr.type="string" for="graph" id="d6" />
  <key attr.name="Note" attr.type="string" for="graph" id="d5" />
  <key attr.name="Provenance" attr.type="string" for="graph" id="d4" />
  <key attr.name="Network" attr.type="string" for="graph" id="d3" />
  <key attr.name="GeoExtent" attr.type="string" for="graph" id="d2" />
  <key attr.name="GeoLocation" attr.type="string" for="graph" id="d1" />
  <key attr.name="DateObtained" attr.type="string" for="graph" id="d0" />
  <graph edgedefault="undirected">
    <data key="d0">16/11/10</data>
    <data key="d1">Global</data>
    <data key="d2">Global</data>
    <data key="d3">Deutsche Telekom </data>
    <data key="d4">Primary</data>
    <data key="d5">Wholesale services only. DT also sells to general public. IP Transit and IP PoPs only shown on map.</data>
    <data key="d6">http://www.deutschetelekom-icss.com/dtag/cms/contentblob/ICSS/en/330364/blobBinary/Interactive-Network-Map-gross-mo.swf</data>
    <data key="d7">1.0</data>
    <data key="d8">COM</data>
    <data key="d9">Dynamic</data>
    <data key="d10">1</data>
    <data key="d11">0</data>
    <data key="d12">DeutscheTelekom</data>
    <data key="d13">0.3.34dev-20120328</data>
    <data key="d14">1</data>
    <data key="d15">0</data>
    <data key="d16">e278b1b</data>
    <data key="d17">=</data>
    <data key="d18">08</data>
    <data key="d19">3/08/10</data>
    <data key="d20">0</data>
    <data key="d21">IP</data>
    <data key="d22">Topology Zoo Toolset</data>
    <data key="d23">0</data>
    <data key="d24">1</data>
    <data key="d25">2010_08</data>
    <data key="d26">2010</data>
    <data key="d27">2011_09_01</data>
    <data key="d28">0</data>
    <node id="0">
      <data key="d29">1</data>
      <data key="d30">47.36667</data>
      <data key="d31">Switzerland</data>
      <data key="d32">0</data>
      <data key="d33">8.55</data>
      <data key="d34">Zurich</data>
    </node>
    <node id="1">
      <data key="d29">1</data>
      <data key="d30">46.20222</data>
      <data key="d31">Switzerland</data>
      <data key="d32">1</data>
      <data key="d33">6.14569</data>
      <data key="d34">Geneva</data>
    </node>
    <node id="2">
      <data key="d29">1</data>
      <data key="d30">47.49801</data>
      <data key="d31">Hungary</data>
      <data key="d32">2</data>
      <data key="d33">19.03991</data>
      <data key="d34">Budapest</data>
    </node>
    <node id="3">
      <data key="d29">1</data>
      <data key="d30">48.78232</data>
      <data key="d31">Germany</data>
      <data key="d32">3</data>
      <data key="d33">9.17702</data>
      <data key="d34">Stuttgart</data>
    </node>
    <node id="4">
      <data key="d29">1</data>
      <data key="d30">40.4165</data>
      <data key="d31">Spain</data>
      <data key="d32">4</data>
      <data key="d33">-3.70256</data>
      <data key="d34">Madrid</data>
    </node>
    <node id="5">
      <data key="d29">1</data>
      <data key="d30">38.71667</data>
      <data key="d31">Portugal</data>
      <data key="d32">5</data>
      <data key="d33">-9.13333</data>
      <data key="d34">Lisbon</data>
    </node>
    <node id="6">
      <data key="d29">1</data>
      <data key="d30">45.46427</data>
      <data key="d31">Italy</data>
      <data key="d32">6</data>
      <data key="d33">9.18951</data>
      <data key="d34">Milan</data>
    </node>
    <node id="7">
      <data key="d29">1</data>
      <data key="d30">41.38879</data>
      <data key="d31">Spain</data>
      <data key="d32">7</data>
      <data key="d33">2.15899</data>
      <data key="d34">Barcelona</data>
    </node>
    <node id="8">
      <data key="d29">1</data>
      <data key="d30">48.85341</data>
      <data key="d31">France</data>
      <data key="d32">8</data>
      <data key="d33">2.3488</data>
      <data key="d34">Paris</data>
    </node>
    <node id="9">
      <data key="d29">1</data>
      <data key="d30">51.50853</data>
      <data key="d31">United Kingdom</data>
      <data key="d32">9</data>
      <data key="d33">-0.12574</data>
      <data key="d34">London</data>
    </node>
    <node id="10">
      <data key="d29">1</data>
      <data key="d30">35.61488</data>
      <data key="d31">Japan</data>
      <data key="d32">10</data>
      <data key="d33">139.5813</data>
      <data key="d34">Tokyo</data>
    </node>
    <node id="11">
      <data key="d29">1</data>
      <data key="d30">41.85003</data>
      <data key="d31">United States</data>
      <data key="d32">11</data>
      <data key="d33">-87.65005</data>
      <data key="d34">Chicago</data>
    </node>
    <node id="12">
      <data key="d29">1</data>
      <data key="d30">38.89511</data>
      <data key="d31">United States</data>
      <data key="d32">12</data>
      <data key="d33">-77.03637</data>
      <data key="d34">Washington</data>
    </node>
    <node id="13">
      <data key="d29">1</data>
      <data key="d30">25.77427</data>
      <data key="d31">United States</data>
      <data key="d32">13</data>
      <data key="d33">-80.19366</data>
      <data key="d34">Miami</data>
    </node>
    <node id="14">
      <data key="d29">1</data>
      <data key="d30">34.05223</data>
      <data key="d31">United States</data>
      <data key="d32">14</data>
      <data key="d33">-118.24368</data>
      <data key="d34">Los Angeles</data>
    </node>
    <node id="15">
      <data key="d29">1</data>
      <data key="d30">37.44188</data>
      <data key="d31">United States</data>
      <data key="d32">15</data>
      <data key="d33">-122.14302</data>
      <data key="d34">Palo Alto</data>
    </node>
    <node id="16">
      <data key="d29">1</data>
      <data key="d30">9.93333</data>
      <data key="d31">Costa Rica</data>
      <data key="d32">16</data>
      <data key="d33">-84.08333</data>
      <data key="d34">San Jose</data>
    </node>
    <node id="17">
      <data key="d29">1</data>
      <data key="d30">22.28552</data>
      <data key="d31">Hong Kong</data>
      <data key="d32">17</data>
      <data key="d33">114.15769</data>
      <data key="d34">Hong Kong</data>
    </node>
    <node id="18">
      <data key="d29">1</data>
      <data key="d30">1.28967</data>
      <data key="d31">Singapore</data>
      <data key="d32">18</data>
      <data key="d33">103.85007</data>
      <data key="d34">Singapore</data>
    </node>
    <node id="19">
      <data key="d29">1</data>
      <data key="d30">43.70011</data>
      <data key="d31">Canada</data>
      <data key="d32">19</data>
      <data key="d33">-79.4163</data>
      <data key="d34">Toronto</data>
    </node>
    <node id="20">
      <data key="d29">1</data>
      <data key="d30">40.71427</data>
      <data key="d31">United States</data>
      <data key="d32">20</data>
      <data key="d33">-74.00597</data>
      <data key="d34">New York</data>
    </node>
    <node id="21">
      <data key="d29">1</data>
      <data key="d30">50.11667</data>
      <data key="d31">Germany</data>
      <data key="d32">21</data>
      <data key="d33">8.68333</data>
      <data key="d34">Frankfurt</data>
    </node>
    <node id="22">
      <data key="d29">1</data>
      <data key="d30">50.93333</data>
      <data key="d31">Germany</data>
      <data key="d32">22</data>
      <data key="d33">6.95</data>
      <data key="d34">Cologne</data>
    </node>
    <node id="23">
      <data key="d29">1</data>
      <data key="d30">52.37052</data>
      <data key="d31">Germany</data>
      <data key="d32">23</data>
      <data key="d33">9.73322</data>
      <data key="d34">Hanover</data>
    </node>
    <node id="24">
      <data key="d29">1</data>
      <data key="d30">52.37403</data>
      <data key="d31">Netherlands</data>
      <data key="d32">24</data>
      <data key="d33">4.88969</data>
      <data key="d34">Amsterdam</data>
    </node>
    <node id="25">
      <data key="d29">1</data>
      <data key="d30">39.04372</data>
      <data key="d31">United States</data>
      <data key="d32">25</data>
      <data key="d33">-77.48749</data>
      <data key="d34">Ashburn</data>
    </node>
    <node id="26">
      <data key="d29">1</data>
      <data key="d30">53.55</data>
      <data key="d31">Germany</data>
      <data key="d32">26</data>
      <data key="d33">10.0</data>
      <data key="d34">Hamburg</data>
    </node>
    <node id="27">
      <data key="d29">1</data>
      <data key="d30">51.51667</data>
      <data key="d31">Germany</data>
      <data key="d32">27</data>
      <data key="d33">7.45</data>
      <data key="d34">Dortmund</data>
    </node>
    <node id="28">
      <data key="d29">1</data>
      <data key="d30">51.22172</data>
      <data key="d31">Germany</data>
      <data key="d32">28</data>
      <data key="d33">6.77616</data>
      <data key="d34">Dusseldorf</data>
    </node>
    <node id="29">
      <data key="d29">1</data>
      <data key="d30">48.20849</data>
      <data key="d31">Austria</data>
      <data key="d32">29</data>
      <data key="d33">16.37208</data>
      <data key="d34">Vienna</data>
    </node>
    <node id="30">
      <data key="d29">1</data>
      <data key="d30">48.13743</data>
      <data key="d31">Germany</data>
      <data key="d32">30</data>
      <data key="d33">11.57549</data>
      <data key="d34">Munich</data>
    </node>
    <node id="31">
      <data key="d29">1</data>
      <data key="d30">55.67594</data>
      <data key="d31">Denmark</data>
      <data key="d32">31</data>
      <data key="d33">12.56553</data>
      <data key="d34">Copenhagen</data>
    </node>
    <node id="32">
      <data key="d29">1</data>
      <data key="d30">59.33258</data>
      <data key="d31">Sweden</data>
      <data key="d32">32</data>
      <data key="d33">18.0649</data>
      <data key="d34">Stockholm</data>
    </node>
    <node id="33">
      <data key="d29">1</data>
      <data key="d30">52.22977</data>
      <data key="d31">Poland</data>
      <data key="d32">33</data>
      <data key="d33">21.01178</data>
      <data key="d34">Warsaw</data>
    </node>
    <node id="34">
      <data key="d29">1</data>
      <data key="d30">55.75222</data>
      <data key="d31">Russia</data>
      <data key="d32">34</data>
      <data key="d33">37.61556</data>
      <data key="d34">Moscow</data>
    </node>
    <node id="35">
      <data key="d29">1</data>
      <data key="d30">52.52437</data>
      <data key="d31">Germany</data>
      <data key="d32">35</data>
      <data key="d33">13.41053</data>
      <data key="d34">Berlin</data>
    </node>
    <node id="36">
      <data key="d29">1</data>
      <data key="d30">51.33962</data>
      <data key="d31">Germany</data>
      <data key="d32">36</data>
      <data key="d33">12.37129</data>
      <data key="d34">Leipzig</data>
    </node>
    <node id="37">
      <data key="d29">1</data>
      <data key="d30">50.08804</data>
      <data key="d31">Czech Republic</data>
      <data key="d32">37</data>
      <data key="d33">14.42076</data>
      <data key="d34">Prague</data>
    </node>
    <node id="38">
      <data key="d29">1</data>
      <data key="d30">49.44778</data>
      <data key="d31">Germany</data>
      <data key="d32">38</data>
      <data key="d33">11.06833</data>
      <data key="d34">Nuremberg</data>
    </node>
    <edge source="0" target="8">
      <data key="d35">e14</data>
      <data key="d36">0</data>
    </edge>
    <edge source="0" target="1">
      <data key="d35">e15</data>
      <data key="d36">0</data>
    </edge>
    <edge source="0" target="3">
      <data key="d35">e13</data>
      <data key="d36">0</data>
    </edge>
    <edge source="0" target="6">
      <data key="d35">e16</data>
      <data key="d36">0</data>
    </edge>
    <edge source="0" target="7">
      <data key="d35">e17</data>
      <data key="d36">0</data>
    </edge>
    <edge source="1" target="8">
      <data key="d35">e18</data>
      <data key="d36">0</data>
    </edge>
    <edge source="1" target="6">
      <data key="d35">e19</data>
      <data key="d36">0</data>
    </edge>
    <edge source="2" target="29">
      <data key="d35">e11</data>
      <data key="d36">0</data>
    </edge>
    <edge source="2" target="30">
      <data key="d35">e12</data>
      <data key="d36">0</data>
    </edge>
    <edge source="4" target="8">
      <data key="d35">e23</data>
      <data key="d36">0</data>
    </edge>
    <edge source="4" target="5">
      <data key="d35">e22</data>
      <data key="d36">0</data>
    </edge>
    <edge source="4" target="7">
      <data key="d35">e21</data>
      <data key="d36">0</data>
    </edge>
    <edge source="6" target="8">
      <data key="d35">e20</data>
      <data key="d36">0</data>
    </edge>
    <edge source="8" target="9">
      <data key="d35">e24</data>
      <data key="d36">0</data>
    </edge>
    <edge source="8" target="21">
      <data key="d35">e26</data>
      <data key="d36">0</data>
    </edge>
    <edge source="8" target="24">
      <data key="d35">e25</data>
      <data key="d36">0</data>
    </edge>
    <edge source="8" target="25">
      <data key="d35">e27</data>
      <data key="d36">0</data>
    </edge>
    <edge source="9" target="20">
      <data key="d35">e32</data>
      <data key="d36">0</data>
    </edge>
    <edge source="9" target="21">
      <data key="d35">e29</data>
      <data key="d36">0</data>
    </edge>
    <edge source="9" target="24">
      <data key="d35">e28</data>
      <data key="d36">0</data>
    </edge>
    <edge source="9" target="25">
      <data key="d35">e31</data>
      <data key="d36">0</data>
    </edge>
    <edge source="9" target="28">
      <data key="d35">e30</data>
      <data key="d36">0</data>
    </edge>
    <edge source="10" target="16">
      <data key="d35">e59</data>
      <data key="d36">0</data>
    </edge>
    <edge source="10" target="17">
      <data key="d35">e61</data>
      <data key="d36">0</data>
    </edge>
    <edge source="11" target="19">
      <data key="d35">e50</data>
      <data key="d36">0</data>
    </edge>
    <edge source="11" target="20">
      <data key="d35">e48</data>
      <data key="d36">0</data>
    </edge>
    <edge source="11" target="15">
      <data key="d35">e51</data>
      <data key="d36">0</data>
    </edge>
    <edge source="12" target="25">
      <data key="d35">e44</data>
      <data key="d36">0</data>
    </edge>
    <edge source="12" target="20">
      <data key="d35">e49</data>
      <data key="d36">0</data>
    </edge>
    <edge source="12" target="13">
      <data key="d35">e52</data>
      <data key="d36">0</data>
    </edge>
    <edge source="12" target="14">
      <data key="d35">e53</data>
      <data key="d36">0</data>
    </edge>
    <edge source="14" target="16">
      <data key="d35">e55</data>
      <data key="d36">0</data>
    </edge>
    <edge source="14" target="17">
      <data key="d35">e56</data>
      <data key="d36">0</data>
    </edge>
    <edge source="14" target="18">
      <data key="d35">e57</data>
      <data key="d36">0</data>
    </edge>
    <edge source="14" target="15">
      <data key="d35">e54</data>
      <data key="d36">0</data>
    </edge>
    <edge source="15" target="16">
      <data key="d35">e58</data>
      <data key="d36">0</data>
    </edge>
    <edge source="15" target="25">
      <data key="d35">e43</data>
      <data key="d36">0</data>
    </edge>
    <edge source="15" target="20">
      <data key="d35">e45</data>
      <data key="d36">0</data>
    </edge>
    <edge source="16" target="20">
      <data key="d35">e46</data>
      <data key="d36">0</data>
    </edge>
    <edge source="17" target="18">
      <data key="d35">e60</data>
      <data key="d36">0</data>
    </edge>
    <edge source="18" target="21">
      <data key="d35">e38</data>
      <data key="d36">0</data>
    </edge>
    <edge source="19" target="20">
      <data key="d35">e47</data>
      <data key="d36">0</data>
    </edge>
    <edge source="20" target="36">
      <data key="d35">e7</data>
      <data key="d36">0</data>
    </edge>
    <edge source="20" target="21">
      <data key="d35">e40</data>
      <data key="d36">0</data>
    </edge>
    <edge source="20" target="23">
      <data key="d35">e37</data>
      <data key="d36">0</data>
    </edge>
    <edge source="20" target="28">
      <data key="d35">e42</data>
      <data key="d36">0</data>
    </edge>
    <edge source="21" target="34">
      <data key="d35">e5</data>
      <data key="d36">0</data>
    </edge>
    <edge source="21" target="24">
      <data key="d35">e35</data>
      <data key="d36">0</data>
    </edge>
    <edge source="21" target="25">
      <data key="d35">e39</data>
      <data key="d36">0</data>
    </edge>
    <edge source="23" target="25">
      <data key="d35">e36</data>
      <data key="d36">0</data>
    </edge>
    <edge source="24" target="26">
      <data key="d35">e34</data>
      <data key="d36">0</data>
    </edge>
    <edge source="24" target="28">
      <data key="d35">e33</data>
      <data key="d36">0</data>
    </edge>
    <edge source="25" target="36">
      <data key="d35">e6</data>
      <data key="d36">0</data>
    </edge>
    <edge source="25" target="28">
      <data key="d35">e41</data>
      <data key="d36">0</data>
    </edge>
    <edge source="26" target="32">
      <data key="d35">e2</data>
      <data key="d36">0</data>
    </edge>
    <edge source="26" target="31">
      <data key="d35">e1</data>
      <data key="d36">0</data>
    </edge>
    <edge source="29" target="37">
      <data key="d35">e8</data>
      <data key="d36">0</data>
    </edge>
    <edge source="29" target="30">
      <data key="d35">e10</data>
      <data key="d36">0</data>
    </edge>
    <edge source="31" target="32">
      <data key="d35">e0</data>
      <data key="d36">0</data>
    </edge>
    <edge source="33" target="35">
      <data key="d35">e3</data>
      <data key="d36">0</data>
    </edge>
    <edge source="33" target="38">
      <data key="d35">e4</data>
      <data key="d36">0</data>
    </edge>
    <edge source="37" target="38">
      <data key="d35">e9</data>
      <data key="d36">0</data>
    </edge>
  </graph>
</graphml>
