<?xml version="1.0" encoding="utf-8"?><graphml xmlns="http://graphml.graphdrawing.org/xmlns" xmlns:xsi="http://www.w3.org/2001/XMLSchema-instance" xsi:schemaLocation="http://graphml.graphdrawing.org/xmlns http://graphml.graphdrawing.org/xmlns/1.0/graphml.xsd">
  <key attr.name="key" attr.type="int" for="edge" id="d36" />
  <key attr.name="id" attr.type="string" for="edge" id="d35" />
  <key attr.name="label" attr.type="string" for="node" id="d34" />
  <key attr.name="Longitude" attr.type="double" for="node" id="d33" />
  <key attr.name="id" attr.type="int" for="node" id="d32" />
  <key attr.name="Country" attr.type="string" for="node" id="d31" />
  <key attr.name="Latitude" attr.type="double" for="node" id="d30" />
  <key attr.name="Internal" attr.type="int" for="node" id="d29" />
  <key attr.name="Testbed" attr.type="int" for="graph" id="d28" />
  <key attr.name="LastProcessed" attr.type="string" for="graph" id="d27" />
  <key attr.name="DateYear" attr.type="string" for="graph" id="d26" />
  <key attr.name="NetworkDate" attr.type="string" for="graph" id="d25" />
  <key attr.name="Transit" attr.type="int" for="graph" id="d24" />
  <key attr.name="Developed" attr.type="int" for="graph" id="d23" />
  <key attr.name="Creator" attr.type="string" for="graph" id="d22" />
  <key attr.name="Layer" attr.type="string" for="graph" id="d21" />
  <key attr.name="Access" attr.type="int" for="graph" id="d20" />
  <key attr.name="LastAccess" attr.type="string" for="graph" id="d19" />
  <key attr.name="DateMonth" attr.type="string" for="graph" id="d18" />
  <key attr.name="DateModifier" attr.type="string" for="graph" id="d17" />
  <key attr.name="SourceGitVersion" attr.type="string" for="graph" id="d16" />
  <key attr.name="IX" attr.type="int" for="graph" id="d15" />
  <key attr.name="Customer" attr.type="int" for="graph" id="d14" />
  <key attr.name="ToolsetVersion" attr.type="string" for="graph" id="d13" />
  <key attr.name="label" attr.type="string" for="graph" id="d12" />
  <key attr.name="Commercial" attr.type="int" for="graph" id="d11" />
  <key attr.name="Backbone" attr.type="int" for="graph" id="d10" />
  <key attr.name="DateType" attr.type="string" for="graph" id="d9" />
  <key attr.name="Type" attr.type="string" for="graph" id="d8" />
  <key attr.name="Version" attr.type="string" for="graph" id="d7" />
  <key attr.name="Source" attr.type="string" for="graph" id="d6" />
  <key attr.name="Note" attr.type="string" for="graph" id="d5" />
  <key attr.name="Provenance" attr.type="string" for="graph" id="d4" />
  <key attr.name="Network" attr.type="string" for="graph" id="d3" />
  <key attr.name="GeoExtent" attr.type="string" for="graph" id="d2" />
  <key attr.name="GeoLocation" attr.type="string" for="graph" id="d1" />
  <key attr.name="DateObtained" attr.type="string" for="graph" id="d0" />
  <graph edgedefault="undirected">
    <data key="d0">2/01/11</data>
    <data key="d1">Germany</data>
    <data key="d2">Country</data>
    <data key="d3">DFN</data>
    <data key="d4">Primary</data>
    <data key="d5">Don't know how their customers are set-up. External connection from page 5 of http://www.dfn.de/fileadmin/1Dienstleistungen/XWIN/X-WiN-Broschuere_deutsch.pdf</data>
    <data key="d6">http://www-win.rrze.uni-erlangen.de/cgi-bin/ipqos/map.pl?config=win</data>
    <data key="d7">1.0</data>
    <data key="d8">REN</data>
    <data key="d9">Current</data>
    <data key="d10">1</data>
    <data key="d11">0</data>
    <data key="d12">Dfn</data>
    <data key="d13">0.3.34dev-20120328</data>
    <data key="d14">0</data>
    <data key="d15">0</data>
    <data key="d16">e278b1b</data>
    <data key="d17">=</data>
    <data key="d18">01</data>
    <data key="d19">2/01/11</data>
    <data key="d20">0</data>
    <data key="d21">IP</data>
    <data key="d22">Topology Zoo Toolset</data>
    <data key="d23">0</data>
    <data key="d24">0</data>
    <data key="d25">2011_01</data>
    <data key="d26">2011</data>
    <data key="d27">2011_09_01</data>
    <data key="d28">1</data>
    <node id="0">
      <data key="d29">1</data>
      <data key="d30">50.83333</data>
      <data key="d31">Germany</data>
      <data key="d32">0</data>
      <data key="d33">12.91667</data>
      <data key="d34">CHE</data>
    </node>
    <node id="1">
      <data key="d29">1</data>
      <data key="d30">51.33962</data>
      <data key="d31">Germany</data>
      <data key="d32">1</data>
      <data key="d33">12.37129</data>
      <data key="d34">LEI</data>
    </node>
    <node id="2">
      <data key="d29">1</data>
      <data key="d30">52.52437</data>
      <data key="d31">Germany</data>
      <data key="d32">2</data>
      <data key="d33">13.41053</data>
      <data key="d34">ADH</data>
    </node>
    <node id="3">
      <data key="d29">1</data>
      <data key="d30">51.05089</data>
      <data key="d31">Germany</data>
      <data key="d32">3</data>
      <data key="d33">13.73832</data>
      <data key="d34">DRE</data>
    </node>
    <node id="4">
      <data key="d29">1</data>
      <data key="d30">49.87056</data>
      <data key="d31">Germany</data>
      <data key="d32">4</data>
      <data key="d33">8.64944</data>
      <data key="d34">GSI</data>
    </node>
    <node id="5">
      <data key="d29">1</data>
      <data key="d30">49.40768</data>
      <data key="d31">Germany</data>
      <data key="d32">5</data>
      <data key="d33">8.69079</data>
      <data key="d34">HEI</data>
    </node>
    <node id="6">
      <data key="d29">1</data>
      <data key="d30">50.93333</data>
      <data key="d31">Germany</data>
      <data key="d32">6</data>
      <data key="d33">11.58333</data>
      <data key="d34">JEN</data>
    </node>
    <node id="7">
      <data key="d29">1</data>
      <data key="d30">50.68333</data>
      <data key="d31">Germany</data>
      <data key="d32">7</data>
      <data key="d33">10.9</data>
      <data key="d34">ILM</data>
    </node>
    <node id="8">
      <data key="d29">0</data>
      <data key="d32">8</data>
      <data key="d34">DeCix</data>
    </node>
    <node id="9">
      <data key="d29">0</data>
      <data key="d32">9</data>
      <data key="d34">Geant</data>
    </node>
    <node id="10">
      <data key="d29">1</data>
      <data key="d30">49.00472</data>
      <data key="d31">Germany</data>
      <data key="d32">10</data>
      <data key="d33">8.38583</data>
      <data key="d34">FZK</data>
    </node>
    <node id="11">
      <data key="d29">1</data>
      <data key="d30">48.78232</data>
      <data key="d31">Germany</data>
      <data key="d32">11</data>
      <data key="d33">9.17702</data>
      <data key="d34">STU</data>
    </node>
    <node id="12">
      <data key="d29">0</data>
      <data key="d32">12</data>
      <data key="d34">DeCix</data>
    </node>
    <node id="13">
      <data key="d29">0</data>
      <data key="d32">13</data>
      <data key="d34">Telia</data>
    </node>
    <node id="14">
      <data key="d29">1</data>
      <data key="d30">52.03333</data>
      <data key="d31">Germany</data>
      <data key="d32">14</data>
      <data key="d33">8.53333</data>
      <data key="d34">BIE</data>
    </node>
    <node id="15">
      <data key="d29">0</data>
      <data key="d32">15</data>
      <data key="d34">Telekom</data>
    </node>
    <node id="16">
      <data key="d29">1</data>
      <data key="d30">51.53333</data>
      <data key="d31">Germany</data>
      <data key="d32">16</data>
      <data key="d33">9.93333</data>
      <data key="d34">GOE</data>
    </node>
    <node id="17">
      <data key="d29">1</data>
      <data key="d30">53.07516</data>
      <data key="d31">Germany</data>
      <data key="d32">17</data>
      <data key="d33">8.80777</data>
      <data key="d34">BRE</data>
    </node>
    <node id="18">
      <data key="d29">1</data>
      <data key="d30">51.26667</data>
      <data key="d31">Germany</data>
      <data key="d32">18</data>
      <data key="d33">7.18333</data>
      <data key="d34">WUP</data>
    </node>
    <node id="19">
      <data key="d29">1</data>
      <data key="d30">50.93333</data>
      <data key="d31">Germany</data>
      <data key="d32">19</data>
      <data key="d33">6.95</data>
      <data key="d34">BIR</data>
    </node>
    <node id="20">
      <data key="d29">1</data>
      <data key="d30">50.73333</data>
      <data key="d31">Germany</data>
      <data key="d32">20</data>
      <data key="d33">7.1</data>
      <data key="d34">BON</data>
    </node>
    <node id="21">
      <data key="d29">1</data>
      <data key="d30">50.81667</data>
      <data key="d31">Germany</data>
      <data key="d32">21</data>
      <data key="d33">8.76667</data>
      <data key="d34">MAR</data>
    </node>
    <node id="22">
      <data key="d29">1</data>
      <data key="d30">50.58333</data>
      <data key="d31">Germany</data>
      <data key="d32">22</data>
      <data key="d33">8.65</data>
      <data key="d34">GIE</data>
    </node>
    <node id="23">
      <data key="d29">1</data>
      <data key="d30">51.31667</data>
      <data key="d31">Germany</data>
      <data key="d32">23</data>
      <data key="d33">9.5</data>
      <data key="d34">KAS</data>
    </node>
    <node id="24">
      <data key="d29">1</data>
      <data key="d30">51.71905</data>
      <data key="d31">Germany</data>
      <data key="d32">24</data>
      <data key="d33">8.75439</data>
      <data key="d34">PAD</data>
    </node>
    <node id="25">
      <data key="d29">1</data>
      <data key="d30">53.16667</data>
      <data key="d31">Germany</data>
      <data key="d32">25</data>
      <data key="d33">8.2</data>
      <data key="d34">EWE</data>
    </node>
    <node id="26">
      <data key="d29">0</data>
      <data key="d32">26</data>
      <data key="d34">Telekom</data>
    </node>
    <node id="27">
      <data key="d29">1</data>
      <data key="d30">51.96236</data>
      <data key="d31">Germany</data>
      <data key="d32">27</data>
      <data key="d33">7.62571</data>
      <data key="d34">MUE</data>
    </node>
    <node id="28">
      <data key="d29">1</data>
      <data key="d30">49.23333</data>
      <data key="d31">Germany</data>
      <data key="d32">28</data>
      <data key="d33">7.0</data>
      <data key="d34">SAA</data>
    </node>
    <node id="29">
      <data key="d29">0</data>
      <data key="d32">29</data>
      <data key="d34">GC</data>
    </node>
    <node id="30">
      <data key="d29">1</data>
      <data key="d30">53.55</data>
      <data key="d31">Germany</data>
      <data key="d32">30</data>
      <data key="d33">10.0</data>
      <data key="d34">DES</data>
    </node>
    <node id="31">
      <data key="d29">1</data>
      <data key="d30">53.55</data>
      <data key="d31">Germany</data>
      <data key="d32">31</data>
      <data key="d33">10.0</data>
      <data key="d34">HAM</data>
    </node>
    <node id="32">
      <data key="d29">1</data>
      <data key="d30">54.32133</data>
      <data key="d31">Germany</data>
      <data key="d32">32</data>
      <data key="d33">10.13489</data>
      <data key="d34">KIE</data>
    </node>
    <node id="33">
      <data key="d29">1</data>
      <data key="d30">54.0887</data>
      <data key="d31">Germany</data>
      <data key="d32">33</data>
      <data key="d33">12.14049</data>
      <data key="d34">ROS</data>
    </node>
    <node id="34">
      <data key="d29">1</data>
      <data key="d30">52.16667</data>
      <data key="d31">Germany</data>
      <data key="d32">34</data>
      <data key="d33">11.66667</data>
      <data key="d34">MAG</data>
    </node>
    <node id="35">
      <data key="d29">1</data>
      <data key="d30">52.26667</data>
      <data key="d31">Germany</data>
      <data key="d32">35</data>
      <data key="d33">10.53333</data>
      <data key="d34">BRA</data>
    </node>
    <node id="36">
      <data key="d29">1</data>
      <data key="d30">49.45</data>
      <data key="d31">Germany</data>
      <data key="d32">36</data>
      <data key="d33">7.75</data>
      <data key="d34">KAI</data>
    </node>
    <node id="37">
      <data key="d29">1</data>
      <data key="d30">54.1</data>
      <data key="d31">Germany</data>
      <data key="d32">37</data>
      <data key="d33">13.38333</data>
      <data key="d34">GRE</data>
    </node>
    <node id="38">
      <data key="d29">1</data>
      <data key="d30">51.51667</data>
      <data key="d31">Germany</data>
      <data key="d32">38</data>
      <data key="d33">7.45</data>
      <data key="d34">DOR</data>
    </node>
    <node id="39">
      <data key="d29">1</data>
      <data key="d30">51.48333</data>
      <data key="d31">Germany</data>
      <data key="d32">39</data>
      <data key="d33">7.21667</data>
      <data key="d34">BOC</data>
    </node>
    <node id="40">
      <data key="d29">1</data>
      <data key="d30">48.13743</data>
      <data key="d31">Germany</data>
      <data key="d32">40</data>
      <data key="d33">11.57549</data>
      <data key="d34">FHM</data>
    </node>
    <node id="41">
      <data key="d29">1</data>
      <data key="d30">49.015</data>
      <data key="d31">Germany</data>
      <data key="d32">41</data>
      <data key="d33">12.09556</data>
      <data key="d34">REG</data>
    </node>
    <node id="42">
      <data key="d29">1</data>
      <data key="d30">48.36667</data>
      <data key="d31">Germany</data>
      <data key="d32">42</data>
      <data key="d33">10.88333</data>
      <data key="d34">AUG</data>
    </node>
    <node id="43">
      <data key="d29">1</data>
      <data key="d30">48.25</data>
      <data key="d31">Germany</data>
      <data key="d32">43</data>
      <data key="d33">11.65</data>
      <data key="d34">GAR</data>
    </node>
    <node id="44">
      <data key="d29">1</data>
      <data key="d30">51.45</data>
      <data key="d31">Germany</data>
      <data key="d32">44</data>
      <data key="d33">7.01667</data>
      <data key="d34">DUI</data>
    </node>
    <node id="45">
      <data key="d29">1</data>
      <data key="d30">50.93333</data>
      <data key="d31">Germany</data>
      <data key="d32">45</data>
      <data key="d33">6.36667</data>
      <data key="d34">FZJ</data>
    </node>
    <node id="46">
      <data key="d29">1</data>
      <data key="d30">50.77664</data>
      <data key="d31">Germany</data>
      <data key="d32">46</data>
      <data key="d33">6.08342</data>
      <data key="d34">AAC</data>
    </node>
    <node id="47">
      <data key="d29">1</data>
      <data key="d30">49.78778</data>
      <data key="d31">Germany</data>
      <data key="d32">47</data>
      <data key="d33">9.93611</data>
      <data key="d34">WUE</data>
    </node>
    <node id="48">
      <data key="d29">1</data>
      <data key="d30">52.52437</data>
      <data key="d31">Germany</data>
      <data key="d32">48</data>
      <data key="d33">13.41053</data>
      <data key="d34">TUB</data>
    </node>
    <node id="49">
      <data key="d29">1</data>
      <data key="d30">52.52437</data>
      <data key="d31">Germany</data>
      <data key="d32">49</data>
      <data key="d33">13.41053</data>
      <data key="d34">HUB</data>
    </node>
    <node id="50">
      <data key="d29">1</data>
      <data key="d30">52.37052</data>
      <data key="d31">Germany</data>
      <data key="d32">50</data>
      <data key="d33">9.73322</data>
      <data key="d34">HAN</data>
    </node>
    <node id="51">
      <data key="d29">1</data>
      <data key="d30">50.11667</data>
      <data key="d31">Germany</data>
      <data key="d32">51</data>
      <data key="d33">8.68333</data>
      <data key="d34">FRA</data>
    </node>
    <node id="52">
      <data key="d29">1</data>
      <data key="d30">52.39886</data>
      <data key="d31">Germany</data>
      <data key="d32">52</data>
      <data key="d33">13.06566</data>
      <data key="d34">POT</data>
    </node>
    <node id="53">
      <data key="d29">1</data>
      <data key="d30">49.58972</data>
      <data key="d31">Germany</data>
      <data key="d32">53</data>
      <data key="d33">11.00389</data>
      <data key="d34">ERL</data>
    </node>
    <node id="54">
      <data key="d29">1</data>
      <data key="d30">49.94806</data>
      <data key="d31">Germany</data>
      <data key="d32">54</data>
      <data key="d33">11.57833</data>
      <data key="d34">BAY</data>
    </node>
    <node id="55">
      <data key="d29">1</data>
      <data key="d30">52.34714</data>
      <data key="d31">Germany</data>
      <data key="d32">55</data>
      <data key="d33">14.55062</data>
      <data key="d34">FFO</data>
    </node>
    <node id="56">
      <data key="d29">1</data>
      <data key="d30">52.52437</data>
      <data key="d31">Germany</data>
      <data key="d32">56</data>
      <data key="d33">13.41053</data>
      <data key="d34">ZIB</data>
    </node>
    <node id="57">
      <data key="d29">1</data>
      <data key="d30">52.36667</data>
      <data key="d31">Germany</data>
      <data key="d32">57</data>
      <data key="d33">13.61667</data>
      <data key="d34">ZEU</data>
    </node>
    <edge source="0" target="1">
      <data key="d35">e52</data>
      <data key="d36">0</data>
    </edge>
    <edge source="0" target="3">
      <data key="d35">e51</data>
      <data key="d36">0</data>
    </edge>
    <edge source="1" target="53">
      <data key="d35">e38</data>
      <data key="d36">0</data>
    </edge>
    <edge source="1" target="6">
      <data key="d35">e54</data>
      <data key="d36">0</data>
    </edge>
    <edge source="1" target="15">
      <data key="d35">e53</data>
      <data key="d36">0</data>
    </edge>
    <edge source="2" target="56">
      <data key="d35">e45</data>
      <data key="d36">0</data>
    </edge>
    <edge source="2" target="49">
      <data key="d35">e50</data>
      <data key="d36">0</data>
    </edge>
    <edge source="3" target="52">
      <data key="d35">e31</data>
      <data key="d36">0</data>
    </edge>
    <edge source="3" target="53">
      <data key="d35">e37</data>
      <data key="d36">0</data>
    </edge>
    <edge source="4" target="51">
      <data key="d35">e12</data>
      <data key="d36">0</data>
    </edge>
    <edge source="4" target="5">
      <data key="d35">e56</data>
      <data key="d36">0</data>
    </edge>
    <edge source="5" target="10">
      <data key="d35">e57</data>
      <data key="d36">0</data>
    </edge>
    <edge source="6" target="7">
      <data key="d35">e55</data>
      <data key="d36">0</data>
    </edge>
    <edge source="7" target="53">
      <data key="d35">e39</data>
      <data key="d36">0</data>
    </edge>
    <edge source="8" target="51">
      <data key="d35">e18</data>
      <data key="d36">0</data>
    </edge>
    <edge source="9" target="51">
      <data key="d35">e21</data>
      <data key="d36">0</data>
    </edge>
    <edge source="10" target="11">
      <data key="d35">e58</data>
      <data key="d36">0</data>
    </edge>
    <edge source="10" target="51">
      <data key="d35">e19</data>
      <data key="d36">0</data>
    </edge>
    <edge source="10" target="36">
      <data key="d35">e59</data>
      <data key="d36">0</data>
    </edge>
    <edge source="11" target="43">
      <data key="d35">e60</data>
      <data key="d36">0</data>
    </edge>
    <edge source="12" target="52">
      <data key="d35">e34</data>
      <data key="d36">0</data>
    </edge>
    <edge source="13" target="52">
      <data key="d35">e35</data>
      <data key="d36">0</data>
    </edge>
    <edge source="14" target="24">
      <data key="d35">e77</data>
      <data key="d36">0</data>
    </edge>
    <edge source="14" target="50">
      <data key="d35">e9</data>
      <data key="d36">0</data>
    </edge>
    <edge source="14" target="27">
      <data key="d35">e86</data>
      <data key="d36">0</data>
    </edge>
    <edge source="16" target="50">
      <data key="d35">e4</data>
      <data key="d36">0</data>
    </edge>
    <edge source="16" target="23">
      <data key="d35">e76</data>
      <data key="d36">0</data>
    </edge>
    <edge source="17" target="25">
      <data key="d35">e79</data>
      <data key="d36">0</data>
    </edge>
    <edge source="17" target="50">
      <data key="d35">e5</data>
      <data key="d36">0</data>
    </edge>
    <edge source="17" target="31">
      <data key="d35">e80</data>
      <data key="d36">0</data>
    </edge>
    <edge source="18" target="19">
      <data key="d35">e71</data>
      <data key="d36">0</data>
    </edge>
    <edge source="18" target="38">
      <data key="d35">e70</data>
      <data key="d36">0</data>
    </edge>
    <edge source="19" target="51">
      <data key="d35">e25</data>
      <data key="d36">0</data>
    </edge>
    <edge source="19" target="20">
      <data key="d35">e72</data>
      <data key="d36">0</data>
    </edge>
    <edge source="20" target="46">
      <data key="d35">e64</data>
      <data key="d36">0</data>
    </edge>
    <edge source="21" target="22">
      <data key="d35">e73</data>
      <data key="d36">0</data>
    </edge>
    <edge source="21" target="23">
      <data key="d35">e74</data>
      <data key="d36">0</data>
    </edge>
    <edge source="22" target="51">
      <data key="d35">e15</data>
      <data key="d36">0</data>
    </edge>
    <edge source="23" target="24">
      <data key="d35">e75</data>
      <data key="d36">0</data>
    </edge>
    <edge source="25" target="27">
      <data key="d35">e78</data>
      <data key="d36">0</data>
    </edge>
    <edge source="26" target="50">
      <data key="d35">e10</data>
      <data key="d36">0</data>
    </edge>
    <edge source="27" target="44">
      <data key="d35">e67</data>
      <data key="d36">0</data>
    </edge>
    <edge source="28" target="51">
      <data key="d35">e17</data>
      <data key="d36">0</data>
    </edge>
    <edge source="28" target="36">
      <data key="d35">e85</data>
      <data key="d36">0</data>
    </edge>
    <edge source="29" target="51">
      <data key="d35">e22</data>
      <data key="d36">0</data>
    </edge>
    <edge source="30" target="48">
      <data key="d35">e48</data>
      <data key="d36">0</data>
    </edge>
    <edge source="30" target="31">
      <data key="d35">e81</data>
      <data key="d36">0</data>
    </edge>
    <edge source="32" target="33">
      <data key="d35">e82</data>
      <data key="d36">0</data>
    </edge>
    <edge source="32" target="50">
      <data key="d35">e7</data>
      <data key="d36">0</data>
    </edge>
    <edge source="33" target="50">
      <data key="d35">e6</data>
      <data key="d36">0</data>
    </edge>
    <edge source="33" target="37">
      <data key="d35">e83</data>
      <data key="d36">0</data>
    </edge>
    <edge source="34" target="35">
      <data key="d35">e84</data>
      <data key="d36">0</data>
    </edge>
    <edge source="34" target="52">
      <data key="d35">e32</data>
      <data key="d36">0</data>
    </edge>
    <edge source="35" target="50">
      <data key="d35">e8</data>
      <data key="d36">0</data>
    </edge>
    <edge source="36" target="51">
      <data key="d35">e16</data>
      <data key="d36">0</data>
    </edge>
    <edge source="37" target="52">
      <data key="d35">e33</data>
      <data key="d36">0</data>
    </edge>
    <edge source="38" target="39">
      <data key="d35">e69</data>
      <data key="d36">0</data>
    </edge>
    <edge source="39" target="44">
      <data key="d35">e68</data>
      <data key="d36">0</data>
    </edge>
    <edge source="40" target="41">
      <data key="d35">e63</data>
      <data key="d36">0</data>
    </edge>
    <edge source="40" target="43">
      <data key="d35">e62</data>
      <data key="d36">0</data>
    </edge>
    <edge source="41" target="53">
      <data key="d35">e41</data>
      <data key="d36">0</data>
    </edge>
    <edge source="42" target="43">
      <data key="d35">e61</data>
      <data key="d36">0</data>
    </edge>
    <edge source="42" target="53">
      <data key="d35">e40</data>
      <data key="d36">0</data>
    </edge>
    <edge source="43" target="51">
      <data key="d35">e20</data>
      <data key="d36">0</data>
    </edge>
    <edge source="44" target="50">
      <data key="d35">e11</data>
      <data key="d36">0</data>
    </edge>
    <edge source="44" target="45">
      <data key="d35">e66</data>
      <data key="d36">0</data>
    </edge>
    <edge source="45" target="46">
      <data key="d35">e65</data>
      <data key="d36">0</data>
    </edge>
    <edge source="46" target="51">
      <data key="d35">e24</data>
      <data key="d36">0</data>
    </edge>
    <edge source="47" target="51">
      <data key="d35">e23</data>
      <data key="d36">0</data>
    </edge>
    <edge source="47" target="53">
      <data key="d35">e42</data>
      <data key="d36">0</data>
    </edge>
    <edge source="48" target="56">
      <data key="d35">e44</data>
      <data key="d36">0</data>
    </edge>
    <edge source="48" target="49">
      <data key="d35">e49</data>
      <data key="d36">0</data>
    </edge>
    <edge source="48" target="52">
      <data key="d35">e30</data>
      <data key="d36">0</data>
    </edge>
    <edge source="48" target="57">
      <data key="d35">e47</data>
      <data key="d36">0</data>
    </edge>
    <edge source="50" target="51">
      <data key="d35">e0</data>
      <data key="d36">0</data>
    </edge>
    <edge source="50" target="52">
      <data key="d35">e1</data>
      <data key="d36">0</data>
    </edge>
    <edge source="50" target="53">
      <data key="d35">e2</data>
      <data key="d36">0</data>
    </edge>
    <edge source="50" target="55">
      <data key="d35">e3</data>
      <data key="d36">0</data>
    </edge>
    <edge source="51" target="52">
      <data key="d35">e13</data>
      <data key="d36">0</data>
    </edge>
    <edge source="51" target="53">
      <data key="d35">e14</data>
      <data key="d36">0</data>
    </edge>
    <edge source="52" target="53">
      <data key="d35">e26</data>
      <data key="d36">0</data>
    </edge>
    <edge source="52" target="54">
      <data key="d35">e27</data>
      <data key="d36">0</data>
    </edge>
    <edge source="52" target="55">
      <data key="d35">e28</data>
      <data key="d36">0</data>
    </edge>
    <edge source="52" target="56">
      <data key="d35">e29</data>
      <data key="d36">0</data>
    </edge>
    <edge source="53" target="54">
      <data key="d35">e36</data>
      <data key="d36">0</data>
    </edge>
    <edge source="55" target="56">
      <data key="d35">e43</data>
      <data key="d36">0</data>
    </edge>
    <edge source="56" target="57">
      <data key="d35">e46</data>
      <data key="d36">0</data>
    </edge>
  </graph>
</graphml>
