<?xml version="1.0" encoding="utf-8"?><graphml xmlns="http://graphml.graphdrawing.org/xmlns" xmlns:xsi="http://www.w3.org/2001/XMLSchema-instance" xsi:schemaLocation="http://graphml.graphdrawing.org/xmlns http://graphml.graphdrawing.org/xmlns/1.0/graphml.xsd">
  <key attr.name="key" attr.type="int" for="edge" id="d38" />
  <key attr.name="id" attr.type="string" for="edge" id="d37" />
  <key attr.name="hyperedge" attr.type="int" for="node" id="d36" />
  <key attr.name="geocode_append" attr.type="string" for="node" id="d35" />
  <key attr.name="geocode_id" attr.type="string" for="node" id="d34" />
  <key attr.name="label" attr.type="string" for="node" id="d33" />
  <key attr.name="Longitude" attr.type="double" for="node" id="d32" />
  <key attr.name="id" attr.type="int" for="node" id="d31" />
  <key attr.name="Country" attr.type="string" for="node" id="d30" />
  <key attr.name="Latitude" attr.type="double" for="node" id="d29" />
  <key attr.name="Internal" attr.type="int" for="node" id="d28" />
  <key attr.name="Testbed" attr.type="int" for="graph" id="d27" />
  <key attr.name="LastProcessed" attr.type="string" for="graph" id="d26" />
  <key attr.name="DateYear" attr.type="string" for="graph" id="d25" />
  <key attr.name="NetworkDate" attr.type="string" for="graph" id="d24" />
  <key attr.name="Transit" attr.type="int" for="graph" id="d23" />
  <key attr.name="Developed" attr.type="int" for="graph" id="d22" />
  <key attr.name="Creator" attr.type="string" for="graph" id="d21" />
  <key attr.name="Layer" attr.type="string" for="graph" id="d20" />
  <key attr.name="Access" attr.type="int" for="graph" id="d19" />
  <key attr.name="LastAccess" attr.type="string" for="graph" id="d18" />
  <key attr.name="DateMonth" attr.type="string" for="graph" id="d17" />
  <key attr.name="DateModifier" attr.type="string" for="graph" id="d16" />
  <key attr.name="SourceGitVersion" attr.type="string" for="graph" id="d15" />
  <key attr.name="IX" attr.type="int" for="graph" id="d14" />
  <key attr.name="Customer" attr.type="int" for="graph" id="d13" />
  <key attr.name="ToolsetVersion" attr.type="string" for="graph" id="d12" />
  <key attr.name="label" attr.type="string" for="graph" id="d11" />
  <key attr.name="Commercial" attr.type="int" for="graph" id="d10" />
  <key attr.name="Backbone" attr.type="int" for="graph" id="d9" />
  <key attr.name="DateType" attr.type="string" for="graph" id="d8" />
  <key attr.name="Type" attr.type="string" for="graph" id="d7" />
  <key attr.name="Version" attr.type="string" for="graph" id="d6" />
  <key attr.name="Source" attr.type="string" for="graph" id="d5" />
  <key attr.name="Note" attr.type="string" for="graph" id="d4" />
  <key attr.name="Provenance" attr.type="string" for="graph" id="d3" />
  <key attr.name="Network" attr.type="string" for="graph" id="d2" />
  <key attr.name="GeoExtent" attr.type="string" for="graph" id="d1" />
  <key attr.name="GeoLocation" attr.type="string" for="graph" id="d0" />
  <graph edgedefault="undirected">
    <data key="d0">Czech Republic</data>
    <data key="d1">Country</data>
    <data key="d2">Dial Telecom </data>
    <data key="d3">Primary</data>
    <data key="d4">Some node junctions unclear</data>
    <data key="d5">http://www.dialtelecom.cz/en/map.php</data>
    <data key="d6">1.0</data>
    <data key="d7">COM</data>
    <data key="d8">Current</data>
    <data key="d9">1</data>
    <data key="d10">0</data>
    <data key="d11">DialtelecomCz</data>
    <data key="d12">0.3.34dev-20120328</data>
    <data key="d13">1</data>
    <data key="d14">0</data>
    <data key="d15">e278b1b</data>
    <data key="d16">=</data>
    <data key="d17">08</data>
    <data key="d18">3/08/10</data>
    <data key="d19">1</data>
    <data key="d20">Fibre</data>
    <data key="d21">Topology Zoo Toolset</data>
    <data key="d22">1</data>
    <data key="d23">1</data>
    <data key="d24">2010_08</data>
    <data key="d25">2010</data>
    <data key="d26">2011_09_01</data>
    <data key="d27">0</data>
    <node id="0">
      <data key="d28">1</data>
      <data key="d29">49.77984</data>
      <data key="d30">Czech Republic</data>
      <data key="d31">0</data>
      <data key="d32">18.43688</data>
      <data key="d33">Havifov</data>
    </node>
    <node id="1">
      <data key="d28">1</data>
      <data key="d29">49.83465</data>
      <data key="d30">Czech Republic</data>
      <data key="d31">1</data>
      <data key="d32">18.28204</data>
      <data key="d33">Ostrava</data>
    </node>
    <node id="2">
      <data key="d28">1</data>
      <data key="d29">49.65798</data>
      <data key="d30">Czech Republic</data>
      <data key="d31">2</data>
      <data key="d32">18.28</data>
      <data key="d33">Chlebovice</data>
    </node>
    <node id="3">
      <data key="d28">1</data>
      <data key="d29">49.68333</data>
      <data key="d30">Czech Republic</data>
      <data key="d31">3</data>
      <data key="d32">18.35</data>
      <data key="d33">Frydek Mistek</data>
    </node>
    <node id="4">
      <data key="d28">1</data>
      <data key="d34">3074500</data>
      <data key="d29">49.62141</data>
      <data key="d30">Czech Republic</data>
      <data key="d31">4</data>
      <data key="d32">18.40602</data>
      <data key="d33">Janovice</data>
    </node>
    <node id="5">
      <data key="d28">1</data>
      <data key="d29">49.70238</data>
      <data key="d30">Czech Republic</data>
      <data key="d31">5</data>
      <data key="d32">18.53846</data>
      <data key="d33">Tranovice</data>
    </node>
    <node id="6">
      <data key="d28">1</data>
      <data key="d29">49.74613</data>
      <data key="d30">Czech Republic</data>
      <data key="d31">6</data>
      <data key="d32">18.62613</data>
      <data key="d33">Cesky Tusin</data>
    </node>
    <node id="7">
      <data key="d28">1</data>
      <data key="d31">7</data>
      <data key="d33">Warsaw</data>
    </node>
    <node id="8">
      <data key="d28">1</data>
      <data key="d29">49.84452</data>
      <data key="d30">Czech Republic</data>
      <data key="d31">8</data>
      <data key="d32">18.49166</data>
      <data key="d33">Karvina</data>
    </node>
    <node id="9">
      <data key="d28">1</data>
      <data key="d29">49.67763</data>
      <data key="d30">Czech Republic</data>
      <data key="d31">9</data>
      <data key="d32">18.67078</data>
      <data key="d33">Trinec</data>
    </node>
    <node id="10">
      <data key="d28">1</data>
      <data key="d29">50.68551</data>
      <data key="d30">Czech Republic</data>
      <data key="d31">10</data>
      <data key="d32">14.53764</data>
      <data key="d33">Ceska Lipa</data>
    </node>
    <node id="11">
      <data key="d28">1</data>
      <data key="d29">50.6607</data>
      <data key="d30">Czech Republic</data>
      <data key="d31">11</data>
      <data key="d32">14.03227</data>
      <data key="d33">Usti nad Labem</data>
    </node>
    <node id="12">
      <data key="d28">1</data>
      <data key="d29">50.95151</data>
      <data key="d30">Czech Republic</data>
      <data key="d31">12</data>
      <data key="d32">14.55699</data>
      <data key="d33">Rumburk</data>
    </node>
    <node id="13">
      <data key="d28">1</data>
      <data key="d29">50.78215</data>
      <data key="d30">Czech Republic</data>
      <data key="d31">13</data>
      <data key="d32">14.21478</data>
      <data key="d33">Decin</data>
    </node>
    <node id="14">
      <data key="d28">1</data>
      <data key="d29">50.5272</data>
      <data key="d30">Czech Republic</data>
      <data key="d31">14</data>
      <data key="d32">14.97134</data>
      <data key="d33">Mnichovo Hradiste</data>
    </node>
    <node id="15">
      <data key="d28">1</data>
      <data key="d29">50.6404</data>
      <data key="d30">Czech Republic</data>
      <data key="d31">15</data>
      <data key="d32">13.82451</data>
      <data key="d33">Teplice</data>
    </node>
    <node id="16">
      <data key="d28">1</data>
      <data key="d29">50.3505</data>
      <data key="d30">Czech Republic</data>
      <data key="d31">16</data>
      <data key="d32">14.47411</data>
      <data key="d33">Melnik</data>
    </node>
    <node id="17">
      <data key="d28">1</data>
      <data key="d29">50.41135</data>
      <data key="d30">Czech Republic</data>
      <data key="d31">17</data>
      <data key="d32">14.90318</data>
      <data key="d33">Mlada Boleslav</data>
    </node>
    <node id="18">
      <data key="d28">1</data>
      <data key="d29">50.6042</data>
      <data key="d30">Czech Republic</data>
      <data key="d31">18</data>
      <data key="d32">13.61812</data>
      <data key="d33">Litvinov</data>
    </node>
    <node id="19">
      <data key="d28">1</data>
      <data key="d29">50.5792</data>
      <data key="d30">Czech Republic</data>
      <data key="d31">19</data>
      <data key="d32">13.41654</data>
      <data key="d33">Hora Sv. Kateriny</data>
    </node>
    <node id="20">
      <data key="d28">1</data>
      <data key="d29">49.4627</data>
      <data key="d30">Czech Republic</data>
      <data key="d31">20</data>
      <data key="d32">13.7406</data>
      <data key="d33">Kasejovice</data>
    </node>
    <node id="21">
      <data key="d28">1</data>
      <data key="d29">49.23106</data>
      <data key="d30">Czech Republic</data>
      <data key="d31">21</data>
      <data key="d32">13.52018</data>
      <data key="d33">Susice</data>
    </node>
    <node id="22">
      <data key="d28">1</data>
      <data key="d29">49.68988</data>
      <data key="d30">Czech Republic</data>
      <data key="d31">22</data>
      <data key="d32">14.01043</data>
      <data key="d33">Pribram</data>
    </node>
    <node id="23">
      <data key="d28">1</data>
      <data key="d34">3076031</data>
      <data key="d29">49.67263</data>
      <data key="d30">Czech Republic</data>
      <data key="d31">23</data>
      <data key="d32">14.04735</data>
      <data key="d33">Haje</data>
    </node>
    <node id="24">
      <data key="d28">1</data>
      <data key="d29">49.39552</data>
      <data key="d30">Czech Republic</data>
      <data key="d31">24</data>
      <data key="d32">13.29505</data>
      <data key="d33">Klatovy</data>
    </node>
    <node id="25">
      <data key="d28">1</data>
      <data key="d29">49.6</data>
      <data key="d30">Czech Republic</data>
      <data key="d31">25</data>
      <data key="d32">12.81667</data>
      <data key="d33">Melnice</data>
    </node>
    <node id="26">
      <data key="d28">1</data>
      <data key="d29">49.38333</data>
      <data key="d30">Czech Republic</data>
      <data key="d31">26</data>
      <data key="d32">13.58333</data>
      <data key="d33">Strazovice</data>
    </node>
    <node id="27">
      <data key="d28">1</data>
      <data key="d34">3074877</data>
      <data key="d29">49.4771</data>
      <data key="d30">Czech Republic</data>
      <data key="d31">27</data>
      <data key="d32">13.34822</data>
      <data key="d33">Hraz</data>
    </node>
    <node id="28">
      <data key="d28">1</data>
      <data key="d34">3077565</data>
      <data key="d29">49.33319</data>
      <data key="d30">Czech Republic</data>
      <data key="d31">28</data>
      <data key="d32">13.89704</data>
      <data key="d33">Chrastovice</data>
    </node>
    <node id="29">
      <data key="d28">1</data>
      <data key="d29">49.96382</data>
      <data key="d30">Czech Republic</data>
      <data key="d31">29</data>
      <data key="d32">14.072</data>
      <data key="d33">Beroun</data>
    </node>
    <node id="30">
      <data key="d28">1</data>
      <data key="d34">3076124</data>
      <data key="d29">50.92139</data>
      <data key="d30">Czech Republic</data>
      <data key="d31">30</data>
      <data key="d32">15.07974</data>
      <data key="d33">Frydlant</data>
    </node>
    <node id="31">
      <data key="d28">1</data>
      <data key="d29">50.76711</data>
      <data key="d30">Czech Republic</data>
      <data key="d31">31</data>
      <data key="d32">15.05619</data>
      <data key="d33">Liberec</data>
    </node>
    <node id="32">
      <data key="d28">1</data>
      <data key="d29">50.43172</data>
      <data key="d30">Czech Republic</data>
      <data key="d31">32</data>
      <data key="d32">15.81402</data>
      <data key="d33">Dvur Kralove nad Labem</data>
    </node>
    <node id="33">
      <data key="d28">1</data>
      <data key="d29">50.43723</data>
      <data key="d30">Czech Republic</data>
      <data key="d31">33</data>
      <data key="d32">15.35162</data>
      <data key="d33">Jicin</data>
    </node>
    <node id="34">
      <data key="d28">1</data>
      <data key="d29">50.72431</data>
      <data key="d30">Czech Republic</data>
      <data key="d31">34</data>
      <data key="d32">15.17108</data>
      <data key="d33">Jablonec nad Nisou</data>
    </node>
    <node id="35">
      <data key="d28">1</data>
      <data key="d29">50.56101</data>
      <data key="d30">Czech Republic</data>
      <data key="d31">35</data>
      <data key="d32">15.9127</data>
      <data key="d33">Trutnov</data>
    </node>
    <node id="36">
      <data key="d28">1</data>
      <data key="d31">36</data>
      <data key="d33">Bratislava</data>
    </node>
    <node id="37">
      <data key="d28">1</data>
      <data key="d29">48.84893</data>
      <data key="d30">Czech Republic</data>
      <data key="d31">37</data>
      <data key="d32">17.13244</data>
      <data key="d33">Hodonin</data>
    </node>
    <node id="38">
      <data key="d28">1</data>
      <data key="d29">50.43333</data>
      <data key="d30">Czech Republic</data>
      <data key="d31">38</data>
      <data key="d32">15.4</data>
      <data key="d33">Robousy</data>
    </node>
    <node id="39">
      <data key="d28">1</data>
      <data key="d31">39</data>
      <data key="d33">Rajka</data>
    </node>
    <node id="40">
      <data key="d28">1</data>
      <data key="d29">49.27747</data>
      <data key="d30">Czech Republic</data>
      <data key="d31">40</data>
      <data key="d32">16.99897</data>
      <data key="d33">Vyskov</data>
    </node>
    <node id="41">
      <data key="d28">1</data>
      <data key="d29">49.47188</data>
      <data key="d30">Czech Republic</data>
      <data key="d31">41</data>
      <data key="d32">17.11184</data>
      <data key="d33">Proslejov</data>
    </node>
    <node id="42">
      <data key="d28">1</data>
      <data key="d29">49.19522</data>
      <data key="d30">Czech Republic</data>
      <data key="d31">42</data>
      <data key="d32">16.60796</data>
      <data key="d33">Brno3</data>
    </node>
    <node id="43">
      <data key="d28">1</data>
      <data key="d29">49.36304</data>
      <data key="d30">Czech Republic</data>
      <data key="d31">43</data>
      <data key="d32">16.64446</data>
      <data key="d33">Blansko</data>
    </node>
    <node id="44">
      <data key="d28">1</data>
      <data key="d29">49.3298</data>
      <data key="d30">Czech Republic</data>
      <data key="d31">44</data>
      <data key="d32">17.33479</data>
      <data key="d33">Bezmerov</data>
    </node>
    <node id="45">
      <data key="d28">1</data>
      <data key="d29">49.37715</data>
      <data key="d30">Czech Republic</data>
      <data key="d31">45</data>
      <data key="d32">17.40206</data>
      <data key="d33">Kyselovice</data>
    </node>
    <node id="46">
      <data key="d28">1</data>
      <data key="d29">49.59552</data>
      <data key="d30">Czech Republic</data>
      <data key="d31">46</data>
      <data key="d32">17.25175</data>
      <data key="d33">Olomouc</data>
    </node>
    <node id="47">
      <data key="d28">1</data>
      <data key="d29">49.39546</data>
      <data key="d30">Czech Republic</data>
      <data key="d31">47</data>
      <data key="d32">17.29192</data>
      <data key="d33">Lobodice</data>
    </node>
    <node id="48">
      <data key="d28">1</data>
      <data key="d29">49.45511</data>
      <data key="d30">Czech Republic</data>
      <data key="d31">48</data>
      <data key="d32">17.4509</data>
      <data key="d33">Prerov</data>
    </node>
    <node id="49">
      <data key="d28">1</data>
      <data key="d34">3068856</data>
      <data key="d29">49.51121</data>
      <data key="d30">Czech Republic</data>
      <data key="d31">49</data>
      <data key="d32">17.52829</data>
      <data key="d33">Osek</data>
    </node>
    <node id="50">
      <data key="d28">1</data>
      <data key="d29">49.1843</data>
      <data key="d30">Czech Republic</data>
      <data key="d31">50</data>
      <data key="d32">14.69734</data>
      <data key="d33">Veself nad Luznici</data>
    </node>
    <node id="51">
      <data key="d28">1</data>
      <data key="d29">48.97447</data>
      <data key="d30">Czech Republic</data>
      <data key="d31">51</data>
      <data key="d32">14.47434</data>
      <data key="d33">Ceske Budejovice</data>
    </node>
    <node id="52">
      <data key="d28">1</data>
      <data key="d29">49.01292</data>
      <data key="d30">Czech Republic</data>
      <data key="d31">52</data>
      <data key="d32">13.99752</data>
      <data key="d33">Prachatice</data>
    </node>
    <node id="53">
      <data key="d28">1</data>
      <data key="d29">49.18333</data>
      <data key="d30">Czech Republic</data>
      <data key="d31">53</data>
      <data key="d32">14.31667</data>
      <data key="d33">Horami</data>
    </node>
    <node id="54">
      <data key="d28">1</data>
      <data key="d29">49.26141</data>
      <data key="d30">Czech Republic</data>
      <data key="d31">54</data>
      <data key="d32">13.90237</data>
      <data key="d33">Strakonice</data>
    </node>
    <node id="55">
      <data key="d28">1</data>
      <data key="d29">49.3088</data>
      <data key="d30">Czech Republic</data>
      <data key="d31">55</data>
      <data key="d32">14.1475</data>
      <data key="d33">Pisek</data>
    </node>
    <node id="56">
      <data key="d28">1</data>
      <data key="d29">49.2</data>
      <data key="d30">Czech Republic</data>
      <data key="d31">56</data>
      <data key="d32">14.46667</data>
      <data key="d33">Tritim</data>
    </node>
    <node id="57">
      <data key="d28">1</data>
      <data key="d29">49.19283</data>
      <data key="d30">Czech Republic</data>
      <data key="d31">57</data>
      <data key="d32">14.34874</data>
      <data key="d33">Termelin</data>
    </node>
    <node id="58">
      <data key="d28">1</data>
      <data key="d29">49.21667</data>
      <data key="d30">Czech Republic</data>
      <data key="d31">58</data>
      <data key="d32">14.15</data>
      <data key="d33">Budicovice</data>
    </node>
    <node id="59">
      <data key="d28">1</data>
      <data key="d29">49.19758</data>
      <data key="d30">Czech Republic</data>
      <data key="d31">59</data>
      <data key="d32">14.40702</data>
      <data key="d33">Zverkovice</data>
    </node>
    <node id="60">
      <data key="d28">1</data>
      <data key="d29">49.96414</data>
      <data key="d30">Czech Republic</data>
      <data key="d31">60</data>
      <data key="d32">14.63293</data>
      <data key="d33">Jazlovice</data>
    </node>
    <node id="61">
      <data key="d28">1</data>
      <data key="d34">3061976</data>
      <data key="d29">49.89651</data>
      <data key="d30">Czech Republic</data>
      <data key="d31">61</data>
      <data key="d32">14.68237</data>
      <data key="d33">Zajecice</data>
    </node>
    <node id="62">
      <data key="d28">1</data>
      <data key="d29">50.30688</data>
      <data key="d30">Czech Republic</data>
      <data key="d31">62</data>
      <data key="d32">14.17176</data>
      <data key="d33">Hospozin</data>
    </node>
    <node id="63">
      <data key="d28">1</data>
      <data key="d29">50.27795</data>
      <data key="d30">Czech Republic</data>
      <data key="d31">63</data>
      <data key="d32">14.3686</data>
      <data key="d33">Zlosyn</data>
    </node>
    <node id="64">
      <data key="d28">1</data>
      <data key="d29">50.30198</data>
      <data key="d30">Czech Republic</data>
      <data key="d31">64</data>
      <data key="d32">14.31554</data>
      <data key="d33">Nove Ouholice</data>
    </node>
    <node id="65">
      <data key="d28">1</data>
      <data key="d29">50.24107</data>
      <data key="d30">Czech Republic</data>
      <data key="d31">65</data>
      <data key="d32">14.31149</data>
      <data key="d33">Kralupy n. Vit.</data>
    </node>
    <node id="66">
      <data key="d28">1</data>
      <data key="d29">50.17485</data>
      <data key="d30">Czech Republic</data>
      <data key="d31">66</data>
      <data key="d32">13.73158</data>
      <data key="d33">Krupa</data>
    </node>
    <node id="67">
      <data key="d28">1</data>
      <data key="d29">50.08804</data>
      <data key="d30">Czech Republic</data>
      <data key="d31">67</data>
      <data key="d32">14.42076</data>
      <data key="d33">Praha</data>
    </node>
    <node id="68">
      <data key="d28">1</data>
      <data key="d29">50.14734</data>
      <data key="d30">Czech Republic</data>
      <data key="d31">68</data>
      <data key="d32">14.10285</data>
      <data key="d33">Kladno</data>
    </node>
    <node id="69">
      <data key="d28">1</data>
      <data key="d34">3076016</data>
      <data key="d29">50.05108</data>
      <data key="d30">Czech Republic</data>
      <data key="d31">69</data>
      <data key="d32">14.62812</data>
      <data key="d33">Hajek</data>
    </node>
    <node id="70">
      <data key="d28">1</data>
      <data key="d34">3067158</data>
      <data key="d29">50.14306</data>
      <data key="d30">Czech Republic</data>
      <data key="d31">70</data>
      <data key="d32">14.61026</data>
      <data key="d33">Radonice</data>
    </node>
    <node id="71">
      <data key="d28">1</data>
      <data key="d29">50.08478</data>
      <data key="d30">Czech Republic</data>
      <data key="d31">71</data>
      <data key="d32">14.7695</data>
      <data key="d33">Tuklaty</data>
    </node>
    <node id="72">
      <data key="d28">1</data>
      <data key="d29">50.05909</data>
      <data key="d30">Czech Republic</data>
      <data key="d31">72</data>
      <data key="d32">14.79017</data>
      <data key="d33">Limuzy</data>
    </node>
    <node id="73">
      <data key="d28">1</data>
      <data key="d29">50.00306</data>
      <data key="d30">Czech Republic</data>
      <data key="d31">73</data>
      <data key="d32">14.97703</data>
      <data key="d33">KS Kourim</data>
    </node>
    <node id="74">
      <data key="d28">1</data>
      <data key="d29">50.18605</data>
      <data key="d30">Czech Republic</data>
      <data key="d31">74</data>
      <data key="d32">15.04167</data>
      <data key="d33">Nymburk</data>
    </node>
    <node id="75">
      <data key="d28">1</data>
      <data key="d29">50.14242</data>
      <data key="d30">Czech Republic</data>
      <data key="d31">75</data>
      <data key="d32">15.11881</data>
      <data key="d33">Podebrady</data>
    </node>
    <node id="76">
      <data key="d28">1</data>
      <data key="d29">50.02814</data>
      <data key="d30">Czech Republic</data>
      <data key="d31">76</data>
      <data key="d32">15.20057</data>
      <data key="d33">Kolin</data>
    </node>
    <node id="77">
      <data key="d28">1</data>
      <data key="d29">49.91099</data>
      <data key="d30">Czech Republic</data>
      <data key="d31">77</data>
      <data key="d32">15.38972</data>
      <data key="d33">Caslav</data>
    </node>
    <node id="78">
      <data key="d28">1</data>
      <data key="d31">78</data>
      <data key="d33">Frankfurt</data>
    </node>
    <node id="79">
      <data key="d28">1</data>
      <data key="d29">50.19108</data>
      <data key="d30">Czech Republic</data>
      <data key="d31">79</data>
      <data key="d32">14.59268</data>
      <data key="d33">Brazdim</data>
    </node>
    <node id="80">
      <data key="d28">1</data>
      <data key="d29">50.24205</data>
      <data key="d30">Czech Republic</data>
      <data key="d31">80</data>
      <data key="d32">13.94355</data>
      <data key="d33">Pozden</data>
    </node>
    <node id="81">
      <data key="d28">1</data>
      <data key="d29">50.32717</data>
      <data key="d30">Czech Republic</data>
      <data key="d31">81</data>
      <data key="d32">13.54577</data>
      <data key="d33">Zatec</data>
    </node>
    <node id="82">
      <data key="d28">1</data>
      <data key="d29">50.46667</data>
      <data key="d30">Czech Republic</data>
      <data key="d31">82</data>
      <data key="d32">13.6</data>
      <data key="d33">Bylany</data>
    </node>
    <node id="83">
      <data key="d28">1</data>
      <data key="d29">50.46048</data>
      <data key="d30">Czech Republic</data>
      <data key="d31">83</data>
      <data key="d32">13.41779</data>
      <data key="d33">Chomutov</data>
    </node>
    <node id="84">
      <data key="d28">1</data>
      <data key="d29">50.49979</data>
      <data key="d30">Czech Republic</data>
      <data key="d31">84</data>
      <data key="d32">13.44769</data>
      <data key="d33">Jirkov</data>
    </node>
    <node id="85">
      <data key="d28">1</data>
      <data key="d29">50.632</data>
      <data key="d30">Czech Republic</data>
      <data key="d31">85</data>
      <data key="d32">13.39072</data>
      <data key="d33">Brandov</data>
    </node>
    <node id="86">
      <data key="d28">1</data>
      <data key="d29">50.35699</data>
      <data key="d30">Czech Republic</data>
      <data key="d31">86</data>
      <data key="d32">13.79667</data>
      <data key="d33">Louny</data>
    </node>
    <node id="87">
      <data key="d28">1</data>
      <data key="d29">50.36138</data>
      <data key="d30">Czech Republic</data>
      <data key="d31">87</data>
      <data key="d32">13.84521</data>
      <data key="d33">Cerncice</data>
    </node>
    <node id="88">
      <data key="d28">1</data>
      <data key="d29">50.37182</data>
      <data key="d30">Czech Republic</data>
      <data key="d31">88</data>
      <data key="d32">13.8878</data>
      <data key="d33">Pocedelice</data>
    </node>
    <node id="89">
      <data key="d28">1</data>
      <data key="d29">50.50301</data>
      <data key="d30">Czech Republic</data>
      <data key="d31">89</data>
      <data key="d32">13.63617</data>
      <data key="d33">Most</data>
    </node>
    <node id="90">
      <data key="d28">1</data>
      <data key="d29">49.75294</data>
      <data key="d30">Czech Republic</data>
      <data key="d31">90</data>
      <data key="d32">13.00409</data>
      <data key="d33">Stribro</data>
    </node>
    <node id="91">
      <data key="d28">1</data>
      <data key="d29">49.83333</data>
      <data key="d30">Czech Republic</data>
      <data key="d31">91</data>
      <data key="d32">13.05</data>
      <data key="d33">Svinomazy</data>
    </node>
    <node id="92">
      <data key="d28">1</data>
      <data key="d29">49.93449</data>
      <data key="d30">Czech Republic</data>
      <data key="d31">92</data>
      <data key="d32">13.39035</data>
      <data key="d33">Plasy</data>
    </node>
    <node id="93">
      <data key="d28">1</data>
      <data key="d29">49.74747</data>
      <data key="d30">Czech Republic</data>
      <data key="d31">93</data>
      <data key="d32">13.37759</data>
      <data key="d33">Plzen</data>
    </node>
    <node id="94">
      <data key="d28">1</data>
      <data key="d29">49.66817</data>
      <data key="d30">Czech Republic</data>
      <data key="d31">94</data>
      <data key="d32">12.55188</data>
      <data key="d33">Rozvadov</data>
    </node>
    <node id="95">
      <data key="d35">Plzensky Kraj</data>
      <data key="d28">1</data>
      <data key="d29">49.71159</data>
      <data key="d30">Czech Republic</data>
      <data key="d31">95</data>
      <data key="d32">12.77516</data>
      <data key="d33">Bor</data>
    </node>
    <node id="96">
      <data key="d28">1</data>
      <data key="d29">49.79528</data>
      <data key="d30">Czech Republic</data>
      <data key="d31">96</data>
      <data key="d32">12.63365</data>
      <data key="d33">Tachov</data>
    </node>
    <node id="97">
      <data key="d28">1</data>
      <data key="d34">3068694</data>
      <data key="d29">49.76667</data>
      <data key="d30">Czech Republic</data>
      <data key="d31">97</data>
      <data key="d32">12.95</data>
      <data key="d33">Otrocin</data>
    </node>
    <node id="98">
      <data key="d28">1</data>
      <data key="d34">3063924</data>
      <data key="d29">48.98676</data>
      <data key="d30">Czech Republic</data>
      <data key="d31">98</data>
      <data key="d32">16.19542</data>
      <data key="d33">Trstenice</data>
    </node>
    <node id="99">
      <data key="d28">1</data>
      <data key="d29">49.7427</data>
      <data key="d30">Czech Republic</data>
      <data key="d31">99</data>
      <data key="d32">13.59459</data>
      <data key="d33">Rokycany</data>
    </node>
    <node id="100">
      <data key="d28">1</data>
      <data key="d29">49.53403</data>
      <data key="d30">Czech Republic</data>
      <data key="d31">100</data>
      <data key="d32">13.07458</data>
      <data key="d33">Hlohova</data>
    </node>
    <node id="101">
      <data key="d28">1</data>
      <data key="d34">7670509</data>
      <data key="d29">48.76524</data>
      <data key="d30">Czech Republic</data>
      <data key="d31">101</data>
      <data key="d32">16.06682</data>
      <data key="d33">Hate</data>
    </node>
    <node id="102">
      <data key="d28">1</data>
      <data key="d29">50.1037</data>
      <data key="d30">Czech Republic</data>
      <data key="d31">102</data>
      <data key="d32">13.7334</data>
      <data key="d33">Rakovnik</data>
    </node>
    <node id="103">
      <data key="d28">1</data>
      <data key="d29">50.087</data>
      <data key="d30">Czech Republic</data>
      <data key="d31">103</data>
      <data key="d32">13.53258</data>
      <data key="d33">Sosen</data>
    </node>
    <node id="104">
      <data key="d28">1</data>
      <data key="d29">50.23271</data>
      <data key="d30">Czech Republic</data>
      <data key="d31">104</data>
      <data key="d32">12.87117</data>
      <data key="d33">Karlovy Vary</data>
    </node>
    <node id="105">
      <data key="d28">1</data>
      <data key="d29">50.30592</data>
      <data key="d30">Czech Republic</data>
      <data key="d31">105</data>
      <data key="d32">12.93907</data>
      <data key="d33">Ostrov</data>
    </node>
    <node id="106">
      <data key="d28">1</data>
      <data key="d29">49.96459</data>
      <data key="d30">Czech Republic</data>
      <data key="d31">106</data>
      <data key="d32">12.70118</data>
      <data key="d33">Marianske Lazne</data>
    </node>
    <node id="107">
      <data key="d28">1</data>
      <data key="d29">50.22387</data>
      <data key="d30">Czech Republic</data>
      <data key="d31">107</data>
      <data key="d32">12.19499</data>
      <data key="d33">As</data>
    </node>
    <node id="108">
      <data key="d28">1</data>
      <data key="d29">50.07963</data>
      <data key="d30">Czech Republic</data>
      <data key="d31">108</data>
      <data key="d32">12.37392</data>
      <data key="d33">Cheb</data>
    </node>
    <node id="109">
      <data key="d28">1</data>
      <data key="d29">50.1813</data>
      <data key="d30">Czech Republic</data>
      <data key="d31">109</data>
      <data key="d32">12.6401</data>
      <data key="d33">Sokolov</data>
    </node>
    <node id="110">
      <data key="d35">Plzensky Kraj</data>
      <data key="d28">1</data>
      <data key="d29">49.98524</data>
      <data key="d30">Czech Republic</data>
      <data key="d31">110</data>
      <data key="d32">13.36439</data>
      <data key="d33">Mladotice</data>
    </node>
    <node id="111">
      <data key="d28">1</data>
      <data key="d29">49.29785</data>
      <data key="d30">Czech Republic</data>
      <data key="d31">111</data>
      <data key="d32">17.39312</data>
      <data key="d33">Kromeriz</data>
    </node>
    <node id="112">
      <data key="d28">1</data>
      <data key="d29">49.97387</data>
      <data key="d30">Czech Republic</data>
      <data key="d31">112</data>
      <data key="d32">16.39361</data>
      <data key="d33">Ust nad Orlicl</data>
    </node>
    <node id="113">
      <data key="d28">1</data>
      <data key="d29">49.86809</data>
      <data key="d30">Czech Republic</data>
      <data key="d31">113</data>
      <data key="d32">16.31298</data>
      <data key="d33">Litomysl</data>
    </node>
    <node id="114">
      <data key="d28">1</data>
      <data key="d29">49.89795</data>
      <data key="d30">Czech Republic</data>
      <data key="d31">114</data>
      <data key="d32">18.19196</data>
      <data key="d33">Hlucin</data>
    </node>
    <node id="115">
      <data key="d28">1</data>
      <data key="d29">49.93866</data>
      <data key="d30">Czech Republic</data>
      <data key="d31">115</data>
      <data key="d32">17.90257</data>
      <data key="d33">Opava</data>
    </node>
    <node id="116">
      <data key="d28">1</data>
      <data key="d29">50.08967</data>
      <data key="d30">Czech Republic</data>
      <data key="d31">116</data>
      <data key="d32">17.70385</data>
      <data key="d33">Krnov</data>
    </node>
    <node id="117">
      <data key="d28">1</data>
      <data key="d29">49.98844</data>
      <data key="d30">Czech Republic</data>
      <data key="d31">117</data>
      <data key="d32">17.4647</data>
      <data key="d33">Bruntal</data>
    </node>
    <node id="118">
      <data key="d28">1</data>
      <data key="d29">49.77092</data>
      <data key="d30">Czech Republic</data>
      <data key="d31">118</data>
      <data key="d32">17.12144</data>
      <data key="d33">Unicov</data>
    </node>
    <node id="119">
      <data key="d28">1</data>
      <data key="d29">50.24161</data>
      <data key="d30">Czech Republic</data>
      <data key="d31">119</data>
      <data key="d32">17.18811</data>
      <data key="d33">Jesenik</data>
    </node>
    <node id="120">
      <data key="d28">1</data>
      <data key="d29">49.75594</data>
      <data key="d30">Czech Republic</data>
      <data key="d31">120</data>
      <data key="d32">16.46829</data>
      <data key="d33">Svitavy</data>
    </node>
    <node id="121">
      <data key="d28">1</data>
      <data key="d29">49.96528</data>
      <data key="d30">Czech Republic</data>
      <data key="d31">121</data>
      <data key="d32">16.97061</data>
      <data key="d33">Sumperk</data>
    </node>
    <node id="122">
      <data key="d28">1</data>
      <data key="d29">49.74323</data>
      <data key="d30">Czech Republic</data>
      <data key="d31">122</data>
      <data key="d32">14.7901</data>
      <data key="d33">Jemniste</data>
    </node>
    <node id="123">
      <data key="d28">1</data>
      <data key="d29">49.78162</data>
      <data key="d30">Czech Republic</data>
      <data key="d31">123</data>
      <data key="d32">14.68697</data>
      <data key="d33">Benesov</data>
    </node>
    <node id="124">
      <data key="d28">1</data>
      <data key="d29">49.6174</data>
      <data key="d30">Czech Republic</data>
      <data key="d31">124</data>
      <data key="d32">14.6577</data>
      <data key="d33">Hostisov</data>
    </node>
    <node id="125">
      <data key="d28">1</data>
      <data key="d29">49.63267</data>
      <data key="d30">Czech Republic</data>
      <data key="d31">125</data>
      <data key="d32">14.79212</data>
      <data key="d33">Zvestov</data>
    </node>
    <node id="126">
      <data key="d28">1</data>
      <data key="d34">3076543</data>
      <data key="d29">49.63333</data>
      <data key="d30">Czech Republic</data>
      <data key="d31">126</data>
      <data key="d32">14.41667</data>
      <data key="d33">Doubravice</data>
    </node>
    <node id="127">
      <data key="d28">1</data>
      <data key="d29">49.64013</data>
      <data key="d30">Czech Republic</data>
      <data key="d31">127</data>
      <data key="d32">14.63809</data>
      <data key="d33">Votice</data>
    </node>
    <node id="128">
      <data key="d28">1</data>
      <data key="d34">3073881</data>
      <data key="d29">49.63902</data>
      <data key="d30">Czech Republic</data>
      <data key="d31">128</data>
      <data key="d32">14.25344</data>
      <data key="d33">Kamyk</data>
    </node>
    <node id="129">
      <data key="d28">1</data>
      <data key="d34">3078529</data>
      <data key="d29">49.68333</data>
      <data key="d30">Czech Republic</data>
      <data key="d31">129</data>
      <data key="d32">14.3</data>
      <data key="d33">Brzina</data>
    </node>
    <node id="130">
      <data key="d28">1</data>
      <data key="d29">49.41441</data>
      <data key="d30">Czech Republic</data>
      <data key="d31">130</data>
      <data key="d32">14.6578</data>
      <data key="d33">Tabor</data>
    </node>
    <node id="131">
      <data key="d28">1</data>
      <data key="d34">3063277</data>
      <data key="d29">49.66102</data>
      <data key="d30">Czech Republic</data>
      <data key="d31">131</data>
      <data key="d32">14.25116</data>
      <data key="d33">Velka</data>
    </node>
    <node id="132">
      <data key="d28">1</data>
      <data key="d29">49.91454</data>
      <data key="d30">Czech Republic</data>
      <data key="d31">132</data>
      <data key="d32">15.08576</data>
      <data key="d33">Jindice</data>
    </node>
    <node id="133">
      <data key="d28">1</data>
      <data key="d29">49.94839</data>
      <data key="d30">Czech Republic</data>
      <data key="d31">133</data>
      <data key="d32">15.26816</data>
      <data key="d33">Kutna Hora</data>
    </node>
    <node id="134">
      <data key="d28">1</data>
      <data key="d34">3062466</data>
      <data key="d29">49.75</data>
      <data key="d30">Czech Republic</data>
      <data key="d31">134</data>
      <data key="d32">15.38333</data>
      <data key="d33">Vrbice</data>
    </node>
    <node id="135">
      <data key="d28">1</data>
      <data key="d34">3062893</data>
      <data key="d29">49.85</data>
      <data key="d30">Czech Republic</data>
      <data key="d31">135</data>
      <data key="d32">15.26667</data>
      <data key="d33">Vilemovice</data>
    </node>
    <node id="136">
      <data key="d28">1</data>
      <data key="d29">49.95109</data>
      <data key="d30">Czech Republic</data>
      <data key="d31">136</data>
      <data key="d32">15.79558</data>
      <data key="d33">Chrudim</data>
    </node>
    <node id="137">
      <data key="d28">1</data>
      <data key="d34">3069040</data>
      <data key="d29">49.68157</data>
      <data key="d30">Czech Republic</data>
      <data key="d31">137</data>
      <data key="d32">15.54768</data>
      <data key="d33">Olesna</data>
    </node>
    <node id="138">
      <data key="d28">1</data>
      <data key="d29">50.20923</data>
      <data key="d30">Czech Republic</data>
      <data key="d31">138</data>
      <data key="d32">15.83277</data>
      <data key="d33">Hradec Kralove</data>
    </node>
    <node id="139">
      <data key="d28">1</data>
      <data key="d29">50.04075</data>
      <data key="d30">Czech Republic</data>
      <data key="d31">139</data>
      <data key="d32">15.77659</data>
      <data key="d33">Pardubice</data>
    </node>
    <node id="140">
      <data key="d28">1</data>
      <data key="d29">50.16284</data>
      <data key="d30">Czech Republic</data>
      <data key="d31">140</data>
      <data key="d32">16.27488</data>
      <data key="d33">Rychnov nad Kneznou</data>
    </node>
    <node id="141">
      <data key="d28">1</data>
      <data key="d29">50.4167</data>
      <data key="d30">Czech Republic</data>
      <data key="d31">141</data>
      <data key="d32">16.16289</data>
      <data key="d33">Nachod</data>
    </node>
    <node id="142">
      <data key="d28">1</data>
      <data key="d29">48.8555</data>
      <data key="d30">Czech Republic</data>
      <data key="d31">142</data>
      <data key="d32">16.0488</data>
      <data key="d33">Znojmo</data>
    </node>
    <node id="143">
      <data key="d28">1</data>
      <data key="d34">3075064</data>
      <data key="d29">49.01859</data>
      <data key="d30">Czech Republic</data>
      <data key="d31">143</data>
      <data key="d32">15.89489</data>
      <data key="d33">KS Hostim</data>
    </node>
    <node id="144">
      <data key="d36">1</data>
      <data key="d28">1</data>
      <data key="d31">144</data>
      <data key="d33">None</data>
    </node>
    <node id="145">
      <data key="d36">1</data>
      <data key="d28">1</data>
      <data key="d31">145</data>
      <data key="d33">None</data>
    </node>
    <node id="146">
      <data key="d36">1</data>
      <data key="d28">1</data>
      <data key="d31">146</data>
      <data key="d33">None</data>
    </node>
    <node id="147">
      <data key="d28">1</data>
      <data key="d29">48.90469</data>
      <data key="d30">Czech Republic</data>
      <data key="d31">147</data>
      <data key="d32">16.81605</data>
      <data key="d33">V. Pavlovice</data>
    </node>
    <node id="148">
      <data key="d28">1</data>
      <data key="d29">48.94085</data>
      <data key="d30">Czech Republic</data>
      <data key="d31">148</data>
      <data key="d32">16.73762</data>
      <data key="d33">Hustopece</data>
    </node>
    <node id="149">
      <data key="d28">1</data>
      <data key="d29">48.75897</data>
      <data key="d30">Czech Republic</data>
      <data key="d31">149</data>
      <data key="d32">16.88203</data>
      <data key="d33">Breclav</data>
    </node>
    <node id="150">
      <data key="d28">1</data>
      <data key="d29">48.72443</data>
      <data key="d30">Czech Republic</data>
      <data key="d31">150</data>
      <data key="d32">16.96695</data>
      <data key="d33">Lanzhot</data>
    </node>
    <node id="151">
      <data key="d28">1</data>
      <data key="d29">49.10144</data>
      <data key="d30">Czech Republic</data>
      <data key="d31">151</data>
      <data key="d32">16.37752</data>
      <data key="d33">Ivancice</data>
    </node>
    <node id="152">
      <data key="d28">1</data>
      <data key="d29">49.02359</data>
      <data key="d30">Czech Republic</data>
      <data key="d31">152</data>
      <data key="d32">16.50129</data>
      <data key="d33">Malesovice</data>
    </node>
    <node id="153">
      <data key="d28">1</data>
      <data key="d34">3063741</data>
      <data key="d29">48.9678</data>
      <data key="d30">Czech Republic</data>
      <data key="d31">153</data>
      <data key="d32">16.65344</data>
      <data key="d33">Uhercice - V.Nemcice</data>
    </node>
    <node id="154">
      <data key="d28">1</data>
      <data key="d29">48.85447</data>
      <data key="d30">Czech Republic</data>
      <data key="d31">154</data>
      <data key="d32">16.59283</data>
      <data key="d33">Dolni Dunajovice</data>
    </node>
    <node id="155">
      <data key="d28">1</data>
      <data key="d29">48.76048</data>
      <data key="d30">Czech Republic</data>
      <data key="d31">155</data>
      <data key="d32">16.99446</data>
      <data key="d33">Tvrdonice</data>
    </node>
    <node id="156">
      <data key="d28">1</data>
      <data key="d29">48.90413</data>
      <data key="d30">Czech Republic</data>
      <data key="d31">156</data>
      <data key="d32">17.02917</data>
      <data key="d33">Mutenico</data>
    </node>
    <node id="157">
      <data key="d28">1</data>
      <data key="d29">49.59947</data>
      <data key="d30">Czech Republic</data>
      <data key="d31">157</data>
      <data key="d32">18.1448</data>
      <data key="d33">Kopfivnice</data>
    </node>
    <node id="158">
      <data key="d28">1</data>
      <data key="d31">158</data>
      <data key="d33">None</data>
    </node>
    <node id="159">
      <data key="d28">1</data>
      <data key="d34">3078425</data>
      <data key="d29">49.04217</data>
      <data key="d30">Czech Republic</data>
      <data key="d31">159</data>
      <data key="d32">17.10085</data>
      <data key="d33">Bukovany</data>
    </node>
    <node id="160">
      <data key="d35">Zlinsky Kraj</data>
      <data key="d28">1</data>
      <data key="d29">49.07515</data>
      <data key="d30">Czech Republic</data>
      <data key="d31">160</data>
      <data key="d32">17.43338</data>
      <data key="d33">Stare Mesto</data>
    </node>
    <node id="161">
      <data key="d28">1</data>
      <data key="d29">49.21667</data>
      <data key="d30">Czech Republic</data>
      <data key="d31">161</data>
      <data key="d32">17.66667</data>
      <data key="d33">Zlin</data>
    </node>
    <node id="162">
      <data key="d28">1</data>
      <data key="d29">49.54796</data>
      <data key="d30">Czech Republic</data>
      <data key="d31">162</data>
      <data key="d32">17.73469</data>
      <data key="d33">Hranice</data>
    </node>
    <node id="163">
      <data key="d28">1</data>
      <data key="d29">49.59438</data>
      <data key="d30">Czech Republic</data>
      <data key="d31">163</data>
      <data key="d32">18.01028</data>
      <data key="d33">Novy Jicin</data>
    </node>
    <node id="164">
      <data key="d28">1</data>
      <data key="d29">49.62417</data>
      <data key="d30">Czech Republic</data>
      <data key="d31">164</data>
      <data key="d32">18.07431</data>
      <data key="d33">Libhost</data>
    </node>
    <node id="165">
      <data key="d28">1</data>
      <data key="d29">49.47181</data>
      <data key="d30">Czech Republic</data>
      <data key="d31">165</data>
      <data key="d32">17.97113</data>
      <data key="d33">Valasske Mezihcl</data>
    </node>
    <node id="166">
      <data key="d28">1</data>
      <data key="d29">49.33871</data>
      <data key="d30">Czech Republic</data>
      <data key="d31">166</data>
      <data key="d32">17.99619</data>
      <data key="d33">Vsetin</data>
    </node>
    <node id="167">
      <data key="d36">1</data>
      <data key="d28">1</data>
      <data key="d31">167</data>
      <data key="d33">None</data>
    </node>
    <node id="168">
      <data key="d36">1</data>
      <data key="d28">1</data>
      <data key="d31">168</data>
      <data key="d33">None</data>
    </node>
    <node id="169">
      <data key="d36">1</data>
      <data key="d28">1</data>
      <data key="d31">169</data>
      <data key="d33">None</data>
    </node>
    <node id="170">
      <data key="d36">1</data>
      <data key="d28">1</data>
      <data key="d31">170</data>
      <data key="d33">None</data>
    </node>
    <node id="171">
      <data key="d36">1</data>
      <data key="d28">1</data>
      <data key="d31">171</data>
      <data key="d33">None</data>
    </node>
    <node id="172">
      <data key="d36">1</data>
      <data key="d28">1</data>
      <data key="d31">172</data>
      <data key="d33">None</data>
    </node>
    <node id="173">
      <data key="d36">1</data>
      <data key="d28">1</data>
      <data key="d31">173</data>
      <data key="d33">None</data>
    </node>
    <node id="174">
      <data key="d28">1</data>
      <data key="d29">48.81091</data>
      <data key="d30">Czech Republic</data>
      <data key="d31">174</data>
      <data key="d32">14.31521</data>
      <data key="d33">Cesky Krumlov</data>
    </node>
    <node id="175">
      <data key="d28">1</data>
      <data key="d29">49.44049</data>
      <data key="d30">Czech Republic</data>
      <data key="d31">175</data>
      <data key="d32">12.92976</data>
      <data key="d33">Domazice</data>
    </node>
    <node id="176">
      <data key="d28">1</data>
      <data key="d29">49.21492</data>
      <data key="d30">Czech Republic</data>
      <data key="d31">176</data>
      <data key="d32">15.88166</data>
      <data key="d33">Trebic</data>
    </node>
    <node id="177">
      <data key="d28">1</data>
      <data key="d29">49.19522</data>
      <data key="d30">Czech Republic</data>
      <data key="d31">177</data>
      <data key="d32">16.60796</data>
      <data key="d33">Brno1</data>
    </node>
    <node id="178">
      <data key="d28">1</data>
      <data key="d29">49.19522</data>
      <data key="d30">Czech Republic</data>
      <data key="d31">178</data>
      <data key="d32">16.60796</data>
      <data key="d33">Brno2</data>
    </node>
    <node id="179">
      <data key="d28">1</data>
      <data key="d29">49.09401</data>
      <data key="d30">Czech Republic</data>
      <data key="d31">179</data>
      <data key="d32">15.60405</data>
      <data key="d33">Kninice</data>
    </node>
    <node id="180">
      <data key="d28">1</data>
      <data key="d29">49.08154</data>
      <data key="d30">Czech Republic</data>
      <data key="d31">180</data>
      <data key="d32">15.43727</data>
      <data key="d33">Dacice</data>
    </node>
    <node id="181">
      <data key="d28">1</data>
      <data key="d29">49.26667</data>
      <data key="d30">Czech Republic</data>
      <data key="d31">181</data>
      <data key="d32">15.28333</data>
      <data key="d33">Hefmanec</data>
    </node>
    <node id="182">
      <data key="d28">1</data>
      <data key="d29">49.14404</data>
      <data key="d30">Czech Republic</data>
      <data key="d31">182</data>
      <data key="d32">15.00301</data>
      <data key="d33">Jindnchuv Hradec</data>
    </node>
    <node id="183">
      <data key="d28">1</data>
      <data key="d29">49.20154</data>
      <data key="d30">Czech Republic</data>
      <data key="d31">183</data>
      <data key="d32">15.00331</data>
      <data key="d33">Dolni Radoun</data>
    </node>
    <node id="184">
      <data key="d28">1</data>
      <data key="d29">48.17444</data>
      <data key="d30">Slovakia</data>
      <data key="d31">184</data>
      <data key="d32">16.98418</data>
      <data key="d33">Thebon</data>
    </node>
    <node id="185">
      <data key="d28">1</data>
      <data key="d29">49.43134</data>
      <data key="d30">Czech Republic</data>
      <data key="d31">185</data>
      <data key="d32">15.22336</data>
      <data key="d33">Pelhrimov</data>
    </node>
    <node id="186">
      <data key="d28">1</data>
      <data key="d29">49.3961</data>
      <data key="d30">Czech Republic</data>
      <data key="d31">186</data>
      <data key="d32">15.59124</data>
      <data key="d33">Jihlava</data>
    </node>
    <node id="187">
      <data key="d28">1</data>
      <data key="d29">49.55</data>
      <data key="d30">Czech Republic</data>
      <data key="d31">187</data>
      <data key="d32">15.68333</data>
      <data key="d33">Sachotin</data>
    </node>
    <node id="188">
      <data key="d28">1</data>
      <data key="d29">49.60785</data>
      <data key="d30">Czech Republic</data>
      <data key="d31">188</data>
      <data key="d32">15.58069</data>
      <data key="d33">Haclickuv Brod</data>
    </node>
    <node id="189">
      <data key="d28">1</data>
      <data key="d29">49.56263</data>
      <data key="d30">Czech Republic</data>
      <data key="d31">189</data>
      <data key="d32">15.93924</data>
      <data key="d33">zdar nad Sazavou</data>
    </node>
    <node id="190">
      <data key="d35">Vysocina</data>
      <data key="d28">1</data>
      <data key="d29">49.42608</data>
      <data key="d30">Czech Republic</data>
      <data key="d31">190</data>
      <data key="d32">15.86383</data>
      <data key="d33">Cerna</data>
    </node>
    <node id="191">
      <data key="d28">1</data>
      <data key="d29">49.3463</data>
      <data key="d30">Czech Republic</data>
      <data key="d31">191</data>
      <data key="d32">16.09146</data>
      <data key="d33">Brezejc</data>
    </node>
    <node id="192">
      <data key="d28">1</data>
      <data key="d34">3072956</data>
      <data key="d29">49.2</data>
      <data key="d30">Czech Republic</data>
      <data key="d31">192</data>
      <data key="d32">16.2</data>
      <data key="d33">Kralice</data>
    </node>
    <edge source="1" target="115">
      <data key="d37">e34</data>
      <data key="d38">0</data>
    </edge>
    <edge source="1" target="171">
      <data key="d37">e35</data>
      <data key="d38">0</data>
    </edge>
    <edge source="2" target="164">
      <data key="d37">e28</data>
      <data key="d38">0</data>
    </edge>
    <edge source="2" target="171">
      <data key="d37">e30</data>
      <data key="d38">0</data>
    </edge>
    <edge source="2" target="4">
      <data key="d37">e29</data>
      <data key="d38">0</data>
    </edge>
    <edge source="4" target="5">
      <data key="d37">e31</data>
      <data key="d38">0</data>
    </edge>
    <edge source="6" target="171">
      <data key="d37">e32</data>
      <data key="d38">0</data>
    </edge>
    <edge source="6" target="7">
      <data key="d37">e33</data>
      <data key="d38">0</data>
    </edge>
    <edge source="10" target="11">
      <data key="d37">e112</data>
      <data key="d38">0</data>
    </edge>
    <edge source="10" target="31">
      <data key="d37">e111</data>
      <data key="d38">0</data>
    </edge>
    <edge source="11" target="89">
      <data key="d37">e113</data>
      <data key="d38">0</data>
    </edge>
    <edge source="19" target="84">
      <data key="d37">e115</data>
      <data key="d38">0</data>
    </edge>
    <edge source="19" target="85">
      <data key="d37">e114</data>
      <data key="d38">0</data>
    </edge>
    <edge source="20" target="26">
      <data key="d37">e69</data>
      <data key="d38">0</data>
    </edge>
    <edge source="20" target="23">
      <data key="d37">e70</data>
      <data key="d38">0</data>
    </edge>
    <edge source="22" target="29">
      <data key="d37">e72</data>
      <data key="d38">0</data>
    </edge>
    <edge source="23" target="131">
      <data key="d37">e71</data>
      <data key="d38">0</data>
    </edge>
    <edge source="25" target="100">
      <data key="d37">e65</data>
      <data key="d38">0</data>
    </edge>
    <edge source="25" target="94">
      <data key="d37">e56</data>
      <data key="d38">0</data>
    </edge>
    <edge source="26" target="28">
      <data key="d37">e68</data>
      <data key="d38">0</data>
    </edge>
    <edge source="26" target="27">
      <data key="d37">e67</data>
      <data key="d38">0</data>
    </edge>
    <edge source="27" target="100">
      <data key="d37">e66</data>
      <data key="d38">0</data>
    </edge>
    <edge source="28" target="58">
      <data key="d37">e75</data>
      <data key="d38">0</data>
    </edge>
    <edge source="29" target="67">
      <data key="d37">e73</data>
      <data key="d38">0</data>
    </edge>
    <edge source="29" target="68">
      <data key="d37">e74</data>
      <data key="d38">0</data>
    </edge>
    <edge source="30" target="31">
      <data key="d37">e110</data>
      <data key="d38">0</data>
    </edge>
    <edge source="31" target="34">
      <data key="d37">e109</data>
      <data key="d38">0</data>
    </edge>
    <edge source="31" target="38">
      <data key="d37">e107</data>
      <data key="d38">0</data>
    </edge>
    <edge source="33" target="38">
      <data key="d37">e108</data>
      <data key="d38">0</data>
    </edge>
    <edge source="36" target="150">
      <data key="d37">e102</data>
      <data key="d38">0</data>
    </edge>
    <edge source="36" target="39">
      <data key="d37">e106</data>
      <data key="d38">0</data>
    </edge>
    <edge source="37" target="160">
      <data key="d37">e23</data>
      <data key="d38">0</data>
    </edge>
    <edge source="37" target="149">
      <data key="d37">e100</data>
      <data key="d38">0</data>
    </edge>
    <edge source="38" target="138">
      <data key="d37">e41</data>
      <data key="d38">0</data>
    </edge>
    <edge source="40" target="41">
      <data key="d37">e13</data>
      <data key="d38">0</data>
    </edge>
    <edge source="40" target="42">
      <data key="d37">e12</data>
      <data key="d38">0</data>
    </edge>
    <edge source="41" target="46">
      <data key="d37">e14</data>
      <data key="d38">0</data>
    </edge>
    <edge source="42" target="178">
      <data key="d37">e10</data>
      <data key="d38">0</data>
    </edge>
    <edge source="42" target="146">
      <data key="d37">e11</data>
      <data key="d38">0</data>
    </edge>
    <edge source="44" target="47">
      <data key="d37">e16</data>
      <data key="d38">0</data>
    </edge>
    <edge source="44" target="45">
      <data key="d37">e17</data>
      <data key="d38">0</data>
    </edge>
    <edge source="44" target="159">
      <data key="d37">e18</data>
      <data key="d38">0</data>
    </edge>
    <edge source="45" target="49">
      <data key="d37">e19</data>
      <data key="d38">0</data>
    </edge>
    <edge source="46" target="172">
      <data key="d37">e15</data>
      <data key="d38">0</data>
    </edge>
    <edge source="49" target="172">
      <data key="d37">e20</data>
      <data key="d38">0</data>
    </edge>
    <edge source="50" target="56">
      <data key="d37">e81</data>
      <data key="d38">0</data>
    </edge>
    <edge source="50" target="51">
      <data key="d37">e83</data>
      <data key="d38">0</data>
    </edge>
    <edge source="50" target="183">
      <data key="d37">e84</data>
      <data key="d38">0</data>
    </edge>
    <edge source="53" target="169">
      <data key="d37">e77</data>
      <data key="d38">0</data>
    </edge>
    <edge source="53" target="58">
      <data key="d37">e78</data>
      <data key="d38">0</data>
    </edge>
    <edge source="55" target="58">
      <data key="d37">e76</data>
      <data key="d38">0</data>
    </edge>
    <edge source="56" target="59">
      <data key="d37">e79</data>
      <data key="d38">0</data>
    </edge>
    <edge source="57" target="169">
      <data key="d37">e82</data>
      <data key="d38">0</data>
    </edge>
    <edge source="59" target="169">
      <data key="d37">e80</data>
      <data key="d38">0</data>
    </edge>
    <edge source="60" target="168">
      <data key="d37">e135</data>
      <data key="d38">0</data>
    </edge>
    <edge source="61" target="168">
      <data key="d37">e137</data>
      <data key="d38">0</data>
    </edge>
    <edge source="61" target="122">
      <data key="d37">e136</data>
      <data key="d38">0</data>
    </edge>
    <edge source="62" target="80">
      <data key="d37">e125</data>
      <data key="d38">0</data>
    </edge>
    <edge source="62" target="64">
      <data key="d37">e126</data>
      <data key="d38">0</data>
    </edge>
    <edge source="62" target="88">
      <data key="d37">e123</data>
      <data key="d38">0</data>
    </edge>
    <edge source="62" target="145">
      <data key="d37">e127</data>
      <data key="d38">0</data>
    </edge>
    <edge source="63" target="64">
      <data key="d37">e128</data>
      <data key="d38">0</data>
    </edge>
    <edge source="63" target="79">
      <data key="d37">e54</data>
      <data key="d38">0</data>
    </edge>
    <edge source="65" target="145">
      <data key="d37">e129</data>
      <data key="d38">0</data>
    </edge>
    <edge source="66" target="80">
      <data key="d37">e124</data>
      <data key="d38">0</data>
    </edge>
    <edge source="66" target="103">
      <data key="d37">e130</data>
      <data key="d38">0</data>
    </edge>
    <edge source="67" target="68">
      <data key="d37">e131</data>
      <data key="d38">0</data>
    </edge>
    <edge source="67" target="69">
      <data key="d37">e132</data>
      <data key="d38">0</data>
    </edge>
    <edge source="67" target="70">
      <data key="d37">e50</data>
      <data key="d38">0</data>
    </edge>
    <edge source="67" target="79">
      <data key="d37">e52</data>
      <data key="d38">0</data>
    </edge>
    <edge source="67" target="145">
      <data key="d37">e133</data>
      <data key="d38">0</data>
    </edge>
    <edge source="69" target="168">
      <data key="d37">e134</data>
      <data key="d38">0</data>
    </edge>
    <edge source="70" target="144">
      <data key="d37">e51</data>
      <data key="d38">0</data>
    </edge>
    <edge source="71" target="72">
      <data key="d37">e48</data>
      <data key="d38">0</data>
    </edge>
    <edge source="71" target="144">
      <data key="d37">e49</data>
      <data key="d38">0</data>
    </edge>
    <edge source="72" target="73">
      <data key="d37">e47</data>
      <data key="d38">0</data>
    </edge>
    <edge source="73" target="132">
      <data key="d37">e46</data>
      <data key="d38">0</data>
    </edge>
    <edge source="78" target="94">
      <data key="d37">e55</data>
      <data key="d38">0</data>
    </edge>
    <edge source="79" target="144">
      <data key="d37">e53</data>
      <data key="d38">0</data>
    </edge>
    <edge source="82" target="88">
      <data key="d37">e121</data>
      <data key="d38">0</data>
    </edge>
    <edge source="82" target="89">
      <data key="d37">e120</data>
      <data key="d38">0</data>
    </edge>
    <edge source="82" target="83">
      <data key="d37">e119</data>
      <data key="d38">0</data>
    </edge>
    <edge source="82" target="84">
      <data key="d37">e117</data>
      <data key="d38">0</data>
    </edge>
    <edge source="83" target="104">
      <data key="d37">e118</data>
      <data key="d38">0</data>
    </edge>
    <edge source="83" target="84">
      <data key="d37">e116</data>
      <data key="d38">0</data>
    </edge>
    <edge source="87" target="88">
      <data key="d37">e122</data>
      <data key="d38">0</data>
    </edge>
    <edge source="90" target="167">
      <data key="d37">e60</data>
      <data key="d38">0</data>
    </edge>
    <edge source="90" target="93">
      <data key="d37">e61</data>
      <data key="d38">0</data>
    </edge>
    <edge source="90" target="95">
      <data key="d37">e58</data>
      <data key="d38">0</data>
    </edge>
    <edge source="91" target="170">
      <data key="d37">e62</data>
      <data key="d38">0</data>
    </edge>
    <edge source="91" target="167">
      <data key="d37">e63</data>
      <data key="d38">0</data>
    </edge>
    <edge source="93" target="170">
      <data key="d37">e64</data>
      <data key="d38">0</data>
    </edge>
    <edge source="94" target="95">
      <data key="d37">e57</data>
      <data key="d38">0</data>
    </edge>
    <edge source="97" target="167">
      <data key="d37">e59</data>
      <data key="d38">0</data>
    </edge>
    <edge source="98" target="152">
      <data key="d37">e91</data>
      <data key="d38">0</data>
    </edge>
    <edge source="98" target="143">
      <data key="d37">e89</data>
      <data key="d38">0</data>
    </edge>
    <edge source="101" target="151">
      <data key="d37">e90</data>
      <data key="d38">0</data>
    </edge>
    <edge source="103" target="110">
      <data key="d37">e149</data>
      <data key="d38">0</data>
    </edge>
    <edge source="104" target="109">
      <data key="d37">e147</data>
      <data key="d38">0</data>
    </edge>
    <edge source="106" target="108">
      <data key="d37">e146</data>
      <data key="d38">0</data>
    </edge>
    <edge source="106" target="167">
      <data key="d37">e148</data>
      <data key="d38">0</data>
    </edge>
    <edge source="108" target="109">
      <data key="d37">e145</data>
      <data key="d38">0</data>
    </edge>
    <edge source="110" target="170">
      <data key="d37">e150</data>
      <data key="d38">0</data>
    </edge>
    <edge source="112" target="121">
      <data key="d37">e39</data>
      <data key="d38">0</data>
    </edge>
    <edge source="112" target="138">
      <data key="d37">e40</data>
      <data key="d38">0</data>
    </edge>
    <edge source="114" target="115">
      <data key="d37">e36</data>
      <data key="d38">0</data>
    </edge>
    <edge source="115" target="117">
      <data key="d37">e37</data>
      <data key="d38">0</data>
    </edge>
    <edge source="117" target="121">
      <data key="d37">e38</data>
      <data key="d38">0</data>
    </edge>
    <edge source="122" target="125">
      <data key="d37">e138</data>
      <data key="d38">0</data>
    </edge>
    <edge source="124" target="125">
      <data key="d37">e139</data>
      <data key="d38">0</data>
    </edge>
    <edge source="124" target="126">
      <data key="d37">e141</data>
      <data key="d38">0</data>
    </edge>
    <edge source="124" target="127">
      <data key="d37">e140</data>
      <data key="d38">0</data>
    </edge>
    <edge source="126" target="129">
      <data key="d37">e142</data>
      <data key="d38">0</data>
    </edge>
    <edge source="128" target="129">
      <data key="d37">e143</data>
      <data key="d38">0</data>
    </edge>
    <edge source="128" target="131">
      <data key="d37">e144</data>
      <data key="d38">0</data>
    </edge>
    <edge source="132" target="135">
      <data key="d37">e45</data>
      <data key="d38">0</data>
    </edge>
    <edge source="134" target="137">
      <data key="d37">e43</data>
      <data key="d38">0</data>
    </edge>
    <edge source="134" target="135">
      <data key="d37">e44</data>
      <data key="d38">0</data>
    </edge>
    <edge source="137" target="187">
      <data key="d37">e4</data>
      <data key="d38">0</data>
    </edge>
    <edge source="138" target="139">
      <data key="d37">e42</data>
      <data key="d38">0</data>
    </edge>
    <edge source="139" target="187">
      <data key="d37">e3</data>
      <data key="d38">0</data>
    </edge>
    <edge source="143" target="179">
      <data key="d37">e88</data>
      <data key="d38">0</data>
    </edge>
    <edge source="143" target="186">
      <data key="d37">e1</data>
      <data key="d38">0</data>
    </edge>
    <edge source="146" target="152">
      <data key="d37">e95</data>
      <data key="d38">0</data>
    </edge>
    <edge source="146" target="177">
      <data key="d37">e8</data>
      <data key="d38">0</data>
    </edge>
    <edge source="146" target="151">
      <data key="d37">e92</data>
      <data key="d38">0</data>
    </edge>
    <edge source="147" target="148">
      <data key="d37">e98</data>
      <data key="d38">0</data>
    </edge>
    <edge source="147" target="149">
      <data key="d37">e99</data>
      <data key="d38">0</data>
    </edge>
    <edge source="148" target="153">
      <data key="d37">e97</data>
      <data key="d38">0</data>
    </edge>
    <edge source="149" target="173">
      <data key="d37">e101</data>
      <data key="d38">0</data>
    </edge>
    <edge source="150" target="173">
      <data key="d37">e103</data>
      <data key="d38">0</data>
    </edge>
    <edge source="151" target="152">
      <data key="d37">e93</data>
      <data key="d38">0</data>
    </edge>
    <edge source="151" target="192">
      <data key="d37">e7</data>
      <data key="d38">0</data>
    </edge>
    <edge source="152" target="153">
      <data key="d37">e94</data>
      <data key="d38">0</data>
    </edge>
    <edge source="153" target="154">
      <data key="d37">e96</data>
      <data key="d38">0</data>
    </edge>
    <edge source="155" target="156">
      <data key="d37">e104</data>
      <data key="d38">0</data>
    </edge>
    <edge source="155" target="173">
      <data key="d37">e105</data>
      <data key="d38">0</data>
    </edge>
    <edge source="156" target="159">
      <data key="d37">e24</data>
      <data key="d38">0</data>
    </edge>
    <edge source="158" target="164">
      <data key="d37">e27</data>
      <data key="d38">0</data>
    </edge>
    <edge source="160" target="161">
      <data key="d37">e22</data>
      <data key="d38">0</data>
    </edge>
    <edge source="161" target="165">
      <data key="d37">e21</data>
      <data key="d38">0</data>
    </edge>
    <edge source="163" target="164">
      <data key="d37">e26</data>
      <data key="d38">0</data>
    </edge>
    <edge source="164" target="172">
      <data key="d37">e25</data>
      <data key="d38">0</data>
    </edge>
    <edge source="177" target="178">
      <data key="d37">e9</data>
      <data key="d38">0</data>
    </edge>
    <edge source="179" target="180">
      <data key="d37">e87</data>
      <data key="d38">0</data>
    </edge>
    <edge source="180" target="181">
      <data key="d37">e86</data>
      <data key="d38">0</data>
    </edge>
    <edge source="181" target="183">
      <data key="d37">e85</data>
      <data key="d38">0</data>
    </edge>
    <edge source="186" target="187">
      <data key="d37">e0</data>
      <data key="d38">0</data>
    </edge>
    <edge source="187" target="190">
      <data key="d37">e2</data>
      <data key="d38">0</data>
    </edge>
    <edge source="190" target="191">
      <data key="d37">e5</data>
      <data key="d38">0</data>
    </edge>
    <edge source="191" target="192">
      <data key="d37">e6</data>
      <data key="d38">0</data>
    </edge>
  </graph>
</graphml>
