<?xml version="1.0" encoding="utf-8"?><graphml xmlns="http://graphml.graphdrawing.org/xmlns" xmlns:xsi="http://www.w3.org/2001/XMLSchema-instance" xsi:schemaLocation="http://graphml.graphdrawing.org/xmlns http://graphml.graphdrawing.org/xmlns/1.0/graphml.xsd">
  <key attr.name="key" attr.type="int" for="edge" id="d36" />
  <key attr.name="id" attr.type="string" for="edge" id="d35" />
  <key attr.name="label" attr.type="string" for="node" id="d34" />
  <key attr.name="Longitude" attr.type="double" for="node" id="d33" />
  <key attr.name="id" attr.type="int" for="node" id="d32" />
  <key attr.name="Country" attr.type="string" for="node" id="d31" />
  <key attr.name="Latitude" attr.type="double" for="node" id="d30" />
  <key attr.name="Internal" attr.type="int" for="node" id="d29" />
  <key attr.name="Testbed" attr.type="int" for="graph" id="d28" />
  <key attr.name="LastProcessed" attr.type="string" for="graph" id="d27" />
  <key attr.name="DateYear" attr.type="int" for="graph" id="d26" />
  <key attr.name="NetworkDate" attr.type="string" for="graph" id="d25" />
  <key attr.name="Transit" attr.type="int" for="graph" id="d24" />
  <key attr.name="Developed" attr.type="int" for="graph" id="d23" />
  <key attr.name="Creator" attr.type="string" for="graph" id="d22" />
  <key attr.name="Layer" attr.type="string" for="graph" id="d21" />
  <key attr.name="Access" attr.type="int" for="graph" id="d20" />
  <key attr.name="LastAccess" attr.type="string" for="graph" id="d19" />
  <key attr.name="DateMonth" attr.type="int" for="graph" id="d18" />
  <key attr.name="DateModifier" attr.type="string" for="graph" id="d17" />
  <key attr.name="SourceGitVersion" attr.type="string" for="graph" id="d16" />
  <key attr.name="IX" attr.type="int" for="graph" id="d15" />
  <key attr.name="Customer" attr.type="int" for="graph" id="d14" />
  <key attr.name="ToolsetVersion" attr.type="string" for="graph" id="d13" />
  <key attr.name="label" attr.type="string" for="graph" id="d12" />
  <key attr.name="Commercial" attr.type="int" for="graph" id="d11" />
  <key attr.name="Backbone" attr.type="int" for="graph" id="d10" />
  <key attr.name="DateType" attr.type="string" for="graph" id="d9" />
  <key attr.name="Type" attr.type="string" for="graph" id="d8" />
  <key attr.name="Version" attr.type="string" for="graph" id="d7" />
  <key attr.name="Source" attr.type="string" for="graph" id="d6" />
  <key attr.name="Note" attr.type="string" for="graph" id="d5" />
  <key attr.name="Provenance" attr.type="string" for="graph" id="d4" />
  <key attr.name="Network" attr.type="string" for="graph" id="d3" />
  <key attr.name="GeoExtent" attr.type="string" for="graph" id="d2" />
  <key attr.name="GeoLocation" attr.type="string" for="graph" id="d1" />
  <key attr.name="DateObtained" attr.type="string" for="graph" id="d0" />
  <graph edgedefault="undirected">
    <data key="d0">22/10/10</data>
    <data key="d1">USA</data>
    <data key="d2">Country</data>
    <data key="d3">Electric Lightwave</data>
    <data key="d4">Secondary</data>
    <data key="d5">Now the carrier wholesale BU of Integra Telecom</data>
    <data key="d6">http://www.isp-planet.com/img/backbones/eli_backbone.jpg</data>
    <data key="d7">1.0</data>
    <data key="d8">COM</data>
    <data key="d9">Historic</data>
    <data key="d10">1</data>
    <data key="d11">0</data>
    <data key="d12">EliBackbone</data>
    <data key="d13">0.3.34dev-20120328</data>
    <data key="d14">1</data>
    <data key="d15">0</data>
    <data key="d16">e278b1b</data>
    <data key="d17">&lt;</data>
    <data key="d18">0</data>
    <data key="d19">3/08/10</data>
    <data key="d20">0</data>
    <data key="d21">IP</data>
    <data key="d22">Topology Zoo Toolset</data>
    <data key="d23">1</data>
    <data key="d24">1</data>
    <data key="d25">&lt;2005</data>
    <data key="d26">0</data>
    <data key="d27">2011_09_01</data>
    <data key="d28">0</data>
    <node id="0">
      <data key="d29">1</data>
      <data key="d30">36.17497</data>
      <data key="d31">United States</data>
      <data key="d32">0</data>
      <data key="d33">-115.13722</data>
      <data key="d34">Las Vegas</data>
    </node>
    <node id="1">
      <data key="d29">1</data>
      <data key="d30">34.05223</data>
      <data key="d31">United States</data>
      <data key="d32">1</data>
      <data key="d33">-118.24368</data>
      <data key="d34">Los Angeles</data>
    </node>
    <node id="2">
      <data key="d29">1</data>
      <data key="d30">32.78306</data>
      <data key="d31">United States</data>
      <data key="d32">2</data>
      <data key="d33">-96.80667</data>
      <data key="d34">Dallas</data>
    </node>
    <node id="3">
      <data key="d29">1</data>
      <data key="d30">33.44838</data>
      <data key="d31">United States</data>
      <data key="d32">3</data>
      <data key="d33">-112.07404</data>
      <data key="d34">Phoenix</data>
    </node>
    <node id="4">
      <data key="d29">1</data>
      <data key="d30">37.35411</data>
      <data key="d31">United States</data>
      <data key="d32">4</data>
      <data key="d33">-121.95524</data>
      <data key="d34">Santa Clara</data>
    </node>
    <node id="5">
      <data key="d29">1</data>
      <data key="d30">45.52345</data>
      <data key="d31">United States</data>
      <data key="d32">5</data>
      <data key="d33">-122.67621</data>
      <data key="d34">Portland</data>
    </node>
    <node id="6">
      <data key="d29">1</data>
      <data key="d30">38.58157</data>
      <data key="d31">United States</data>
      <data key="d32">6</data>
      <data key="d33">-121.4944</data>
      <data key="d34">Sacramento</data>
    </node>
    <node id="7">
      <data key="d29">1</data>
      <data key="d30">37.44188</data>
      <data key="d31">United States</data>
      <data key="d32">7</data>
      <data key="d33">-122.14302</data>
      <data key="d34">Palo Alto</data>
    </node>
    <node id="8">
      <data key="d29">1</data>
      <data key="d30">47.25288</data>
      <data key="d31">United States</data>
      <data key="d32">8</data>
      <data key="d33">-122.44429</data>
      <data key="d34">Tacoma</data>
    </node>
    <node id="9">
      <data key="d29">1</data>
      <data key="d30">47.60621</data>
      <data key="d31">United States</data>
      <data key="d32">9</data>
      <data key="d33">-122.33207</data>
      <data key="d34">Seattle</data>
    </node>
    <node id="10">
      <data key="d29">1</data>
      <data key="d30">33.749</data>
      <data key="d31">United States</data>
      <data key="d32">10</data>
      <data key="d33">-84.38798</data>
      <data key="d34">Atlanta</data>
    </node>
    <node id="11">
      <data key="d29">1</data>
      <data key="d30">29.76328</data>
      <data key="d31">United States</data>
      <data key="d32">11</data>
      <data key="d33">-95.36327</data>
      <data key="d34">Houston</data>
    </node>
    <node id="12">
      <data key="d29">1</data>
      <data key="d30">47.65878</data>
      <data key="d31">United States</data>
      <data key="d32">12</data>
      <data key="d33">-117.42605</data>
      <data key="d34">Spokane</data>
    </node>
    <node id="13">
      <data key="d29">1</data>
      <data key="d30">43.6135</data>
      <data key="d31">United States</data>
      <data key="d32">13</data>
      <data key="d33">-116.20345</data>
      <data key="d34">Boise</data>
    </node>
    <node id="14">
      <data key="d29">1</data>
      <data key="d30">40.76078</data>
      <data key="d31">United States</data>
      <data key="d32">14</data>
      <data key="d33">-111.89105</data>
      <data key="d34">Salt Lake City</data>
    </node>
    <node id="15">
      <data key="d29">1</data>
      <data key="d30">44.97997</data>
      <data key="d31">United States</data>
      <data key="d32">15</data>
      <data key="d33">-93.26384</data>
      <data key="d34">Minneapolis</data>
    </node>
    <node id="16">
      <data key="d29">1</data>
      <data key="d30">41.85003</data>
      <data key="d31">United States</data>
      <data key="d32">16</data>
      <data key="d33">-87.65005</data>
      <data key="d34">Chicago</data>
    </node>
    <node id="17">
      <data key="d29">1</data>
      <data key="d30">43.15478</data>
      <data key="d31">United States</data>
      <data key="d32">17</data>
      <data key="d33">-77.61556</data>
      <data key="d34">Rochester</data>
    </node>
    <node id="18">
      <data key="d29">1</data>
      <data key="d30">40.73566</data>
      <data key="d31">United States</data>
      <data key="d32">18</data>
      <data key="d33">-74.17237</data>
      <data key="d34">Newark</data>
    </node>
    <node id="19">
      <data key="d29">1</data>
      <data key="d30">38.89511</data>
      <data key="d31">United States</data>
      <data key="d32">19</data>
      <data key="d33">-77.03637</data>
      <data key="d34">Washington DC</data>
    </node>
    <edge source="0" target="1">
      <data key="d35">e21</data>
      <data key="d36">0</data>
    </edge>
    <edge source="0" target="3">
      <data key="d35">e19</data>
      <data key="d36">0</data>
    </edge>
    <edge source="0" target="14">
      <data key="d35">e7</data>
      <data key="d36">0</data>
    </edge>
    <edge source="1" target="3">
      <data key="d35">e20</data>
      <data key="d36">0</data>
    </edge>
    <edge source="1" target="4">
      <data key="d35">e22</data>
      <data key="d36">0</data>
    </edge>
    <edge source="2" target="16">
      <data key="d35">e10</data>
      <data key="d36">0</data>
    </edge>
    <edge source="2" target="3">
      <data key="d35">e18</data>
      <data key="d36">0</data>
    </edge>
    <edge source="2" target="11">
      <data key="d35">e17</data>
      <data key="d36">0</data>
    </edge>
    <edge source="2" target="19">
      <data key="d35">e15</data>
      <data key="d36">0</data>
    </edge>
    <edge source="4" target="7">
      <data key="d35">e26</data>
      <data key="d36">0</data>
    </edge>
    <edge source="5" target="8">
      <data key="d35">e28</data>
      <data key="d36">0</data>
    </edge>
    <edge source="5" target="6">
      <data key="d35">e23</data>
      <data key="d36">0</data>
    </edge>
    <edge source="6" target="8">
      <data key="d35">e24</data>
      <data key="d36">0</data>
    </edge>
    <edge source="6" target="14">
      <data key="d35">e6</data>
      <data key="d36">0</data>
    </edge>
    <edge source="6" target="7">
      <data key="d35">e25</data>
      <data key="d36">0</data>
    </edge>
    <edge source="7" target="9">
      <data key="d35">e27</data>
      <data key="d36">0</data>
    </edge>
    <edge source="8" target="9">
      <data key="d35">e29</data>
      <data key="d36">0</data>
    </edge>
    <edge source="9" target="12">
      <data key="d35">e1</data>
      <data key="d36">0</data>
    </edge>
    <edge source="9" target="13">
      <data key="d35">e3</data>
      <data key="d36">0</data>
    </edge>
    <edge source="9" target="14">
      <data key="d35">e4</data>
      <data key="d36">0</data>
    </edge>
    <edge source="9" target="15">
      <data key="d35">e8</data>
      <data key="d36">0</data>
    </edge>
    <edge source="10" target="19">
      <data key="d35">e14</data>
      <data key="d36">0</data>
    </edge>
    <edge source="10" target="11">
      <data key="d35">e16</data>
      <data key="d36">0</data>
    </edge>
    <edge source="12" target="13">
      <data key="d35">e0</data>
      <data key="d36">0</data>
    </edge>
    <edge source="13" target="14">
      <data key="d35">e2</data>
      <data key="d36">0</data>
    </edge>
    <edge source="14" target="16">
      <data key="d35">e5</data>
      <data key="d36">0</data>
    </edge>
    <edge source="15" target="16">
      <data key="d35">e9</data>
      <data key="d36">0</data>
    </edge>
    <edge source="16" target="17">
      <data key="d35">e11</data>
      <data key="d36">0</data>
    </edge>
    <edge source="17" target="18">
      <data key="d35">e12</data>
      <data key="d36">0</data>
    </edge>
    <edge source="18" target="19">
      <data key="d35">e13</data>
      <data key="d36">0</data>
    </edge>
  </graph>
</graphml>
