<?xml version="1.0" encoding="utf-8"?><graphml xmlns="http://graphml.graphdrawing.org/xmlns" xmlns:xsi="http://www.w3.org/2001/XMLSchema-instance" xsi:schemaLocation="http://graphml.graphdrawing.org/xmlns http://graphml.graphdrawing.org/xmlns/1.0/graphml.xsd">
  <key attr.name="key" attr.type="int" for="edge" id="d36" />
  <key attr.name="LinkLabel" attr.type="string" for="edge" id="d35" />
  <key attr.name="type" attr.type="string" for="node" id="d34" />
  <key attr.name="label" attr.type="string" for="node" id="d33" />
  <key attr.name="Longitude" attr.type="double" for="node" id="d32" />
  <key attr.name="id" attr.type="int" for="node" id="d31" />
  <key attr.name="Country" attr.type="string" for="node" id="d30" />
  <key attr.name="Latitude" attr.type="double" for="node" id="d29" />
  <key attr.name="Internal" attr.type="int" for="node" id="d28" />
  <key attr.name="Testbed" attr.type="int" for="graph" id="d27" />
  <key attr.name="LastProcessed" attr.type="string" for="graph" id="d26" />
  <key attr.name="DateYear" attr.type="string" for="graph" id="d25" />
  <key attr.name="NetworkDate" attr.type="string" for="graph" id="d24" />
  <key attr.name="Transit" attr.type="int" for="graph" id="d23" />
  <key attr.name="Developed" attr.type="int" for="graph" id="d22" />
  <key attr.name="Creator" attr.type="string" for="graph" id="d21" />
  <key attr.name="Layer" attr.type="string" for="graph" id="d20" />
  <key attr.name="LastAccess" attr.type="string" for="graph" id="d19" />
  <key attr.name="DateMonth" attr.type="string" for="graph" id="d18" />
  <key attr.name="DateModifier" attr.type="string" for="graph" id="d17" />
  <key attr.name="SourceGitVersion" attr.type="string" for="graph" id="d16" />
  <key attr.name="IX" attr.type="int" for="graph" id="d15" />
  <key attr.name="Customer" attr.type="int" for="graph" id="d14" />
  <key attr.name="ToolsetVersion" attr.type="string" for="graph" id="d13" />
  <key attr.name="label" attr.type="string" for="graph" id="d12" />
  <key attr.name="Commercial" attr.type="int" for="graph" id="d11" />
  <key attr.name="Backbone" attr.type="int" for="graph" id="d10" />
  <key attr.name="DateType" attr.type="string" for="graph" id="d9" />
  <key attr.name="Type" attr.type="string" for="graph" id="d8" />
  <key attr.name="Version" attr.type="string" for="graph" id="d7" />
  <key attr.name="Source" attr.type="string" for="graph" id="d6" />
  <key attr.name="Access" attr.type="int" for="graph" id="d5" />
  <key attr.name="Provenance" attr.type="string" for="graph" id="d4" />
  <key attr.name="Network" attr.type="string" for="graph" id="d3" />
  <key attr.name="GeoExtent" attr.type="string" for="graph" id="d2" />
  <key attr.name="GeoLocation" attr.type="string" for="graph" id="d1" />
  <key attr.name="DateObtained" attr.type="string" for="graph" id="d0" />
  <graph edgedefault="undirected">
    <data key="d0">11/10/10</data>
    <data key="d1">India</data>
    <data key="d2">Country</data>
    <data key="d3">ERNET</data>
    <data key="d4">Primary</data>
    <data key="d5">0</data>
    <data key="d6">http://www.ernet.in/backbone.htm</data>
    <data key="d7">1.0</data>
    <data key="d8">REN</data>
    <data key="d9">Current</data>
    <data key="d10">1</data>
    <data key="d11">0</data>
    <data key="d12">Ernet</data>
    <data key="d13">0.3.34dev-20120328</data>
    <data key="d14">1</data>
    <data key="d15">0</data>
    <data key="d16">e278b1b</data>
    <data key="d17">=</data>
    <data key="d18">10</data>
    <data key="d19">7/10/10</data>
    <data key="d20">IP</data>
    <data key="d21">Topology Zoo Toolset</data>
    <data key="d22">0</data>
    <data key="d23">0</data>
    <data key="d24">2010_10</data>
    <data key="d25">2010</data>
    <data key="d26">2011_09_01</data>
    <data key="d27">0</data>
    <node id="0">
      <data key="d28">1</data>
      <data key="d29">18.51957</data>
      <data key="d30">India</data>
      <data key="d31">0</data>
      <data key="d32">73.85535</data>
      <data key="d33">Pune</data>
    </node>
    <node id="1">
      <data key="d28">1</data>
      <data key="d29">22.71792</data>
      <data key="d30">India</data>
      <data key="d31">1</data>
      <data key="d32">75.8333</data>
      <data key="d33">Indore</data>
    </node>
    <node id="2">
      <data key="d28">1</data>
      <data key="d29">8.48333</data>
      <data key="d30">India</data>
      <data key="d31">2</data>
      <data key="d32">76.91667</data>
      <data key="d33">Trivandrum</data>
    </node>
    <node id="3">
      <data key="d28">1</data>
      <data key="d29">19.01441</data>
      <data key="d30">India</data>
      <data key="d31">3</data>
      <data key="d32">72.84794</data>
      <data key="d33">Mumbai</data>
    </node>
    <node id="4">
      <data key="d28">0</data>
      <data key="d34">4 Computers</data>
      <data key="d31">4</data>
      <data key="d33">None</data>
    </node>
    <node id="5">
      <data key="d28">0</data>
      <data key="d34">4 Computers</data>
      <data key="d31">5</data>
      <data key="d33">None</data>
    </node>
    <node id="6">
      <data key="d28">1</data>
      <data key="d29">23.03333</data>
      <data key="d30">India</data>
      <data key="d31">6</data>
      <data key="d32">72.61667</data>
      <data key="d33">Ahmedabad</data>
    </node>
    <node id="7">
      <data key="d28">1</data>
      <data key="d29">26.91667</data>
      <data key="d30">India</data>
      <data key="d31">7</data>
      <data key="d32">75.81667</data>
      <data key="d33">Jaipur</data>
    </node>
    <node id="8">
      <data key="d28">0</data>
      <data key="d34">4 Computers</data>
      <data key="d31">8</data>
      <data key="d33">None</data>
    </node>
    <node id="9">
      <data key="d28">0</data>
      <data key="d34">4 Computers</data>
      <data key="d31">9</data>
      <data key="d33">None</data>
    </node>
    <node id="10">
      <data key="d28">0</data>
      <data key="d31">10</data>
      <data key="d33">None</data>
    </node>
    <node id="11">
      <data key="d28">0</data>
      <data key="d31">11</data>
      <data key="d33">None</data>
    </node>
    <node id="12">
      <data key="d28">0</data>
      <data key="d31">12</data>
      <data key="d33">None</data>
    </node>
    <node id="13">
      <data key="d28">0</data>
      <data key="d31">13</data>
      <data key="d33">None</data>
    </node>
    <node id="14">
      <data key="d28">0</data>
      <data key="d31">14</data>
      <data key="d33">None</data>
    </node>
    <node id="15">
      <data key="d28">0</data>
      <data key="d31">15</data>
      <data key="d33">None</data>
    </node>
    <node id="16">
      <data key="d28">0</data>
      <data key="d31">16</data>
      <data key="d33">None</data>
    </node>
    <node id="17">
      <data key="d28">0</data>
      <data key="d31">17</data>
      <data key="d33">None</data>
    </node>
    <node id="18">
      <data key="d28">0</data>
      <data key="d31">18</data>
      <data key="d33">None</data>
    </node>
    <node id="19">
      <data key="d28">0</data>
      <data key="d31">19</data>
      <data key="d33">None</data>
    </node>
    <node id="20">
      <data key="d28">1</data>
      <data key="d29">13.08784</data>
      <data key="d30">India</data>
      <data key="d31">20</data>
      <data key="d32">80.27847</data>
      <data key="d33">Chennai</data>
    </node>
    <node id="21">
      <data key="d28">1</data>
      <data key="d29">12.97623</data>
      <data key="d30">India</data>
      <data key="d31">21</data>
      <data key="d32">77.60329</data>
      <data key="d33">Bengaluru</data>
    </node>
    <node id="22">
      <data key="d28">1</data>
      <data key="d29">28.63576</data>
      <data key="d30">India</data>
      <data key="d31">22</data>
      <data key="d32">77.22445</data>
      <data key="d33">Delhi</data>
    </node>
    <node id="23">
      <data key="d28">1</data>
      <data key="d29">26.18617</data>
      <data key="d30">India</data>
      <data key="d31">23</data>
      <data key="d32">91.75095</data>
      <data key="d33">Guwahati</data>
    </node>
    <node id="24">
      <data key="d28">1</data>
      <data key="d29">29.45</data>
      <data key="d30">India</data>
      <data key="d31">24</data>
      <data key="d32">75.68333</data>
      <data key="d33">Gorakhpur</data>
    </node>
    <node id="25">
      <data key="d28">1</data>
      <data key="d29">26.46667</data>
      <data key="d30">India</data>
      <data key="d31">25</data>
      <data key="d32">80.35</data>
      <data key="d33">Kanpur</data>
    </node>
    <node id="26">
      <data key="d28">1</data>
      <data key="d29">25.45</data>
      <data key="d30">India</data>
      <data key="d31">26</data>
      <data key="d32">81.85</data>
      <data key="d33">Allahabad</data>
    </node>
    <node id="27">
      <data key="d28">1</data>
      <data key="d29">22.56972</data>
      <data key="d30">India</data>
      <data key="d31">27</data>
      <data key="d32">88.36972</data>
      <data key="d33">Kalkota</data>
    </node>
    <node id="28">
      <data key="d28">1</data>
      <data key="d29">20.23333</data>
      <data key="d30">India</data>
      <data key="d31">28</data>
      <data key="d32">85.83333</data>
      <data key="d33">Bhubaneswar</data>
    </node>
    <node id="29">
      <data key="d28">1</data>
      <data key="d29">17.37528</data>
      <data key="d30">India</data>
      <data key="d31">29</data>
      <data key="d32">78.47444</data>
      <data key="d33">Hyderabad</data>
    </node>
    <edge source="0" target="3">
      <data key="d35">Dark Green</data>
      <data key="d36">0</data>
    </edge>
    <edge source="0" target="13">
      <data key="d35">Light Green Bolt</data>
      <data key="d36">0</data>
    </edge>
    <edge source="0" target="21">
      <data key="d35">Dark Green</data>
      <data key="d36">0</data>
    </edge>
    <edge source="1" target="3">
      <data key="d35">Dark Green</data>
      <data key="d36">0</data>
    </edge>
    <edge source="2" target="18">
      <data key="d35">Light Green Bolt</data>
      <data key="d36">0</data>
    </edge>
    <edge source="2" target="21">
      <data key="d35">Dark Green</data>
      <data key="d36">0</data>
    </edge>
    <edge source="3" target="4">
      <data key="d35">Dashed Blue</data>
      <data key="d36">0</data>
    </edge>
    <edge source="3" target="22">
      <data key="d35">Dark Green</data>
      <data key="d36">0</data>
    </edge>
    <edge source="3" target="14">
      <data key="d35">Light Green Bolt</data>
      <data key="d36">0</data>
    </edge>
    <edge source="5" target="21">
      <data key="d35">Dashed Yellow</data>
      <data key="d36">0</data>
    </edge>
    <edge source="6" target="22">
      <data key="d35">Red</data>
      <data key="d36">0</data>
    </edge>
    <edge source="7" target="22">
      <data key="d35">Red</data>
      <data key="d36">0</data>
    </edge>
    <edge source="8" target="25">
      <data key="d35">Dashed Pink</data>
      <data key="d36">0</data>
    </edge>
    <edge source="9" target="22">
      <data key="d35">Dashed Purple</data>
      <data key="d36">0</data>
    </edge>
    <edge source="10" target="27">
      <data key="d35">Light Green Bolt</data>
      <data key="d36">0</data>
    </edge>
    <edge source="11" target="28">
      <data key="d35">Light Green Bolt</data>
      <data key="d36">0</data>
    </edge>
    <edge source="12" target="21">
      <data key="d35">Light Green Bolt</data>
      <data key="d36">0</data>
    </edge>
    <edge source="15" target="22">
      <data key="d35">Light Green Bolt</data>
      <data key="d36">0</data>
    </edge>
    <edge source="16" target="20">
      <data key="d35">Light Green Bolt</data>
      <data key="d36">0</data>
    </edge>
    <edge source="17" target="29">
      <data key="d35">Light Green Bolt</data>
      <data key="d36">0</data>
    </edge>
    <edge source="19" target="21">
      <data key="d35">Light Green Bolt</data>
      <data key="d36">0</data>
    </edge>
    <edge source="20" target="21">
      <data key="d35">Dark Green</data>
      <data key="d36">0</data>
    </edge>
    <edge source="20" target="29">
      <data key="d35">Dark Green</data>
      <data key="d36">0</data>
    </edge>
    <edge source="21" target="22">
      <data key="d35">Dark Green</data>
      <data key="d36">0</data>
    </edge>
    <edge source="21" target="29">
      <data key="d35">Dark Green</data>
      <data key="d36">0</data>
    </edge>
    <edge source="22" target="25">
      <data key="d35">Dark Green</data>
      <data key="d36">0</data>
    </edge>
    <edge source="22" target="27">
      <data key="d35">Dark Green</data>
      <data key="d36">0</data>
    </edge>
    <edge source="23" target="27">
      <data key="d35">Dark Green</data>
      <data key="d36">0</data>
    </edge>
    <edge source="24" target="25">
      <data key="d35">Dark Green</data>
      <data key="d36">0</data>
    </edge>
    <edge source="25" target="26">
      <data key="d35">Dark Green</data>
      <data key="d36">0</data>
    </edge>
    <edge source="27" target="28">
      <data key="d35">Dark Green</data>
      <data key="d36">0</data>
    </edge>
    <edge source="27" target="29">
      <data key="d35">Dark Green</data>
      <data key="d36">0</data>
    </edge>
  </graph>
</graphml>
