<?xml version="1.0" encoding="utf-8"?><graphml xmlns="http://graphml.graphdrawing.org/xmlns" xmlns:xsi="http://www.w3.org/2001/XMLSchema-instance" xsi:schemaLocation="http://graphml.graphdrawing.org/xmlns http://graphml.graphdrawing.org/xmlns/1.0/graphml.xsd">
  <key attr.name="id" attr.type="string" for="edge" id="d40" />
  <key attr.name="key" attr.type="int" for="edge" id="d39" />
  <key attr.name="LinkSpeedRaw" attr.type="double" for="edge" id="d38" />
  <key attr.name="LinkSpeedUnits" attr.type="string" for="edge" id="d37" />
  <key attr.name="LinkLabel" attr.type="string" for="edge" id="d36" />
  <key attr.name="LinkSpeed" attr.type="string" for="edge" id="d35" />
  <key attr.name="label" attr.type="string" for="node" id="d34" />
  <key attr.name="Longitude" attr.type="double" for="node" id="d33" />
  <key attr.name="id" attr.type="int" for="node" id="d32" />
  <key attr.name="Country" attr.type="string" for="node" id="d31" />
  <key attr.name="Latitude" attr.type="double" for="node" id="d30" />
  <key attr.name="Internal" attr.type="int" for="node" id="d29" />
  <key attr.name="Testbed" attr.type="int" for="graph" id="d28" />
  <key attr.name="LastProcessed" attr.type="string" for="graph" id="d27" />
  <key attr.name="DateYear" attr.type="string" for="graph" id="d26" />
  <key attr.name="NetworkDate" attr.type="string" for="graph" id="d25" />
  <key attr.name="Transit" attr.type="int" for="graph" id="d24" />
  <key attr.name="Developed" attr.type="int" for="graph" id="d23" />
  <key attr.name="Creator" attr.type="string" for="graph" id="d22" />
  <key attr.name="Layer" attr.type="string" for="graph" id="d21" />
  <key attr.name="Access" attr.type="int" for="graph" id="d20" />
  <key attr.name="LastAccess" attr.type="string" for="graph" id="d19" />
  <key attr.name="DateMonth" attr.type="string" for="graph" id="d18" />
  <key attr.name="DateModifier" attr.type="string" for="graph" id="d17" />
  <key attr.name="SourceGitVersion" attr.type="string" for="graph" id="d16" />
  <key attr.name="IX" attr.type="int" for="graph" id="d15" />
  <key attr.name="Customer" attr.type="int" for="graph" id="d14" />
  <key attr.name="ToolsetVersion" attr.type="string" for="graph" id="d13" />
  <key attr.name="label" attr.type="string" for="graph" id="d12" />
  <key attr.name="Commercial" attr.type="int" for="graph" id="d11" />
  <key attr.name="Backbone" attr.type="int" for="graph" id="d10" />
  <key attr.name="Type" attr.type="string" for="graph" id="d9" />
  <key attr.name="DateType" attr.type="string" for="graph" id="d8" />
  <key attr.name="Version" attr.type="string" for="graph" id="d7" />
  <key attr.name="Source" attr.type="string" for="graph" id="d6" />
  <key attr.name="Note" attr.type="string" for="graph" id="d5" />
  <key attr.name="Provenance" attr.type="string" for="graph" id="d4" />
  <key attr.name="Network" attr.type="string" for="graph" id="d3" />
  <key attr.name="GeoExtent" attr.type="string" for="graph" id="d2" />
  <key attr.name="GeoLocation" attr.type="string" for="graph" id="d1" />
  <key attr.name="DateObtained" attr.type="string" for="graph" id="d0" />
  <graph edgedefault="undirected">
    <data key="d0">11/10/10</data>
    <data key="d1">USA</data>
    <data key="d2">Country</data>
    <data key="d3">ESnet</data>
    <data key="d4">Primary</data>
    <data key="d5">Many connections cannot be clearly read from the original picture. This is an approximated reproduction of the original graph.</data>
    <data key="d6">http://www.es.net/pub/maps/current.jpg</data>
    <data key="d7">1.0</data>
    <data key="d8">Historic</data>
    <data key="d9">REN</data>
    <data key="d10">1</data>
    <data key="d11">0</data>
    <data key="d12">Esnet</data>
    <data key="d13">0.3.34dev-20120328</data>
    <data key="d14">1</data>
    <data key="d15">0</data>
    <data key="d16">e278b1b</data>
    <data key="d17">=</data>
    <data key="d18">12</data>
    <data key="d19">3/08/10</data>
    <data key="d20">0</data>
    <data key="d21">IP</data>
    <data key="d22">Topology Zoo Toolset</data>
    <data key="d23">1</data>
    <data key="d24">1</data>
    <data key="d25">2007_12</data>
    <data key="d26">2007</data>
    <data key="d27">2011_09_01</data>
    <data key="d28">0</data>
    <node id="0">
      <data key="d29">1</data>
      <data key="d30">31.75872</data>
      <data key="d31">United States</data>
      <data key="d32">0</data>
      <data key="d33">-106.48693</data>
      <data key="d34">ELPA</data>
    </node>
    <node id="1">
      <data key="d29">1</data>
      <data key="d30">41.85003</data>
      <data key="d31">United States</data>
      <data key="d32">1</data>
      <data key="d33">-87.65005</data>
      <data key="d34">CHI-SL</data>
    </node>
    <node id="2">
      <data key="d29">1</data>
      <data key="d30">39.73915</data>
      <data key="d31">United States</data>
      <data key="d32">2</data>
      <data key="d33">-104.9847</data>
      <data key="d34">Denv</data>
    </node>
    <node id="3">
      <data key="d29">1</data>
      <data key="d30">35.08449</data>
      <data key="d31">United States</data>
      <data key="d32">3</data>
      <data key="d33">-106.65114</data>
      <data key="d34">ALBU</data>
    </node>
    <node id="4">
      <data key="d29">1</data>
      <data key="d32">4</data>
      <data key="d34">ANL</data>
    </node>
    <node id="5">
      <data key="d29">1</data>
      <data key="d32">5</data>
      <data key="d34">AMES</data>
    </node>
    <node id="6">
      <data key="d29">1</data>
      <data key="d30">41.85003</data>
      <data key="d31">United States</data>
      <data key="d32">6</data>
      <data key="d33">-87.65005</data>
      <data key="d34">CHIC</data>
    </node>
    <node id="7">
      <data key="d29">1</data>
      <data key="d32">7</data>
      <data key="d34">FNAL</data>
    </node>
    <node id="8">
      <data key="d29">1</data>
      <data key="d32">8</data>
      <data key="d34">DOE-A</data>
    </node>
    <node id="9">
      <data key="d29">1</data>
      <data key="d32">9</data>
      <data key="d34">Allied Signal</data>
    </node>
    <node id="10">
      <data key="d29">1</data>
      <data key="d30">36.16589</data>
      <data key="d31">United States</data>
      <data key="d32">10</data>
      <data key="d33">-86.78444</data>
      <data key="d34">NASH</data>
    </node>
    <node id="11">
      <data key="d29">1</data>
      <data key="d30">33.749</data>
      <data key="d31">United States</data>
      <data key="d32">11</data>
      <data key="d33">-84.38798</data>
      <data key="d34">ATLA</data>
    </node>
    <node id="12">
      <data key="d29">0</data>
      <data key="d32">12</data>
      <data key="d34">Abilene</data>
    </node>
    <node id="13">
      <data key="d29">0</data>
      <data key="d32">13</data>
      <data key="d34">PacificWave</data>
    </node>
    <node id="14">
      <data key="d29">0</data>
      <data key="d32">14</data>
      <data key="d34">AU</data>
    </node>
    <node id="15">
      <data key="d29">0</data>
      <data key="d32">15</data>
      <data key="d34">NASA</data>
    </node>
    <node id="16">
      <data key="d29">1</data>
      <data key="d32">16</data>
      <data key="d34">None</data>
    </node>
    <node id="17">
      <data key="d29">1</data>
      <data key="d32">17</data>
      <data key="d34">None</data>
    </node>
    <node id="18">
      <data key="d29">1</data>
      <data key="d32">18</data>
      <data key="d34">NETL</data>
    </node>
    <node id="19">
      <data key="d29">1</data>
      <data key="d32">19</data>
      <data key="d34">DOE</data>
    </node>
    <node id="20">
      <data key="d29">1</data>
      <data key="d32">20</data>
      <data key="d34">None</data>
    </node>
    <node id="21">
      <data key="d29">1</data>
      <data key="d32">21</data>
      <data key="d34">None</data>
    </node>
    <node id="22">
      <data key="d29">1</data>
      <data key="d32">22</data>
      <data key="d34">PPPL</data>
    </node>
    <node id="23">
      <data key="d29">1</data>
      <data key="d32">23</data>
      <data key="d34">BNL</data>
    </node>
    <node id="24">
      <data key="d29">1</data>
      <data key="d32">24</data>
      <data key="d34">PSFC</data>
    </node>
    <node id="25">
      <data key="d29">1</data>
      <data key="d32">25</data>
      <data key="d34">None</data>
    </node>
    <node id="26">
      <data key="d29">1</data>
      <data key="d30">35.37616</data>
      <data key="d31">United States</data>
      <data key="d32">26</data>
      <data key="d33">-101.49906</data>
      <data key="d34">PANTEX</data>
    </node>
    <node id="27">
      <data key="d29">1</data>
      <data key="d32">27</data>
      <data key="d34">NREL</data>
    </node>
    <node id="28">
      <data key="d29">0</data>
      <data key="d32">28</data>
      <data key="d34">GEANT</data>
    </node>
    <node id="29">
      <data key="d29">1</data>
      <data key="d32">29</data>
      <data key="d34">SNLA</data>
    </node>
    <node id="30">
      <data key="d29">0</data>
      <data key="d32">30</data>
      <data key="d34">AMPATH</data>
    </node>
    <node id="31">
      <data key="d29">1</data>
      <data key="d32">31</data>
      <data key="d34">GA</data>
    </node>
    <node id="32">
      <data key="d29">0</data>
      <data key="d32">32</data>
      <data key="d34">MAXGPOP</data>
    </node>
    <node id="33">
      <data key="d29">0</data>
      <data key="d32">33</data>
      <data key="d34">CERN</data>
    </node>
    <node id="34">
      <data key="d29">0</data>
      <data key="d32">34</data>
      <data key="d34">Starlight</data>
    </node>
    <node id="35">
      <data key="d29">0</data>
      <data key="d32">35</data>
      <data key="d34">Equinix</data>
    </node>
    <node id="36">
      <data key="d29">1</data>
      <data key="d32">36</data>
      <data key="d34">ARM</data>
    </node>
    <node id="37">
      <data key="d29">1</data>
      <data key="d32">37</data>
      <data key="d34">NOAA</data>
    </node>
    <node id="38">
      <data key="d29">1</data>
      <data key="d32">38</data>
      <data key="d34">None</data>
    </node>
    <node id="39">
      <data key="d29">1</data>
      <data key="d32">39</data>
      <data key="d34">None</data>
    </node>
    <node id="40">
      <data key="d29">1</data>
      <data key="d32">40</data>
      <data key="d34">None</data>
    </node>
    <node id="41">
      <data key="d29">1</data>
      <data key="d32">41</data>
      <data key="d34">None</data>
    </node>
    <node id="42">
      <data key="d29">1</data>
      <data key="d32">42</data>
      <data key="d34">None</data>
    </node>
    <node id="43">
      <data key="d29">1</data>
      <data key="d32">43</data>
      <data key="d34">None</data>
    </node>
    <node id="44">
      <data key="d29">1</data>
      <data key="d32">44</data>
      <data key="d34">BECHTEL-NV</data>
    </node>
    <node id="45">
      <data key="d29">1</data>
      <data key="d30">36.40194</data>
      <data key="d31">United States</data>
      <data key="d32">45</data>
      <data key="d33">-110.31402</data>
      <data key="d34">YUCCA MT</data>
    </node>
    <node id="46">
      <data key="d29">1</data>
      <data key="d32">46</data>
      <data key="d34">DOE GTN</data>
    </node>
    <node id="47">
      <data key="d29">1</data>
      <data key="d32">47</data>
      <data key="d34">NNSA</data>
    </node>
    <node id="48">
      <data key="d29">1</data>
      <data key="d32">48</data>
      <data key="d34">OSTI</data>
    </node>
    <node id="49">
      <data key="d29">1</data>
      <data key="d32">49</data>
      <data key="d34">ORAU</data>
    </node>
    <node id="50">
      <data key="d29">1</data>
      <data key="d30">28.53834</data>
      <data key="d31">United States</data>
      <data key="d32">50</data>
      <data key="d33">-81.37924</data>
      <data key="d34">ORNL</data>
    </node>
    <node id="51">
      <data key="d29">1</data>
      <data key="d30">38.89511</data>
      <data key="d31">United States</data>
      <data key="d32">51</data>
      <data key="d33">-77.03637</data>
      <data key="d34">WASH</data>
    </node>
    <node id="52">
      <data key="d29">1</data>
      <data key="d30">40.71427</data>
      <data key="d31">United States</data>
      <data key="d32">52</data>
      <data key="d33">-74.00597</data>
      <data key="d34">NEWY</data>
    </node>
    <node id="53">
      <data key="d29">0</data>
      <data key="d32">53</data>
      <data key="d34">Equinix</data>
    </node>
    <node id="54">
      <data key="d29">1</data>
      <data key="d32">54</data>
      <data key="d34">JLAB</data>
    </node>
    <node id="55">
      <data key="d29">1</data>
      <data key="d32">55</data>
      <data key="d34">SRS</data>
    </node>
    <node id="56">
      <data key="d29">1</data>
      <data key="d32">56</data>
      <data key="d34">PNNL</data>
    </node>
    <node id="57">
      <data key="d29">0</data>
      <data key="d32">57</data>
      <data key="d34">SInet</data>
    </node>
    <node id="58">
      <data key="d29">1</data>
      <data key="d30">40.76078</data>
      <data key="d31">United States</data>
      <data key="d32">58</data>
      <data key="d33">-111.89105</data>
      <data key="d34">Salt Lake</data>
    </node>
    <node id="59">
      <data key="d29">1</data>
      <data key="d32">59</data>
      <data key="d34">INL</data>
    </node>
    <node id="60">
      <data key="d29">1</data>
      <data key="d30">47.60621</data>
      <data key="d31">United States</data>
      <data key="d32">60</data>
      <data key="d33">-122.33207</data>
      <data key="d34">SEA</data>
    </node>
    <node id="61">
      <data key="d29">1</data>
      <data key="d30">37.36883</data>
      <data key="d31">United States</data>
      <data key="d32">61</data>
      <data key="d33">-122.03635</data>
      <data key="d34">SUNN</data>
    </node>
    <node id="62">
      <data key="d29">1</data>
      <data key="d30">37.36883</data>
      <data key="d31">United States</data>
      <data key="d32">62</data>
      <data key="d33">-122.03635</data>
      <data key="d34">SNV1</data>
    </node>
    <node id="63">
      <data key="d29">0</data>
      <data key="d32">63</data>
      <data key="d34">Pacwave</data>
    </node>
    <node id="64">
      <data key="d29">1</data>
      <data key="d32">64</data>
      <data key="d34">LANL</data>
    </node>
    <node id="65">
      <data key="d29">1</data>
      <data key="d32">65</data>
      <data key="d34">LIGO</data>
    </node>
    <node id="66">
      <data key="d29">0</data>
      <data key="d32">66</data>
      <data key="d34">AU</data>
    </node>
    <node id="67">
      <data key="d29">1</data>
      <data key="d30">32.71533</data>
      <data key="d31">United States</data>
      <data key="d32">67</data>
      <data key="d33">-117.15726</data>
      <data key="d34">SDSC</data>
    </node>
    <edge source="0" target="11">
      <data key="d35">10</data>
      <data key="d36">10Gbps</data>
      <data key="d37">G</data>
      <data key="d38">10000000000.0</data>
      <data key="d39">0</data>
    </edge>
    <edge source="0" target="3">
      <data key="d40">e31</data>
      <data key="d39">0</data>
    </edge>
    <edge source="0" target="62">
      <data key="d35">10</data>
      <data key="d36">10Gbps</data>
      <data key="d37">G</data>
      <data key="d38">10000000000.0</data>
      <data key="d39">0</data>
    </edge>
    <edge source="1" target="33">
      <data key="d40">e38</data>
      <data key="d39">0</data>
    </edge>
    <edge source="1" target="34">
      <data key="d40">e39</data>
      <data key="d39">0</data>
    </edge>
    <edge source="1" target="6">
      <data key="d40">e40</data>
      <data key="d39">0</data>
    </edge>
    <edge source="1" target="6">
      <data key="d40">e41</data>
      <data key="d39">1</data>
    </edge>
    <edge source="1" target="7">
      <data key="d40">e42</data>
      <data key="d39">0</data>
    </edge>
    <edge source="2" target="58">
      <data key="d40">e25</data>
      <data key="d39">0</data>
    </edge>
    <edge source="2" target="58">
      <data key="d40">e26</data>
      <data key="d39">1</data>
    </edge>
    <edge source="2" target="3">
      <data key="d35">10</data>
      <data key="d36">10Gbps</data>
      <data key="d37">G</data>
      <data key="d38">10000000000.0</data>
      <data key="d39">0</data>
    </edge>
    <edge source="2" target="6">
      <data key="d40">e29</data>
      <data key="d39">0</data>
    </edge>
    <edge source="2" target="6">
      <data key="d40">e30</data>
      <data key="d39">1</data>
    </edge>
    <edge source="3" target="64">
      <data key="d40">e34</data>
      <data key="d39">0</data>
    </edge>
    <edge source="3" target="64">
      <data key="d40">e33</data>
      <data key="d39">1</data>
    </edge>
    <edge source="3" target="8">
      <data key="d40">e35</data>
      <data key="d39">0</data>
    </edge>
    <edge source="3" target="27">
      <data key="d36">&lt;45Mb</data>
      <data key="d39">0</data>
    </edge>
    <edge source="3" target="29">
      <data key="d40">e32</data>
      <data key="d39">0</data>
    </edge>
    <edge source="4" target="5">
      <data key="d40">e53</data>
      <data key="d39">0</data>
    </edge>
    <edge source="4" target="7">
      <data key="d40">e52</data>
      <data key="d39">0</data>
    </edge>
    <edge source="5" target="6">
      <data key="d40">e43</data>
      <data key="d39">0</data>
    </edge>
    <edge source="6" target="35">
      <data key="d40">e51</data>
      <data key="d39">0</data>
    </edge>
    <edge source="6" target="10">
      <data key="d40">e44</data>
      <data key="d39">0</data>
    </edge>
    <edge source="6" target="18">
      <data key="d40">e46</data>
      <data key="d39">0</data>
    </edge>
    <edge source="6" target="18">
      <data key="d40">e47</data>
      <data key="d39">1</data>
    </edge>
    <edge source="6" target="18">
      <data key="d40">e45</data>
      <data key="d39">2</data>
    </edge>
    <edge source="6" target="50">
      <data key="d40">e50</data>
      <data key="d39">0</data>
    </edge>
    <edge source="6" target="51">
      <data key="d40">e48</data>
      <data key="d39">0</data>
    </edge>
    <edge source="6" target="51">
      <data key="d40">e49</data>
      <data key="d39">1</data>
    </edge>
    <edge source="6" target="58">
      <data key="d40">e27</data>
      <data key="d39">0</data>
    </edge>
    <edge source="8" target="26">
      <data key="d40">e91</data>
      <data key="d39">0</data>
    </edge>
    <edge source="8" target="29">
      <data key="d40">e89</data>
      <data key="d39">0</data>
    </edge>
    <edge source="9" target="29">
      <data key="d40">e90</data>
      <data key="d39">0</data>
    </edge>
    <edge source="10" target="11">
      <data key="d40">e54</data>
      <data key="d39">0</data>
    </edge>
    <edge source="11" target="51">
      <data key="d40">e57</data>
      <data key="d39">0</data>
    </edge>
    <edge source="11" target="51">
      <data key="d40">e56</data>
      <data key="d39">1</data>
    </edge>
    <edge source="11" target="50">
      <data key="d40">e58</data>
      <data key="d39">0</data>
    </edge>
    <edge source="11" target="55">
      <data key="d40">e55</data>
      <data key="d39">0</data>
    </edge>
    <edge source="12" target="61">
      <data key="d40">e15</data>
      <data key="d39">0</data>
    </edge>
    <edge source="13" target="61">
      <data key="d40">e16</data>
      <data key="d39">0</data>
    </edge>
    <edge source="14" target="62">
      <data key="d40">e20</data>
      <data key="d39">0</data>
    </edge>
    <edge source="15" target="62">
      <data key="d40">e21</data>
      <data key="d39">0</data>
    </edge>
    <edge source="16" target="17">
      <data key="d40">e84</data>
      <data key="d39">0</data>
    </edge>
    <edge source="16" target="25">
      <data key="d40">e83</data>
      <data key="d39">0</data>
    </edge>
    <edge source="17" target="39">
      <data key="d40">e85</data>
      <data key="d39">0</data>
    </edge>
    <edge source="18" target="51">
      <data key="d40">e68</data>
      <data key="d39">0</data>
    </edge>
    <edge source="18" target="52">
      <data key="d40">e82</data>
      <data key="d39">0</data>
    </edge>
    <edge source="18" target="52">
      <data key="d40">e81</data>
      <data key="d39">1</data>
    </edge>
    <edge source="19" target="51">
      <data key="d40">e69</data>
      <data key="d39">0</data>
    </edge>
    <edge source="20" target="51">
      <data key="d40">e59</data>
      <data key="d39">0</data>
    </edge>
    <edge source="21" target="51">
      <data key="d40">e60</data>
      <data key="d39">0</data>
    </edge>
    <edge source="22" target="52">
      <data key="d40">e75</data>
      <data key="d39">0</data>
    </edge>
    <edge source="23" target="52">
      <data key="d40">e79</data>
      <data key="d39">0</data>
    </edge>
    <edge source="23" target="52">
      <data key="d40">e80</data>
      <data key="d39">1</data>
    </edge>
    <edge source="24" target="52">
      <data key="d40">e77</data>
      <data key="d39">0</data>
    </edge>
    <edge source="25" target="62">
      <data key="d40">e17</data>
      <data key="d39">0</data>
    </edge>
    <edge source="28" target="52">
      <data key="d40">e76</data>
      <data key="d39">0</data>
    </edge>
    <edge source="30" target="67">
      <data key="d40">e24</data>
      <data key="d39">0</data>
    </edge>
    <edge source="31" target="67">
      <data key="d35">10</data>
      <data key="d36">10Gbps</data>
      <data key="d37">G</data>
      <data key="d38">10000000000.0</data>
      <data key="d39">0</data>
    </edge>
    <edge source="32" target="51">
      <data key="d40">e61</data>
      <data key="d39">0</data>
    </edge>
    <edge source="33" target="52">
      <data key="d40">e74</data>
      <data key="d39">0</data>
    </edge>
    <edge source="36" target="50">
      <data key="d40">e73</data>
      <data key="d39">0</data>
    </edge>
    <edge source="37" target="50">
      <data key="d40">e72</data>
      <data key="d39">0</data>
    </edge>
    <edge source="38" target="41">
      <data key="d40">e87</data>
      <data key="d39">0</data>
    </edge>
    <edge source="38" target="39">
      <data key="d40">e86</data>
      <data key="d39">0</data>
    </edge>
    <edge source="40" target="41">
      <data key="d40">e88</data>
      <data key="d39">0</data>
    </edge>
    <edge source="40" target="61">
      <data key="d40">e10</data>
      <data key="d39">0</data>
    </edge>
    <edge source="42" target="61">
      <data key="d35">45</data>
      <data key="d36">45Mbps</data>
      <data key="d37">M</data>
      <data key="d38">45000000.0</data>
      <data key="d39">0</data>
    </edge>
    <edge source="43" target="61">
      <data key="d35">10</data>
      <data key="d36">10Gbps</data>
      <data key="d37">G</data>
      <data key="d38">10000000000.0</data>
      <data key="d39">0</data>
    </edge>
    <edge source="44" target="61">
      <data key="d40">e14</data>
      <data key="d39">0</data>
    </edge>
    <edge source="45" target="61">
      <data key="d40">e13</data>
      <data key="d39">0</data>
    </edge>
    <edge source="46" target="51">
      <data key="d40">e67</data>
      <data key="d39">0</data>
    </edge>
    <edge source="47" target="51">
      <data key="d40">e66</data>
      <data key="d39">0</data>
    </edge>
    <edge source="48" target="50">
      <data key="d40">e71</data>
      <data key="d39">0</data>
    </edge>
    <edge source="49" target="50">
      <data key="d40">e70</data>
      <data key="d39">0</data>
    </edge>
    <edge source="51" target="54">
      <data key="d40">e62</data>
      <data key="d39">0</data>
    </edge>
    <edge source="51" target="52">
      <data key="d40">e64</data>
      <data key="d39">0</data>
    </edge>
    <edge source="51" target="52">
      <data key="d40">e65</data>
      <data key="d39">1</data>
    </edge>
    <edge source="51" target="53">
      <data key="d40">e63</data>
      <data key="d39">0</data>
    </edge>
    <edge source="52" target="57">
      <data key="d40">e78</data>
      <data key="d39">0</data>
    </edge>
    <edge source="56" target="65">
      <data key="d35">155</data>
      <data key="d36">155Mbps</data>
      <data key="d37">M</data>
      <data key="d38">155000000.0</data>
      <data key="d39">0</data>
    </edge>
    <edge source="56" target="60">
      <data key="d40">e4</data>
      <data key="d39">0</data>
    </edge>
    <edge source="58" target="60">
      <data key="d40">e7</data>
      <data key="d39">0</data>
    </edge>
    <edge source="58" target="60">
      <data key="d40">e6</data>
      <data key="d39">1</data>
    </edge>
    <edge source="59" target="60">
      <data key="d40">e8</data>
      <data key="d39">0</data>
    </edge>
    <edge source="60" target="66">
      <data key="d36">1-10Gbps</data>
      <data key="d39">0</data>
    </edge>
    <edge source="60" target="61">
      <data key="d35">10</data>
      <data key="d36">10Gbps</data>
      <data key="d37">G</data>
      <data key="d38">10000000000.0</data>
      <data key="d39">0</data>
    </edge>
    <edge source="60" target="62">
      <data key="d35">10</data>
      <data key="d36">10Gbps</data>
      <data key="d37">G</data>
      <data key="d38">10000000000.0</data>
      <data key="d39">0</data>
    </edge>
    <edge source="60" target="62">
      <data key="d40">e2</data>
      <data key="d39">1</data>
    </edge>
    <edge source="60" target="63">
      <data key="d40">e3</data>
      <data key="d39">0</data>
    </edge>
    <edge source="61" target="62">
      <data key="d36">&gt;10Gbps</data>
      <data key="d39">0</data>
    </edge>
    <edge source="62" target="67">
      <data key="d35">10</data>
      <data key="d36">10Gbps</data>
      <data key="d37">G</data>
      <data key="d38">10000000000.0</data>
      <data key="d39">0</data>
    </edge>
  </graph>
</graphml>
