<?xml version="1.0" encoding="utf-8"?><graphml xmlns="http://graphml.graphdrawing.org/xmlns" xmlns:xsi="http://www.w3.org/2001/XMLSchema-instance" xsi:schemaLocation="http://graphml.graphdrawing.org/xmlns http://graphml.graphdrawing.org/xmlns/1.0/graphml.xsd">
  <key attr.name="id" attr.type="string" for="edge" id="d38" />
  <key attr.name="key" attr.type="int" for="edge" id="d37" />
  <key attr.name="LinkLabel" attr.type="string" for="edge" id="d36" />
  <key attr.name="hyperedge" attr.type="int" for="node" id="d35" />
  <key attr.name="Longitude" attr.type="double" for="node" id="d34" />
  <key attr.name="Country" attr.type="string" for="node" id="d33" />
  <key attr.name="Latitude" attr.type="double" for="node" id="d32" />
  <key attr.name="label" attr.type="string" for="node" id="d31" />
  <key attr.name="id" attr.type="int" for="node" id="d30" />
  <key attr.name="type" attr.type="string" for="node" id="d29" />
  <key attr.name="Internal" attr.type="int" for="node" id="d28" />
  <key attr.name="Testbed" attr.type="int" for="graph" id="d27" />
  <key attr.name="LastProcessed" attr.type="string" for="graph" id="d26" />
  <key attr.name="DateYear" attr.type="string" for="graph" id="d25" />
  <key attr.name="NetworkDate" attr.type="string" for="graph" id="d24" />
  <key attr.name="Transit" attr.type="int" for="graph" id="d23" />
  <key attr.name="Developed" attr.type="int" for="graph" id="d22" />
  <key attr.name="Creator" attr.type="string" for="graph" id="d21" />
  <key attr.name="Layer" attr.type="string" for="graph" id="d20" />
  <key attr.name="Access" attr.type="int" for="graph" id="d19" />
  <key attr.name="LastAccess" attr.type="string" for="graph" id="d18" />
  <key attr.name="DateMonth" attr.type="string" for="graph" id="d17" />
  <key attr.name="DateModifier" attr.type="string" for="graph" id="d16" />
  <key attr.name="SourceGitVersion" attr.type="string" for="graph" id="d15" />
  <key attr.name="IX" attr.type="int" for="graph" id="d14" />
  <key attr.name="Customer" attr.type="int" for="graph" id="d13" />
  <key attr.name="ToolsetVersion" attr.type="string" for="graph" id="d12" />
  <key attr.name="label" attr.type="string" for="graph" id="d11" />
  <key attr.name="Commercial" attr.type="int" for="graph" id="d10" />
  <key attr.name="Backbone" attr.type="int" for="graph" id="d9" />
  <key attr.name="DateType" attr.type="string" for="graph" id="d8" />
  <key attr.name="Type" attr.type="string" for="graph" id="d7" />
  <key attr.name="Version" attr.type="string" for="graph" id="d6" />
  <key attr.name="Source" attr.type="string" for="graph" id="d5" />
  <key attr.name="Note" attr.type="string" for="graph" id="d4" />
  <key attr.name="Provenance" attr.type="string" for="graph" id="d3" />
  <key attr.name="Network" attr.type="string" for="graph" id="d2" />
  <key attr.name="GeoExtent" attr.type="string" for="graph" id="d1" />
  <key attr.name="GeoLocation" attr.type="string" for="graph" id="d0" />
  <graph edgedefault="undirected">
    <data key="d0">Fife and Tayside, UK</data>
    <data key="d1">Region</data>
    <data key="d2">FatMan</data>
    <data key="d3">Primary</data>
    <data key="d4">ATM-based - JANET local provider</data>
    <data key="d5">http://www.fatman.net.uk/</data>
    <data key="d6">1.0</data>
    <data key="d7">REN</data>
    <data key="d8">Current</data>
    <data key="d9">1</data>
    <data key="d10">0</data>
    <data key="d11">Fatman</data>
    <data key="d12">0.3.34dev-20120328</data>
    <data key="d13">0</data>
    <data key="d14">0</data>
    <data key="d15">e278b1b</data>
    <data key="d16">=</data>
    <data key="d17">01</data>
    <data key="d18">21/01/11</data>
    <data key="d19">0</data>
    <data key="d20">IP</data>
    <data key="d21">Topology Zoo Toolset</data>
    <data key="d22">0</data>
    <data key="d23">0</data>
    <data key="d24">2011_01</data>
    <data key="d25">2011</data>
    <data key="d26">2011_09_01</data>
    <data key="d27">0</data>
    <node id="0">
      <data key="d28">1</data>
      <data key="d29">Green Node</data>
      <data key="d30">0</data>
      <data key="d31">Carnegie College</data>
    </node>
    <node id="1">
      <data key="d28">1</data>
      <data key="d29">Green Node</data>
      <data key="d30">1</data>
      <data key="d31">Adam Smith College</data>
    </node>
    <node id="2">
      <data key="d28">1</data>
      <data key="d32">56.11667</data>
      <data key="d33">United Kingdom</data>
      <data key="d29">Purple Node</data>
      <data key="d30">2</data>
      <data key="d34">-3.16667</data>
      <data key="d31">Kirkcaldy</data>
    </node>
    <node id="3">
      <data key="d28">1</data>
      <data key="d29">Blue Node</data>
      <data key="d30">3</data>
      <data key="d31">UoD Fife Campus</data>
    </node>
    <node id="4">
      <data key="d28">0</data>
      <data key="d30">4</data>
      <data key="d31">Janet and Internet</data>
    </node>
    <node id="5">
      <data key="d35">1</data>
      <data key="d28">1</data>
      <data key="d30">5</data>
      <data key="d31">None</data>
    </node>
    <node id="6">
      <data key="d28">0</data>
      <data key="d30">6</data>
      <data key="d31">Janet and Internet</data>
    </node>
    <node id="7">
      <data key="d28">1</data>
      <data key="d29">Green Node</data>
      <data key="d30">7</data>
      <data key="d31">Dundee College</data>
    </node>
    <node id="8">
      <data key="d28">1</data>
      <data key="d29">Green Node</data>
      <data key="d30">8</data>
      <data key="d31">Angus College</data>
    </node>
    <node id="9">
      <data key="d28">1</data>
      <data key="d32">55.86515</data>
      <data key="d33">United Kingdom</data>
      <data key="d29">Orange Node</data>
      <data key="d30">9</data>
      <data key="d34">-4.25763</data>
      <data key="d31">Glasgow</data>
    </node>
    <node id="10">
      <data key="d28">1</data>
      <data key="d32">53.79648</data>
      <data key="d33">United Kingdom</data>
      <data key="d29">Orange Node</data>
      <data key="d30">10</data>
      <data key="d34">-1.54785</data>
      <data key="d31">Leeds</data>
    </node>
    <node id="11">
      <data key="d28">1</data>
      <data key="d32">56.5</data>
      <data key="d33">United Kingdom</data>
      <data key="d29">Purple Node</data>
      <data key="d30">11</data>
      <data key="d34">-2.96667</data>
      <data key="d31">RNEP1</data>
    </node>
    <node id="12">
      <data key="d28">1</data>
      <data key="d32">56.5</data>
      <data key="d33">United Kingdom</data>
      <data key="d29">Purple Node</data>
      <data key="d30">12</data>
      <data key="d34">-2.96667</data>
      <data key="d31">RNEP2</data>
    </node>
    <node id="13">
      <data key="d28">1</data>
      <data key="d29">Blue Node</data>
      <data key="d30">13</data>
      <data key="d31">University of Abertay Dundee</data>
    </node>
    <node id="14">
      <data key="d28">1</data>
      <data key="d29">Blue Node</data>
      <data key="d30">14</data>
      <data key="d31">University of Dundee</data>
    </node>
    <node id="15">
      <data key="d28">1</data>
      <data key="d29">Blue Node</data>
      <data key="d30">15</data>
      <data key="d31">University of St Andrews</data>
    </node>
    <node id="16">
      <data key="d28">1</data>
      <data key="d29">Green Node</data>
      <data key="d30">16</data>
      <data key="d31">Elmwood College</data>
    </node>
    <edge source="0" target="2">
      <data key="d36">Green Link</data>
      <data key="d37">0</data>
    </edge>
    <edge source="1" target="2">
      <data key="d36">Green Link</data>
      <data key="d37">0</data>
    </edge>
    <edge source="2" target="3">
      <data key="d36">Blue Link</data>
      <data key="d37">0</data>
    </edge>
    <edge source="2" target="5">
      <data key="d36">Purple Link</data>
      <data key="d37">0</data>
    </edge>
    <edge source="4" target="9">
      <data key="d36">Orange Link</data>
      <data key="d37">0</data>
    </edge>
    <edge source="5" target="11">
      <data key="d38">e12</data>
      <data key="d37">0</data>
    </edge>
    <edge source="5" target="12">
      <data key="d36">Purple Link</data>
      <data key="d37">0</data>
    </edge>
    <edge source="6" target="10">
      <data key="d36">Orange Link</data>
      <data key="d37">0</data>
    </edge>
    <edge source="7" target="11">
      <data key="d36">Green Link</data>
      <data key="d37">0</data>
    </edge>
    <edge source="8" target="11">
      <data key="d36">Green Link</data>
      <data key="d37">0</data>
    </edge>
    <edge source="9" target="12">
      <data key="d36">Orange/Purple Link</data>
      <data key="d37">0</data>
    </edge>
    <edge source="9" target="10">
      <data key="d36">Orange Link</data>
      <data key="d37">0</data>
    </edge>
    <edge source="10" target="11">
      <data key="d36">Orange/Purple Link</data>
      <data key="d37">0</data>
    </edge>
    <edge source="11" target="12">
      <data key="d36">Purple Link</data>
      <data key="d37">0</data>
    </edge>
    <edge source="11" target="13">
      <data key="d36">Blue Link</data>
      <data key="d37">0</data>
    </edge>
    <edge source="11" target="14">
      <data key="d36">Blue Link</data>
      <data key="d37">0</data>
    </edge>
    <edge source="11" target="15">
      <data key="d36">Blue Link</data>
      <data key="d37">0</data>
    </edge>
    <edge source="11" target="16">
      <data key="d36">Green Link</data>
      <data key="d37">0</data>
    </edge>
    <edge source="12" target="13">
      <data key="d36">Blue Link</data>
      <data key="d37">0</data>
    </edge>
    <edge source="12" target="14">
      <data key="d36">Blue Link</data>
      <data key="d37">0</data>
    </edge>
    <edge source="12" target="15">
      <data key="d36">Blue Link</data>
      <data key="d37">0</data>
    </edge>
  </graph>
</graphml>
