<?xml version="1.0" encoding="utf-8"?><graphml xmlns="http://graphml.graphdrawing.org/xmlns" xmlns:xsi="http://www.w3.org/2001/XMLSchema-instance" xsi:schemaLocation="http://graphml.graphdrawing.org/xmlns http://graphml.graphdrawing.org/xmlns/1.0/graphml.xsd">
  <key attr.name="LinkNote" attr.type="string" for="edge" id="d39" />
  <key attr.name="LinkType" attr.type="string" for="edge" id="d38" />
  <key attr.name="key" attr.type="int" for="edge" id="d37" />
  <key attr.name="LinkLabel" attr.type="string" for="edge" id="d36" />
  <key attr.name="label" attr.type="string" for="node" id="d35" />
  <key attr.name="Longitude" attr.type="double" for="node" id="d34" />
  <key attr.name="id" attr.type="int" for="node" id="d33" />
  <key attr.name="type" attr.type="string" for="node" id="d32" />
  <key attr.name="Country" attr.type="string" for="node" id="d31" />
  <key attr.name="Latitude" attr.type="double" for="node" id="d30" />
  <key attr.name="Internal" attr.type="int" for="node" id="d29" />
  <key attr.name="Testbed" attr.type="int" for="graph" id="d28" />
  <key attr.name="LastProcessed" attr.type="string" for="graph" id="d27" />
  <key attr.name="DateYear" attr.type="string" for="graph" id="d26" />
  <key attr.name="NetworkDate" attr.type="string" for="graph" id="d25" />
  <key attr.name="Transit" attr.type="int" for="graph" id="d24" />
  <key attr.name="Developed" attr.type="int" for="graph" id="d23" />
  <key attr.name="Creator" attr.type="string" for="graph" id="d22" />
  <key attr.name="Layer" attr.type="string" for="graph" id="d21" />
  <key attr.name="Access" attr.type="int" for="graph" id="d20" />
  <key attr.name="LastAccess" attr.type="string" for="graph" id="d19" />
  <key attr.name="DateMonth" attr.type="string" for="graph" id="d18" />
  <key attr.name="DateModifier" attr.type="string" for="graph" id="d17" />
  <key attr.name="SourceGitVersion" attr.type="string" for="graph" id="d16" />
  <key attr.name="IX" attr.type="int" for="graph" id="d15" />
  <key attr.name="Customer" attr.type="int" for="graph" id="d14" />
  <key attr.name="ToolsetVersion" attr.type="string" for="graph" id="d13" />
  <key attr.name="label" attr.type="string" for="graph" id="d12" />
  <key attr.name="Commercial" attr.type="int" for="graph" id="d11" />
  <key attr.name="Backbone" attr.type="int" for="graph" id="d10" />
  <key attr.name="Type" attr.type="string" for="graph" id="d9" />
  <key attr.name="DateType" attr.type="string" for="graph" id="d8" />
  <key attr.name="Version" attr.type="string" for="graph" id="d7" />
  <key attr.name="Source" attr.type="string" for="graph" id="d6" />
  <key attr.name="Note" attr.type="string" for="graph" id="d5" />
  <key attr.name="Provenance" attr.type="string" for="graph" id="d4" />
  <key attr.name="Network" attr.type="string" for="graph" id="d3" />
  <key attr.name="GeoExtent" attr.type="string" for="graph" id="d2" />
  <key attr.name="GeoLocation" attr.type="string" for="graph" id="d1" />
  <key attr.name="DateObtained" attr.type="string" for="graph" id="d0" />
  <graph edgedefault="undirected">
    <data key="d0">19/03/11</data>
    <data key="d1">Portugal</data>
    <data key="d2">Country</data>
    <data key="d3">FCCN</data>
    <data key="d4">Primary</data>
    <data key="d5">2Mb/s links could be anything between 2Mb/s to 1Gb/s</data>
    <data key="d6">http://www.fccn.pt/pt/rede-academica/diagrama-da-rede/</data>
    <data key="d7">1.0</data>
    <data key="d8">Current</data>
    <data key="d9">REN</data>
    <data key="d10">1</data>
    <data key="d11">0</data>
    <data key="d12">Fccn</data>
    <data key="d13">0.3.34dev-20120328</data>
    <data key="d14">1</data>
    <data key="d15">0</data>
    <data key="d16">e278b1b</data>
    <data key="d17">=</data>
    <data key="d18">03</data>
    <data key="d19">19/03/11</data>
    <data key="d20">0</data>
    <data key="d21">IP</data>
    <data key="d22">Topology Zoo Toolset</data>
    <data key="d23">1</data>
    <data key="d24">0</data>
    <data key="d25">2011_03</data>
    <data key="d26">2011</data>
    <data key="d27">2011_09_01</data>
    <data key="d28">1</data>
    <node id="0">
      <data key="d29">1</data>
      <data key="d30">39.29379</data>
      <data key="d31">Portugal</data>
      <data key="d32">Node</data>
      <data key="d33">0</data>
      <data key="d34">-7.43122</data>
      <data key="d35">Portalegre</data>
    </node>
    <node id="1">
      <data key="d29">1</data>
      <data key="d30">38.56667</data>
      <data key="d31">Portugal</data>
      <data key="d32">Node</data>
      <data key="d33">1</data>
      <data key="d34">-7.9</data>
      <data key="d35">Evora</data>
    </node>
    <node id="2">
      <data key="d29">1</data>
      <data key="d30">40.53333</data>
      <data key="d31">Portugal</data>
      <data key="d32">Node</data>
      <data key="d33">2</data>
      <data key="d34">-7.26667</data>
      <data key="d35">Guarda</data>
    </node>
    <node id="3">
      <data key="d29">1</data>
      <data key="d30">39.81667</data>
      <data key="d31">Portugal</data>
      <data key="d32">Node</data>
      <data key="d33">3</data>
      <data key="d34">-7.5</data>
      <data key="d35">Castelo Branco</data>
    </node>
    <node id="4">
      <data key="d29">1</data>
      <data key="d30">39.6</data>
      <data key="d31">Portugal</data>
      <data key="d32">Node</data>
      <data key="d33">4</data>
      <data key="d34">-8.41667</data>
      <data key="d35">Tomar</data>
    </node>
    <node id="5">
      <data key="d29">1</data>
      <data key="d30">39.74362</data>
      <data key="d31">Portugal</data>
      <data key="d32">Node</data>
      <data key="d33">5</data>
      <data key="d34">-8.80705</data>
      <data key="d35">Leiria</data>
    </node>
    <node id="6">
      <data key="d29">1</data>
      <data key="d30">38.71667</data>
      <data key="d31">Portugal</data>
      <data key="d32">Node with subnodes</data>
      <data key="d33">6</data>
      <data key="d34">-9.13333</data>
      <data key="d35">Lisboa</data>
    </node>
    <node id="7">
      <data key="d29">1</data>
      <data key="d30">39.23333</data>
      <data key="d31">Portugal</data>
      <data key="d32">Node</data>
      <data key="d33">7</data>
      <data key="d34">-8.68333</data>
      <data key="d35">Samtarem</data>
    </node>
    <node id="8">
      <data key="d29">1</data>
      <data key="d30">38.5244</data>
      <data key="d31">Portugal</data>
      <data key="d32">Node</data>
      <data key="d33">8</data>
      <data key="d34">-8.8882</data>
      <data key="d35">Setubal</data>
    </node>
    <node id="9">
      <data key="d29">1</data>
      <data key="d30">37.73333</data>
      <data key="d31">Portugal</data>
      <data key="d32">Node</data>
      <data key="d33">9</data>
      <data key="d34">-25.66667</data>
      <data key="d35">Ponta Delgada</data>
    </node>
    <node id="10">
      <data key="d29">1</data>
      <data key="d30">38.01667</data>
      <data key="d31">Portugal</data>
      <data key="d32">Node</data>
      <data key="d33">10</data>
      <data key="d34">-7.86667</data>
      <data key="d35">Beja</data>
    </node>
    <node id="11">
      <data key="d29">1</data>
      <data key="d30">37.01667</data>
      <data key="d31">Portugal</data>
      <data key="d32">Node</data>
      <data key="d33">11</data>
      <data key="d34">-7.93333</data>
      <data key="d35">Faro</data>
    </node>
    <node id="12">
      <data key="d29">1</data>
      <data key="d30">32.63333</data>
      <data key="d31">Portugal</data>
      <data key="d32">Node</data>
      <data key="d33">12</data>
      <data key="d34">-16.9</data>
      <data key="d35">Funchal</data>
    </node>
    <node id="13">
      <data key="d29">1</data>
      <data key="d30">40.65</data>
      <data key="d31">Portugal</data>
      <data key="d32">Node</data>
      <data key="d33">13</data>
      <data key="d34">-7.91667</data>
      <data key="d35">Viseu</data>
    </node>
    <node id="14">
      <data key="d29">1</data>
      <data key="d30">40.28333</data>
      <data key="d31">Portugal</data>
      <data key="d32">Node</data>
      <data key="d33">14</data>
      <data key="d34">-7.5</data>
      <data key="d35">Covilha</data>
    </node>
    <node id="15">
      <data key="d29">1</data>
      <data key="d30">41.84668</data>
      <data key="d31">Portugal</data>
      <data key="d32">Node</data>
      <data key="d33">15</data>
      <data key="d34">-8.41905</data>
      <data key="d35">Viana de Castelo</data>
    </node>
    <node id="16">
      <data key="d29">1</data>
      <data key="d30">41.53333</data>
      <data key="d31">Portugal</data>
      <data key="d32">Node</data>
      <data key="d33">16</data>
      <data key="d34">-8.61667</data>
      <data key="d35">Barcelos</data>
    </node>
    <node id="17">
      <data key="d29">1</data>
      <data key="d30">41.55</data>
      <data key="d31">Portugal</data>
      <data key="d32">Node</data>
      <data key="d33">17</data>
      <data key="d34">-8.43333</data>
      <data key="d35">Braga</data>
    </node>
    <node id="18">
      <data key="d29">1</data>
      <data key="d30">41.3</data>
      <data key="d31">Portugal</data>
      <data key="d32">Node</data>
      <data key="d33">18</data>
      <data key="d34">-7.75</data>
      <data key="d35">Villa Real</data>
    </node>
    <node id="19">
      <data key="d29">1</data>
      <data key="d30">41.81667</data>
      <data key="d31">Portugal</data>
      <data key="d32">Node</data>
      <data key="d33">19</data>
      <data key="d34">-6.75</data>
      <data key="d35">Bragancia</data>
    </node>
    <node id="20">
      <data key="d29">1</data>
      <data key="d30">41.15</data>
      <data key="d31">Portugal</data>
      <data key="d32">Node with subnodes</data>
      <data key="d33">20</data>
      <data key="d34">-8.61667</data>
      <data key="d35">Porto</data>
    </node>
    <node id="21">
      <data key="d29">1</data>
      <data key="d30">40.63333</data>
      <data key="d31">Portugal</data>
      <data key="d32">Node</data>
      <data key="d33">21</data>
      <data key="d34">-8.65</data>
      <data key="d35">Aveiro</data>
    </node>
    <node id="22">
      <data key="d29">1</data>
      <data key="d30">40.2</data>
      <data key="d31">Portugal</data>
      <data key="d32">Node with subnodes</data>
      <data key="d33">22</data>
      <data key="d34">-8.41667</data>
      <data key="d35">Coimbra</data>
    </node>
    <edge source="0" target="6">
      <data key="d36">Lambda (dashed)</data>
      <data key="d37">0</data>
    </edge>
    <edge source="0" target="6">
      <data key="d36">Lambda</data>
      <data key="d37">1</data>
    </edge>
    <edge source="1" target="6">
      <data key="d36">Lambda</data>
      <data key="d37">0</data>
    </edge>
    <edge source="2" target="20">
      <data key="d38">Ethernet</data>
      <data key="d36">Circuito Ethernet</data>
      <data key="d39">Circuito </data>
      <data key="d37">0</data>
    </edge>
    <edge source="3" target="6">
      <data key="d38">Ethernet</data>
      <data key="d36">Circuito Ethernet</data>
      <data key="d39">Circuito </data>
      <data key="d37">0</data>
    </edge>
    <edge source="4" target="6">
      <data key="d38">Ethernet</data>
      <data key="d36">Circuito Ethernet</data>
      <data key="d39">Circuito </data>
      <data key="d37">0</data>
    </edge>
    <edge source="5" target="6">
      <data key="d36">Lambda (dashed)</data>
      <data key="d37">0</data>
    </edge>
    <edge source="5" target="22">
      <data key="d36">Lambda</data>
      <data key="d37">0</data>
    </edge>
    <edge source="6" target="7">
      <data key="d36">Lambda</data>
      <data key="d37">0</data>
    </edge>
    <edge source="6" target="8">
      <data key="d36">Lambda</data>
      <data key="d37">0</data>
    </edge>
    <edge source="6" target="9">
      <data key="d38">Ethernet</data>
      <data key="d36">Circuito Ethernet</data>
      <data key="d39">Circuito </data>
      <data key="d37">0</data>
    </edge>
    <edge source="6" target="12">
      <data key="d38">Ethernet</data>
      <data key="d36">Circuito Ethernet</data>
      <data key="d39">Circuito </data>
      <data key="d37">0</data>
    </edge>
    <edge source="6" target="13">
      <data key="d38">Ethernet</data>
      <data key="d36">Circuito Ethernet</data>
      <data key="d39">Circuito </data>
      <data key="d37">0</data>
    </edge>
    <edge source="6" target="22">
      <data key="d36">Lambda</data>
      <data key="d37">0</data>
    </edge>
    <edge source="6" target="22">
      <data key="d36">Lambda</data>
      <data key="d37">1</data>
    </edge>
    <edge source="7" target="22">
      <data key="d36">Lambda</data>
      <data key="d37">0</data>
    </edge>
    <edge source="8" target="10">
      <data key="d38">Ethernet</data>
      <data key="d36">Circuito Ethernet</data>
      <data key="d39">Circuito </data>
      <data key="d37">0</data>
    </edge>
    <edge source="8" target="11">
      <data key="d38">Ethernet</data>
      <data key="d36">Circuito Ethernet</data>
      <data key="d39">Circuito </data>
      <data key="d37">0</data>
    </edge>
    <edge source="14" target="20">
      <data key="d38">Ethernet</data>
      <data key="d36">Circuito Ethernet</data>
      <data key="d39">Circuito </data>
      <data key="d37">0</data>
    </edge>
    <edge source="15" target="20">
      <data key="d36">Lambda</data>
      <data key="d37">0</data>
    </edge>
    <edge source="16" target="20">
      <data key="d38">Ethernet</data>
      <data key="d36">Circuito Ethernet</data>
      <data key="d39">Circuito </data>
      <data key="d37">0</data>
    </edge>
    <edge source="17" target="20">
      <data key="d36">Lambda</data>
      <data key="d37">0</data>
    </edge>
    <edge source="18" target="20">
      <data key="d38">Ethernet</data>
      <data key="d36">Circuito Ethernet</data>
      <data key="d39">Circuito </data>
      <data key="d37">0</data>
    </edge>
    <edge source="19" target="20">
      <data key="d38">Ethernet</data>
      <data key="d36">Circuito Ethernet</data>
      <data key="d39">Circuito </data>
      <data key="d37">0</data>
    </edge>
    <edge source="20" target="21">
      <data key="d36">Lambda</data>
      <data key="d37">0</data>
    </edge>
    <edge source="20" target="22">
      <data key="d36">Lambda</data>
      <data key="d37">0</data>
    </edge>
    <edge source="21" target="22">
      <data key="d36">Lambda</data>
      <data key="d37">0</data>
    </edge>
  </graph>
</graphml>
