<?xml version="1.0" encoding="utf-8"?><graphml xmlns="http://graphml.graphdrawing.org/xmlns" xmlns:xsi="http://www.w3.org/2001/XMLSchema-instance" xsi:schemaLocation="http://graphml.graphdrawing.org/xmlns http://graphml.graphdrawing.org/xmlns/1.0/graphml.xsd">
  <key attr.name="id" attr.type="string" for="edge" id="d38" />
  <key attr.name="key" attr.type="int" for="edge" id="d37" />
  <key attr.name="LinkLabel" attr.type="string" for="edge" id="d36" />
  <key attr.name="LinkType" attr.type="string" for="edge" id="d35" />
  <key attr.name="label" attr.type="string" for="node" id="d34" />
  <key attr.name="Longitude" attr.type="double" for="node" id="d33" />
  <key attr.name="id" attr.type="int" for="node" id="d32" />
  <key attr.name="type" attr.type="string" for="node" id="d31" />
  <key attr.name="Country" attr.type="string" for="node" id="d30" />
  <key attr.name="Latitude" attr.type="double" for="node" id="d29" />
  <key attr.name="Internal" attr.type="int" for="node" id="d28" />
  <key attr.name="Testbed" attr.type="int" for="graph" id="d27" />
  <key attr.name="LastProcessed" attr.type="string" for="graph" id="d26" />
  <key attr.name="DateYear" attr.type="string" for="graph" id="d25" />
  <key attr.name="NetworkDate" attr.type="string" for="graph" id="d24" />
  <key attr.name="Transit" attr.type="int" for="graph" id="d23" />
  <key attr.name="Developed" attr.type="int" for="graph" id="d22" />
  <key attr.name="Creator" attr.type="string" for="graph" id="d21" />
  <key attr.name="Layer" attr.type="string" for="graph" id="d20" />
  <key attr.name="LastAccess" attr.type="string" for="graph" id="d19" />
  <key attr.name="DateMonth" attr.type="string" for="graph" id="d18" />
  <key attr.name="DateModifier" attr.type="string" for="graph" id="d17" />
  <key attr.name="SourceGitVersion" attr.type="string" for="graph" id="d16" />
  <key attr.name="IX" attr.type="int" for="graph" id="d15" />
  <key attr.name="Customer" attr.type="int" for="graph" id="d14" />
  <key attr.name="ToolsetVersion" attr.type="string" for="graph" id="d13" />
  <key attr.name="label" attr.type="string" for="graph" id="d12" />
  <key attr.name="Commercial" attr.type="int" for="graph" id="d11" />
  <key attr.name="Backbone" attr.type="int" for="graph" id="d10" />
  <key attr.name="Type" attr.type="string" for="graph" id="d9" />
  <key attr.name="DateType" attr.type="string" for="graph" id="d8" />
  <key attr.name="Version" attr.type="string" for="graph" id="d7" />
  <key attr.name="Source" attr.type="string" for="graph" id="d6" />
  <key attr.name="Access" attr.type="int" for="graph" id="d5" />
  <key attr.name="Provenance" attr.type="string" for="graph" id="d4" />
  <key attr.name="Network" attr.type="string" for="graph" id="d3" />
  <key attr.name="GeoExtent" attr.type="string" for="graph" id="d2" />
  <key attr.name="GeoLocation" attr.type="string" for="graph" id="d1" />
  <key attr.name="DateObtained" attr.type="string" for="graph" id="d0" />
  <graph edgedefault="undirected">
    <data key="d0">21/10/10</data>
    <data key="d1">Finland</data>
    <data key="d2">Country+</data>
    <data key="d3">FUNET</data>
    <data key="d4">Primary</data>
    <data key="d5">0</data>
    <data key="d6">http://www.csc.fi/english/institutions/funet/status/weathermap/index_html</data>
    <data key="d7">1.0</data>
    <data key="d8">Current</data>
    <data key="d9">REN</data>
    <data key="d10">1</data>
    <data key="d11">0</data>
    <data key="d12">Funet</data>
    <data key="d13">0.3.34dev-20120328</data>
    <data key="d14">1</data>
    <data key="d15">0</data>
    <data key="d16">e278b1b</data>
    <data key="d17">=</data>
    <data key="d18">10</data>
    <data key="d19">21/10/10</data>
    <data key="d20">Simplified Fibre</data>
    <data key="d21">Topology Zoo Toolset</data>
    <data key="d22">1</data>
    <data key="d23">0</data>
    <data key="d24">2010_10</data>
    <data key="d25">2010</data>
    <data key="d26">2011_09_01</data>
    <data key="d27">0</data>
    <node id="0">
      <data key="d28">1</data>
      <data key="d29">60.86667</data>
      <data key="d30">Finland</data>
      <data key="d31">Fiber network connection sites</data>
      <data key="d32">0</data>
      <data key="d33">26.7</data>
      <data key="d34">Kouvola</data>
    </node>
    <node id="1">
      <data key="d28">1</data>
      <data key="d29">60.98267</data>
      <data key="d30">Finland</data>
      <data key="d31">Fiber network connection sites</data>
      <data key="d32">1</data>
      <data key="d33">25.66151</data>
      <data key="d34">Lahti</data>
    </node>
    <node id="2">
      <data key="d28">1</data>
      <data key="d29">61.68857</data>
      <data key="d30">Finland</data>
      <data key="d31">Fiber network connection sites</data>
      <data key="d32">2</data>
      <data key="d33">27.27227</data>
      <data key="d34">Mikkeli</data>
    </node>
    <node id="3">
      <data key="d28">1</data>
      <data key="d29">62.23333</data>
      <data key="d30">Finland</data>
      <data key="d31">Fiber network connection sites</data>
      <data key="d32">3</data>
      <data key="d33">25.73333</data>
      <data key="d34">Jyvaskyla</data>
    </node>
    <node id="4">
      <data key="d28">1</data>
      <data key="d29">62.8</data>
      <data key="d30">Finland</data>
      <data key="d31">Fiber network connection sites</data>
      <data key="d32">4</data>
      <data key="d33">22.83333</data>
      <data key="d34">Seinajoki</data>
    </node>
    <node id="5">
      <data key="d28">1</data>
      <data key="d29">61.48333</data>
      <data key="d30">Finland</data>
      <data key="d31">Fiber network connection sites</data>
      <data key="d32">5</data>
      <data key="d33">21.78333</data>
      <data key="d34">Pori</data>
    </node>
    <node id="6">
      <data key="d28">1</data>
      <data key="d29">61.49911</data>
      <data key="d30">Finland</data>
      <data key="d31">Fiber network connection sites</data>
      <data key="d32">6</data>
      <data key="d33">23.78712</data>
      <data key="d34">Tampere</data>
    </node>
    <node id="7">
      <data key="d28">1</data>
      <data key="d29">60.99596</data>
      <data key="d30">Finland</data>
      <data key="d31">Fiber network connection sites</data>
      <data key="d32">7</data>
      <data key="d33">24.46434</data>
      <data key="d34">Hameenlinna</data>
    </node>
    <node id="8">
      <data key="d28">1</data>
      <data key="d29">61.12724</data>
      <data key="d30">Finland</data>
      <data key="d31">Fiber network connection sites</data>
      <data key="d32">8</data>
      <data key="d33">21.51127</data>
      <data key="d34">Rauma</data>
    </node>
    <node id="9">
      <data key="d28">1</data>
      <data key="d29">60.45148</data>
      <data key="d30">Finland</data>
      <data key="d31">IP and fiber network connection sites</data>
      <data key="d32">9</data>
      <data key="d33">22.26869</data>
      <data key="d34">Turku</data>
    </node>
    <node id="10">
      <data key="d28">1</data>
      <data key="d29">60.46667</data>
      <data key="d30">Finland</data>
      <data key="d31">Fiber network connection sites</data>
      <data key="d32">10</data>
      <data key="d33">26.91667</data>
      <data key="d34">Kotka</data>
    </node>
    <node id="11">
      <data key="d28">1</data>
      <data key="d29">60.16952</data>
      <data key="d30">Finland</data>
      <data key="d31">IP and fiber network connection sites</data>
      <data key="d32">11</data>
      <data key="d33">24.93545</data>
      <data key="d34">Helsinki</data>
    </node>
    <node id="12">
      <data key="d28">1</data>
      <data key="d29">60.2052</data>
      <data key="d30">Finland</data>
      <data key="d31">IP and fiber network connection sites</data>
      <data key="d32">12</data>
      <data key="d33">24.6522</data>
      <data key="d34">Espoo</data>
    </node>
    <node id="13">
      <data key="d28">1</data>
      <data key="d29">60.38333</data>
      <data key="d30">Finland</data>
      <data key="d31">Fiber network connection sites</data>
      <data key="d32">13</data>
      <data key="d33">23.13333</data>
      <data key="d34">Salo</data>
    </node>
    <node id="14">
      <data key="d28">0</data>
      <data key="d32">14</data>
      <data key="d34">NORDU</data>
    </node>
    <node id="15">
      <data key="d28">0</data>
      <data key="d32">15</data>
      <data key="d34">NORDU</data>
    </node>
    <node id="16">
      <data key="d28">1</data>
      <data key="d29">62.6</data>
      <data key="d30">Finland</data>
      <data key="d31">IP and fiber network connection sites</data>
      <data key="d32">16</data>
      <data key="d33">29.76667</data>
      <data key="d34">Joensuu</data>
    </node>
    <node id="17">
      <data key="d28">1</data>
      <data key="d29">61.05871</data>
      <data key="d30">Finland</data>
      <data key="d31">IP and fiber network connection sites</data>
      <data key="d32">17</data>
      <data key="d33">28.18871</data>
      <data key="d34">Lappeenranta</data>
    </node>
    <node id="18">
      <data key="d28">1</data>
      <data key="d29">65.01236</data>
      <data key="d30">Finland</data>
      <data key="d31">IP and fiber network connection sites</data>
      <data key="d32">18</data>
      <data key="d33">25.46816</data>
      <data key="d34">Oulu</data>
    </node>
    <node id="19">
      <data key="d28">1</data>
      <data key="d29">65.17654</data>
      <data key="d30">Finland</data>
      <data key="d31">Fiber network connection sites</data>
      <data key="d32">19</data>
      <data key="d33">25.35233</data>
      <data key="d34">Haukipudas</data>
    </node>
    <node id="20">
      <data key="d28">1</data>
      <data key="d29">66.5</data>
      <data key="d30">Finland</data>
      <data key="d31">IP and fiber network connection sites</data>
      <data key="d32">20</data>
      <data key="d33">25.71667</data>
      <data key="d34">Rovaniemi</data>
    </node>
    <node id="21">
      <data key="d28">1</data>
      <data key="d29">67.41667</data>
      <data key="d30">Finland</data>
      <data key="d31">Fiber network connection sites</data>
      <data key="d32">21</data>
      <data key="d33">26.6</data>
      <data key="d34">Sodankyla</data>
    </node>
    <node id="22">
      <data key="d28">1</data>
      <data key="d29">64.5</data>
      <data key="d30">Finland</data>
      <data key="d31">Fiber network connection sites</data>
      <data key="d32">22</data>
      <data key="d33">28.21667</data>
      <data key="d34">Ristijavi</data>
    </node>
    <node id="23">
      <data key="d28">1</data>
      <data key="d29">63.83847</data>
      <data key="d30">Finland</data>
      <data key="d31">Fiber network connection sites</data>
      <data key="d32">23</data>
      <data key="d33">23.13066</data>
      <data key="d34">Kokkola</data>
    </node>
    <node id="24">
      <data key="d28">1</data>
      <data key="d29">63.096</data>
      <data key="d30">Finland</data>
      <data key="d31">IP and fiber network connection sites</data>
      <data key="d32">24</data>
      <data key="d33">21.61577</data>
      <data key="d34">Vaasa</data>
    </node>
    <node id="25">
      <data key="d28">1</data>
      <data key="d29">62.89238</data>
      <data key="d30">Finland</data>
      <data key="d31">IP and fiber network connection sites</data>
      <data key="d32">25</data>
      <data key="d33">27.67703</data>
      <data key="d34">Koupio</data>
    </node>
    <edge source="0" target="1">
      <data key="d35">Fiber</data>
      <data key="d36">fiber</data>
      <data key="d37">0</data>
    </edge>
    <edge source="0" target="10">
      <data key="d35">Fiber</data>
      <data key="d36">fiber</data>
      <data key="d37">0</data>
    </edge>
    <edge source="0" target="2">
      <data key="d35">Fiber</data>
      <data key="d36">fiber</data>
      <data key="d37">0</data>
    </edge>
    <edge source="0" target="17">
      <data key="d35">Fiber</data>
      <data key="d36">fiber</data>
      <data key="d37">0</data>
    </edge>
    <edge source="1" target="11">
      <data key="d35">Fiber</data>
      <data key="d36">fiber</data>
      <data key="d37">0</data>
    </edge>
    <edge source="2" target="25">
      <data key="d35">Fiber</data>
      <data key="d36">fiber</data>
      <data key="d37">0</data>
    </edge>
    <edge source="2" target="3">
      <data key="d35">Fiber</data>
      <data key="d36">fiber</data>
      <data key="d37">0</data>
    </edge>
    <edge source="3" target="6">
      <data key="d35">Fiber</data>
      <data key="d36">fiber</data>
      <data key="d37">0</data>
    </edge>
    <edge source="4" target="24">
      <data key="d35">Fiber</data>
      <data key="d36">fiber</data>
      <data key="d37">0</data>
    </edge>
    <edge source="4" target="5">
      <data key="d35">Fiber</data>
      <data key="d36">fiber</data>
      <data key="d37">0</data>
    </edge>
    <edge source="5" target="8">
      <data key="d38">e22</data>
      <data key="d37">0</data>
    </edge>
    <edge source="6" target="7">
      <data key="d35">Fiber</data>
      <data key="d36">fiber</data>
      <data key="d37">0</data>
    </edge>
    <edge source="7" target="12">
      <data key="d35">Fiber</data>
      <data key="d36">fiber</data>
      <data key="d37">0</data>
    </edge>
    <edge source="8" target="9">
      <data key="d35">Fiber</data>
      <data key="d36">fiber</data>
      <data key="d37">0</data>
    </edge>
    <edge source="9" target="13">
      <data key="d35">Fiber</data>
      <data key="d36">fiber</data>
      <data key="d37">0</data>
    </edge>
    <edge source="11" target="12">
      <data key="d35">Fiber</data>
      <data key="d36">fiber</data>
      <data key="d37">0</data>
    </edge>
    <edge source="11" target="12">
      <data key="d35">Fiber</data>
      <data key="d36">fiber</data>
      <data key="d37">1</data>
    </edge>
    <edge source="11" target="15">
      <data key="d38">e30</data>
      <data key="d37">0</data>
    </edge>
    <edge source="12" target="15">
      <data key="d38">e26</data>
      <data key="d37">0</data>
    </edge>
    <edge source="12" target="13">
      <data key="d35">Fiber</data>
      <data key="d36">fiber</data>
      <data key="d37">0</data>
    </edge>
    <edge source="12" target="14">
      <data key="d38">e27</data>
      <data key="d37">0</data>
    </edge>
    <edge source="16" target="17">
      <data key="d36">transmission</data>
      <data key="d37">0</data>
    </edge>
    <edge source="16" target="25">
      <data key="d35">Fiber</data>
      <data key="d36">fiber</data>
      <data key="d37">0</data>
    </edge>
    <edge source="18" target="19">
      <data key="d35">Fiber</data>
      <data key="d36">fiber</data>
      <data key="d37">0</data>
    </edge>
    <edge source="18" target="22">
      <data key="d35">Fiber</data>
      <data key="d36">fiber</data>
      <data key="d37">0</data>
    </edge>
    <edge source="18" target="23">
      <data key="d35">Fiber</data>
      <data key="d36">fiber</data>
      <data key="d37">0</data>
    </edge>
    <edge source="19" target="20">
      <data key="d35">Fiber</data>
      <data key="d36">fiber</data>
      <data key="d37">0</data>
    </edge>
    <edge source="20" target="21">
      <data key="d35">Fiber</data>
      <data key="d36">fiber</data>
      <data key="d37">0</data>
    </edge>
    <edge source="20" target="22">
      <data key="d36">Transmission</data>
      <data key="d37">0</data>
    </edge>
    <edge source="22" target="25">
      <data key="d35">Fiber</data>
      <data key="d36">fiber</data>
      <data key="d37">0</data>
    </edge>
    <edge source="23" target="24">
      <data key="d35">Fiber</data>
      <data key="d36">fiber</data>
      <data key="d37">0</data>
    </edge>
  </graph>
</graphml>
