<?xml version="1.0" encoding="utf-8"?><graphml xmlns="http://graphml.graphdrawing.org/xmlns" xmlns:xsi="http://www.w3.org/2001/XMLSchema-instance" xsi:schemaLocation="http://graphml.graphdrawing.org/xmlns http://graphml.graphdrawing.org/xmlns/1.0/graphml.xsd">
  <key attr.name="LinkSpeedRaw" attr.type="double" for="edge" id="d39" />
  <key attr.name="LinkSpeedUnits" attr.type="string" for="edge" id="d38" />
  <key attr.name="LinkSpeed" attr.type="string" for="edge" id="d37" />
  <key attr.name="key" attr.type="int" for="edge" id="d36" />
  <key attr.name="LinkLabel" attr.type="string" for="edge" id="d35" />
  <key attr.name="label" attr.type="string" for="node" id="d34" />
  <key attr.name="Longitude" attr.type="double" for="node" id="d33" />
  <key attr.name="id" attr.type="int" for="node" id="d32" />
  <key attr.name="Country" attr.type="string" for="node" id="d31" />
  <key attr.name="Latitude" attr.type="double" for="node" id="d30" />
  <key attr.name="Internal" attr.type="int" for="node" id="d29" />
  <key attr.name="Testbed" attr.type="int" for="graph" id="d28" />
  <key attr.name="LastProcessed" attr.type="string" for="graph" id="d27" />
  <key attr.name="DateYear" attr.type="string" for="graph" id="d26" />
  <key attr.name="NetworkDate" attr.type="string" for="graph" id="d25" />
  <key attr.name="Transit" attr.type="int" for="graph" id="d24" />
  <key attr.name="Developed" attr.type="int" for="graph" id="d23" />
  <key attr.name="Creator" attr.type="string" for="graph" id="d22" />
  <key attr.name="Layer" attr.type="string" for="graph" id="d21" />
  <key attr.name="Access" attr.type="int" for="graph" id="d20" />
  <key attr.name="LastAccess" attr.type="string" for="graph" id="d19" />
  <key attr.name="DateMonth" attr.type="string" for="graph" id="d18" />
  <key attr.name="DateModifier" attr.type="string" for="graph" id="d17" />
  <key attr.name="SourceGitVersion" attr.type="string" for="graph" id="d16" />
  <key attr.name="IX" attr.type="int" for="graph" id="d15" />
  <key attr.name="Customer" attr.type="int" for="graph" id="d14" />
  <key attr.name="ToolsetVersion" attr.type="string" for="graph" id="d13" />
  <key attr.name="label" attr.type="string" for="graph" id="d12" />
  <key attr.name="Commercial" attr.type="int" for="graph" id="d11" />
  <key attr.name="Backbone" attr.type="int" for="graph" id="d10" />
  <key attr.name="DateType" attr.type="string" for="graph" id="d9" />
  <key attr.name="Type" attr.type="string" for="graph" id="d8" />
  <key attr.name="Version" attr.type="string" for="graph" id="d7" />
  <key attr.name="Source" attr.type="string" for="graph" id="d6" />
  <key attr.name="Note" attr.type="string" for="graph" id="d5" />
  <key attr.name="Provenance" attr.type="string" for="graph" id="d4" />
  <key attr.name="Network" attr.type="string" for="graph" id="d3" />
  <key attr.name="GeoExtent" attr.type="string" for="graph" id="d2" />
  <key attr.name="GeoLocation" attr.type="string" for="graph" id="d1" />
  <key attr.name="DateObtained" attr.type="string" for="graph" id="d0" />
  <graph edgedefault="undirected">
    <data key="d0">21/10/10</data>
    <data key="d1">Italy</data>
    <data key="d2">Country</data>
    <data key="d3">GARR</data>
    <data key="d4">Primary</data>
    <data key="d5">Names from http://www.noc.garr.it/mappe/</data>
    <data key="d6">http://www.garr.it/index.php/rete/infrastruttura-di-rete/mappa-della-rete/48</data>
    <data key="d7">1.0</data>
    <data key="d8">REN</data>
    <data key="d9">Historic</data>
    <data key="d10">1</data>
    <data key="d11">0</data>
    <data key="d12">Garr200109</data>
    <data key="d13">0.3.34dev-20120328</data>
    <data key="d14">0</data>
    <data key="d15">0</data>
    <data key="d16">e278b1b</data>
    <data key="d17">=</data>
    <data key="d18">09</data>
    <data key="d19">21/10/10</data>
    <data key="d20">0</data>
    <data key="d21">IP</data>
    <data key="d22">Topology Zoo Toolset</data>
    <data key="d23">1</data>
    <data key="d24">1</data>
    <data key="d25">2001_09</data>
    <data key="d26">2001</data>
    <data key="d27">2011_09_01</data>
    <data key="d28">0</data>
    <node id="0">
      <data key="d29">1</data>
      <data key="d30">45.46427</data>
      <data key="d31">Italy</data>
      <data key="d32">0</data>
      <data key="d33">9.18951</data>
      <data key="d34">MI</data>
    </node>
    <node id="1">
      <data key="d29">1</data>
      <data key="d30">45.07049</data>
      <data key="d31">Italy</data>
      <data key="d32">1</data>
      <data key="d33">7.68682</data>
      <data key="d34">TO</data>
    </node>
    <node id="2">
      <data key="d29">1</data>
      <data key="d30">45.64861</data>
      <data key="d31">Italy</data>
      <data key="d32">2</data>
      <data key="d33">13.78</data>
      <data key="d34">TS</data>
    </node>
    <node id="3">
      <data key="d29">1</data>
      <data key="d30">45.41519</data>
      <data key="d31">Italy</data>
      <data key="d32">3</data>
      <data key="d33">11.88181</data>
      <data key="d34">PD</data>
    </node>
    <node id="4">
      <data key="d29">1</data>
      <data key="d30">44.49381</data>
      <data key="d31">Italy</data>
      <data key="d32">4</data>
      <data key="d33">11.33875</data>
      <data key="d34">BO</data>
    </node>
    <node id="5">
      <data key="d29">1</data>
      <data key="d30">44.49381</data>
      <data key="d31">Italy</data>
      <data key="d32">5</data>
      <data key="d33">11.33875</data>
      <data key="d34">BO</data>
    </node>
    <node id="6">
      <data key="d29">1</data>
      <data key="d30">44.40632</data>
      <data key="d31">Italy</data>
      <data key="d32">6</data>
      <data key="d33">8.93386</data>
      <data key="d34">GE</data>
    </node>
    <node id="7">
      <data key="d29">1</data>
      <data key="d30">43.76667</data>
      <data key="d31">Italy</data>
      <data key="d32">7</data>
      <data key="d33">11.25</data>
      <data key="d34">FI</data>
    </node>
    <node id="8">
      <data key="d29">1</data>
      <data key="d30">40.83333</data>
      <data key="d31">Italy</data>
      <data key="d32">8</data>
      <data key="d33">14.25</data>
      <data key="d34">NA</data>
    </node>
    <node id="9">
      <data key="d29">1</data>
      <data key="d30">41.89474</data>
      <data key="d31">Italy</data>
      <data key="d32">9</data>
      <data key="d33">12.4839</data>
      <data key="d34">RM</data>
    </node>
    <node id="10">
      <data key="d29">1</data>
      <data key="d30">37.50213</data>
      <data key="d31">Italy</data>
      <data key="d32">10</data>
      <data key="d33">15.08719</data>
      <data key="d34">CT</data>
    </node>
    <node id="11">
      <data key="d29">1</data>
      <data key="d30">45.46427</data>
      <data key="d31">Italy</data>
      <data key="d32">11</data>
      <data key="d33">9.18951</data>
      <data key="d34">MI</data>
    </node>
    <node id="12">
      <data key="d29">1</data>
      <data key="d30">40.83333</data>
      <data key="d31">Italy</data>
      <data key="d32">12</data>
      <data key="d33">14.25</data>
      <data key="d34">NA</data>
    </node>
    <node id="13">
      <data key="d29">1</data>
      <data key="d30">38.11582</data>
      <data key="d31">Italy</data>
      <data key="d32">13</data>
      <data key="d33">13.35976</data>
      <data key="d34">PA</data>
    </node>
    <node id="14">
      <data key="d29">1</data>
      <data key="d30">43.71553</data>
      <data key="d31">Italy</data>
      <data key="d32">14</data>
      <data key="d33">10.39659</data>
      <data key="d34">PI</data>
    </node>
    <node id="15">
      <data key="d29">0</data>
      <data key="d32">15</data>
      <data key="d34">Ten155</data>
    </node>
    <node id="16">
      <data key="d29">0</data>
      <data key="d32">16</data>
      <data key="d34">USA</data>
    </node>
    <node id="17">
      <data key="d29">1</data>
      <data key="d30">39.20738</data>
      <data key="d31">Italy</data>
      <data key="d32">17</data>
      <data key="d33">9.13462</data>
      <data key="d34">CA</data>
    </node>
    <node id="18">
      <data key="d29">1</data>
      <data key="d30">41.89474</data>
      <data key="d31">Italy</data>
      <data key="d32">18</data>
      <data key="d33">12.4839</data>
      <data key="d34">RM</data>
    </node>
    <node id="19">
      <data key="d29">1</data>
      <data key="d30">42.35055</data>
      <data key="d31">Italy</data>
      <data key="d32">19</data>
      <data key="d33">13.39954</data>
      <data key="d34">AQ</data>
    </node>
    <node id="20">
      <data key="d29">1</data>
      <data key="d30">41.81632</data>
      <data key="d31">Italy</data>
      <data key="d32">20</data>
      <data key="d33">12.66868</data>
      <data key="d34">FRA</data>
    </node>
    <node id="21">
      <data key="d29">1</data>
      <data key="d30">41.11773</data>
      <data key="d31">Italy</data>
      <data key="d32">21</data>
      <data key="d33">16.85118</data>
      <data key="d34">BA</data>
    </node>
    <edge source="0" target="1">
      <data key="d35">Yellow</data>
      <data key="d36">0</data>
    </edge>
    <edge source="0" target="2">
      <data key="d35">Yellow</data>
      <data key="d36">0</data>
    </edge>
    <edge source="0" target="3">
      <data key="d35">Yellow</data>
      <data key="d36">0</data>
    </edge>
    <edge source="0" target="4">
      <data key="d35">Red</data>
      <data key="d36">0</data>
    </edge>
    <edge source="0" target="6">
      <data key="d35">Yellow</data>
      <data key="d36">0</data>
    </edge>
    <edge source="0" target="11">
      <data key="d35">Yellow</data>
      <data key="d36">0</data>
    </edge>
    <edge source="0" target="12">
      <data key="d37">155</data>
      <data key="d35">155 Mbps</data>
      <data key="d38">M</data>
      <data key="d39">155000000.0</data>
      <data key="d36">0</data>
    </edge>
    <edge source="0" target="15">
      <data key="d35">Yellow</data>
      <data key="d36">0</data>
    </edge>
    <edge source="0" target="16">
      <data key="d35">Yellow</data>
      <data key="d36">0</data>
    </edge>
    <edge source="0" target="18">
      <data key="d35">Red</data>
      <data key="d36">0</data>
    </edge>
    <edge source="4" target="5">
      <data key="d35">Yellow</data>
      <data key="d36">0</data>
    </edge>
    <edge source="4" target="7">
      <data key="d35">Yellow</data>
      <data key="d36">0</data>
    </edge>
    <edge source="4" target="12">
      <data key="d35">Red</data>
      <data key="d36">0</data>
    </edge>
    <edge source="4" target="14">
      <data key="d35">Yellow</data>
      <data key="d36">0</data>
    </edge>
    <edge source="4" target="18">
      <data key="d35">Red</data>
      <data key="d36">0</data>
    </edge>
    <edge source="8" target="12">
      <data key="d35">Yellow</data>
      <data key="d36">0</data>
    </edge>
    <edge source="9" target="18">
      <data key="d35">Yellow</data>
      <data key="d36">0</data>
    </edge>
    <edge source="10" target="12">
      <data key="d35">Yellow</data>
      <data key="d36">0</data>
    </edge>
    <edge source="12" target="13">
      <data key="d35">Yellow</data>
      <data key="d36">0</data>
    </edge>
    <edge source="12" target="18">
      <data key="d37">155</data>
      <data key="d35">155 Mbps</data>
      <data key="d38">M</data>
      <data key="d39">155000000.0</data>
      <data key="d36">0</data>
    </edge>
    <edge source="12" target="21">
      <data key="d37">155</data>
      <data key="d35">155 Mbps</data>
      <data key="d38">M</data>
      <data key="d39">155000000.0</data>
      <data key="d36">0</data>
    </edge>
    <edge source="17" target="18">
      <data key="d35">Yellow</data>
      <data key="d36">0</data>
    </edge>
    <edge source="18" target="19">
      <data key="d35">Yellow</data>
      <data key="d36">0</data>
    </edge>
    <edge source="18" target="20">
      <data key="d35">Yellow</data>
      <data key="d36">0</data>
    </edge>
  </graph>
</graphml>
