<?xml version="1.0" encoding="utf-8"?><graphml xmlns="http://graphml.graphdrawing.org/xmlns" xmlns:xsi="http://www.w3.org/2001/XMLSchema-instance" xsi:schemaLocation="http://graphml.graphdrawing.org/xmlns http://graphml.graphdrawing.org/xmlns/1.0/graphml.xsd">
  <key attr.name="LinkSpeedRaw" attr.type="double" for="edge" id="d40" />
  <key attr.name="LinkNote" attr.type="string" for="edge" id="d39" />
  <key attr.name="LinkSpeedUnits" attr.type="string" for="edge" id="d38" />
  <key attr.name="LinkSpeed" attr.type="string" for="edge" id="d37" />
  <key attr.name="key" attr.type="int" for="edge" id="d36" />
  <key attr.name="LinkLabel" attr.type="string" for="edge" id="d35" />
  <key attr.name="Longitude" attr.type="double" for="node" id="d34" />
  <key attr.name="Country" attr.type="string" for="node" id="d33" />
  <key attr.name="Latitude" attr.type="double" for="node" id="d32" />
  <key attr.name="label" attr.type="string" for="node" id="d31" />
  <key attr.name="id" attr.type="int" for="node" id="d30" />
  <key attr.name="Internal" attr.type="int" for="node" id="d29" />
  <key attr.name="Testbed" attr.type="int" for="graph" id="d28" />
  <key attr.name="LastProcessed" attr.type="string" for="graph" id="d27" />
  <key attr.name="DateYear" attr.type="string" for="graph" id="d26" />
  <key attr.name="NetworkDate" attr.type="string" for="graph" id="d25" />
  <key attr.name="Transit" attr.type="int" for="graph" id="d24" />
  <key attr.name="Developed" attr.type="int" for="graph" id="d23" />
  <key attr.name="Creator" attr.type="string" for="graph" id="d22" />
  <key attr.name="Layer" attr.type="string" for="graph" id="d21" />
  <key attr.name="Access" attr.type="int" for="graph" id="d20" />
  <key attr.name="LastAccess" attr.type="string" for="graph" id="d19" />
  <key attr.name="DateMonth" attr.type="string" for="graph" id="d18" />
  <key attr.name="DateModifier" attr.type="string" for="graph" id="d17" />
  <key attr.name="SourceGitVersion" attr.type="string" for="graph" id="d16" />
  <key attr.name="IX" attr.type="int" for="graph" id="d15" />
  <key attr.name="Customer" attr.type="int" for="graph" id="d14" />
  <key attr.name="ToolsetVersion" attr.type="string" for="graph" id="d13" />
  <key attr.name="label" attr.type="string" for="graph" id="d12" />
  <key attr.name="Commercial" attr.type="int" for="graph" id="d11" />
  <key attr.name="Backbone" attr.type="int" for="graph" id="d10" />
  <key attr.name="Type" attr.type="string" for="graph" id="d9" />
  <key attr.name="DateType" attr.type="string" for="graph" id="d8" />
  <key attr.name="Version" attr.type="string" for="graph" id="d7" />
  <key attr.name="Source" attr.type="string" for="graph" id="d6" />
  <key attr.name="Note" attr.type="string" for="graph" id="d5" />
  <key attr.name="Provenance" attr.type="string" for="graph" id="d4" />
  <key attr.name="Network" attr.type="string" for="graph" id="d3" />
  <key attr.name="GeoExtent" attr.type="string" for="graph" id="d2" />
  <key attr.name="GeoLocation" attr.type="string" for="graph" id="d1" />
  <key attr.name="DateObtained" attr.type="string" for="graph" id="d0" />
  <graph edgedefault="undirected">
    <data key="d0">21/10/10</data>
    <data key="d1">Italy</data>
    <data key="d2">Country</data>
    <data key="d3">GARR</data>
    <data key="d4">Primary</data>
    <data key="d5">New GARR-X functionality roll-out, experimental or testbed? Names from http://www.noc.garr.it/mappe/ and http://www.garr.it/stampaGARR/netbul/netbul0710.php CO unclear, appears to be Milan-Colombo PoP</data>
    <data key="d6">http://www.garr.it/index.php/rete/infrastruttura-di-rete/mappa-della-rete/48</data>
    <data key="d7">1.0</data>
    <data key="d8">Historic</data>
    <data key="d9">REN</data>
    <data key="d10">1</data>
    <data key="d11">0</data>
    <data key="d12">Garr201003</data>
    <data key="d13">0.3.34dev-20120328</data>
    <data key="d14">0</data>
    <data key="d15">0</data>
    <data key="d16">e278b1b</data>
    <data key="d17">=</data>
    <data key="d18">03</data>
    <data key="d19">21/10/10</data>
    <data key="d20">0</data>
    <data key="d21">IP</data>
    <data key="d22">Topology Zoo Toolset</data>
    <data key="d23">1</data>
    <data key="d24">1</data>
    <data key="d25">2010_03</data>
    <data key="d26">2010</data>
    <data key="d27">2011_09_01</data>
    <data key="d28">0</data>
    <node id="0">
      <data key="d29">0</data>
      <data key="d30">0</data>
      <data key="d31">Svizzera</data>
    </node>
    <node id="1">
      <data key="d29">1</data>
      <data key="d32">39.20738</data>
      <data key="d33">Italy</data>
      <data key="d30">1</data>
      <data key="d34">9.13462</data>
      <data key="d31">CA</data>
    </node>
    <node id="2">
      <data key="d29">0</data>
      <data key="d30">2</data>
      <data key="d31">Global Crossing</data>
    </node>
    <node id="3">
      <data key="d29">0</data>
      <data key="d30">3</data>
      <data key="d31">GEANT</data>
    </node>
    <node id="4">
      <data key="d29">1</data>
      <data key="d32">39.20738</data>
      <data key="d33">Italy</data>
      <data key="d30">4</data>
      <data key="d34">9.13462</data>
      <data key="d31">CA-1</data>
    </node>
    <node id="5">
      <data key="d29">0</data>
      <data key="d30">5</data>
      <data key="d31">NAMEX</data>
    </node>
    <node id="6">
      <data key="d29">1</data>
      <data key="d32">42.35055</data>
      <data key="d33">Italy</data>
      <data key="d30">6</data>
      <data key="d34">13.39954</data>
      <data key="d31">AQ-1</data>
    </node>
    <node id="7">
      <data key="d29">1</data>
      <data key="d32">40.72722</data>
      <data key="d33">Italy</data>
      <data key="d30">7</data>
      <data key="d34">8.56028</data>
      <data key="d31">SS</data>
    </node>
    <node id="8">
      <data key="d29">1</data>
      <data key="d32">41.89474</data>
      <data key="d33">Italy</data>
      <data key="d30">8</data>
      <data key="d34">12.4839</data>
      <data key="d31">RM-1</data>
    </node>
    <node id="9">
      <data key="d29">1</data>
      <data key="d32">43.09674</data>
      <data key="d33">Italy</data>
      <data key="d30">9</data>
      <data key="d34">12.38286</data>
      <data key="d31">PG</data>
    </node>
    <node id="10">
      <data key="d29">1</data>
      <data key="d32">38.89079</data>
      <data key="d33">Italy</data>
      <data key="d30">10</data>
      <data key="d34">16.5987</data>
      <data key="d31">CZ</data>
    </node>
    <node id="11">
      <data key="d29">0</data>
      <data key="d30">11</data>
      <data key="d31">TIX</data>
    </node>
    <node id="12">
      <data key="d29">1</data>
      <data key="d32">44.49381</data>
      <data key="d33">Italy</data>
      <data key="d30">12</data>
      <data key="d34">11.33875</data>
      <data key="d31">BO</data>
    </node>
    <node id="13">
      <data key="d29">1</data>
      <data key="d32">45.46427</data>
      <data key="d33">Italy</data>
      <data key="d30">13</data>
      <data key="d34">9.18951</data>
      <data key="d31">MI-3</data>
    </node>
    <node id="14">
      <data key="d29">0</data>
      <data key="d30">14</data>
      <data key="d31">VSIX</data>
    </node>
    <node id="15">
      <data key="d29">1</data>
      <data key="d32">45.64861</data>
      <data key="d33">Italy</data>
      <data key="d30">15</data>
      <data key="d34">13.78</data>
      <data key="d31">TS-1</data>
    </node>
    <node id="16">
      <data key="d29">1</data>
      <data key="d32">40.83333</data>
      <data key="d33">Italy</data>
      <data key="d30">16</data>
      <data key="d34">14.25</data>
      <data key="d31">NA</data>
    </node>
    <node id="17">
      <data key="d29">1</data>
      <data key="d32">38.19327</data>
      <data key="d33">Italy</data>
      <data key="d30">17</data>
      <data key="d34">15.54969</data>
      <data key="d31">ME</data>
    </node>
    <node id="18">
      <data key="d29">1</data>
      <data key="d32">39.30999</data>
      <data key="d33">Italy</data>
      <data key="d30">18</data>
      <data key="d34">16.25019</data>
      <data key="d31">CS</data>
    </node>
    <node id="19">
      <data key="d29">1</data>
      <data key="d32">37.50213</data>
      <data key="d33">Italy</data>
      <data key="d30">19</data>
      <data key="d34">15.08719</data>
      <data key="d31">CT</data>
    </node>
    <node id="20">
      <data key="d29">1</data>
      <data key="d32">38.11582</data>
      <data key="d33">Italy</data>
      <data key="d30">20</data>
      <data key="d34">13.35976</data>
      <data key="d31">PA</data>
    </node>
    <node id="21">
      <data key="d29">0</data>
      <data key="d30">21</data>
      <data key="d31">EUMED CONNECT</data>
    </node>
    <node id="22">
      <data key="d29">0</data>
      <data key="d30">22</data>
      <data key="d31">MIX    </data>
    </node>
    <node id="23">
      <data key="d29">0</data>
      <data key="d30">23</data>
      <data key="d31">TELIA</data>
    </node>
    <node id="24">
      <data key="d29">1</data>
      <data key="d32">43.76667</data>
      <data key="d33">Italy</data>
      <data key="d30">24</data>
      <data key="d34">11.25</data>
      <data key="d31">FI</data>
    </node>
    <node id="25">
      <data key="d29">1</data>
      <data key="d32">43.76667</data>
      <data key="d33">Italy</data>
      <data key="d30">25</data>
      <data key="d34">11.25</data>
      <data key="d31">Fi</data>
    </node>
    <node id="26">
      <data key="d29">1</data>
      <data key="d32">45.43861</data>
      <data key="d33">Italy</data>
      <data key="d30">26</data>
      <data key="d34">12.32667</data>
      <data key="d31">VE</data>
    </node>
    <node id="27">
      <data key="d29">1</data>
      <data key="d32">45.41519</data>
      <data key="d33">Italy</data>
      <data key="d30">27</data>
      <data key="d34">11.88181</data>
      <data key="d31">PD</data>
    </node>
    <node id="28">
      <data key="d29">1</data>
      <data key="d32">45.46427</data>
      <data key="d33">Italy</data>
      <data key="d30">28</data>
      <data key="d34">9.18951</data>
      <data key="d31">MI-1</data>
    </node>
    <node id="29">
      <data key="d29">1</data>
      <data key="d32">46.06787</data>
      <data key="d33">Italy</data>
      <data key="d30">29</data>
      <data key="d34">11.12108</data>
      <data key="d31">TN</data>
    </node>
    <node id="30">
      <data key="d29">1</data>
      <data key="d32">45.46427</data>
      <data key="d33">Italy</data>
      <data key="d30">30</data>
      <data key="d34">9.18951</data>
      <data key="d31">MI-2</data>
    </node>
    <node id="31">
      <data key="d29">1</data>
      <data key="d32">45.46427</data>
      <data key="d33">Italy</data>
      <data key="d30">31</data>
      <data key="d34">9.18951</data>
      <data key="d31">CO</data>
    </node>
    <node id="32">
      <data key="d29">1</data>
      <data key="d32">44.40632</data>
      <data key="d33">Italy</data>
      <data key="d30">32</data>
      <data key="d34">8.93386</data>
      <data key="d31">GE</data>
    </node>
    <node id="33">
      <data key="d29">1</data>
      <data key="d32">45.07049</data>
      <data key="d33">Italy</data>
      <data key="d30">33</data>
      <data key="d34">7.68682</data>
      <data key="d31">TO</data>
    </node>
    <node id="34">
      <data key="d29">1</data>
      <data key="d32">40.67797</data>
      <data key="d33">Italy</data>
      <data key="d30">34</data>
      <data key="d34">14.76599</data>
      <data key="d31">SA</data>
    </node>
    <node id="35">
      <data key="d29">1</data>
      <data key="d32">40.64432</data>
      <data key="d33">Italy</data>
      <data key="d30">35</data>
      <data key="d34">15.80857</data>
      <data key="d31">PZ</data>
    </node>
    <node id="36">
      <data key="d29">1</data>
      <data key="d32">41.56003</data>
      <data key="d33">Italy</data>
      <data key="d30">36</data>
      <data key="d34">14.66753</data>
      <data key="d31">CB</data>
    </node>
    <node id="37">
      <data key="d29">1</data>
      <data key="d32">41.81632</data>
      <data key="d33">Italy</data>
      <data key="d30">37</data>
      <data key="d34">12.66868</data>
      <data key="d31">FRA</data>
    </node>
    <node id="38">
      <data key="d29">1</data>
      <data key="d32">42.35055</data>
      <data key="d33">Italy</data>
      <data key="d30">38</data>
      <data key="d34">13.39954</data>
      <data key="d31">AQ</data>
    </node>
    <node id="39">
      <data key="d29">1</data>
      <data key="d32">43.59816</data>
      <data key="d33">Italy</data>
      <data key="d30">39</data>
      <data key="d34">13.51008</data>
      <data key="d31">AN</data>
    </node>
    <node id="40">
      <data key="d29">1</data>
      <data key="d32">40.66852</data>
      <data key="d33">Italy</data>
      <data key="d30">40</data>
      <data key="d34">16.60158</data>
      <data key="d31">MT</data>
    </node>
    <node id="41">
      <data key="d29">1</data>
      <data key="d32">40.35703</data>
      <data key="d33">Italy</data>
      <data key="d30">41</data>
      <data key="d34">18.17202</data>
      <data key="d31">LE</data>
    </node>
    <node id="42">
      <data key="d29">1</data>
      <data key="d32">41.11773</data>
      <data key="d33">Italy</data>
      <data key="d30">42</data>
      <data key="d34">16.85118</data>
      <data key="d31">BA</data>
    </node>
    <node id="43">
      <data key="d29">1</data>
      <data key="d32">41.46093</data>
      <data key="d33">Italy</data>
      <data key="d30">43</data>
      <data key="d34">15.54925</data>
      <data key="d31">FG</data>
    </node>
    <node id="44">
      <data key="d29">0</data>
      <data key="d30">44</data>
      <data key="d31">Google</data>
    </node>
    <node id="45">
      <data key="d29">0</data>
      <data key="d30">45</data>
      <data key="d31">GEANT</data>
    </node>
    <node id="46">
      <data key="d29">1</data>
      <data key="d32">45.46427</data>
      <data key="d33">Italy</data>
      <data key="d30">46</data>
      <data key="d34">9.18951</data>
      <data key="d31">MI-5</data>
    </node>
    <node id="47">
      <data key="d29">0</data>
      <data key="d30">47</data>
      <data key="d31">TO-PIX</data>
    </node>
    <node id="48">
      <data key="d29">1</data>
      <data key="d32">41.89474</data>
      <data key="d33">Italy</data>
      <data key="d30">48</data>
      <data key="d34">12.4839</data>
      <data key="d31">RM-2</data>
    </node>
    <node id="49">
      <data key="d29">1</data>
      <data key="d32">45.46427</data>
      <data key="d33">Italy</data>
      <data key="d30">49</data>
      <data key="d34">9.18951</data>
      <data key="d31">Mi-4</data>
    </node>
    <node id="50">
      <data key="d29">1</data>
      <data key="d32">44.82678</data>
      <data key="d33">Italy</data>
      <data key="d30">50</data>
      <data key="d34">11.62071</data>
      <data key="d31">Fe</data>
    </node>
    <node id="51">
      <data key="d29">1</data>
      <data key="d32">45.18446</data>
      <data key="d33">Italy</data>
      <data key="d30">51</data>
      <data key="d34">9.16145</data>
      <data key="d31">Pv</data>
    </node>
    <node id="52">
      <data key="d29">1</data>
      <data key="d32">43.71553</data>
      <data key="d33">Italy</data>
      <data key="d30">52</data>
      <data key="d34">10.39659</data>
      <data key="d31">PI</data>
    </node>
    <node id="53">
      <data key="d29">1</data>
      <data key="d32">43.72621</data>
      <data key="d33">Italy</data>
      <data key="d30">53</data>
      <data key="d34">12.63633</data>
      <data key="d31">Ur</data>
    </node>
    <edge source="0" target="28">
      <data key="d35">Fibre ottica spenta (Dark Fibre)</data>
      <data key="d36">0</data>
    </edge>
    <edge source="1" target="4">
      <data key="d35">Fibre ottica spenta (Dark Fibre)</data>
      <data key="d36">0</data>
    </edge>
    <edge source="2" target="28">
      <data key="d37">5</data>
      <data key="d38">G</data>
      <data key="d35">Peering, 5 Gbps</data>
      <data key="d39">Peering,  </data>
      <data key="d40">5000000000.0</data>
      <data key="d36">0</data>
    </edge>
    <edge source="3" target="30">
      <data key="d37">2.5</data>
      <data key="d35">2.5 Gbps</data>
      <data key="d38">G</data>
      <data key="d40">2500000000.0</data>
      <data key="d36">0</data>
    </edge>
    <edge source="4" target="8">
      <data key="d37">2.5</data>
      <data key="d35">2.5 Gbps</data>
      <data key="d38">G</data>
      <data key="d40">2500000000.0</data>
      <data key="d36">0</data>
    </edge>
    <edge source="4" target="48">
      <data key="d37">2.5</data>
      <data key="d35">2.5 Gbps</data>
      <data key="d38">G</data>
      <data key="d40">2500000000.0</data>
      <data key="d36">0</data>
    </edge>
    <edge source="4" target="7">
      <data key="d37">622</data>
      <data key="d35">622 Mbps</data>
      <data key="d38">M</data>
      <data key="d40">622000000.0</data>
      <data key="d36">0</data>
    </edge>
    <edge source="5" target="48">
      <data key="d37">13</data>
      <data key="d38">G</data>
      <data key="d35">Peering, 13 Gbps</data>
      <data key="d39">Peering,  </data>
      <data key="d40">13000000000.0</data>
      <data key="d36">0</data>
    </edge>
    <edge source="6" target="48">
      <data key="d37">155</data>
      <data key="d35">155 Mbps</data>
      <data key="d38">M</data>
      <data key="d40">155000000.0</data>
      <data key="d36">0</data>
    </edge>
    <edge source="6" target="38">
      <data key="d37">34</data>
      <data key="d35">34 Mbps</data>
      <data key="d38">M</data>
      <data key="d40">34000000.0</data>
      <data key="d36">0</data>
    </edge>
    <edge source="8" target="37">
      <data key="d37">2.5</data>
      <data key="d35">2.5 Gbps</data>
      <data key="d38">G</data>
      <data key="d40">2500000000.0</data>
      <data key="d36">0</data>
    </edge>
    <edge source="8" target="38">
      <data key="d37">622</data>
      <data key="d35">622 Mbps</data>
      <data key="d38">M</data>
      <data key="d40">622000000.0</data>
      <data key="d36">0</data>
    </edge>
    <edge source="8" target="39">
      <data key="d37">155</data>
      <data key="d35">155 Mbps</data>
      <data key="d38">M</data>
      <data key="d40">155000000.0</data>
      <data key="d36">0</data>
    </edge>
    <edge source="8" target="9">
      <data key="d37">155</data>
      <data key="d35">155 Mbps</data>
      <data key="d38">M</data>
      <data key="d40">155000000.0</data>
      <data key="d36">0</data>
    </edge>
    <edge source="8" target="48">
      <data key="d35">Fibre ottica spenta (Dark Fibre)</data>
      <data key="d36">0</data>
    </edge>
    <edge source="8" target="48">
      <data key="d35">Fibre ottica spenta (Dark Fibre)</data>
      <data key="d36">1</data>
    </edge>
    <edge source="8" target="19">
      <data key="d37">2.5</data>
      <data key="d35">2.5 Gbps</data>
      <data key="d38">G</data>
      <data key="d40">2500000000.0</data>
      <data key="d36">0</data>
    </edge>
    <edge source="10" target="18">
      <data key="d37">100</data>
      <data key="d35">100 Mbps</data>
      <data key="d38">M</data>
      <data key="d40">100000000.0</data>
      <data key="d36">0</data>
    </edge>
    <edge source="11" target="24">
      <data key="d37">1</data>
      <data key="d38">G</data>
      <data key="d35">Peering, 1 Gbps</data>
      <data key="d39">Peering,  </data>
      <data key="d40">1000000000.0</data>
      <data key="d36">0</data>
    </edge>
    <edge source="12" target="39">
      <data key="d37">1</data>
      <data key="d35">1 Gbps</data>
      <data key="d38">G</data>
      <data key="d40">1000000000.0</data>
      <data key="d36">0</data>
    </edge>
    <edge source="12" target="42">
      <data key="d37">2.5</data>
      <data key="d35">2.5 Gbps</data>
      <data key="d38">G</data>
      <data key="d40">2500000000.0</data>
      <data key="d36">0</data>
    </edge>
    <edge source="12" target="48">
      <data key="d37">10</data>
      <data key="d35">10 Gbps</data>
      <data key="d38">G</data>
      <data key="d40">10000000000.0</data>
      <data key="d36">0</data>
    </edge>
    <edge source="12" target="50">
      <data key="d37">155</data>
      <data key="d35">155 Mbps</data>
      <data key="d38">M</data>
      <data key="d40">155000000.0</data>
      <data key="d36">0</data>
    </edge>
    <edge source="12" target="24">
      <data key="d37">2.5</data>
      <data key="d35">2.5 Gbps</data>
      <data key="d38">G</data>
      <data key="d40">2500000000.0</data>
      <data key="d36">0</data>
    </edge>
    <edge source="12" target="27">
      <data key="d37">2.5</data>
      <data key="d35">2.5 Gbps</data>
      <data key="d38">G</data>
      <data key="d40">2500000000.0</data>
      <data key="d36">0</data>
    </edge>
    <edge source="12" target="28">
      <data key="d37">10</data>
      <data key="d35">10 Gbps</data>
      <data key="d38">G</data>
      <data key="d40">10000000000.0</data>
      <data key="d36">0</data>
    </edge>
    <edge source="12" target="28">
      <data key="d37">10</data>
      <data key="d35">10 Gbps</data>
      <data key="d38">G</data>
      <data key="d40">10000000000.0</data>
      <data key="d36">1</data>
    </edge>
    <edge source="13" target="46">
      <data key="d37">1</data>
      <data key="d35">1 Gbps</data>
      <data key="d38">G</data>
      <data key="d40">1000000000.0</data>
      <data key="d36">0</data>
    </edge>
    <edge source="13" target="51">
      <data key="d37">1</data>
      <data key="d35">1 Gbps</data>
      <data key="d38">G</data>
      <data key="d40">1000000000.0</data>
      <data key="d36">0</data>
    </edge>
    <edge source="13" target="28">
      <data key="d35">Fibre ottica spenta (Dark Fibre)</data>
      <data key="d36">0</data>
    </edge>
    <edge source="13" target="29">
      <data key="d37">155</data>
      <data key="d35">155 Mbps</data>
      <data key="d38">M</data>
      <data key="d40">155000000.0</data>
      <data key="d36">0</data>
    </edge>
    <edge source="13" target="30">
      <data key="d35">Fibre ottica spenta (Dark Fibre)</data>
      <data key="d36">0</data>
    </edge>
    <edge source="14" target="27">
      <data key="d37">1</data>
      <data key="d38">G</data>
      <data key="d35">Peering, 1 Gbps</data>
      <data key="d39">Peering,  </data>
      <data key="d40">1000000000.0</data>
      <data key="d36">0</data>
    </edge>
    <edge source="15" target="49">
      <data key="d37">2.5</data>
      <data key="d35">2.5 Gbps</data>
      <data key="d38">G</data>
      <data key="d40">2500000000.0</data>
      <data key="d36">0</data>
    </edge>
    <edge source="15" target="27">
      <data key="d37">155</data>
      <data key="d35">155 Mbps</data>
      <data key="d38">M</data>
      <data key="d40">155000000.0</data>
      <data key="d36">0</data>
    </edge>
    <edge source="16" target="48">
      <data key="d37">2.5</data>
      <data key="d35">2.5 Gbps</data>
      <data key="d38">G</data>
      <data key="d40">2500000000.0</data>
      <data key="d36">0</data>
    </edge>
    <edge source="16" target="34">
      <data key="d37">155</data>
      <data key="d35">155 Mbps</data>
      <data key="d38">M</data>
      <data key="d40">155000000.0</data>
      <data key="d36">0</data>
    </edge>
    <edge source="16" target="34">
      <data key="d37">155</data>
      <data key="d35">155 Mbps</data>
      <data key="d38">M</data>
      <data key="d40">155000000.0</data>
      <data key="d36">1</data>
    </edge>
    <edge source="16" target="19">
      <data key="d37">2.5</data>
      <data key="d35">2.5 Gbps</data>
      <data key="d38">G</data>
      <data key="d40">2500000000.0</data>
      <data key="d36">0</data>
    </edge>
    <edge source="16" target="36">
      <data key="d37">34</data>
      <data key="d35">34 Mbps</data>
      <data key="d38">M</data>
      <data key="d40">34000000.0</data>
      <data key="d36">0</data>
    </edge>
    <edge source="16" target="42">
      <data key="d37">2.5</data>
      <data key="d35">2.5 Gbps</data>
      <data key="d38">G</data>
      <data key="d40">2500000000.0</data>
      <data key="d36">0</data>
    </edge>
    <edge source="17" target="19">
      <data key="d37">155</data>
      <data key="d35">155 Mbps</data>
      <data key="d38">M</data>
      <data key="d40">155000000.0</data>
      <data key="d36">0</data>
    </edge>
    <edge source="18" target="19">
      <data key="d37">155</data>
      <data key="d35">155 Mbps</data>
      <data key="d38">M</data>
      <data key="d40">155000000.0</data>
      <data key="d36">0</data>
    </edge>
    <edge source="19" target="20">
      <data key="d37">622</data>
      <data key="d35">622 Mbps</data>
      <data key="d38">M</data>
      <data key="d40">622000000.0</data>
      <data key="d36">0</data>
    </edge>
    <edge source="19" target="21">
      <data key="d37">1</data>
      <data key="d35">1 Gbps</data>
      <data key="d38">G</data>
      <data key="d40">1000000000.0</data>
      <data key="d36">0</data>
    </edge>
    <edge source="22" target="30">
      <data key="d37">4</data>
      <data key="d38">G</data>
      <data key="d35">Peering, 4Gbps</data>
      <data key="d39">Peering, </data>
      <data key="d40">4000000000.0</data>
      <data key="d36">0</data>
    </edge>
    <edge source="23" target="30">
      <data key="d37">5</data>
      <data key="d38">G</data>
      <data key="d35">Peering, 5 Gbps</data>
      <data key="d39">Peering,  </data>
      <data key="d40">5000000000.0</data>
      <data key="d36">0</data>
    </edge>
    <edge source="24" target="25">
      <data key="d37">34</data>
      <data key="d35">34 Mbps</data>
      <data key="d38">M</data>
      <data key="d40">34000000.0</data>
      <data key="d36">0</data>
    </edge>
    <edge source="24" target="52">
      <data key="d37">2.5</data>
      <data key="d35">2.5 Gbps</data>
      <data key="d38">G</data>
      <data key="d40">2500000000.0</data>
      <data key="d36">0</data>
    </edge>
    <edge source="26" target="27">
      <data key="d37">622</data>
      <data key="d35">622 Mbps</data>
      <data key="d38">M</data>
      <data key="d40">622000000.0</data>
      <data key="d36">0</data>
    </edge>
    <edge source="27" target="28">
      <data key="d37">2.5</data>
      <data key="d35">2.5 Gbps</data>
      <data key="d38">G</data>
      <data key="d40">2500000000.0</data>
      <data key="d36">0</data>
    </edge>
    <edge source="28" target="45">
      <data key="d37">10</data>
      <data key="d35">10 Gbps</data>
      <data key="d38">G</data>
      <data key="d40">10000000000.0</data>
      <data key="d36">0</data>
    </edge>
    <edge source="28" target="49">
      <data key="d35">Fibre ottica spenta (Dark Fibre)</data>
      <data key="d36">0</data>
    </edge>
    <edge source="28" target="30">
      <data key="d37">10</data>
      <data key="d35">10 Gbps</data>
      <data key="d38">G</data>
      <data key="d40">10000000000.0</data>
      <data key="d36">0</data>
    </edge>
    <edge source="30" target="32">
      <data key="d37">155</data>
      <data key="d35">155 Mbps</data>
      <data key="d38">M</data>
      <data key="d40">155000000.0</data>
      <data key="d36">0</data>
    </edge>
    <edge source="30" target="33">
      <data key="d37">2.5</data>
      <data key="d35">2.5 Gbps</data>
      <data key="d38">G</data>
      <data key="d40">2500000000.0</data>
      <data key="d36">0</data>
    </edge>
    <edge source="30" target="44">
      <data key="d37">2</data>
      <data key="d38">G</data>
      <data key="d35">Peering, 2 Gbps</data>
      <data key="d39">Peering,  </data>
      <data key="d40">2000000000.0</data>
      <data key="d36">0</data>
    </edge>
    <edge source="30" target="48">
      <data key="d37">10</data>
      <data key="d35">10 Gbps</data>
      <data key="d38">G</data>
      <data key="d40">10000000000.0</data>
      <data key="d36">0</data>
    </edge>
    <edge source="30" target="49">
      <data key="d37">2.5</data>
      <data key="d35">2.5 Gbps</data>
      <data key="d38">G</data>
      <data key="d40">2500000000.0</data>
      <data key="d36">0</data>
    </edge>
    <edge source="30" target="31">
      <data key="d35">Fibre ottica spenta (Dark Fibre)</data>
      <data key="d36">0</data>
    </edge>
    <edge source="31" target="49">
      <data key="d35">Fibre ottica spenta (Dark Fibre)</data>
      <data key="d36">0</data>
    </edge>
    <edge source="32" target="52">
      <data key="d37">155</data>
      <data key="d35">155 Mbps</data>
      <data key="d38">M</data>
      <data key="d40">155000000.0</data>
      <data key="d36">0</data>
    </edge>
    <edge source="33" target="52">
      <data key="d37">2.5</data>
      <data key="d35">2.5 Gbps</data>
      <data key="d38">G</data>
      <data key="d40">2500000000.0</data>
      <data key="d36">0</data>
    </edge>
    <edge source="33" target="47">
      <data key="d37">1</data>
      <data key="d38">G</data>
      <data key="d35">Peering, 1 Gbps</data>
      <data key="d39">Peering,  </data>
      <data key="d40">1000000000.0</data>
      <data key="d36">0</data>
    </edge>
    <edge source="35" target="42">
      <data key="d37">622</data>
      <data key="d35">622 Mbps</data>
      <data key="d38">M</data>
      <data key="d40">622000000.0</data>
      <data key="d36">0</data>
    </edge>
    <edge source="37" target="48">
      <data key="d37">2.5</data>
      <data key="d35">2.5 Gbps</data>
      <data key="d38">G</data>
      <data key="d40">2500000000.0</data>
      <data key="d36">0</data>
    </edge>
    <edge source="39" target="53">
      <data key="d37">622</data>
      <data key="d35">622 Mbps</data>
      <data key="d38">M</data>
      <data key="d40">622000000.0</data>
      <data key="d36">0</data>
    </edge>
    <edge source="40" target="42">
      <data key="d37">622</data>
      <data key="d35">622 Mbps</data>
      <data key="d38">M</data>
      <data key="d40">622000000.0</data>
      <data key="d36">0</data>
    </edge>
    <edge source="41" target="42">
      <data key="d37">622</data>
      <data key="d35">622 Mbps</data>
      <data key="d38">M</data>
      <data key="d40">622000000.0</data>
      <data key="d36">0</data>
    </edge>
    <edge source="42" target="43">
      <data key="d37">155</data>
      <data key="d35">155 Mbps</data>
      <data key="d38">M</data>
      <data key="d40">155000000.0</data>
      <data key="d36">0</data>
    </edge>
    <edge source="48" target="52">
      <data key="d37">2.5</data>
      <data key="d35">2.5 Gbps</data>
      <data key="d38">G</data>
      <data key="d40">2500000000.0</data>
      <data key="d36">0</data>
    </edge>
  </graph>
</graphml>
