<?xml version="1.0" encoding="utf-8"?><graphml xmlns="http://graphml.graphdrawing.org/xmlns" xmlns:xsi="http://www.w3.org/2001/XMLSchema-instance" xsi:schemaLocation="http://graphml.graphdrawing.org/xmlns http://graphml.graphdrawing.org/xmlns/1.0/graphml.xsd">
  <key attr.name="LinkNote" attr.type="string" for="edge" id="d44" />
  <key attr.name="LinkType" attr.type="string" for="edge" id="d43" />
  <key attr.name="LinkSpeedRaw" attr.type="double" for="edge" id="d42" />
  <key attr.name="LinkSpeedUnits" attr.type="string" for="edge" id="d41" />
  <key attr.name="LinkLabel" attr.type="string" for="edge" id="d40" />
  <key attr.name="LinkSpeed" attr.type="string" for="edge" id="d39" />
  <key attr.name="key" attr.type="int" for="edge" id="d38" />
  <key attr.name="id" attr.type="string" for="edge" id="d37" />
  <key attr.name="geocode_id" attr.type="string" for="node" id="d36" />
  <key attr.name="geocode_country" attr.type="string" for="node" id="d35" />
  <key attr.name="type" attr.type="string" for="node" id="d34" />
  <key attr.name="label" attr.type="string" for="node" id="d33" />
  <key attr.name="Longitude" attr.type="double" for="node" id="d32" />
  <key attr.name="id" attr.type="int" for="node" id="d31" />
  <key attr.name="Country" attr.type="string" for="node" id="d30" />
  <key attr.name="Latitude" attr.type="double" for="node" id="d29" />
  <key attr.name="Internal" attr.type="int" for="node" id="d28" />
  <key attr.name="Testbed" attr.type="int" for="graph" id="d27" />
  <key attr.name="LastProcessed" attr.type="string" for="graph" id="d26" />
  <key attr.name="DateYear" attr.type="string" for="graph" id="d25" />
  <key attr.name="NetworkDate" attr.type="string" for="graph" id="d24" />
  <key attr.name="Transit" attr.type="int" for="graph" id="d23" />
  <key attr.name="Developed" attr.type="int" for="graph" id="d22" />
  <key attr.name="Creator" attr.type="string" for="graph" id="d21" />
  <key attr.name="Layer" attr.type="string" for="graph" id="d20" />
  <key attr.name="LastAccess" attr.type="string" for="graph" id="d19" />
  <key attr.name="DateMonth" attr.type="string" for="graph" id="d18" />
  <key attr.name="DateModifier" attr.type="string" for="graph" id="d17" />
  <key attr.name="SourceGitVersion" attr.type="string" for="graph" id="d16" />
  <key attr.name="IX" attr.type="int" for="graph" id="d15" />
  <key attr.name="Customer" attr.type="int" for="graph" id="d14" />
  <key attr.name="ToolsetVersion" attr.type="string" for="graph" id="d13" />
  <key attr.name="label" attr.type="string" for="graph" id="d12" />
  <key attr.name="Commercial" attr.type="int" for="graph" id="d11" />
  <key attr.name="Backbone" attr.type="int" for="graph" id="d10" />
  <key attr.name="DateType" attr.type="string" for="graph" id="d9" />
  <key attr.name="Type" attr.type="string" for="graph" id="d8" />
  <key attr.name="Version" attr.type="string" for="graph" id="d7" />
  <key attr.name="Source" attr.type="string" for="graph" id="d6" />
  <key attr.name="Access" attr.type="int" for="graph" id="d5" />
  <key attr.name="Provenance" attr.type="string" for="graph" id="d4" />
  <key attr.name="Network" attr.type="string" for="graph" id="d3" />
  <key attr.name="GeoExtent" attr.type="string" for="graph" id="d2" />
  <key attr.name="GeoLocation" attr.type="string" for="graph" id="d1" />
  <key attr.name="DateObtained" attr.type="string" for="graph" id="d0" />
  <graph edgedefault="undirected">
    <data key="d0">29/03/2012</data>
    <data key="d1">Europe</data>
    <data key="d2">Continent</data>
    <data key="d3">GEANT</data>
    <data key="d4">Primary</data>
    <data key="d5">0</data>
    <data key="d6">http://www.geant.net/Media_Centre/Media_Library/Pages/Maps.aspx</data>
    <data key="d7">1.0</data>
    <data key="d8">REN</data>
    <data key="d9">Current</data>
    <data key="d10">1</data>
    <data key="d11">0</data>
    <data key="d12">Geant2012</data>
    <data key="d13">0.3.34dev-20120328</data>
    <data key="d14">0</data>
    <data key="d15">0</data>
    <data key="d16">e278b1b</data>
    <data key="d17">=</data>
    <data key="d18">03</data>
    <data key="d19">3/08/29/03/2012</data>
    <data key="d20">IP</data>
    <data key="d21">Topology Zoo Toolset</data>
    <data key="d22">1</data>
    <data key="d23">1</data>
    <data key="d24">2012_03</data>
    <data key="d25">2012</data>
    <data key="d26">2012_03_29</data>
    <data key="d27">1</data>
    <node id="0">
      <data key="d28">1</data>
      <data key="d29">52.37403</data>
      <data key="d30">Netherlands</data>
      <data key="d31">0</data>
      <data key="d32">4.88969</data>
      <data key="d33">NL</data>
    </node>
    <node id="1">
      <data key="d28">1</data>
      <data key="d29">50.85045</data>
      <data key="d30">Belgium</data>
      <data key="d31">1</data>
      <data key="d32">4.34878</data>
      <data key="d33">BE</data>
    </node>
    <node id="2">
      <data key="d28">1</data>
      <data key="d29">55.67594</data>
      <data key="d30">Denmark</data>
      <data key="d34">NORDUNet</data>
      <data key="d31">2</data>
      <data key="d32">12.56553</data>
      <data key="d33">DK</data>
    </node>
    <node id="3">
      <data key="d28">1</data>
      <data key="d29">52.41667</data>
      <data key="d30">Poland</data>
      <data key="d31">3</data>
      <data key="d32">16.96667</data>
      <data key="d33">PL</data>
    </node>
    <node id="4">
      <data key="d28">1</data>
      <data key="d29">50.11667</data>
      <data key="d30">Germany</data>
      <data key="d31">4</data>
      <data key="d32">8.68333</data>
      <data key="d33">DE</data>
    </node>
    <node id="5">
      <data key="d28">1</data>
      <data key="d29">50.08804</data>
      <data key="d30">Czech Republic</data>
      <data key="d31">5</data>
      <data key="d32">14.42076</data>
      <data key="d33">CZ</data>
    </node>
    <node id="6">
      <data key="d28">1</data>
      <data key="d29">49.61167</data>
      <data key="d30">Luxembourg</data>
      <data key="d31">6</data>
      <data key="d32">6.13</data>
      <data key="d33">LU</data>
    </node>
    <node id="7">
      <data key="d28">1</data>
      <data key="d29">48.85341</data>
      <data key="d30">France</data>
      <data key="d31">7</data>
      <data key="d32">2.3488</data>
      <data key="d33">FR</data>
    </node>
    <node id="8">
      <data key="d28">1</data>
      <data key="d29">46.94809</data>
      <data key="d30">Switzerland</data>
      <data key="d31">8</data>
      <data key="d32">7.44744</data>
      <data key="d33">CH</data>
    </node>
    <node id="9">
      <data key="d28">1</data>
      <data key="d29">45.46427</data>
      <data key="d30">Italy</data>
      <data key="d31">9</data>
      <data key="d32">9.18951</data>
      <data key="d33">IT</data>
    </node>
    <node id="10">
      <data key="d28">1</data>
      <data key="d31">10</data>
      <data key="d33">UA</data>
    </node>
    <node id="11">
      <data key="d28">1</data>
      <data key="d31">11</data>
      <data key="d33">MD</data>
    </node>
    <node id="12">
      <data key="d28">1</data>
      <data key="d29">42.69751</data>
      <data key="d30">Bulgaria</data>
      <data key="d31">12</data>
      <data key="d32">23.32415</data>
      <data key="d33">BG</data>
    </node>
    <node id="13">
      <data key="d28">1</data>
      <data key="d29">44.43225</data>
      <data key="d30">Romania</data>
      <data key="d31">13</data>
      <data key="d32">26.10626</data>
      <data key="d33">RO</data>
    </node>
    <node id="14">
      <data key="d35">Turkey</data>
      <data key="d28">1</data>
      <data key="d29">39.05901</data>
      <data key="d30">Turkey</data>
      <data key="d31">14</data>
      <data key="d32">34.91155</data>
      <data key="d33">TR</data>
    </node>
    <node id="15">
      <data key="d28">1</data>
      <data key="d29">37.97945</data>
      <data key="d30">Greece</data>
      <data key="d31">15</data>
      <data key="d32">23.71622</data>
      <data key="d33">GR</data>
    </node>
    <node id="16">
      <data key="d28">1</data>
      <data key="d29">35.16667</data>
      <data key="d30">Cyprus</data>
      <data key="d31">16</data>
      <data key="d32">33.36667</data>
      <data key="d33">CY</data>
    </node>
    <node id="17">
      <data key="d35">Israel</data>
      <data key="d28">1</data>
      <data key="d29">31.5</data>
      <data key="d30">Israel</data>
      <data key="d31">17</data>
      <data key="d32">34.75</data>
      <data key="d33">IL</data>
    </node>
    <node id="18">
      <data key="d28">1</data>
      <data key="d29">35.90917</data>
      <data key="d30">Malta</data>
      <data key="d31">18</data>
      <data key="d32">14.42556</data>
      <data key="d33">MT</data>
    </node>
    <node id="19">
      <data key="d28">1</data>
      <data key="d31">19</data>
      <data key="d33">BY</data>
    </node>
    <node id="20">
      <data key="d28">1</data>
      <data key="d29">42.0</data>
      <data key="d30">Macedonia</data>
      <data key="d31">20</data>
      <data key="d32">21.43333</data>
      <data key="d33">MK</data>
    </node>
    <node id="21">
      <data key="d28">1</data>
      <data key="d29">42.44111</data>
      <data key="d30">Montenegro</data>
      <data key="d31">21</data>
      <data key="d32">19.26361</data>
      <data key="d33">ME</data>
    </node>
    <node id="22">
      <data key="d28">1</data>
      <data key="d29">47.49801</data>
      <data key="d30">Hungary</data>
      <data key="d31">22</data>
      <data key="d32">19.03991</data>
      <data key="d33">HU</data>
    </node>
    <node id="23">
      <data key="d28">1</data>
      <data key="d29">48.14816</data>
      <data key="d30">Slovakia</data>
      <data key="d31">23</data>
      <data key="d32">17.10674</data>
      <data key="d33">SK</data>
    </node>
    <node id="24">
      <data key="d28">1</data>
      <data key="d29">38.71667</data>
      <data key="d30">Portugal</data>
      <data key="d31">24</data>
      <data key="d32">-9.13333</data>
      <data key="d33">PT</data>
    </node>
    <node id="25">
      <data key="d28">1</data>
      <data key="d29">40.4165</data>
      <data key="d30">Spain</data>
      <data key="d31">25</data>
      <data key="d32">-3.70256</data>
      <data key="d33">ES</data>
    </node>
    <node id="26">
      <data key="d28">1</data>
      <data key="d29">44.80401</data>
      <data key="d30">Serbia</data>
      <data key="d31">26</data>
      <data key="d32">20.46513</data>
      <data key="d33">RS</data>
    </node>
    <node id="27">
      <data key="d28">1</data>
      <data key="d29">45.81444</data>
      <data key="d30">Croatia</data>
      <data key="d31">27</data>
      <data key="d32">15.97798</data>
      <data key="d33">HR</data>
    </node>
    <node id="28">
      <data key="d28">1</data>
      <data key="d29">46.05108</data>
      <data key="d30">Slovenia</data>
      <data key="d31">28</data>
      <data key="d32">14.50513</data>
      <data key="d33">SL</data>
    </node>
    <node id="29">
      <data key="d28">1</data>
      <data key="d29">48.20849</data>
      <data key="d30">Austria</data>
      <data key="d31">29</data>
      <data key="d32">16.37208</data>
      <data key="d33">AT</data>
    </node>
    <node id="30">
      <data key="d28">1</data>
      <data key="d29">54.9</data>
      <data key="d30">Lithuania</data>
      <data key="d31">30</data>
      <data key="d32">23.9</data>
      <data key="d33">LT</data>
    </node>
    <node id="31">
      <data key="d28">1</data>
      <data key="d36">524901</data>
      <data key="d29">55.75222</data>
      <data key="d30">Russia</data>
      <data key="d31">31</data>
      <data key="d32">37.61556</data>
      <data key="d33">RU</data>
    </node>
    <node id="32">
      <data key="d28">1</data>
      <data key="d29">64.13548</data>
      <data key="d30">Iceland</data>
      <data key="d34">NORDUNet</data>
      <data key="d31">32</data>
      <data key="d32">-21.89541</data>
      <data key="d33">IS</data>
    </node>
    <node id="33">
      <data key="d28">1</data>
      <data key="d29">53.34399</data>
      <data key="d30">Ireland</data>
      <data key="d31">33</data>
      <data key="d32">-6.26719</data>
      <data key="d33">IE</data>
    </node>
    <node id="34">
      <data key="d28">1</data>
      <data key="d29">51.50853</data>
      <data key="d30">United Kingdom</data>
      <data key="d31">34</data>
      <data key="d32">-0.12574</data>
      <data key="d33">UK</data>
    </node>
    <node id="35">
      <data key="d35">Norway</data>
      <data key="d30">Norway</data>
      <data key="d32">10.0</data>
      <data key="d33">NO</data>
      <data key="d28">1</data>
      <data key="d29">62.0</data>
      <data key="d34">NORDUNet</data>
      <data key="d31">35</data>
    </node>
    <node id="36">
      <data key="d28">1</data>
      <data key="d29">59.33258</data>
      <data key="d30">Sweden</data>
      <data key="d34">NORDUNet</data>
      <data key="d31">36</data>
      <data key="d32">18.0649</data>
      <data key="d33">SE</data>
    </node>
    <node id="37">
      <data key="d28">1</data>
      <data key="d29">60.45148</data>
      <data key="d30">Finland</data>
      <data key="d34">NORDUNet</data>
      <data key="d31">37</data>
      <data key="d32">22.26869</data>
      <data key="d33">FI</data>
    </node>
    <node id="38">
      <data key="d28">1</data>
      <data key="d29">59.43696</data>
      <data key="d30">Estonia</data>
      <data key="d31">38</data>
      <data key="d32">24.75353</data>
      <data key="d33">EE</data>
    </node>
    <node id="39">
      <data key="d28">1</data>
      <data key="d29">56.946</data>
      <data key="d30">Latvia</data>
      <data key="d31">39</data>
      <data key="d32">24.10589</data>
      <data key="d33">LV</data>
    </node>
    <edge source="0" target="1">
      <data key="d37">e59</data>
      <data key="d38">0</data>
    </edge>
    <edge source="0" target="2">
      <data key="d37">e5</data>
      <data key="d38">0</data>
    </edge>
    <edge source="0" target="4">
      <data key="d37">e6</data>
      <data key="d38">0</data>
    </edge>
    <edge source="0" target="34">
      <data key="d39">2.5</data>
      <data key="d40">2.5 Gbps</data>
      <data key="d41">G</data>
      <data key="d42">2500000000.0</data>
      <data key="d38">0</data>
    </edge>
    <edge source="0" target="30">
      <data key="d39">2.5</data>
      <data key="d40">2.5 Gbps</data>
      <data key="d41">G</data>
      <data key="d42">2500000000.0</data>
      <data key="d38">0</data>
    </edge>
    <edge source="1" target="33">
      <data key="d37">e9</data>
      <data key="d38">0</data>
    </edge>
    <edge source="2" target="32">
      <data key="d39">10</data>
      <data key="d40">10 Gbps</data>
      <data key="d41">G</data>
      <data key="d42">10000000000.0</data>
      <data key="d38">0</data>
    </edge>
    <edge source="2" target="35">
      <data key="d37">e4</data>
      <data key="d38">0</data>
    </edge>
    <edge source="2" target="4">
      <data key="d37">e8</data>
      <data key="d38">0</data>
    </edge>
    <edge source="2" target="38">
      <data key="d39">10</data>
      <data key="d40">10 Gbps</data>
      <data key="d41">G</data>
      <data key="d42">10000000000.0</data>
      <data key="d38">0</data>
    </edge>
    <edge source="2" target="36">
      <data key="d37">e3</data>
      <data key="d38">0</data>
    </edge>
    <edge source="2" target="31">
      <data key="d39">10</data>
      <data key="d40">10 Gbps</data>
      <data key="d41">G</data>
      <data key="d42">10000000000.0</data>
      <data key="d38">0</data>
    </edge>
    <edge source="3" target="10">
      <data key="d39">1</data>
      <data key="d40">1 Gbps</data>
      <data key="d41">G</data>
      <data key="d42">1000000000.0</data>
      <data key="d38">0</data>
    </edge>
    <edge source="3" target="19">
      <data key="d39">1</data>
      <data key="d40">1 Gbps</data>
      <data key="d41">G</data>
      <data key="d42">1000000000.0</data>
      <data key="d38">0</data>
    </edge>
    <edge source="3" target="4">
      <data key="d39">10</data>
      <data key="d40">10 Gbps</data>
      <data key="d41">G</data>
      <data key="d42">10000000000.0</data>
      <data key="d38">0</data>
    </edge>
    <edge source="3" target="5">
      <data key="d39">10</data>
      <data key="d40">10 Gbps</data>
      <data key="d41">G</data>
      <data key="d42">10000000000.0</data>
      <data key="d38">0</data>
    </edge>
    <edge source="3" target="30">
      <data key="d39">10</data>
      <data key="d40">10 Gbps</data>
      <data key="d41">G</data>
      <data key="d42">10000000000.0</data>
      <data key="d38">0</data>
    </edge>
    <edge source="4" target="5">
      <data key="d37">e7</data>
      <data key="d38">0</data>
    </edge>
    <edge source="4" target="6">
      <data key="d39">10</data>
      <data key="d40">10 Gbps</data>
      <data key="d41">G</data>
      <data key="d42">10000000000.0</data>
      <data key="d38">0</data>
    </edge>
    <edge source="4" target="8">
      <data key="d37">e14</data>
      <data key="d38">0</data>
    </edge>
    <edge source="4" target="16">
      <data key="d39">1</data>
      <data key="d40">1 Gbps</data>
      <data key="d41">G</data>
      <data key="d42">1000000000.0</data>
      <data key="d38">0</data>
    </edge>
    <edge source="4" target="17">
      <data key="d39">2.5</data>
      <data key="d40">2.5 Gbps</data>
      <data key="d41">G</data>
      <data key="d42">2500000000.0</data>
      <data key="d38">0</data>
    </edge>
    <edge source="4" target="29">
      <data key="d39">10</data>
      <data key="d40">10 Gbps</data>
      <data key="d41">G</data>
      <data key="d42">10000000000.0</data>
      <data key="d38">0</data>
    </edge>
    <edge source="4" target="31">
      <data key="d39">10</data>
      <data key="d40">10 Gbps</data>
      <data key="d41">G</data>
      <data key="d42">10000000000.0</data>
      <data key="d38">0</data>
    </edge>
    <edge source="5" target="23">
      <data key="d37">e21</data>
      <data key="d38">0</data>
    </edge>
    <edge source="6" target="7">
      <data key="d39">10</data>
      <data key="d40">10 Gbps</data>
      <data key="d41">G</data>
      <data key="d42">10000000000.0</data>
      <data key="d38">0</data>
    </edge>
    <edge source="7" target="8">
      <data key="d37">e11</data>
      <data key="d38">0</data>
    </edge>
    <edge source="7" target="25">
      <data key="d39">10</data>
      <data key="d40">10 Gbps</data>
      <data key="d41">G</data>
      <data key="d42">10000000000.0</data>
      <data key="d38">0</data>
    </edge>
    <edge source="7" target="34">
      <data key="d37">e10</data>
      <data key="d38">0</data>
    </edge>
    <edge source="8" target="9">
      <data key="d37">e13</data>
      <data key="d38">0</data>
    </edge>
    <edge source="8" target="25">
      <data key="d37">e12</data>
      <data key="d38">0</data>
    </edge>
    <edge source="9" target="25">
      <data key="d39">10</data>
      <data key="d40">10 Gbps</data>
      <data key="d41">G</data>
      <data key="d42">10000000000.0</data>
      <data key="d38">0</data>
    </edge>
    <edge source="9" target="18">
      <data key="d39">1</data>
      <data key="d40">1 Gbps</data>
      <data key="d41">G</data>
      <data key="d42">1000000000.0</data>
      <data key="d38">0</data>
    </edge>
    <edge source="9" target="29">
      <data key="d37">e15</data>
      <data key="d38">0</data>
    </edge>
    <edge source="9" target="15">
      <data key="d39">10</data>
      <data key="d40">10 Gbps</data>
      <data key="d41">G</data>
      <data key="d42">10000000000.0</data>
      <data key="d38">0</data>
    </edge>
    <edge source="11" target="13">
      <data key="d39">1</data>
      <data key="d40">1 Gbps</data>
      <data key="d41">G</data>
      <data key="d42">1000000000.0</data>
      <data key="d38">0</data>
    </edge>
    <edge source="12" target="14">
      <data key="d39">10</data>
      <data key="d40">10 Gbps</data>
      <data key="d41">G</data>
      <data key="d42">10000000000.0</data>
      <data key="d38">0</data>
    </edge>
    <edge source="12" target="20">
      <data key="d39">155</data>
      <data key="d40">155 Mbps</data>
      <data key="d41">M</data>
      <data key="d42">155000000.0</data>
      <data key="d38">0</data>
    </edge>
    <edge source="12" target="13">
      <data key="d39">10</data>
      <data key="d40">10 Gbps</data>
      <data key="d41">G</data>
      <data key="d42">10000000000.0</data>
      <data key="d38">0</data>
    </edge>
    <edge source="12" target="22">
      <data key="d39">10</data>
      <data key="d40">10 Gbps</data>
      <data key="d41">G</data>
      <data key="d42">10000000000.0</data>
      <data key="d38">0</data>
    </edge>
    <edge source="12" target="15">
      <data key="d39">10</data>
      <data key="d40">10 Gbps</data>
      <data key="d41">G</data>
      <data key="d42">10000000000.0</data>
      <data key="d38">0</data>
    </edge>
    <edge source="13" target="22">
      <data key="d39">10</data>
      <data key="d40">10 Gbps</data>
      <data key="d41">G</data>
      <data key="d42">10000000000.0</data>
      <data key="d38">0</data>
    </edge>
    <edge source="13" target="14">
      <data key="d39">10</data>
      <data key="d40">10 Gbps</data>
      <data key="d41">G</data>
      <data key="d42">10000000000.0</data>
      <data key="d38">0</data>
    </edge>
    <edge source="15" target="29">
      <data key="d39">10</data>
      <data key="d40">10 Gbps</data>
      <data key="d41">G</data>
      <data key="d42">10000000000.0</data>
      <data key="d38">0</data>
    </edge>
    <edge source="16" target="34">
      <data key="d39">1</data>
      <data key="d40">1 Gbps</data>
      <data key="d41">G</data>
      <data key="d42">1000000000.0</data>
      <data key="d38">0</data>
    </edge>
    <edge source="17" target="30">
      <data key="d39">2.5</data>
      <data key="d40">2.5 Gbps</data>
      <data key="d41">G</data>
      <data key="d42">2500000000.0</data>
      <data key="d38">0</data>
    </edge>
    <edge source="21" target="27">
      <data key="d39">155</data>
      <data key="d40">155 Mbps</data>
      <data key="d41">M</data>
      <data key="d42">155000000.0</data>
      <data key="d38">0</data>
    </edge>
    <edge source="22" target="26">
      <data key="d39">10</data>
      <data key="d40">10 Gbps</data>
      <data key="d41">G</data>
      <data key="d42">10000000000.0</data>
      <data key="d38">0</data>
    </edge>
    <edge source="22" target="27">
      <data key="d37">e19</data>
      <data key="d38">0</data>
    </edge>
    <edge source="22" target="23">
      <data key="d37">e18</data>
      <data key="d38">0</data>
    </edge>
    <edge source="23" target="29">
      <data key="d37">e17</data>
      <data key="d38">0</data>
    </edge>
    <edge source="24" target="25">
      <data key="d39">10</data>
      <data key="d40">10 Gbps</data>
      <data key="d41">G</data>
      <data key="d42">10000000000.0</data>
      <data key="d38">0</data>
    </edge>
    <edge source="24" target="34">
      <data key="d39">10</data>
      <data key="d40">10 Gbps</data>
      <data key="d41">G</data>
      <data key="d42">10000000000.0</data>
      <data key="d38">0</data>
    </edge>
    <edge source="27" target="28">
      <data key="d37">e20</data>
      <data key="d38">0</data>
    </edge>
    <edge source="28" target="29">
      <data key="d37">e16</data>
      <data key="d38">0</data>
    </edge>
    <edge source="30" target="39">
      <data key="d39">10</data>
      <data key="d40">10 Gbps</data>
      <data key="d41">G</data>
      <data key="d42">10000000000.0</data>
      <data key="d38">0</data>
    </edge>
    <edge source="32" target="34">
      <data key="d39">2.5</data>
      <data key="d40">2.5 Gbps</data>
      <data key="d41">G</data>
      <data key="d42">2500000000.0</data>
      <data key="d38">0</data>
    </edge>
    <edge source="33" target="34">
      <data key="d39">10</data>
      <data key="d40">10 Gbps</data>
      <data key="d41">G</data>
      <data key="d42">10000000000.0</data>
      <data key="d38">0</data>
    </edge>
    <edge source="35" target="36">
      <data key="d43">Fibre</data>
      <data key="d40">Lit Fibre</data>
      <data key="d44">Lit </data>
      <data key="d38">0</data>
    </edge>
    <edge source="36" target="37">
      <data key="d37">e2</data>
      <data key="d38">0</data>
    </edge>
    <edge source="38" target="39">
      <data key="d39">10</data>
      <data key="d40">10 Gbps</data>
      <data key="d41">G</data>
      <data key="d42">10000000000.0</data>
      <data key="d38">0</data>
    </edge>
  </graph>
</graphml>
