<?xml version="1.0" encoding="utf-8"?><graphml xmlns="http://graphml.graphdrawing.org/xmlns" xmlns:xsi="http://www.w3.org/2001/XMLSchema-instance" xsi:schemaLocation="http://graphml.graphdrawing.org/xmlns http://graphml.graphdrawing.org/xmlns/1.0/graphml.xsd">
  <key attr.name="key" attr.type="int" for="edge" id="d38" />
  <key attr.name="LinkNote" attr.type="string" for="edge" id="d37" />
  <key attr.name="LinkLabel" attr.type="string" for="edge" id="d36" />
  <key attr.name="LinkType" attr.type="string" for="edge" id="d35" />
  <key attr.name="label" attr.type="string" for="node" id="d34" />
  <key attr.name="Longitude" attr.type="double" for="node" id="d33" />
  <key attr.name="id" attr.type="int" for="node" id="d32" />
  <key attr.name="Country" attr.type="string" for="node" id="d31" />
  <key attr.name="Latitude" attr.type="double" for="node" id="d30" />
  <key attr.name="Internal" attr.type="int" for="node" id="d29" />
  <key attr.name="Testbed" attr.type="int" for="graph" id="d28" />
  <key attr.name="LastProcessed" attr.type="string" for="graph" id="d27" />
  <key attr.name="DateYear" attr.type="string" for="graph" id="d26" />
  <key attr.name="NetworkDate" attr.type="string" for="graph" id="d25" />
  <key attr.name="Transit" attr.type="int" for="graph" id="d24" />
  <key attr.name="Developed" attr.type="int" for="graph" id="d23" />
  <key attr.name="Creator" attr.type="string" for="graph" id="d22" />
  <key attr.name="Layer" attr.type="string" for="graph" id="d21" />
  <key attr.name="Access" attr.type="int" for="graph" id="d20" />
  <key attr.name="LastAccess" attr.type="string" for="graph" id="d19" />
  <key attr.name="DateMonth" attr.type="string" for="graph" id="d18" />
  <key attr.name="DateModifier" attr.type="string" for="graph" id="d17" />
  <key attr.name="SourceGitVersion" attr.type="string" for="graph" id="d16" />
  <key attr.name="IX" attr.type="int" for="graph" id="d15" />
  <key attr.name="Customer" attr.type="int" for="graph" id="d14" />
  <key attr.name="ToolsetVersion" attr.type="string" for="graph" id="d13" />
  <key attr.name="label" attr.type="string" for="graph" id="d12" />
  <key attr.name="Commercial" attr.type="int" for="graph" id="d11" />
  <key attr.name="Backbone" attr.type="int" for="graph" id="d10" />
  <key attr.name="DateType" attr.type="string" for="graph" id="d9" />
  <key attr.name="Type" attr.type="string" for="graph" id="d8" />
  <key attr.name="Version" attr.type="string" for="graph" id="d7" />
  <key attr.name="Source" attr.type="string" for="graph" id="d6" />
  <key attr.name="Note" attr.type="string" for="graph" id="d5" />
  <key attr.name="Provenance" attr.type="string" for="graph" id="d4" />
  <key attr.name="Network" attr.type="string" for="graph" id="d3" />
  <key attr.name="GeoExtent" attr.type="string" for="graph" id="d2" />
  <key attr.name="GeoLocation" attr.type="string" for="graph" id="d1" />
  <key attr.name="DateObtained" attr.type="string" for="graph" id="d0" />
  <graph edgedefault="undirected">
    <data key="d0">14/01/11</data>
    <data key="d1">USA</data>
    <data key="d2">Country</data>
    <data key="d3">GoodNet</data>
    <data key="d4">Secondary</data>
    <data key="d5">Now part of deru via WinStar http://www.deru.net/darinbio.html - IP, Frame and ATM but no services known.</data>
    <data key="d6">http://www.nthelp.com/images/goodnet.jpg</data>
    <data key="d7">1.0</data>
    <data key="d8">COM</data>
    <data key="d9">Current</data>
    <data key="d10">1</data>
    <data key="d11">0</data>
    <data key="d12">Goodnet</data>
    <data key="d13">0.3.34dev-20120328</data>
    <data key="d14">0</data>
    <data key="d15">0</data>
    <data key="d16">e278b1b</data>
    <data key="d17">=</data>
    <data key="d18">01</data>
    <data key="d19">14/01/11</data>
    <data key="d20">0</data>
    <data key="d21">IP</data>
    <data key="d22">Topology Zoo Toolset</data>
    <data key="d23">1</data>
    <data key="d24">0</data>
    <data key="d25">2011_01</data>
    <data key="d26">2011</data>
    <data key="d27">2011_09_01</data>
    <data key="d28">0</data>
    <node id="0">
      <data key="d29">1</data>
      <data key="d30">27.94752</data>
      <data key="d31">United States</data>
      <data key="d32">0</data>
      <data key="d33">-82.45843</data>
      <data key="d34">Tampa</data>
    </node>
    <node id="1">
      <data key="d29">1</data>
      <data key="d30">35.46756</data>
      <data key="d31">United States</data>
      <data key="d32">1</data>
      <data key="d33">-97.51643</data>
      <data key="d34">Oklahoma City</data>
    </node>
    <node id="2">
      <data key="d29">1</data>
      <data key="d30">29.95465</data>
      <data key="d31">United States</data>
      <data key="d32">2</data>
      <data key="d33">-90.07507</data>
      <data key="d34">New Orleans</data>
    </node>
    <node id="3">
      <data key="d29">1</data>
      <data key="d30">30.33218</data>
      <data key="d31">United States</data>
      <data key="d32">3</data>
      <data key="d33">-81.65565</data>
      <data key="d34">Jacksonville</data>
    </node>
    <node id="4">
      <data key="d29">1</data>
      <data key="d30">34.05223</data>
      <data key="d31">United States</data>
      <data key="d32">4</data>
      <data key="d33">-118.24368</data>
      <data key="d34">Los Angeles</data>
    </node>
    <node id="5">
      <data key="d29">1</data>
      <data key="d30">33.44838</data>
      <data key="d31">United States</data>
      <data key="d32">5</data>
      <data key="d33">-112.07404</data>
      <data key="d34">Phoenix</data>
    </node>
    <node id="6">
      <data key="d29">1</data>
      <data key="d30">32.22174</data>
      <data key="d31">United States</data>
      <data key="d32">6</data>
      <data key="d33">-110.92648</data>
      <data key="d34">Tucson</data>
    </node>
    <node id="7">
      <data key="d29">1</data>
      <data key="d30">33.749</data>
      <data key="d31">United States</data>
      <data key="d32">7</data>
      <data key="d33">-84.38798</data>
      <data key="d34">Atlanta</data>
    </node>
    <node id="8">
      <data key="d29">1</data>
      <data key="d30">33.52066</data>
      <data key="d31">United States</data>
      <data key="d32">8</data>
      <data key="d33">-86.80249</data>
      <data key="d34">Birmingham</data>
    </node>
    <node id="9">
      <data key="d29">1</data>
      <data key="d30">37.33939</data>
      <data key="d31">United States</data>
      <data key="d32">9</data>
      <data key="d33">-121.89496</data>
      <data key="d34">San Jose</data>
    </node>
    <node id="10">
      <data key="d29">1</data>
      <data key="d30">40.76078</data>
      <data key="d31">United States</data>
      <data key="d32">10</data>
      <data key="d33">-111.89105</data>
      <data key="d34">Salt Lake City</data>
    </node>
    <node id="11">
      <data key="d29">1</data>
      <data key="d30">39.73915</data>
      <data key="d31">United States</data>
      <data key="d32">11</data>
      <data key="d33">-104.9847</data>
      <data key="d34">Denver</data>
    </node>
    <node id="12">
      <data key="d29">1</data>
      <data key="d30">41.85003</data>
      <data key="d31">United States</data>
      <data key="d32">12</data>
      <data key="d33">-87.65005</data>
      <data key="d34">Chicago</data>
    </node>
    <node id="13">
      <data key="d29">1</data>
      <data key="d30">41.76371</data>
      <data key="d31">United States</data>
      <data key="d32">13</data>
      <data key="d33">-72.68509</data>
      <data key="d34">Hartford</data>
    </node>
    <node id="14">
      <data key="d29">1</data>
      <data key="d30">40.71427</data>
      <data key="d31">United States</data>
      <data key="d32">14</data>
      <data key="d33">-74.00597</data>
      <data key="d34">New York</data>
    </node>
    <node id="15">
      <data key="d29">1</data>
      <data key="d30">38.89511</data>
      <data key="d31">United States</data>
      <data key="d32">15</data>
      <data key="d33">-77.03637</data>
      <data key="d34">Washington, DC</data>
    </node>
    <node id="16">
      <data key="d29">1</data>
      <data key="d30">35.04563</data>
      <data key="d31">United States</data>
      <data key="d32">16</data>
      <data key="d33">-85.30968</data>
      <data key="d34">Chattanooga</data>
    </node>
    <edge source="0" target="3">
      <data key="d35">DS-3</data>
      <data key="d36">45 Mbps DS-3</data>
      <data key="d37">45 Mbps </data>
      <data key="d38">0</data>
    </edge>
    <edge source="0" target="7">
      <data key="d35">DS-3</data>
      <data key="d36">45 Mbps DS-3</data>
      <data key="d37">45 Mbps </data>
      <data key="d38">0</data>
    </edge>
    <edge source="1" target="9">
      <data key="d35">DS-3</data>
      <data key="d36">45 Mbps DS-3</data>
      <data key="d37">45 Mbps </data>
      <data key="d38">0</data>
    </edge>
    <edge source="1" target="15">
      <data key="d35">DS-3</data>
      <data key="d36">45 Mbps DS-3</data>
      <data key="d37">45 Mbps </data>
      <data key="d38">0</data>
    </edge>
    <edge source="2" target="12">
      <data key="d35">DS-3</data>
      <data key="d36">45 Mbps DS-3</data>
      <data key="d37">45 Mbps </data>
      <data key="d38">0</data>
    </edge>
    <edge source="2" target="5">
      <data key="d35">DS-3</data>
      <data key="d36">45 Mbps DS-3</data>
      <data key="d37">45 Mbps </data>
      <data key="d38">0</data>
    </edge>
    <edge source="2" target="7">
      <data key="d35">DS-3</data>
      <data key="d36">45 Mbps DS-3</data>
      <data key="d37">45 Mbps </data>
      <data key="d38">0</data>
    </edge>
    <edge source="3" target="9">
      <data key="d35">DS-3</data>
      <data key="d36">45 Mbps DS-3</data>
      <data key="d37">45 Mbps </data>
      <data key="d38">0</data>
    </edge>
    <edge source="3" target="15">
      <data key="d35">DS-3</data>
      <data key="d36">45 Mbps DS-3</data>
      <data key="d37">45 Mbps </data>
      <data key="d38">0</data>
    </edge>
    <edge source="4" target="9">
      <data key="d35">DS-3</data>
      <data key="d36">45 Mbps DS-3</data>
      <data key="d37">45 Mbps </data>
      <data key="d38">0</data>
    </edge>
    <edge source="4" target="12">
      <data key="d35">DS-3</data>
      <data key="d36">45 Mbps DS-3</data>
      <data key="d37">45 Mbps </data>
      <data key="d38">0</data>
    </edge>
    <edge source="4" target="15">
      <data key="d35">DS-3</data>
      <data key="d36">45 Mbps DS-3</data>
      <data key="d37">45 Mbps </data>
      <data key="d38">0</data>
    </edge>
    <edge source="5" target="9">
      <data key="d35">DS-3</data>
      <data key="d36">45 Mbps DS-3</data>
      <data key="d37">45 Mbps </data>
      <data key="d38">0</data>
    </edge>
    <edge source="5" target="12">
      <data key="d35">DS-3</data>
      <data key="d36">45 Mbps DS-3</data>
      <data key="d37">45 Mbps </data>
      <data key="d38">0</data>
    </edge>
    <edge source="5" target="6">
      <data key="d35">DS-3</data>
      <data key="d36">45 Mbps DS-3</data>
      <data key="d37">45 Mbps </data>
      <data key="d38">0</data>
    </edge>
    <edge source="5" target="15">
      <data key="d35">DS-3</data>
      <data key="d36">45 Mbps DS-3</data>
      <data key="d37">45 Mbps </data>
      <data key="d38">0</data>
    </edge>
    <edge source="7" target="8">
      <data key="d35">DS-3</data>
      <data key="d36">45 Mbps DS-3</data>
      <data key="d37">45 Mbps </data>
      <data key="d38">0</data>
    </edge>
    <edge source="7" target="12">
      <data key="d35">DS-3</data>
      <data key="d36">45 Mbps DS-3</data>
      <data key="d37">45 Mbps </data>
      <data key="d38">0</data>
    </edge>
    <edge source="7" target="15">
      <data key="d35">DS-3</data>
      <data key="d36">45 Mbps DS-3</data>
      <data key="d37">45 Mbps </data>
      <data key="d38">0</data>
    </edge>
    <edge source="9" target="10">
      <data key="d35">DS-3</data>
      <data key="d36">45 Mbps DS-3</data>
      <data key="d37">45 Mbps </data>
      <data key="d38">0</data>
    </edge>
    <edge source="9" target="11">
      <data key="d35">DS-3</data>
      <data key="d36">45 Mbps DS-3</data>
      <data key="d37">45 Mbps </data>
      <data key="d38">0</data>
    </edge>
    <edge source="9" target="12">
      <data key="d35">DS-3</data>
      <data key="d36">45 Mbps DS-3</data>
      <data key="d37">45 Mbps </data>
      <data key="d38">0</data>
    </edge>
    <edge source="9" target="14">
      <data key="d35">DS-3</data>
      <data key="d36">45 Mbps DS-3</data>
      <data key="d37">45 Mbps </data>
      <data key="d38">0</data>
    </edge>
    <edge source="9" target="15">
      <data key="d35">DS-3</data>
      <data key="d36">45 Mbps DS-3</data>
      <data key="d37">45 Mbps </data>
      <data key="d38">0</data>
    </edge>
    <edge source="10" target="12">
      <data key="d35">DS-3</data>
      <data key="d36">45 Mbps DS-3</data>
      <data key="d37">45 Mbps </data>
      <data key="d38">0</data>
    </edge>
    <edge source="11" target="12">
      <data key="d35">DS-3</data>
      <data key="d36">45 Mbps DS-3</data>
      <data key="d37">45 Mbps </data>
      <data key="d38">0</data>
    </edge>
    <edge source="12" target="14">
      <data key="d35">DS-3</data>
      <data key="d36">45 Mbps DS-3</data>
      <data key="d37">45 Mbps </data>
      <data key="d38">0</data>
    </edge>
    <edge source="12" target="15">
      <data key="d35">DS-3</data>
      <data key="d36">45 Mbps DS-3</data>
      <data key="d37">45 Mbps </data>
      <data key="d38">0</data>
    </edge>
    <edge source="13" target="14">
      <data key="d35">DS-3</data>
      <data key="d36">45 Mbps DS-3</data>
      <data key="d37">45 Mbps </data>
      <data key="d38">0</data>
    </edge>
    <edge source="14" target="15">
      <data key="d35">DS-3</data>
      <data key="d36">45 Mbps DS-3</data>
      <data key="d37">45 Mbps </data>
      <data key="d38">0</data>
    </edge>
    <edge source="15" target="16">
      <data key="d35">DS-3</data>
      <data key="d36">45 Mbps DS-3</data>
      <data key="d37">45 Mbps </data>
      <data key="d38">0</data>
    </edge>
  </graph>
</graphml>
