<?xml version="1.0" encoding="utf-8"?><graphml xmlns="http://graphml.graphdrawing.org/xmlns" xmlns:xsi="http://www.w3.org/2001/XMLSchema-instance" xsi:schemaLocation="http://graphml.graphdrawing.org/xmlns http://graphml.graphdrawing.org/xmlns/1.0/graphml.xsd">
  <key attr.name="key" attr.type="int" for="edge" id="d37" />
  <key attr.name="LinkLabel" attr.type="string" for="edge" id="d36" />
  <key attr.name="LinkType" attr.type="string" for="edge" id="d35" />
  <key attr.name="label" attr.type="string" for="node" id="d34" />
  <key attr.name="Longitude" attr.type="double" for="node" id="d33" />
  <key attr.name="id" attr.type="int" for="node" id="d32" />
  <key attr.name="type" attr.type="string" for="node" id="d31" />
  <key attr.name="Country" attr.type="string" for="node" id="d30" />
  <key attr.name="Latitude" attr.type="double" for="node" id="d29" />
  <key attr.name="Internal" attr.type="int" for="node" id="d28" />
  <key attr.name="Testbed" attr.type="int" for="graph" id="d27" />
  <key attr.name="LastProcessed" attr.type="string" for="graph" id="d26" />
  <key attr.name="DateYear" attr.type="string" for="graph" id="d25" />
  <key attr.name="NetworkDate" attr.type="string" for="graph" id="d24" />
  <key attr.name="Transit" attr.type="int" for="graph" id="d23" />
  <key attr.name="Developed" attr.type="int" for="graph" id="d22" />
  <key attr.name="Creator" attr.type="string" for="graph" id="d21" />
  <key attr.name="Layer" attr.type="string" for="graph" id="d20" />
  <key attr.name="LastAccess" attr.type="string" for="graph" id="d19" />
  <key attr.name="DateMonth" attr.type="int" for="graph" id="d18" />
  <key attr.name="DateModifier" attr.type="string" for="graph" id="d17" />
  <key attr.name="SourceGitVersion" attr.type="string" for="graph" id="d16" />
  <key attr.name="IX" attr.type="int" for="graph" id="d15" />
  <key attr.name="Customer" attr.type="int" for="graph" id="d14" />
  <key attr.name="ToolsetVersion" attr.type="string" for="graph" id="d13" />
  <key attr.name="label" attr.type="string" for="graph" id="d12" />
  <key attr.name="Commercial" attr.type="int" for="graph" id="d11" />
  <key attr.name="Backbone" attr.type="int" for="graph" id="d10" />
  <key attr.name="DateType" attr.type="string" for="graph" id="d9" />
  <key attr.name="Type" attr.type="string" for="graph" id="d8" />
  <key attr.name="Version" attr.type="string" for="graph" id="d7" />
  <key attr.name="Source" attr.type="string" for="graph" id="d6" />
  <key attr.name="Access" attr.type="int" for="graph" id="d5" />
  <key attr.name="Provenance" attr.type="string" for="graph" id="d4" />
  <key attr.name="Network" attr.type="string" for="graph" id="d3" />
  <key attr.name="GeoExtent" attr.type="string" for="graph" id="d2" />
  <key attr.name="GeoLocation" attr.type="string" for="graph" id="d1" />
  <key attr.name="DateObtained" attr.type="string" for="graph" id="d0" />
  <graph edgedefault="undirected">
    <data key="d0">20/07/11</data>
    <data key="d1">Georgia</data>
    <data key="d2">Country</data>
    <data key="d3">GRENA</data>
    <data key="d4">Secondary</data>
    <data key="d5">0</data>
    <data key="d6">http://www.porta-optica.org/publications/POS-Deliverable1.2v3_NREN_status_and_development_plans.pdf</data>
    <data key="d7">1.0</data>
    <data key="d8">REN</data>
    <data key="d9">Historic</data>
    <data key="d10">0</data>
    <data key="d11">0</data>
    <data key="d12">Grena</data>
    <data key="d13">0.3.34dev-20120328</data>
    <data key="d14">0</data>
    <data key="d15">0</data>
    <data key="d16">e278b1b</data>
    <data key="d17">=</data>
    <data key="d18">0</data>
    <data key="d19">20/07/11</data>
    <data key="d20">IP</data>
    <data key="d21">Topology Zoo Toolset</data>
    <data key="d22">0</data>
    <data key="d23">0</data>
    <data key="d24">2008</data>
    <data key="d25">2008</data>
    <data key="d26">2011_09_01</data>
    <data key="d27">0</data>
    <node id="0">
      <data key="d28">1</data>
      <data key="d29">42.1537</data>
      <data key="d30">Georgia</data>
      <data key="d31">Router</data>
      <data key="d32">0</data>
      <data key="d33">42.33517</data>
      <data key="d34">Cisco 3640 Samtredia</data>
    </node>
    <node id="1">
      <data key="d28">1</data>
      <data key="d29">41.64159</data>
      <data key="d30">Georgia</data>
      <data key="d31">Router</data>
      <data key="d32">1</data>
      <data key="d33">41.63593</data>
      <data key="d34">Cisco 2621 Batumi</data>
    </node>
    <node id="2">
      <data key="d28">1</data>
      <data key="d29">42.24961</data>
      <data key="d30">Georgia</data>
      <data key="d31">Router</data>
      <data key="d32">2</data>
      <data key="d33">42.69974</data>
      <data key="d34">Cisco 2511 Kutaisi</data>
    </node>
    <node id="3">
      <data key="d28">1</data>
      <data key="d29">42.24961</data>
      <data key="d30">Georgia</data>
      <data key="d31">Router</data>
      <data key="d32">3</data>
      <data key="d33">42.69974</data>
      <data key="d34">Cisco 3640 Kutaisi C04</data>
    </node>
    <node id="4">
      <data key="d28">1</data>
      <data key="d29">42.14616</data>
      <data key="d30">Georgia</data>
      <data key="d31">Router</data>
      <data key="d32">4</data>
      <data key="d33">41.67197</data>
      <data key="d34">Cisco 3640 Poti</data>
    </node>
    <node id="5">
      <data key="d28">1</data>
      <data key="d29">42.5088</data>
      <data key="d30">Georgia</data>
      <data key="d31">Router</data>
      <data key="d32">5</data>
      <data key="d33">41.87088</data>
      <data key="d34">Cisco 3640 Zugididi</data>
    </node>
    <node id="6">
      <data key="d28">1</data>
      <data key="d29">41.99414</data>
      <data key="d30">Georgia</data>
      <data key="d31">Router</data>
      <data key="d32">6</data>
      <data key="d33">43.59994</data>
      <data key="d34">Cisco 3640 Khashuri</data>
    </node>
    <node id="7">
      <data key="d28">1</data>
      <data key="d31">Router</data>
      <data key="d32">7</data>
      <data key="d34">Corecess DX6524</data>
    </node>
    <node id="8">
      <data key="d28">1</data>
      <data key="d29">41.69411</data>
      <data key="d30">Georgia</data>
      <data key="d31">MAN</data>
      <data key="d32">8</data>
      <data key="d33">44.83368</data>
      <data key="d34">Tbilisi GRENA Network</data>
    </node>
    <node id="9">
      <data key="d28">1</data>
      <data key="d31">Router</data>
      <data key="d32">9</data>
      <data key="d34">Corecess DX6524</data>
    </node>
    <node id="10">
      <data key="d28">1</data>
      <data key="d29">41.54949</data>
      <data key="d30">Georgia</data>
      <data key="d31">Router</data>
      <data key="d32">10</data>
      <data key="d33">44.99323</data>
      <data key="d34">Rustavi CO14</data>
    </node>
    <node id="11">
      <data key="d28">1</data>
      <data key="d29">41.91978</data>
      <data key="d30">Georgia</data>
      <data key="d31">Router</data>
      <data key="d32">11</data>
      <data key="d33">45.47315</data>
      <data key="d34">Cisco 3640 Telavi</data>
    </node>
    <node id="12">
      <data key="d28">1</data>
      <data key="d31">Router</data>
      <data key="d32">12</data>
      <data key="d34">Corecess DX6524</data>
    </node>
    <node id="13">
      <data key="d28">1</data>
      <data key="d29">41.54949</data>
      <data key="d30">Georgia</data>
      <data key="d31">Router</data>
      <data key="d32">13</data>
      <data key="d33">44.99323</data>
      <data key="d34">Rustavi CO15</data>
    </node>
    <node id="14">
      <data key="d28">1</data>
      <data key="d29">41.98422</data>
      <data key="d30">Georgia</data>
      <data key="d31">Router</data>
      <data key="d32">14</data>
      <data key="d33">44.11578</data>
      <data key="d34">Cisco 3640 Gori</data>
    </node>
    <node id="15">
      <data key="d28">1</data>
      <data key="d29">42.24961</data>
      <data key="d30">Georgia</data>
      <data key="d31">Router</data>
      <data key="d32">15</data>
      <data key="d33">42.69974</data>
      <data key="d34">Cisco 3640 Kutaisi C07</data>
    </node>
    <edge source="0" target="4">
      <data key="d35">E1</data>
      <data key="d36">E1</data>
      <data key="d37">0</data>
    </edge>
    <edge source="0" target="15">
      <data key="d35">E1</data>
      <data key="d36">E1</data>
      <data key="d37">0</data>
    </edge>
    <edge source="1" target="4">
      <data key="d36">IPIP Tunnel</data>
      <data key="d37">0</data>
    </edge>
    <edge source="2" target="3">
      <data key="d36">Green Link (No label)</data>
      <data key="d37">0</data>
    </edge>
    <edge source="3" target="15">
      <data key="d35">E1</data>
      <data key="d36">E1</data>
      <data key="d37">0</data>
    </edge>
    <edge source="3" target="7">
      <data key="d36">Green Link (No label)</data>
      <data key="d37">0</data>
    </edge>
    <edge source="4" target="5">
      <data key="d35">E1</data>
      <data key="d36">E1</data>
      <data key="d37">0</data>
    </edge>
    <edge source="6" target="14">
      <data key="d35">E1</data>
      <data key="d36">E1</data>
      <data key="d37">0</data>
    </edge>
    <edge source="6" target="15">
      <data key="d35">E1</data>
      <data key="d36">E1</data>
      <data key="d37">0</data>
    </edge>
    <edge source="8" target="11">
      <data key="d36">IPIP Tunnel</data>
      <data key="d37">0</data>
    </edge>
    <edge source="8" target="13">
      <data key="d35">E1</data>
      <data key="d36">E1</data>
      <data key="d37">0</data>
    </edge>
    <edge source="8" target="14">
      <data key="d36">IPIP Tunnel</data>
      <data key="d37">0</data>
    </edge>
    <edge source="9" target="10">
      <data key="d36">Green Link (No label)</data>
      <data key="d37">0</data>
    </edge>
    <edge source="10" target="13">
      <data key="d35">E1</data>
      <data key="d36">E1</data>
      <data key="d37">0</data>
    </edge>
    <edge source="12" target="13">
      <data key="d36">Green Link (No label)</data>
      <data key="d37">0</data>
    </edge>
  </graph>
</graphml>
