<?xml version="1.0" encoding="utf-8"?><graphml xmlns="http://graphml.graphdrawing.org/xmlns" xmlns:xsi="http://www.w3.org/2001/XMLSchema-instance" xsi:schemaLocation="http://graphml.graphdrawing.org/xmlns http://graphml.graphdrawing.org/xmlns/1.0/graphml.xsd">
  <key attr.name="key" attr.type="int" for="edge" id="d39" />
  <key attr.name="LinkLabel" attr.type="string" for="edge" id="d38" />
  <key attr.name="geocode_append" attr.type="string" for="node" id="d37" />
  <key attr.name="geocode_id" attr.type="string" for="node" id="d36" />
  <key attr.name="hyperedge" attr.type="int" for="node" id="d35" />
  <key attr.name="label" attr.type="string" for="node" id="d34" />
  <key attr.name="Longitude" attr.type="double" for="node" id="d33" />
  <key attr.name="id" attr.type="int" for="node" id="d32" />
  <key attr.name="type" attr.type="string" for="node" id="d31" />
  <key attr.name="Country" attr.type="string" for="node" id="d30" />
  <key attr.name="Latitude" attr.type="double" for="node" id="d29" />
  <key attr.name="Internal" attr.type="int" for="node" id="d28" />
  <key attr.name="Testbed" attr.type="int" for="graph" id="d27" />
  <key attr.name="LastProcessed" attr.type="string" for="graph" id="d26" />
  <key attr.name="DateYear" attr.type="string" for="graph" id="d25" />
  <key attr.name="NetworkDate" attr.type="string" for="graph" id="d24" />
  <key attr.name="Transit" attr.type="int" for="graph" id="d23" />
  <key attr.name="Developed" attr.type="int" for="graph" id="d22" />
  <key attr.name="Creator" attr.type="string" for="graph" id="d21" />
  <key attr.name="Layer" attr.type="string" for="graph" id="d20" />
  <key attr.name="LastAccess" attr.type="string" for="graph" id="d19" />
  <key attr.name="DateMonth" attr.type="string" for="graph" id="d18" />
  <key attr.name="DateModifier" attr.type="string" for="graph" id="d17" />
  <key attr.name="SourceGitVersion" attr.type="string" for="graph" id="d16" />
  <key attr.name="IX" attr.type="int" for="graph" id="d15" />
  <key attr.name="Customer" attr.type="int" for="graph" id="d14" />
  <key attr.name="ToolsetVersion" attr.type="string" for="graph" id="d13" />
  <key attr.name="label" attr.type="string" for="graph" id="d12" />
  <key attr.name="Commercial" attr.type="int" for="graph" id="d11" />
  <key attr.name="Backbone" attr.type="int" for="graph" id="d10" />
  <key attr.name="DateType" attr.type="string" for="graph" id="d9" />
  <key attr.name="Type" attr.type="string" for="graph" id="d8" />
  <key attr.name="Version" attr.type="string" for="graph" id="d7" />
  <key attr.name="Source" attr.type="string" for="graph" id="d6" />
  <key attr.name="Access" attr.type="int" for="graph" id="d5" />
  <key attr.name="Provenance" attr.type="string" for="graph" id="d4" />
  <key attr.name="Network" attr.type="string" for="graph" id="d3" />
  <key attr.name="GeoExtent" attr.type="string" for="graph" id="d2" />
  <key attr.name="GeoLocation" attr.type="string" for="graph" id="d1" />
  <key attr.name="DateObtained" attr.type="string" for="graph" id="d0" />
  <graph edgedefault="undirected">
    <data key="d0">22/10/10</data>
    <data key="d1">Europe</data>
    <data key="d2">Continent</data>
    <data key="d3">GTS CE</data>
    <data key="d4">Primary</data>
    <data key="d5">0</data>
    <data key="d6">http://www.gtsce.com/en/map/index.shtml</data>
    <data key="d7">1.0</data>
    <data key="d8">COM</data>
    <data key="d9">Current</data>
    <data key="d10">1</data>
    <data key="d11">0</data>
    <data key="d12">GtsCe</data>
    <data key="d13">0.3.34dev-20120328</data>
    <data key="d14">1</data>
    <data key="d15">0</data>
    <data key="d16">e278b1b</data>
    <data key="d17">=</data>
    <data key="d18">10</data>
    <data key="d19">22/10/10</data>
    <data key="d20">IP</data>
    <data key="d21">Topology Zoo Toolset</data>
    <data key="d22">0</data>
    <data key="d23">1</data>
    <data key="d24">2010_10</data>
    <data key="d25">2010</data>
    <data key="d26">2011_09_01</data>
    <data key="d27">0</data>
    <node id="0">
      <data key="d28">1</data>
      <data key="d29">52.73679</data>
      <data key="d30">Poland</data>
      <data key="d31">GTS major Pops</data>
      <data key="d32">0</data>
      <data key="d33">15.22878</data>
      <data key="d34">Gorzow</data>
    </node>
    <node id="1">
      <data key="d28">1</data>
      <data key="d29">51.93548</data>
      <data key="d30">Poland</data>
      <data key="d31">GTS major Pops</data>
      <data key="d32">1</data>
      <data key="d33">15.50643</data>
      <data key="d34">Zeilona Gora</data>
    </node>
    <node id="2">
      <data key="d28">1</data>
      <data key="d29">55.67594</data>
      <data key="d30">Denmark</data>
      <data key="d31">Partnet Hubs</data>
      <data key="d32">2</data>
      <data key="d33">12.56553</data>
      <data key="d34">Kobenhavn</data>
    </node>
    <node id="3">
      <data key="d28">1</data>
      <data key="d29">53.55</data>
      <data key="d30">Germany</data>
      <data key="d31">Partnet Hubs</data>
      <data key="d32">3</data>
      <data key="d33">10.0</data>
      <data key="d34">Hamburg</data>
    </node>
    <node id="4">
      <data key="d28">1</data>
      <data key="d29">54.35205</data>
      <data key="d30">Poland</data>
      <data key="d31">GTS major Pops</data>
      <data key="d32">4</data>
      <data key="d33">18.64637</data>
      <data key="d34">Gdansk</data>
    </node>
    <node id="5">
      <data key="d28">1</data>
      <data key="d29">54.51889</data>
      <data key="d30">Poland</data>
      <data key="d31">GTS major Pops</data>
      <data key="d32">5</data>
      <data key="d33">18.53188</data>
      <data key="d34">Gdynia</data>
    </node>
    <node id="6">
      <data key="d28">1</data>
      <data key="d29">54.46405</data>
      <data key="d30">Poland</data>
      <data key="d31">GTS major Pops</data>
      <data key="d32">6</data>
      <data key="d33">17.02872</data>
      <data key="d34">Slupsk</data>
    </node>
    <node id="7">
      <data key="d28">1</data>
      <data key="d29">54.19438</data>
      <data key="d30">Poland</data>
      <data key="d31">GTS major Pops</data>
      <data key="d32">7</data>
      <data key="d33">16.17222</data>
      <data key="d34">Koszalin</data>
    </node>
    <node id="8">
      <data key="d28">1</data>
      <data key="d29">54.17565</data>
      <data key="d30">Poland</data>
      <data key="d31">GTS major Pops</data>
      <data key="d32">8</data>
      <data key="d33">15.58342</data>
      <data key="d34">Kolobrzeg</data>
    </node>
    <node id="9">
      <data key="d28">1</data>
      <data key="d29">53.42894</data>
      <data key="d30">Poland</data>
      <data key="d31">GTS major Pops</data>
      <data key="d32">9</data>
      <data key="d33">14.55302</data>
      <data key="d34">Szczecin</data>
    </node>
    <node id="10">
      <data key="d28">1</data>
      <data key="d29">54.37971</data>
      <data key="d30">Poland</data>
      <data key="d31">GTS major Pops</data>
      <data key="d32">10</data>
      <data key="d33">19.81959</data>
      <data key="d34">Braniewo</data>
    </node>
    <node id="11">
      <data key="d35">1</data>
      <data key="d28">1</data>
      <data key="d32">11</data>
      <data key="d34">None</data>
    </node>
    <node id="12">
      <data key="d28">0</data>
      <data key="d32">12</data>
      <data key="d34">Poti, Georgia</data>
    </node>
    <node id="13">
      <data key="d28">0</data>
      <data key="d32">13</data>
      <data key="d34">Georgia, Armenia, Iran, Iraq, Syria</data>
    </node>
    <node id="14">
      <data key="d35">1</data>
      <data key="d28">1</data>
      <data key="d32">14</data>
      <data key="d34">None</data>
    </node>
    <node id="15">
      <data key="d28">0</data>
      <data key="d32">15</data>
      <data key="d34">Amsterdam, London</data>
    </node>
    <node id="16">
      <data key="d35">1</data>
      <data key="d28">1</data>
      <data key="d32">16</data>
      <data key="d34">None</data>
    </node>
    <node id="17">
      <data key="d35">1</data>
      <data key="d28">1</data>
      <data key="d32">17</data>
      <data key="d34">None</data>
    </node>
    <node id="18">
      <data key="d28">1</data>
      <data key="d29">52.10714</data>
      <data key="d30">Poland</data>
      <data key="d31">GTS major Pops</data>
      <data key="d32">18</data>
      <data key="d33">19.94525</data>
      <data key="d34">Lowicz</data>
    </node>
    <node id="19">
      <data key="d30">Romania</data>
      <data key="d36">664295</data>
      <data key="d34">Ulmi</data>
      <data key="d28">1</data>
      <data key="d33">25.78028</data>
      <data key="d29">44.48667</data>
      <data key="d31">GTS major Pops</data>
      <data key="d32">19</data>
    </node>
    <node id="20">
      <data key="d28">1</data>
      <data key="d29">44.80401</data>
      <data key="d30">Serbia</data>
      <data key="d31">GTS major Hubs and Colocation Centers</data>
      <data key="d32">20</data>
      <data key="d33">20.46513</data>
      <data key="d34">Beograd</data>
    </node>
    <node id="21">
      <data key="d28">1</data>
      <data key="d29">44.7975</data>
      <data key="d30">Romania</data>
      <data key="d31">GTS major Pops</data>
      <data key="d32">21</data>
      <data key="d33">22.68028</data>
      <data key="d34">Balvanesti</data>
    </node>
    <node id="22">
      <data key="d28">1</data>
      <data key="d29">43.98333</data>
      <data key="d30">Romania</data>
      <data key="d31">GTS major Pops</data>
      <data key="d32">22</data>
      <data key="d33">25.33333</data>
      <data key="d34">Alexandria</data>
    </node>
    <node id="23">
      <data key="d28">1</data>
      <data key="d29">44.31667</data>
      <data key="d30">Romania</data>
      <data key="d31">GTS major Pops</data>
      <data key="d32">23</data>
      <data key="d33">23.8</data>
      <data key="d34">Craiova</data>
    </node>
    <node id="24">
      <data key="d28">1</data>
      <data key="d29">46.18333</data>
      <data key="d30">Romania</data>
      <data key="d31">GTS major Pops</data>
      <data key="d32">24</data>
      <data key="d33">21.31667</data>
      <data key="d34">Arad</data>
    </node>
    <node id="25">
      <data key="d28">1</data>
      <data key="d29">47.06667</data>
      <data key="d30">Romania</data>
      <data key="d31">GTS major Pops</data>
      <data key="d32">25</data>
      <data key="d33">21.93333</data>
      <data key="d34">Oradea</data>
    </node>
    <node id="26">
      <data key="d28">1</data>
      <data key="d29">45.41667</data>
      <data key="d30">Romania</data>
      <data key="d31">GTS major Pops</data>
      <data key="d32">26</data>
      <data key="d33">22.21667</data>
      <data key="d34">Caransebes</data>
    </node>
    <node id="27">
      <data key="d28">1</data>
      <data key="d29">45.74944</data>
      <data key="d30">Romania</data>
      <data key="d31">GTS major Pops</data>
      <data key="d32">27</data>
      <data key="d33">21.22722</data>
      <data key="d34">Timisoara</data>
    </node>
    <node id="28">
      <data key="d28">1</data>
      <data key="d29">44.95</data>
      <data key="d30">Romania</data>
      <data key="d31">GTS major Pops</data>
      <data key="d32">28</data>
      <data key="d33">26.01667</data>
      <data key="d34">Ploiesti</data>
    </node>
    <node id="29">
      <data key="d28">1</data>
      <data key="d29">43.88333</data>
      <data key="d30">Romania</data>
      <data key="d31">GTS major Pops</data>
      <data key="d32">29</data>
      <data key="d33">25.96667</data>
      <data key="d34">Giurgiu</data>
    </node>
    <node id="30">
      <data key="d28">0</data>
      <data key="d32">30</data>
      <data key="d34">Kazakhstan</data>
    </node>
    <node id="31">
      <data key="d28">1</data>
      <data key="d29">47.23088</data>
      <data key="d30">Hungary</data>
      <data key="d31">GTS major Pops</data>
      <data key="d32">31</data>
      <data key="d33">16.62155</data>
      <data key="d34">Szombathely</data>
    </node>
    <node id="32">
      <data key="d28">1</data>
      <data key="d29">47.18995</data>
      <data key="d30">Hungary</data>
      <data key="d31">GTS major Pops</data>
      <data key="d32">32</data>
      <data key="d33">18.41034</data>
      <data key="d34">Szekesfehervar</data>
    </node>
    <node id="33">
      <data key="d28">1</data>
      <data key="d29">47.56667</data>
      <data key="d30">Hungary</data>
      <data key="d31">GTS major Pops</data>
      <data key="d32">33</data>
      <data key="d33">18.41667</data>
      <data key="d34">Tatabanya</data>
    </node>
    <node id="34">
      <data key="d28">1</data>
      <data key="d29">46.76667</data>
      <data key="d30">Hungary</data>
      <data key="d31">GTS major Pops</data>
      <data key="d32">34</data>
      <data key="d33">17.25</data>
      <data key="d34">Keszthely</data>
    </node>
    <node id="35">
      <data key="d28">1</data>
      <data key="d29">47.09327</data>
      <data key="d30">Hungary</data>
      <data key="d31">GTS major Pops</data>
      <data key="d32">35</data>
      <data key="d33">17.91149</data>
      <data key="d34">Veszprem</data>
    </node>
    <node id="36">
      <data key="d37">Czech Republic</data>
      <data key="d30">Czech Republic</data>
      <data key="d33">12.55188</data>
      <data key="d34">Rozvadov</data>
      <data key="d28">1</data>
      <data key="d29">49.66817</data>
      <data key="d31">GTS major Pops</data>
      <data key="d32">36</data>
    </node>
    <node id="37">
      <data key="d28">1</data>
      <data key="d29">50.23271</data>
      <data key="d30">Czech Republic</data>
      <data key="d31">GTS major Pops</data>
      <data key="d32">37</data>
      <data key="d33">12.87117</data>
      <data key="d34">Karlovy Vary</data>
    </node>
    <node id="38">
      <data key="d28">1</data>
      <data key="d29">50.76711</data>
      <data key="d30">Czech Republic</data>
      <data key="d31">GTS major Pops</data>
      <data key="d32">38</data>
      <data key="d33">15.05619</data>
      <data key="d34">Liberec</data>
    </node>
    <node id="39">
      <data key="d28">1</data>
      <data key="d29">49.74747</data>
      <data key="d30">Czech Republic</data>
      <data key="d31">GTS major Pops</data>
      <data key="d32">39</data>
      <data key="d33">13.37759</data>
      <data key="d34">Plzen</data>
    </node>
    <node id="40">
      <data key="d28">1</data>
      <data key="d29">50.40169</data>
      <data key="d30">Ukraine</data>
      <data key="d31">GTS major Hubs and Colocation Centers</data>
      <data key="d32">40</data>
      <data key="d33">30.4497</data>
      <data key="d34">Kyiv</data>
    </node>
    <node id="41">
      <data key="d28">1</data>
      <data key="d29">52.22977</data>
      <data key="d30">Poland</data>
      <data key="d31">GTS major Hubs and Colocation Centers</data>
      <data key="d32">41</data>
      <data key="d33">21.01178</data>
      <data key="d34">Warszawa</data>
    </node>
    <node id="42">
      <data key="d28">1</data>
      <data key="d29">41.3275</data>
      <data key="d30">Albania</data>
      <data key="d31">Partnet Hubs</data>
      <data key="d32">42</data>
      <data key="d33">19.81889</data>
      <data key="d34">Tirane</data>
    </node>
    <node id="43">
      <data key="d28">1</data>
      <data key="d29">37.97945</data>
      <data key="d30">Greece</data>
      <data key="d31">Partnet Hubs</data>
      <data key="d32">43</data>
      <data key="d33">23.71622</data>
      <data key="d34">Athina</data>
    </node>
    <node id="44">
      <data key="d28">1</data>
      <data key="d29">54.68916</data>
      <data key="d30">Lithuania</data>
      <data key="d31">Partnet Hubs</data>
      <data key="d32">44</data>
      <data key="d33">25.2798</data>
      <data key="d34">Vilnius</data>
    </node>
    <node id="45">
      <data key="d28">1</data>
      <data key="d29">59.43696</data>
      <data key="d30">Estonia</data>
      <data key="d31">Partnet Hubs</data>
      <data key="d32">45</data>
      <data key="d33">24.75353</data>
      <data key="d34">Tallinn</data>
    </node>
    <node id="46">
      <data key="d28">1</data>
      <data key="d29">54.71</data>
      <data key="d30">Russia</data>
      <data key="d31">Partnet Hubs</data>
      <data key="d32">46</data>
      <data key="d33">20.5</data>
      <data key="d34">Kaliningrad</data>
    </node>
    <node id="47">
      <data key="d28">1</data>
      <data key="d29">53.9</data>
      <data key="d30">Belarus</data>
      <data key="d31">Partnet Hubs</data>
      <data key="d32">47</data>
      <data key="d33">27.56667</data>
      <data key="d34">Minsk</data>
    </node>
    <node id="48">
      <data key="d28">1</data>
      <data key="d29">56.946</data>
      <data key="d30">Latvia</data>
      <data key="d31">Partnet Hubs</data>
      <data key="d32">48</data>
      <data key="d33">24.10589</data>
      <data key="d34">Riga</data>
    </node>
    <node id="49">
      <data key="d28">1</data>
      <data key="d29">60.16952</data>
      <data key="d30">Finland</data>
      <data key="d31">Partnet Hubs</data>
      <data key="d32">49</data>
      <data key="d33">24.93545</data>
      <data key="d34">Helsinki</data>
    </node>
    <node id="50">
      <data key="d30">Romania</data>
      <data key="d36">670213</data>
      <data key="d34">Poieni</data>
      <data key="d28">1</data>
      <data key="d33">22.9</data>
      <data key="d29">46.91667</data>
      <data key="d31">GTS major Pops</data>
      <data key="d32">50</data>
    </node>
    <node id="51">
      <data key="d28">1</data>
      <data key="d29">42.68583</data>
      <data key="d30">Bulgaria</data>
      <data key="d31">GTS major Pops</data>
      <data key="d32">51</data>
      <data key="d33">26.32917</data>
      <data key="d34">Sliven</data>
    </node>
    <node id="52">
      <data key="d28">1</data>
      <data key="d29">47.16667</data>
      <data key="d30">Romania</data>
      <data key="d31">GTS major Pops</data>
      <data key="d32">52</data>
      <data key="d33">27.6</data>
      <data key="d34">Iasi</data>
    </node>
    <node id="53">
      <data key="d28">1</data>
      <data key="d29">45.45</data>
      <data key="d30">Romania</data>
      <data key="d31">GTS major Pops</data>
      <data key="d32">53</data>
      <data key="d33">28.05</data>
      <data key="d34">Galati</data>
    </node>
    <node id="54">
      <data key="d28">1</data>
      <data key="d29">45.64861</data>
      <data key="d30">Romania</data>
      <data key="d31">GTS major Pops</data>
      <data key="d32">54</data>
      <data key="d33">25.60613</data>
      <data key="d34">Brasov</data>
    </node>
    <node id="55">
      <data key="d28">1</data>
      <data key="d29">46.56667</data>
      <data key="d30">Romania</data>
      <data key="d31">GTS major Pops</data>
      <data key="d32">55</data>
      <data key="d33">26.9</data>
      <data key="d34">Bacau</data>
    </node>
    <node id="56">
      <data key="d28">1</data>
      <data key="d29">46.16667</data>
      <data key="d30">Romania</data>
      <data key="d31">GTS major Pops</data>
      <data key="d32">56</data>
      <data key="d33">24.35</data>
      <data key="d34">Medias</data>
    </node>
    <node id="57">
      <data key="d28">1</data>
      <data key="d29">46.76667</data>
      <data key="d30">Romania</data>
      <data key="d31">GTS major Pops</data>
      <data key="d32">57</data>
      <data key="d33">23.6</data>
      <data key="d34">Cluj</data>
    </node>
    <node id="58">
      <data key="d28">1</data>
      <data key="d29">44.18333</data>
      <data key="d30">Romania</data>
      <data key="d31">GTS major Pops</data>
      <data key="d32">58</data>
      <data key="d33">28.65</data>
      <data key="d34">Constanta</data>
    </node>
    <node id="59">
      <data key="d30">Romania</data>
      <data key="d36">678689</data>
      <data key="d34">Dumbravita</data>
      <data key="d28">1</data>
      <data key="d33">25.43333</data>
      <data key="d29">45.76667</data>
      <data key="d31">GTS major Pops</data>
      <data key="d32">59</data>
    </node>
    <node id="60">
      <data key="d28">1</data>
      <data key="d29">47.76356</data>
      <data key="d30">Slovakia</data>
      <data key="d31">GTS major Pops</data>
      <data key="d32">60</data>
      <data key="d33">18.12263</data>
      <data key="d34">Komarno</data>
    </node>
    <node id="61">
      <data key="d28">1</data>
      <data key="d29">47.68333</data>
      <data key="d30">Hungary</data>
      <data key="d31">GTS major Pops</data>
      <data key="d32">61</data>
      <data key="d33">17.63512</data>
      <data key="d34">Gyor</data>
    </node>
    <node id="62">
      <data key="d28">1</data>
      <data key="d29">47.68333</data>
      <data key="d30">Hungary</data>
      <data key="d31">GTS major Pops</data>
      <data key="d32">62</data>
      <data key="d33">16.6</data>
      <data key="d34">Sopron</data>
    </node>
    <node id="63">
      <data key="d28">1</data>
      <data key="d29">46.47747</data>
      <data key="d30">Ukraine</data>
      <data key="d31">GTS major Pops</data>
      <data key="d32">63</data>
      <data key="d33">30.73262</data>
      <data key="d34">Odesa</data>
    </node>
    <node id="64">
      <data key="d28">1</data>
      <data key="d29">50.0</data>
      <data key="d30">Ukraine</data>
      <data key="d31">GTS major Pops</data>
      <data key="d32">64</data>
      <data key="d33">36.25</data>
      <data key="d34">Kharkiv</data>
    </node>
    <node id="65">
      <data key="d28">1</data>
      <data key="d29">48.45</data>
      <data key="d30">Ukraine</data>
      <data key="d31">GTS major Pops</data>
      <data key="d32">65</data>
      <data key="d33">34.98333</data>
      <data key="d34">Dnipropetrovsk</data>
    </node>
    <node id="66">
      <data key="d28">1</data>
      <data key="d29">49.83826</data>
      <data key="d30">Ukraine</data>
      <data key="d31">GTS major Pops</data>
      <data key="d32">66</data>
      <data key="d33">24.02324</data>
      <data key="d34">Lviv</data>
    </node>
    <node id="67">
      <data key="d28">1</data>
      <data key="d29">50.01381</data>
      <data key="d30">Poland</data>
      <data key="d31">GTS major Pops</data>
      <data key="d32">67</data>
      <data key="d33">20.98698</data>
      <data key="d34">Tarnow</data>
    </node>
    <node id="68">
      <data key="d28">1</data>
      <data key="d29">48.73333</data>
      <data key="d30">Slovakia</data>
      <data key="d31">GTS major Pops</data>
      <data key="d32">68</data>
      <data key="d33">19.15</data>
      <data key="d34">Banska Bystrica</data>
    </node>
    <node id="69">
      <data key="d28">1</data>
      <data key="d29">47.98544</data>
      <data key="d30">Slovakia</data>
      <data key="d31">GTS major Pops</data>
      <data key="d32">69</data>
      <data key="d33">18.16195</data>
      <data key="d34">Nove Zamky</data>
    </node>
    <node id="70">
      <data key="d28">1</data>
      <data key="d29">50.08804</data>
      <data key="d30">Czech Republic</data>
      <data key="d31">GTS major Hubs and Colocation Centers</data>
      <data key="d32">70</data>
      <data key="d33">14.42076</data>
      <data key="d34">Praha</data>
    </node>
    <node id="71">
      <data key="d28">1</data>
      <data key="d29">47.18333</data>
      <data key="d30">Hungary</data>
      <data key="d31">GTS major Pops</data>
      <data key="d32">71</data>
      <data key="d33">20.2</data>
      <data key="d34">Szolnok</data>
    </node>
    <node id="72">
      <data key="d28">1</data>
      <data key="d29">46.84</data>
      <data key="d30">Hungary</data>
      <data key="d31">GTS major Pops</data>
      <data key="d32">72</data>
      <data key="d33">16.84389</data>
      <data key="d34">Zalaegerszeg</data>
    </node>
    <node id="73">
      <data key="d28">1</data>
      <data key="d29">46.88333</data>
      <data key="d30">Hungary</data>
      <data key="d31">GTS major Pops</data>
      <data key="d32">73</data>
      <data key="d33">17.43333</data>
      <data key="d34">Tapolca</data>
    </node>
    <node id="74">
      <data key="d28">1</data>
      <data key="d29">40.97801</data>
      <data key="d30">Turkey</data>
      <data key="d31">GTS major Pops</data>
      <data key="d32">74</data>
      <data key="d33">27.50852</data>
      <data key="d34">Tekirdag</data>
    </node>
    <node id="75">
      <data key="d28">1</data>
      <data key="d29">50.07963</data>
      <data key="d30">Czech Republic</data>
      <data key="d31">GTS major Pops</data>
      <data key="d32">75</data>
      <data key="d33">12.37392</data>
      <data key="d34">Cheb</data>
    </node>
    <node id="76">
      <data key="d28">1</data>
      <data key="d29">50.6607</data>
      <data key="d30">Czech Republic</data>
      <data key="d31">GTS major Pops</data>
      <data key="d32">76</data>
      <data key="d33">14.03227</data>
      <data key="d34">Usti nad Labem</data>
    </node>
    <node id="77">
      <data key="d28">1</data>
      <data key="d29">50.20923</data>
      <data key="d30">Czech Republic</data>
      <data key="d31">GTS major Pops</data>
      <data key="d32">77</data>
      <data key="d33">15.83277</data>
      <data key="d34">Hradec Kralove</data>
    </node>
    <node id="78">
      <data key="d28">1</data>
      <data key="d29">46.98333</data>
      <data key="d30">Hungary</data>
      <data key="d31">GTS major Pops</data>
      <data key="d32">78</data>
      <data key="d33">18.93333</data>
      <data key="d34">Dunaujvaros</data>
    </node>
    <node id="79">
      <data key="d28">1</data>
      <data key="d29">46.43139</data>
      <data key="d30">Hungary</data>
      <data key="d31">GTS major Pops</data>
      <data key="d32">79</data>
      <data key="d33">19.4875</data>
      <data key="d34">Kiskunhalas</data>
    </node>
    <node id="80">
      <data key="d37">Hungary</data>
      <data key="d30">Hungary</data>
      <data key="d33">19.54222</data>
      <data key="d34">Tompa</data>
      <data key="d28">1</data>
      <data key="d29">46.21778</data>
      <data key="d31">GTS major Pops</data>
      <data key="d32">80</data>
    </node>
    <node id="81">
      <data key="d28">1</data>
      <data key="d29">46.253</data>
      <data key="d30">Hungary</data>
      <data key="d31">GTS major Pops</data>
      <data key="d32">81</data>
      <data key="d33">20.14824</data>
      <data key="d34">Szeged</data>
    </node>
    <node id="82">
      <data key="d28">1</data>
      <data key="d29">46.65</data>
      <data key="d30">Hungary</data>
      <data key="d31">GTS major Pops</data>
      <data key="d32">82</data>
      <data key="d33">20.26667</data>
      <data key="d34">Szentes</data>
    </node>
    <node id="83">
      <data key="d28">1</data>
      <data key="d29">49.22315</data>
      <data key="d30">Slovakia</data>
      <data key="d31">GTS major Pops</data>
      <data key="d32">83</data>
      <data key="d33">18.73941</data>
      <data key="d34">Zilina</data>
    </node>
    <node id="84">
      <data key="d28">1</data>
      <data key="d29">48.71667</data>
      <data key="d30">Slovakia</data>
      <data key="d31">GTS major Pops</data>
      <data key="d32">84</data>
      <data key="d33">21.25</data>
      <data key="d34">Kosice</data>
    </node>
    <node id="85">
      <data key="d28">1</data>
      <data key="d29">46.90618</data>
      <data key="d30">Hungary</data>
      <data key="d31">GTS major Pops</data>
      <data key="d32">85</data>
      <data key="d33">19.69128</data>
      <data key="d34">Kecskemet</data>
    </node>
    <node id="86">
      <data key="d28">1</data>
      <data key="d29">46.63333</data>
      <data key="d30">Hungary</data>
      <data key="d31">GTS major Pops</data>
      <data key="d32">86</data>
      <data key="d33">18.86667</data>
      <data key="d34">Paks</data>
    </node>
    <node id="87">
      <data key="d28">1</data>
      <data key="d29">42.50606</data>
      <data key="d30">Bulgaria</data>
      <data key="d31">GTS major Pops</data>
      <data key="d32">87</data>
      <data key="d33">27.46781</data>
      <data key="d34">Burgas</data>
    </node>
    <node id="88">
      <data key="d28">1</data>
      <data key="d29">47.53333</data>
      <data key="d30">Hungary</data>
      <data key="d31">GTS major Pops</data>
      <data key="d32">88</data>
      <data key="d33">21.63333</data>
      <data key="d34">Debrecen</data>
    </node>
    <node id="89">
      <data key="d28">1</data>
      <data key="d29">47.11667</data>
      <data key="d30">Romania</data>
      <data key="d31">GTS major Pops</data>
      <data key="d32">89</data>
      <data key="d33">21.81667</data>
      <data key="d34">Bors</data>
    </node>
    <node id="90">
      <data key="d28">1</data>
      <data key="d29">41.94028</data>
      <data key="d30">Bulgaria</data>
      <data key="d31">GTS major Pops</data>
      <data key="d32">90</data>
      <data key="d33">25.56944</data>
      <data key="d34">Haskovo</data>
    </node>
    <node id="91">
      <data key="d28">1</data>
      <data key="d29">51.1</data>
      <data key="d30">Poland</data>
      <data key="d31">GTS major Pops</data>
      <data key="d32">91</data>
      <data key="d33">17.03333</data>
      <data key="d34">Wroclaw</data>
    </node>
    <node id="92">
      <data key="d28">1</data>
      <data key="d29">51.84034</data>
      <data key="d30">Poland</data>
      <data key="d31">GTS major Pops</data>
      <data key="d32">92</data>
      <data key="d33">16.57494</data>
      <data key="d34">Leszno</data>
    </node>
    <node id="93">
      <data key="d28">1</data>
      <data key="d29">52.79886</data>
      <data key="d30">Poland</data>
      <data key="d31">GTS major Pops</data>
      <data key="d32">93</data>
      <data key="d33">18.26388</data>
      <data key="d34">Inowroclaw</data>
    </node>
    <node id="94">
      <data key="d28">1</data>
      <data key="d29">52.41667</data>
      <data key="d30">Poland</data>
      <data key="d31">GTS major Pops</data>
      <data key="d32">94</data>
      <data key="d33">16.96667</data>
      <data key="d34">Poznan</data>
    </node>
    <node id="95">
      <data key="d28">1</data>
      <data key="d29">54.09242</data>
      <data key="d30">Poland</data>
      <data key="d31">GTS major Pops</data>
      <data key="d32">95</data>
      <data key="d33">18.77787</data>
      <data key="d34">Tczew</data>
    </node>
    <node id="96">
      <data key="d28">1</data>
      <data key="d29">53.1235</data>
      <data key="d30">Poland</data>
      <data key="d31">GTS major Pops</data>
      <data key="d32">96</data>
      <data key="d33">18.00762</data>
      <data key="d34">Bydgoszcz</data>
    </node>
    <node id="97">
      <data key="d28">1</data>
      <data key="d29">52.64817</data>
      <data key="d30">Poland</data>
      <data key="d31">GTS major Pops</data>
      <data key="d32">97</data>
      <data key="d33">19.0678</data>
      <data key="d34">Wloclawek</data>
    </node>
    <node id="98">
      <data key="d28">1</data>
      <data key="d29">53.78333</data>
      <data key="d30">Poland</data>
      <data key="d31">GTS major Pops</data>
      <data key="d32">98</data>
      <data key="d33">20.48333</data>
      <data key="d34">Olsztyn</data>
    </node>
    <node id="99">
      <data key="d28">1</data>
      <data key="d29">52.22338</data>
      <data key="d30">Poland</data>
      <data key="d31">GTS major Pops</data>
      <data key="d32">99</data>
      <data key="d33">18.25121</data>
      <data key="d34">Konin</data>
    </node>
    <node id="100">
      <data key="d28">1</data>
      <data key="d29">53.01375</data>
      <data key="d30">Poland</data>
      <data key="d31">GTS major Pops</data>
      <data key="d32">100</data>
      <data key="d33">18.59814</data>
      <data key="d34">Torun</data>
    </node>
    <node id="101">
      <data key="d28">1</data>
      <data key="d29">51.25</data>
      <data key="d30">Poland</data>
      <data key="d31">GTS major Pops</data>
      <data key="d32">101</data>
      <data key="d33">22.56667</data>
      <data key="d34">Lublin</data>
    </node>
    <node id="102">
      <data key="d28">1</data>
      <data key="d29">50.04132</data>
      <data key="d30">Poland</data>
      <data key="d31">GTS major Pops</data>
      <data key="d32">102</data>
      <data key="d33">21.99901</data>
      <data key="d34">Rzeszow</data>
    </node>
    <node id="103">
      <data key="d28">1</data>
      <data key="d29">52.23064</data>
      <data key="d30">Poland</data>
      <data key="d31">GTS major Pops</data>
      <data key="d32">103</data>
      <data key="d33">19.36409</data>
      <data key="d34">Kutno</data>
    </node>
    <node id="104">
      <data key="d28">1</data>
      <data key="d29">53.13333</data>
      <data key="d30">Poland</data>
      <data key="d31">GTS major Pops</data>
      <data key="d32">104</data>
      <data key="d33">23.15</data>
      <data key="d34">Bialystok</data>
    </node>
    <node id="105">
      <data key="d28">1</data>
      <data key="d29">51.40253</data>
      <data key="d30">Poland</data>
      <data key="d31">GTS major Pops</data>
      <data key="d32">105</data>
      <data key="d33">21.14714</data>
      <data key="d34">Radom</data>
    </node>
    <node id="106">
      <data key="d28">1</data>
      <data key="d29">51.75</data>
      <data key="d30">Poland</data>
      <data key="d31">GTS major Pops</data>
      <data key="d32">106</data>
      <data key="d33">19.46667</data>
      <data key="d34">Lodz</data>
    </node>
    <node id="107">
      <data key="d28">1</data>
      <data key="d29">50.08333</data>
      <data key="d30">Poland</data>
      <data key="d31">GTS major Pops</data>
      <data key="d32">107</data>
      <data key="d33">19.91667</data>
      <data key="d34">Krakow</data>
    </node>
    <node id="108">
      <data key="d28">1</data>
      <data key="d29">50.87033</data>
      <data key="d30">Poland</data>
      <data key="d31">GTS major Pops</data>
      <data key="d32">108</data>
      <data key="d33">20.62752</data>
      <data key="d34">Kielce</data>
    </node>
    <node id="109">
      <data key="d28">1</data>
      <data key="d29">50.66667</data>
      <data key="d30">Poland</data>
      <data key="d31">GTS major Pops</data>
      <data key="d32">109</data>
      <data key="d33">17.95</data>
      <data key="d34">Opole</data>
    </node>
    <node id="110">
      <data key="d28">1</data>
      <data key="d29">50.26667</data>
      <data key="d30">Poland</data>
      <data key="d31">GTS major Pops</data>
      <data key="d32">110</data>
      <data key="d33">19.01667</data>
      <data key="d34">Katowice</data>
    </node>
    <node id="111">
      <data key="d28">1</data>
      <data key="d29">41.76667</data>
      <data key="d30">Bulgaria</data>
      <data key="d31">GTS major Pops</data>
      <data key="d32">111</data>
      <data key="d33">26.2</data>
      <data key="d34">Svilengrad</data>
    </node>
    <node id="112">
      <data key="d28">1</data>
      <data key="d29">41.67719</data>
      <data key="d30">Turkey</data>
      <data key="d31">GTS major Pops</data>
      <data key="d32">112</data>
      <data key="d33">26.55597</data>
      <data key="d34">Edirne</data>
    </node>
    <node id="113">
      <data key="d28">1</data>
      <data key="d29">49.59552</data>
      <data key="d30">Czech Republic</data>
      <data key="d31">GTS major Pops</data>
      <data key="d32">113</data>
      <data key="d33">17.25175</data>
      <data key="d34">Olomouc</data>
    </node>
    <node id="114">
      <data key="d28">1</data>
      <data key="d29">48.84893</data>
      <data key="d30">Czech Republic</data>
      <data key="d31">GTS major Pops</data>
      <data key="d32">114</data>
      <data key="d33">17.13244</data>
      <data key="d34">Hodonin</data>
    </node>
    <node id="115">
      <data key="d28">1</data>
      <data key="d29">49.21667</data>
      <data key="d30">Czech Republic</data>
      <data key="d31">GTS major Pops</data>
      <data key="d32">115</data>
      <data key="d33">17.66667</data>
      <data key="d34">Zlin</data>
    </node>
    <node id="116">
      <data key="d28">1</data>
      <data key="d29">49.83465</data>
      <data key="d30">Czech Republic</data>
      <data key="d31">GTS major Pops</data>
      <data key="d32">116</data>
      <data key="d33">18.28204</data>
      <data key="d34">Ostrava</data>
    </node>
    <node id="117">
      <data key="d28">1</data>
      <data key="d29">43.21667</data>
      <data key="d30">Bulgaria</data>
      <data key="d31">GTS major Pops</data>
      <data key="d32">117</data>
      <data key="d33">27.91667</data>
      <data key="d34">Varna</data>
    </node>
    <node id="118">
      <data key="d28">1</data>
      <data key="d29">48.97447</data>
      <data key="d30">Czech Republic</data>
      <data key="d31">GTS major Pops</data>
      <data key="d32">118</data>
      <data key="d33">14.47434</data>
      <data key="d34">Ceske Budejovice</data>
    </node>
    <node id="119">
      <data key="d28">1</data>
      <data key="d29">49.3961</data>
      <data key="d30">Czech Republic</data>
      <data key="d31">GTS major Pops</data>
      <data key="d32">119</data>
      <data key="d33">15.59124</data>
      <data key="d34">Jihlava</data>
    </node>
    <node id="120">
      <data key="d28">1</data>
      <data key="d29">49.19522</data>
      <data key="d30">Czech Republic</data>
      <data key="d31">GTS major Pops</data>
      <data key="d32">120</data>
      <data key="d33">16.60796</data>
      <data key="d34">Brno</data>
    </node>
    <node id="121">
      <data key="d28">1</data>
      <data key="d29">49.81667</data>
      <data key="d30">Poland</data>
      <data key="d31">GTS major Pops</data>
      <data key="d32">121</data>
      <data key="d33">19.03333</data>
      <data key="d34">Bielsko</data>
    </node>
    <node id="122">
      <data key="d28">1</data>
      <data key="d29">50.50301</data>
      <data key="d30">Czech Republic</data>
      <data key="d31">GTS major Pops</data>
      <data key="d32">122</data>
      <data key="d33">13.63617</data>
      <data key="d34">Most</data>
    </node>
    <node id="123">
      <data key="d28">1</data>
      <data key="d29">46.05108</data>
      <data key="d30">Slovenia</data>
      <data key="d31">GTS major Hubs and Colocation Centers</data>
      <data key="d32">123</data>
      <data key="d33">14.50513</data>
      <data key="d34">Ljubljana</data>
    </node>
    <node id="124">
      <data key="d28">1</data>
      <data key="d29">45.81444</data>
      <data key="d30">Croatia</data>
      <data key="d31">GTS major Hubs and Colocation Centers</data>
      <data key="d32">124</data>
      <data key="d33">15.97798</data>
      <data key="d34">Zagreb</data>
    </node>
    <node id="125">
      <data key="d28">1</data>
      <data key="d29">50.11667</data>
      <data key="d30">Germany</data>
      <data key="d31">GTS major Hubs and Colocation Centers</data>
      <data key="d32">125</data>
      <data key="d33">8.68333</data>
      <data key="d34">Frankfurt am Main</data>
    </node>
    <node id="126">
      <data key="d28">1</data>
      <data key="d29">55.75222</data>
      <data key="d30">Russia</data>
      <data key="d31">Partnet Hubs</data>
      <data key="d32">126</data>
      <data key="d33">37.61556</data>
      <data key="d34">Moskva</data>
    </node>
    <node id="127">
      <data key="d28">1</data>
      <data key="d29">59.89444</data>
      <data key="d30">Russia</data>
      <data key="d31">Partnet Hubs</data>
      <data key="d32">127</data>
      <data key="d33">30.26417</data>
      <data key="d34">Sankt Peterburg</data>
    </node>
    <node id="128">
      <data key="d28">1</data>
      <data key="d29">59.33258</data>
      <data key="d30">Sweden</data>
      <data key="d31">Partnet Hubs</data>
      <data key="d32">128</data>
      <data key="d33">18.0649</data>
      <data key="d34">Stockholm</data>
    </node>
    <node id="129">
      <data key="d28">1</data>
      <data key="d29">47.49801</data>
      <data key="d30">Hungary</data>
      <data key="d31">GTS major Hubs and Colocation Centers</data>
      <data key="d32">129</data>
      <data key="d33">19.03991</data>
      <data key="d34">Budapest</data>
    </node>
    <node id="130">
      <data key="d28">1</data>
      <data key="d29">48.14816</data>
      <data key="d30">Slovakia</data>
      <data key="d31">GTS major Hubs and Colocation Centers</data>
      <data key="d32">130</data>
      <data key="d33">17.10674</data>
      <data key="d34">Bratislava</data>
    </node>
    <node id="131">
      <data key="d28">1</data>
      <data key="d29">48.20849</data>
      <data key="d30">Austria</data>
      <data key="d31">GTS major Hubs and Colocation Centers</data>
      <data key="d32">131</data>
      <data key="d33">16.37208</data>
      <data key="d34">Wien</data>
    </node>
    <node id="132">
      <data key="d28">1</data>
      <data key="d29">52.52437</data>
      <data key="d30">Germany</data>
      <data key="d31">GTS major Hubs and Colocation Centers</data>
      <data key="d32">132</data>
      <data key="d33">13.41053</data>
      <data key="d34">Berlin</data>
    </node>
    <node id="133">
      <data key="d28">1</data>
      <data key="d29">42.67272</data>
      <data key="d30">Kosovo</data>
      <data key="d31">Partnet Hubs</data>
      <data key="d32">133</data>
      <data key="d33">21.16688</data>
      <data key="d34">Pristina</data>
    </node>
    <node id="134">
      <data key="d28">1</data>
      <data key="d29">42.44111</data>
      <data key="d30">Montenegro</data>
      <data key="d31">Partnet Hubs</data>
      <data key="d32">134</data>
      <data key="d33">19.26361</data>
      <data key="d34">Podgorica</data>
    </node>
    <node id="135">
      <data key="d28">1</data>
      <data key="d29">39.64917</data>
      <data key="d30">Turkey</data>
      <data key="d31">GTS major Pops</data>
      <data key="d32">135</data>
      <data key="d33">27.88611</data>
      <data key="d34">Balikesir</data>
    </node>
    <node id="136">
      <data key="d28">1</data>
      <data key="d29">38.41273</data>
      <data key="d30">Turkey</data>
      <data key="d31">GTS major Pops</data>
      <data key="d32">136</data>
      <data key="d33">27.13838</data>
      <data key="d34">Izmir</data>
    </node>
    <node id="137">
      <data key="d28">1</data>
      <data key="d29">40.64028</data>
      <data key="d30">Greece</data>
      <data key="d31">GTS major Pops</data>
      <data key="d32">137</data>
      <data key="d33">22.94389</data>
      <data key="d34">Thessaloniki</data>
    </node>
    <node id="138">
      <data key="d28">1</data>
      <data key="d29">41.4</data>
      <data key="d30">Bulgaria</data>
      <data key="d31">GTS major Pops</data>
      <data key="d32">138</data>
      <data key="d33">23.21667</data>
      <data key="d34">Petrich</data>
    </node>
    <node id="139">
      <data key="d28">1</data>
      <data key="d29">43.41667</data>
      <data key="d30">Bulgaria</data>
      <data key="d31">GTS major Pops</data>
      <data key="d32">139</data>
      <data key="d33">24.61667</data>
      <data key="d34">Pleven</data>
    </node>
    <node id="140">
      <data key="d28">1</data>
      <data key="d29">42.15</data>
      <data key="d30">Bulgaria</data>
      <data key="d31">GTS major Pops</data>
      <data key="d32">140</data>
      <data key="d33">24.75</data>
      <data key="d34">Plovdiv</data>
    </node>
    <node id="141">
      <data key="d28">1</data>
      <data key="d29">43.84864</data>
      <data key="d30">Bosnia and Herzegovina</data>
      <data key="d31">Partnet Hubs</data>
      <data key="d32">141</data>
      <data key="d33">18.35644</data>
      <data key="d34">Sarajevo</data>
    </node>
    <node id="142">
      <data key="d28">1</data>
      <data key="d29">44.43225</data>
      <data key="d30">Romania</data>
      <data key="d31">GTS major Hubs and Colocation Centers</data>
      <data key="d32">142</data>
      <data key="d33">26.10626</data>
      <data key="d34">Bucuresti</data>
    </node>
    <node id="143">
      <data key="d28">1</data>
      <data key="d29">47.00556</data>
      <data key="d30">Moldova</data>
      <data key="d31">GTS major Hubs and Colocation Centers</data>
      <data key="d32">143</data>
      <data key="d33">28.8575</data>
      <data key="d34">Chisinau</data>
    </node>
    <node id="144">
      <data key="d28">1</data>
      <data key="d29">42.69751</data>
      <data key="d30">Bulgaria</data>
      <data key="d31">GTS major Hubs and Colocation Centers</data>
      <data key="d32">144</data>
      <data key="d33">23.32415</data>
      <data key="d34">Sofia</data>
    </node>
    <node id="145">
      <data key="d28">1</data>
      <data key="d29">41.01384</data>
      <data key="d30">Turkey</data>
      <data key="d31">GTS major Hubs and Colocation Centers</data>
      <data key="d32">145</data>
      <data key="d33">28.94966</data>
      <data key="d34">Istanbul</data>
    </node>
    <node id="146">
      <data key="d28">1</data>
      <data key="d29">41.01384</data>
      <data key="d30">Turkey</data>
      <data key="d31">GTS major Pops</data>
      <data key="d32">146</data>
      <data key="d33">28.94966</data>
      <data key="d34">Istanbul</data>
    </node>
    <node id="147">
      <data key="d28">1</data>
      <data key="d29">39.91987</data>
      <data key="d30">Turkey</data>
      <data key="d31">Partnet Hubs</data>
      <data key="d32">147</data>
      <data key="d33">32.85427</data>
      <data key="d34">Ankara</data>
    </node>
    <node id="148">
      <data key="d28">1</data>
      <data key="d29">42.0</data>
      <data key="d30">Macedonia</data>
      <data key="d31">Partnet Hubs</data>
      <data key="d32">148</data>
      <data key="d33">21.43333</data>
      <data key="d34">Skopje</data>
    </node>
    <edge source="0" target="14">
      <data key="d38">GTS CE own Network</data>
      <data key="d39">0</data>
    </edge>
    <edge source="1" target="17">
      <data key="d38">GTS CE own Network</data>
      <data key="d39">0</data>
    </edge>
    <edge source="2" target="128">
      <data key="d38">GTS PCE Partner's Network</data>
      <data key="d39">0</data>
    </edge>
    <edge source="2" target="3">
      <data key="d38">GTS PCE Partner's Network</data>
      <data key="d39">0</data>
    </edge>
    <edge source="3" target="125">
      <data key="d38">GTS PCE Partner's Network</data>
      <data key="d39">0</data>
    </edge>
    <edge source="4" target="16">
      <data key="d38">GTS CE own Network</data>
      <data key="d39">0</data>
    </edge>
    <edge source="4" target="5">
      <data key="d38">GTS CE own Network</data>
      <data key="d39">0</data>
    </edge>
    <edge source="5" target="6">
      <data key="d38">GTS CE own Network</data>
      <data key="d39">0</data>
    </edge>
    <edge source="6" target="7">
      <data key="d38">GTS CE own Network</data>
      <data key="d39">0</data>
    </edge>
    <edge source="7" target="8">
      <data key="d38">GTS CE own Network</data>
      <data key="d39">0</data>
    </edge>
    <edge source="8" target="9">
      <data key="d38">GTS CE own Network</data>
      <data key="d39">0</data>
    </edge>
    <edge source="9" target="14">
      <data key="d38">GTS CE own Network</data>
      <data key="d39">0</data>
    </edge>
    <edge source="10" target="16">
      <data key="d38">GTS CE own Network</data>
      <data key="d39">0</data>
    </edge>
    <edge source="10" target="46">
      <data key="d38">GTS PCE Partner's Network</data>
      <data key="d39">0</data>
    </edge>
    <edge source="11" target="98">
      <data key="d38">GTS CE own Network</data>
      <data key="d39">0</data>
    </edge>
    <edge source="11" target="100">
      <data key="d38">GTS CE own Network</data>
      <data key="d39">0</data>
    </edge>
    <edge source="11" target="95">
      <data key="d38">GTS CE own Network</data>
      <data key="d39">0</data>
    </edge>
    <edge source="12" target="117">
      <data key="d38">GTS PCE Partner's Network</data>
      <data key="d39">0</data>
    </edge>
    <edge source="13" target="147">
      <data key="d38">GTS PCE Partner's Network</data>
      <data key="d39">0</data>
    </edge>
    <edge source="14" target="94">
      <data key="d38">GTS CE own Network</data>
      <data key="d39">0</data>
    </edge>
    <edge source="15" target="131">
      <data key="d38">GTS CE own Network</data>
      <data key="d39">0</data>
    </edge>
    <edge source="15" target="125">
      <data key="d38">GTS CE own Network</data>
      <data key="d39">0</data>
    </edge>
    <edge source="16" target="95">
      <data key="d38">GTS CE own Network</data>
      <data key="d39">0</data>
    </edge>
    <edge source="17" target="132">
      <data key="d38">GTS CE own Network</data>
      <data key="d39">0</data>
    </edge>
    <edge source="17" target="94">
      <data key="d38">GTS CE own Network</data>
      <data key="d39">0</data>
    </edge>
    <edge source="18" target="41">
      <data key="d38">GTS CE own Network</data>
      <data key="d39">0</data>
    </edge>
    <edge source="18" target="103">
      <data key="d38">GTS CE own Network</data>
      <data key="d39">0</data>
    </edge>
    <edge source="19" target="59">
      <data key="d38">GTS CE own Network</data>
      <data key="d39">0</data>
    </edge>
    <edge source="19" target="142">
      <data key="d38">GTS CE own Network</data>
      <data key="d39">0</data>
    </edge>
    <edge source="20" target="144">
      <data key="d38">GTS PCE Partner's Network</data>
      <data key="d39">0</data>
    </edge>
    <edge source="20" target="133">
      <data key="d38">GTS PCE Partner's Network</data>
      <data key="d39">0</data>
    </edge>
    <edge source="20" target="134">
      <data key="d38">GTS PCE Partner's Network</data>
      <data key="d39">0</data>
    </edge>
    <edge source="20" target="141">
      <data key="d38">GTS PCE Partner's Network</data>
      <data key="d39">0</data>
    </edge>
    <edge source="20" target="80">
      <data key="d38">GTS PCE Partner's Network</data>
      <data key="d39">0</data>
    </edge>
    <edge source="20" target="81">
      <data key="d38">GTS CE own Network</data>
      <data key="d39">0</data>
    </edge>
    <edge source="21" target="26">
      <data key="d38">GTS CE own Network</data>
      <data key="d39">0</data>
    </edge>
    <edge source="21" target="23">
      <data key="d38">GTS CE own Network</data>
      <data key="d39">0</data>
    </edge>
    <edge source="22" target="142">
      <data key="d38">GTS CE own Network</data>
      <data key="d39">0</data>
    </edge>
    <edge source="22" target="23">
      <data key="d38">GTS CE own Network</data>
      <data key="d39">0</data>
    </edge>
    <edge source="24" target="81">
      <data key="d38">GTS CE own Network</data>
      <data key="d39">0</data>
    </edge>
    <edge source="24" target="27">
      <data key="d38">GTS CE own Network</data>
      <data key="d39">0</data>
    </edge>
    <edge source="24" target="25">
      <data key="d38">GTS CE own Network</data>
      <data key="d39">0</data>
    </edge>
    <edge source="25" target="89">
      <data key="d38">GTS CE own Network</data>
      <data key="d39">0</data>
    </edge>
    <edge source="25" target="50">
      <data key="d38">GTS CE own Network</data>
      <data key="d39">0</data>
    </edge>
    <edge source="26" target="27">
      <data key="d38">GTS CE own Network</data>
      <data key="d39">0</data>
    </edge>
    <edge source="27" target="144">
      <data key="d38">GTS CE own Network</data>
      <data key="d39">0</data>
    </edge>
    <edge source="28" target="54">
      <data key="d38">GTS CE own Network</data>
      <data key="d39">0</data>
    </edge>
    <edge source="28" target="142">
      <data key="d38">GTS CE own Network</data>
      <data key="d39">0</data>
    </edge>
    <edge source="29" target="51">
      <data key="d38">GTS PCE Partner's Network</data>
      <data key="d39">0</data>
    </edge>
    <edge source="29" target="139">
      <data key="d38">GTS CE own Network</data>
      <data key="d39">0</data>
    </edge>
    <edge source="29" target="142">
      <data key="d38">GTS CE own Network</data>
      <data key="d39">0</data>
    </edge>
    <edge source="30" target="126">
      <data key="d38">GTS PCE Partner's Network</data>
      <data key="d39">0</data>
    </edge>
    <edge source="31" target="72">
      <data key="d38">GTS CE own Network</data>
      <data key="d39">0</data>
    </edge>
    <edge source="31" target="62">
      <data key="d38">GTS CE own Network</data>
      <data key="d39">0</data>
    </edge>
    <edge source="32" target="129">
      <data key="d38">GTS CE own Network</data>
      <data key="d39">0</data>
    </edge>
    <edge source="32" target="35">
      <data key="d38">GTS CE own Network</data>
      <data key="d39">0</data>
    </edge>
    <edge source="33" target="129">
      <data key="d38">GTS CE own Network</data>
      <data key="d39">0</data>
    </edge>
    <edge source="33" target="61">
      <data key="d38">GTS CE own Network</data>
      <data key="d39">0</data>
    </edge>
    <edge source="34" target="72">
      <data key="d38">GTS CE own Network</data>
      <data key="d39">0</data>
    </edge>
    <edge source="34" target="73">
      <data key="d38">GTS CE own Network</data>
      <data key="d39">0</data>
    </edge>
    <edge source="35" target="73">
      <data key="d38">GTS CE own Network</data>
      <data key="d39">0</data>
    </edge>
    <edge source="36" target="75">
      <data key="d38">GTS CE own Network</data>
      <data key="d39">0</data>
    </edge>
    <edge source="36" target="39">
      <data key="d38">GTS CE own Network</data>
      <data key="d39">0</data>
    </edge>
    <edge source="37" target="122">
      <data key="d38">GTS CE own Network</data>
      <data key="d39">0</data>
    </edge>
    <edge source="37" target="75">
      <data key="d38">GTS CE own Network</data>
      <data key="d39">0</data>
    </edge>
    <edge source="38" target="76">
      <data key="d38">GTS CE own Network</data>
      <data key="d39">0</data>
    </edge>
    <edge source="38" target="77">
      <data key="d38">GTS CE own Network</data>
      <data key="d39">0</data>
    </edge>
    <edge source="39" target="70">
      <data key="d38">GTS CE own Network</data>
      <data key="d39">0</data>
    </edge>
    <edge source="40" target="64">
      <data key="d38">GTS PCE Partner's Network</data>
      <data key="d39">0</data>
    </edge>
    <edge source="40" target="65">
      <data key="d38">GTS PCE Partner's Network</data>
      <data key="d39">0</data>
    </edge>
    <edge source="40" target="66">
      <data key="d38">GTS CE own Network</data>
      <data key="d39">0</data>
    </edge>
    <edge source="40" target="63">
      <data key="d38">GTS PCE Partner's Network</data>
      <data key="d39">0</data>
    </edge>
    <edge source="41" target="98">
      <data key="d38">GTS CE own Network</data>
      <data key="d39">0</data>
    </edge>
    <edge source="41" target="101">
      <data key="d38">GTS CE own Network</data>
      <data key="d39">0</data>
    </edge>
    <edge source="41" target="104">
      <data key="d38">GTS CE own Network</data>
      <data key="d39">0</data>
    </edge>
    <edge source="41" target="105">
      <data key="d38">GTS CE own Network</data>
      <data key="d39">0</data>
    </edge>
    <edge source="41" target="106">
      <data key="d38">GTS CE own Network</data>
      <data key="d39">0</data>
    </edge>
    <edge source="41" target="44">
      <data key="d38">GTS PCE Partner's Network</data>
      <data key="d39">0</data>
    </edge>
    <edge source="41" target="47">
      <data key="d38">GTS PCE Partner's Network</data>
      <data key="d39">0</data>
    </edge>
    <edge source="42" target="43">
      <data key="d38">GTS PCE Partner's Network</data>
      <data key="d39">0</data>
    </edge>
    <edge source="42" target="148">
      <data key="d38">GTS PCE Partner's Network</data>
      <data key="d39">0</data>
    </edge>
    <edge source="43" target="137">
      <data key="d38">GTS PCE Partner's Network</data>
      <data key="d39">0</data>
    </edge>
    <edge source="44" target="48">
      <data key="d38">GTS PCE Partner's Network</data>
      <data key="d39">0</data>
    </edge>
    <edge source="44" target="45">
      <data key="d38">GTS PCE Partner's Network</data>
      <data key="d39">0</data>
    </edge>
    <edge source="45" target="48">
      <data key="d38">GTS PCE Partner's Network</data>
      <data key="d39">0</data>
    </edge>
    <edge source="45" target="128">
      <data key="d38">GTS PCE Partner's Network</data>
      <data key="d39">0</data>
    </edge>
    <edge source="49" target="128">
      <data key="d38">GTS PCE Partner's Network</data>
      <data key="d39">0</data>
    </edge>
    <edge source="49" target="127">
      <data key="d38">GTS PCE Partner's Network</data>
      <data key="d39">0</data>
    </edge>
    <edge source="50" target="57">
      <data key="d38">GTS CE own Network</data>
      <data key="d39">0</data>
    </edge>
    <edge source="51" target="87">
      <data key="d38">GTS PCE Partner's Network</data>
      <data key="d39">0</data>
    </edge>
    <edge source="51" target="140">
      <data key="d38">GTS PCE Partner's Network</data>
      <data key="d39">0</data>
    </edge>
    <edge source="51" target="117">
      <data key="d38">GTS PCE Partner's Network</data>
      <data key="d39">0</data>
    </edge>
    <edge source="52" target="55">
      <data key="d38">GTS CE own Network</data>
      <data key="d39">0</data>
    </edge>
    <edge source="52" target="53">
      <data key="d38">GTS CE own Network</data>
      <data key="d39">0</data>
    </edge>
    <edge source="52" target="143">
      <data key="d38">GTS CE own Network</data>
      <data key="d39">0</data>
    </edge>
    <edge source="53" target="58">
      <data key="d38">GTS CE own Network</data>
      <data key="d39">0</data>
    </edge>
    <edge source="54" target="55">
      <data key="d38">GTS CE own Network</data>
      <data key="d39">0</data>
    </edge>
    <edge source="56" target="57">
      <data key="d38">GTS CE own Network</data>
      <data key="d39">0</data>
    </edge>
    <edge source="56" target="59">
      <data key="d38">GTS CE own Network</data>
      <data key="d39">0</data>
    </edge>
    <edge source="58" target="142">
      <data key="d38">GTS CE own Network</data>
      <data key="d39">0</data>
    </edge>
    <edge source="58" target="117">
      <data key="d38">GTS PCE Partner's Network</data>
      <data key="d39">0</data>
    </edge>
    <edge source="60" target="130">
      <data key="d38">GTS CE own Network</data>
      <data key="d39">0</data>
    </edge>
    <edge source="61" target="130">
      <data key="d38">GTS CE own Network</data>
      <data key="d39">0</data>
    </edge>
    <edge source="61" target="62">
      <data key="d38">GTS CE own Network</data>
      <data key="d39">0</data>
    </edge>
    <edge source="62" target="131">
      <data key="d38">GTS CE own Network</data>
      <data key="d39">0</data>
    </edge>
    <edge source="64" target="65">
      <data key="d38">GTS PCE Partner's Network</data>
      <data key="d39">0</data>
    </edge>
    <edge source="64" target="126">
      <data key="d38">GTS PCE Partner's Network</data>
      <data key="d39">0</data>
    </edge>
    <edge source="66" target="102">
      <data key="d38">GTS CE own Network</data>
      <data key="d39">0</data>
    </edge>
    <edge source="67" target="107">
      <data key="d38">GTS CE own Network</data>
      <data key="d39">0</data>
    </edge>
    <edge source="67" target="102">
      <data key="d38">GTS CE own Network</data>
      <data key="d39">0</data>
    </edge>
    <edge source="68" target="130">
      <data key="d38">GTS CE own Network</data>
      <data key="d39">0</data>
    </edge>
    <edge source="68" target="83">
      <data key="d38">GTS CE own Network</data>
      <data key="d39">0</data>
    </edge>
    <edge source="69" target="130">
      <data key="d38">GTS CE own Network</data>
      <data key="d39">0</data>
    </edge>
    <edge source="70" target="120">
      <data key="d38">GTS CE own Network</data>
      <data key="d39">0</data>
    </edge>
    <edge source="70" target="125">
      <data key="d38">GTS CE own Network</data>
      <data key="d39">0</data>
    </edge>
    <edge source="70" target="77">
      <data key="d38">GTS CE own Network</data>
      <data key="d39">0</data>
    </edge>
    <edge source="70" target="118">
      <data key="d38">GTS CE own Network</data>
      <data key="d39">0</data>
    </edge>
    <edge source="71" target="88">
      <data key="d38">GTS CE own Network</data>
      <data key="d39">0</data>
    </edge>
    <edge source="71" target="129">
      <data key="d38">GTS CE own Network</data>
      <data key="d39">0</data>
    </edge>
    <edge source="72" target="123">
      <data key="d38">GTS CE own Network</data>
      <data key="d39">0</data>
    </edge>
    <edge source="74" target="112">
      <data key="d38">GTS PCE Partner's Network</data>
      <data key="d39">0</data>
    </edge>
    <edge source="74" target="145">
      <data key="d38">GTS PCE Partner's Network</data>
      <data key="d39">0</data>
    </edge>
    <edge source="76" target="122">
      <data key="d38">GTS CE own Network</data>
      <data key="d39">0</data>
    </edge>
    <edge source="77" target="116">
      <data key="d38">GTS CE own Network</data>
      <data key="d39">0</data>
    </edge>
    <edge source="78" target="129">
      <data key="d38">GTS CE own Network</data>
      <data key="d39">0</data>
    </edge>
    <edge source="78" target="85">
      <data key="d38">GTS CE own Network</data>
      <data key="d39">0</data>
    </edge>
    <edge source="79" target="80">
      <data key="d38">GTS CE own Network</data>
      <data key="d39">0</data>
    </edge>
    <edge source="79" target="81">
      <data key="d38">GTS CE own Network</data>
      <data key="d39">0</data>
    </edge>
    <edge source="79" target="86">
      <data key="d38">GTS CE own Network</data>
      <data key="d39">0</data>
    </edge>
    <edge source="81" target="82">
      <data key="d38">GTS CE own Network</data>
      <data key="d39">0</data>
    </edge>
    <edge source="82" target="85">
      <data key="d38">GTS CE own Network</data>
      <data key="d39">0</data>
    </edge>
    <edge source="83" target="84">
      <data key="d38">GTS CE own Network</data>
      <data key="d39">0</data>
    </edge>
    <edge source="83" target="130">
      <data key="d38">GTS CE own Network</data>
      <data key="d39">0</data>
    </edge>
    <edge source="84" target="130">
      <data key="d38">GTS CE own Network</data>
      <data key="d39">0</data>
    </edge>
    <edge source="86" target="129">
      <data key="d38">GTS CE own Network</data>
      <data key="d39">0</data>
    </edge>
    <edge source="87" target="112">
      <data key="d38">GTS PCE Partner's Network</data>
      <data key="d39">0</data>
    </edge>
    <edge source="87" target="145">
      <data key="d38">GTS PCE Partner's Network</data>
      <data key="d39">0</data>
    </edge>
    <edge source="87" target="117">
      <data key="d38">GTS PCE Partner's Network</data>
      <data key="d39">0</data>
    </edge>
    <edge source="88" target="89">
      <data key="d38">GTS CE own Network</data>
      <data key="d39">0</data>
    </edge>
    <edge source="90" target="140">
      <data key="d38">GTS CE own Network</data>
      <data key="d39">0</data>
    </edge>
    <edge source="90" target="111">
      <data key="d38">GTS CE own Network</data>
      <data key="d39">0</data>
    </edge>
    <edge source="91" target="92">
      <data key="d38">GTS CE own Network</data>
      <data key="d39">0</data>
    </edge>
    <edge source="91" target="109">
      <data key="d38">GTS CE own Network</data>
      <data key="d39">0</data>
    </edge>
    <edge source="92" target="94">
      <data key="d38">GTS CE own Network</data>
      <data key="d39">0</data>
    </edge>
    <edge source="93" target="96">
      <data key="d38">GTS CE own Network</data>
      <data key="d39">0</data>
    </edge>
    <edge source="93" target="100">
      <data key="d38">GTS CE own Network</data>
      <data key="d39">0</data>
    </edge>
    <edge source="93" target="94">
      <data key="d38">GTS CE own Network</data>
      <data key="d39">0</data>
    </edge>
    <edge source="94" target="99">
      <data key="d38">GTS CE own Network</data>
      <data key="d39">0</data>
    </edge>
    <edge source="95" target="96">
      <data key="d38">GTS CE own Network</data>
      <data key="d39">0</data>
    </edge>
    <edge source="97" target="100">
      <data key="d38">GTS CE own Network</data>
      <data key="d39">0</data>
    </edge>
    <edge source="97" target="103">
      <data key="d38">GTS CE own Network</data>
      <data key="d39">0</data>
    </edge>
    <edge source="99" target="103">
      <data key="d38">GTS CE own Network</data>
      <data key="d39">0</data>
    </edge>
    <edge source="101" target="102">
      <data key="d38">GTS CE own Network</data>
      <data key="d39">0</data>
    </edge>
    <edge source="103" target="106">
      <data key="d38">GTS CE own Network</data>
      <data key="d39">0</data>
    </edge>
    <edge source="105" target="108">
      <data key="d38">GTS CE own Network</data>
      <data key="d39">0</data>
    </edge>
    <edge source="107" target="108">
      <data key="d38">GTS CE own Network</data>
      <data key="d39">0</data>
    </edge>
    <edge source="107" target="110">
      <data key="d38">GTS CE own Network</data>
      <data key="d39">0</data>
    </edge>
    <edge source="109" target="110">
      <data key="d38">GTS CE own Network</data>
      <data key="d39">0</data>
    </edge>
    <edge source="110" target="121">
      <data key="d38">GTS CE own Network</data>
      <data key="d39">0</data>
    </edge>
    <edge source="111" target="112">
      <data key="d38">GTS CE own Network</data>
      <data key="d39">0</data>
    </edge>
    <edge source="112" target="145">
      <data key="d38">GTS CE own Network</data>
      <data key="d39">0</data>
    </edge>
    <edge source="112" target="135">
      <data key="d38">GTS PCE Partner's Network</data>
      <data key="d39">0</data>
    </edge>
    <edge source="113" target="120">
      <data key="d38">GTS CE own Network</data>
      <data key="d39">0</data>
    </edge>
    <edge source="113" target="116">
      <data key="d38">GTS CE own Network</data>
      <data key="d39">0</data>
    </edge>
    <edge source="114" target="120">
      <data key="d38">GTS CE own Network</data>
      <data key="d39">0</data>
    </edge>
    <edge source="114" target="130">
      <data key="d38">GTS CE own Network</data>
      <data key="d39">0</data>
    </edge>
    <edge source="114" target="115">
      <data key="d38">GTS CE own Network</data>
      <data key="d39">0</data>
    </edge>
    <edge source="115" target="116">
      <data key="d38">GTS CE own Network</data>
      <data key="d39">0</data>
    </edge>
    <edge source="116" target="121">
      <data key="d38">GTS CE own Network</data>
      <data key="d39">0</data>
    </edge>
    <edge source="118" target="119">
      <data key="d38">GTS CE own Network</data>
      <data key="d39">0</data>
    </edge>
    <edge source="119" target="120">
      <data key="d38">GTS CE own Network</data>
      <data key="d39">0</data>
    </edge>
    <edge source="120" target="130">
      <data key="d38">GTS CE own Network</data>
      <data key="d39">0</data>
    </edge>
    <edge source="123" target="131">
      <data key="d38">GTS CE own Network</data>
      <data key="d39">0</data>
    </edge>
    <edge source="123" target="124">
      <data key="d38">GTS CE own Network</data>
      <data key="d39">0</data>
    </edge>
    <edge source="124" target="131">
      <data key="d38">GTS CE own Network</data>
      <data key="d39">0</data>
    </edge>
    <edge source="124" target="141">
      <data key="d38">GTS PCE Partner's Network</data>
      <data key="d39">0</data>
    </edge>
    <edge source="125" target="132">
      <data key="d38">GTS CE own Network</data>
      <data key="d39">0</data>
    </edge>
    <edge source="125" target="131">
      <data key="d38">GTS CE own Network</data>
      <data key="d39">0</data>
    </edge>
    <edge source="126" target="127">
      <data key="d38">GTS PCE Partner's Network</data>
      <data key="d39">0</data>
    </edge>
    <edge source="130" target="131">
      <data key="d38">GTS CE own Network</data>
      <data key="d39">0</data>
    </edge>
    <edge source="133" target="148">
      <data key="d38">GTS PCE Partner's Network</data>
      <data key="d39">0</data>
    </edge>
    <edge source="133" target="141">
      <data key="d38">GTS PCE Partner's Network</data>
      <data key="d39">0</data>
    </edge>
    <edge source="134" target="141">
      <data key="d38">GTS PCE Partner's Network</data>
      <data key="d39">0</data>
    </edge>
    <edge source="135" target="136">
      <data key="d38">GTS PCE Partner's Network</data>
      <data key="d39">0</data>
    </edge>
    <edge source="135" target="146">
      <data key="d38">GTS PCE Partner's Network</data>
      <data key="d39">0</data>
    </edge>
    <edge source="136" target="147">
      <data key="d38">GTS PCE Partner's Network</data>
      <data key="d39">0</data>
    </edge>
    <edge source="137" target="138">
      <data key="d38">GTS PCE Partner's Network</data>
      <data key="d39">0</data>
    </edge>
    <edge source="138" target="140">
      <data key="d38">GTS PCE Partner's Network</data>
      <data key="d39">0</data>
    </edge>
    <edge source="139" target="144">
      <data key="d38">GTS CE own Network</data>
      <data key="d39">0</data>
    </edge>
    <edge source="140" target="144">
      <data key="d38">GTS CE own Network</data>
      <data key="d39">0</data>
    </edge>
    <edge source="144" target="148">
      <data key="d38">GTS PCE Partner's Network</data>
      <data key="d39">0</data>
    </edge>
    <edge source="145" target="146">
      <data key="d38">GTS PCE Partner's Network</data>
      <data key="d39">0</data>
    </edge>
    <edge source="146" target="147">
      <data key="d38">GTS PCE Partner's Network</data>
      <data key="d39">0</data>
    </edge>
  </graph>
</graphml>
