<?xml version="1.0" encoding="utf-8"?><graphml xmlns="http://graphml.graphdrawing.org/xmlns" xmlns:xsi="http://www.w3.org/2001/XMLSchema-instance" xsi:schemaLocation="http://graphml.graphdrawing.org/xmlns http://graphml.graphdrawing.org/xmlns/1.0/graphml.xsd">
  <key attr.name="key" attr.type="int" for="edge" id="d39" />
  <key attr.name="LinkLabel" attr.type="string" for="edge" id="d38" />
  <key attr.name="doubted" attr.type="int" for="node" id="d37" />
  <key attr.name="hyperedge" attr.type="int" for="node" id="d36" />
  <key attr.name="label" attr.type="string" for="node" id="d35" />
  <key attr.name="Longitude" attr.type="double" for="node" id="d34" />
  <key attr.name="id" attr.type="int" for="node" id="d33" />
  <key attr.name="type" attr.type="string" for="node" id="d32" />
  <key attr.name="Country" attr.type="string" for="node" id="d31" />
  <key attr.name="Latitude" attr.type="double" for="node" id="d30" />
  <key attr.name="Internal" attr.type="int" for="node" id="d29" />
  <key attr.name="Testbed" attr.type="int" for="graph" id="d28" />
  <key attr.name="LastProcessed" attr.type="string" for="graph" id="d27" />
  <key attr.name="DateYear" attr.type="string" for="graph" id="d26" />
  <key attr.name="NetworkDate" attr.type="string" for="graph" id="d25" />
  <key attr.name="Transit" attr.type="int" for="graph" id="d24" />
  <key attr.name="Developed" attr.type="int" for="graph" id="d23" />
  <key attr.name="Creator" attr.type="string" for="graph" id="d22" />
  <key attr.name="Layer" attr.type="string" for="graph" id="d21" />
  <key attr.name="Access" attr.type="int" for="graph" id="d20" />
  <key attr.name="LastAccess" attr.type="string" for="graph" id="d19" />
  <key attr.name="DateMonth" attr.type="string" for="graph" id="d18" />
  <key attr.name="DateModifier" attr.type="string" for="graph" id="d17" />
  <key attr.name="SourceGitVersion" attr.type="string" for="graph" id="d16" />
  <key attr.name="IX" attr.type="int" for="graph" id="d15" />
  <key attr.name="Customer" attr.type="int" for="graph" id="d14" />
  <key attr.name="ToolsetVersion" attr.type="string" for="graph" id="d13" />
  <key attr.name="label" attr.type="string" for="graph" id="d12" />
  <key attr.name="Commercial" attr.type="int" for="graph" id="d11" />
  <key attr.name="Backbone" attr.type="int" for="graph" id="d10" />
  <key attr.name="DateType" attr.type="string" for="graph" id="d9" />
  <key attr.name="Type" attr.type="string" for="graph" id="d8" />
  <key attr.name="Version" attr.type="string" for="graph" id="d7" />
  <key attr.name="Source" attr.type="string" for="graph" id="d6" />
  <key attr.name="Note" attr.type="string" for="graph" id="d5" />
  <key attr.name="Provenance" attr.type="string" for="graph" id="d4" />
  <key attr.name="Network" attr.type="string" for="graph" id="d3" />
  <key attr.name="GeoExtent" attr.type="string" for="graph" id="d2" />
  <key attr.name="GeoLocation" attr.type="string" for="graph" id="d1" />
  <key attr.name="DateObtained" attr.type="string" for="graph" id="d0" />
  <graph edgedefault="undirected">
    <data key="d0">22/10/10</data>
    <data key="d1">Poland</data>
    <data key="d2">Country</data>
    <data key="d3">GTS Poland</data>
    <data key="d4">Primary</data>
    <data key="d5">Krakow not listed, filled in from gts_ce main map</data>
    <data key="d6">http://www.gtsce.com/en/map/index.shtml</data>
    <data key="d7">1.0</data>
    <data key="d8">COM</data>
    <data key="d9">Current</data>
    <data key="d10">1</data>
    <data key="d11">0</data>
    <data key="d12">GtsPoland</data>
    <data key="d13">0.3.34dev-20120328</data>
    <data key="d14">1</data>
    <data key="d15">0</data>
    <data key="d16">e278b1b</data>
    <data key="d17">=</data>
    <data key="d18">10</data>
    <data key="d19">22/10/10</data>
    <data key="d20">0</data>
    <data key="d21">IP</data>
    <data key="d22">Topology Zoo Toolset</data>
    <data key="d23">0</data>
    <data key="d24">1</data>
    <data key="d25">2010_10</data>
    <data key="d26">2010</data>
    <data key="d27">2011_09_01</data>
    <data key="d28">0</data>
    <node id="0">
      <data key="d29">1</data>
      <data key="d30">52.22977</data>
      <data key="d31">Poland</data>
      <data key="d32">Large Node</data>
      <data key="d33">0</data>
      <data key="d34">21.01178</data>
      <data key="d35">Warsaw</data>
    </node>
    <node id="1">
      <data key="d29">1</data>
      <data key="d30">53.13333</data>
      <data key="d31">Poland</data>
      <data key="d32">Small Node</data>
      <data key="d33">1</data>
      <data key="d34">23.15</data>
      <data key="d35">Bialystok</data>
    </node>
    <node id="2">
      <data key="d29">1</data>
      <data key="d30">52.64817</data>
      <data key="d31">Poland</data>
      <data key="d32">Small Node</data>
      <data key="d33">2</data>
      <data key="d34">19.0678</data>
      <data key="d35">Wlocawek</data>
    </node>
    <node id="3">
      <data key="d29">1</data>
      <data key="d30">52.54682</data>
      <data key="d31">Poland</data>
      <data key="d32">Small Node</data>
      <data key="d33">3</data>
      <data key="d34">19.70638</data>
      <data key="d35">Plock</data>
    </node>
    <node id="4">
      <data key="d29">1</data>
      <data key="d30">50.66667</data>
      <data key="d31">Poland</data>
      <data key="d32">Small Node</data>
      <data key="d33">4</data>
      <data key="d34">17.95</data>
      <data key="d35">Opole</data>
    </node>
    <node id="5">
      <data key="d29">1</data>
      <data key="d30">51.1</data>
      <data key="d31">Poland</data>
      <data key="d32">Small Node</data>
      <data key="d33">5</data>
      <data key="d34">17.03333</data>
      <data key="d35">Wroclaw</data>
    </node>
    <node id="6">
      <data key="d29">1</data>
      <data key="d30">51.25</data>
      <data key="d31">Poland</data>
      <data key="d32">Small Node</data>
      <data key="d33">6</data>
      <data key="d34">22.56667</data>
      <data key="d35">Lublin</data>
    </node>
    <node id="7">
      <data key="d29">1</data>
      <data key="d30">50.04132</data>
      <data key="d31">Poland</data>
      <data key="d32">Small Node</data>
      <data key="d33">7</data>
      <data key="d34">21.99901</data>
      <data key="d35">Rzeszow</data>
    </node>
    <node id="8">
      <data key="d29">1</data>
      <data key="d30">51.76109</data>
      <data key="d31">Poland</data>
      <data key="d32">Small Node</data>
      <data key="d33">8</data>
      <data key="d34">18.09102</data>
      <data key="d35">Kalisz</data>
    </node>
    <node id="9">
      <data key="d29">1</data>
      <data key="d30">51.75</data>
      <data key="d31">Poland</data>
      <data key="d32">Small Node</data>
      <data key="d33">9</data>
      <data key="d34">19.46667</data>
      <data key="d35">Lodz</data>
    </node>
    <node id="10">
      <data key="d36">1</data>
      <data key="d29">1</data>
      <data key="d33">10</data>
      <data key="d35">None</data>
    </node>
    <node id="11">
      <data key="d29">1</data>
      <data key="d30">50.08333</data>
      <data key="d31">Poland</data>
      <data key="d32">Small Node</data>
      <data key="d33">11</data>
      <data key="d34">19.91667</data>
      <data key="d35">Krakow</data>
    </node>
    <node id="12">
      <data key="d29">1</data>
      <data key="d30">51.93548</data>
      <data key="d31">Poland</data>
      <data key="d32">Small Node</data>
      <data key="d33">12</data>
      <data key="d34">15.50643</data>
      <data key="d35">Zielona Gora</data>
    </node>
    <node id="13">
      <data key="d29">1</data>
      <data key="d37">1</data>
      <data key="d30">54.35205</data>
      <data key="d31">Poland</data>
      <data key="d33">13</data>
      <data key="d34">18.64637</data>
      <data key="d35">Gdansk</data>
    </node>
    <node id="14">
      <data key="d29">1</data>
      <data key="d30">53.78333</data>
      <data key="d31">Poland</data>
      <data key="d32">Small Node</data>
      <data key="d33">14</data>
      <data key="d34">20.48333</data>
      <data key="d35">Olszlyn</data>
    </node>
    <node id="15">
      <data key="d29">1</data>
      <data key="d30">50.01381</data>
      <data key="d31">Poland</data>
      <data key="d32">Small Node</data>
      <data key="d33">15</data>
      <data key="d34">20.98698</data>
      <data key="d35">Tarnow</data>
    </node>
    <node id="16">
      <data key="d29">1</data>
      <data key="d30">50.26667</data>
      <data key="d31">Poland</data>
      <data key="d32">Small Node</data>
      <data key="d33">16</data>
      <data key="d34">19.01667</data>
      <data key="d35">Kalowice</data>
    </node>
    <node id="17">
      <data key="d29">1</data>
      <data key="d30">50.87033</data>
      <data key="d31">Poland</data>
      <data key="d32">Small Node</data>
      <data key="d33">17</data>
      <data key="d34">20.62752</data>
      <data key="d35">Kielce</data>
    </node>
    <node id="18">
      <data key="d29">1</data>
      <data key="d30">51.40253</data>
      <data key="d31">Poland</data>
      <data key="d32">Small Node</data>
      <data key="d33">18</data>
      <data key="d34">21.14714</data>
      <data key="d35">Radom</data>
    </node>
    <node id="19">
      <data key="d29">0</data>
      <data key="d33">19</data>
      <data key="d35">Prague</data>
    </node>
    <node id="20">
      <data key="d29">0</data>
      <data key="d33">20</data>
      <data key="d35">Bratislava</data>
    </node>
    <node id="21">
      <data key="d29">0</data>
      <data key="d33">21</data>
      <data key="d35">Frankfurt</data>
    </node>
    <node id="22">
      <data key="d29">0</data>
      <data key="d33">22</data>
      <data key="d35">Berlin</data>
    </node>
    <node id="23">
      <data key="d29">1</data>
      <data key="d30">53.1235</data>
      <data key="d31">Poland</data>
      <data key="d32">Small Node</data>
      <data key="d33">23</data>
      <data key="d34">18.00762</data>
      <data key="d35">Bydgoszcz</data>
    </node>
    <node id="24">
      <data key="d29">1</data>
      <data key="d30">53.01375</data>
      <data key="d31">Poland</data>
      <data key="d32">Small Node</data>
      <data key="d33">24</data>
      <data key="d34">18.59814</data>
      <data key="d35">Torun</data>
    </node>
    <node id="25">
      <data key="d29">1</data>
      <data key="d32">Small Node</data>
      <data key="d33">25</data>
      <data key="d35">Gdyia</data>
    </node>
    <node id="26">
      <data key="d29">1</data>
      <data key="d30">54.46405</data>
      <data key="d31">Poland</data>
      <data key="d32">Small Node</data>
      <data key="d33">26</data>
      <data key="d34">17.02872</data>
      <data key="d35">Slupsk</data>
    </node>
    <node id="27">
      <data key="d29">1</data>
      <data key="d30">54.19438</data>
      <data key="d31">Poland</data>
      <data key="d32">Small Node</data>
      <data key="d33">27</data>
      <data key="d34">16.17222</data>
      <data key="d35">Koszalin</data>
    </node>
    <node id="28">
      <data key="d29">1</data>
      <data key="d30">54.17565</data>
      <data key="d31">Poland</data>
      <data key="d32">Small Node</data>
      <data key="d33">28</data>
      <data key="d34">15.58342</data>
      <data key="d35">Kolobrzeg</data>
    </node>
    <node id="29">
      <data key="d29">1</data>
      <data key="d30">53.42894</data>
      <data key="d31">Poland</data>
      <data key="d32">Small Node</data>
      <data key="d33">29</data>
      <data key="d34">14.55302</data>
      <data key="d35">Szczecin</data>
    </node>
    <node id="30">
      <data key="d29">1</data>
      <data key="d32">Small Node</data>
      <data key="d33">30</data>
      <data key="d35">Gorzow Wilkp</data>
    </node>
    <node id="31">
      <data key="d29">1</data>
      <data key="d30">52.41667</data>
      <data key="d31">Poland</data>
      <data key="d32">Small Node</data>
      <data key="d33">31</data>
      <data key="d34">16.96667</data>
      <data key="d35">Poznan</data>
    </node>
    <node id="32">
      <data key="d29">1</data>
      <data key="d30">53.15145</data>
      <data key="d31">Poland</data>
      <data key="d32">Small Node</data>
      <data key="d33">32</data>
      <data key="d34">16.73782</data>
      <data key="d35">Pila</data>
    </node>
    <edge source="0" target="1">
      <data key="d38">Solid Line</data>
      <data key="d39">0</data>
    </edge>
    <edge source="0" target="3">
      <data key="d38">Solid Line</data>
      <data key="d39">0</data>
    </edge>
    <edge source="0" target="6">
      <data key="d38">Solid Line</data>
      <data key="d39">0</data>
    </edge>
    <edge source="0" target="9">
      <data key="d38">Solid Line</data>
      <data key="d39">0</data>
    </edge>
    <edge source="0" target="18">
      <data key="d38">Solid Line</data>
      <data key="d39">0</data>
    </edge>
    <edge source="0" target="21">
      <data key="d38">Solid Line</data>
      <data key="d39">0</data>
    </edge>
    <edge source="0" target="22">
      <data key="d38">Solid Line</data>
      <data key="d39">0</data>
    </edge>
    <edge source="1" target="14">
      <data key="d38">Dashed Line</data>
      <data key="d39">0</data>
    </edge>
    <edge source="2" target="24">
      <data key="d38">Solid Line</data>
      <data key="d39">0</data>
    </edge>
    <edge source="2" target="3">
      <data key="d38">Solid Line</data>
      <data key="d39">0</data>
    </edge>
    <edge source="4" target="16">
      <data key="d38">Solid Line</data>
      <data key="d39">0</data>
    </edge>
    <edge source="4" target="5">
      <data key="d38">Solid Line</data>
      <data key="d39">0</data>
    </edge>
    <edge source="5" target="8">
      <data key="d38">Solid Line</data>
      <data key="d39">0</data>
    </edge>
    <edge source="6" target="7">
      <data key="d38">Solid Line</data>
      <data key="d39">0</data>
    </edge>
    <edge source="7" target="11">
      <data key="d38">Solid Line</data>
      <data key="d39">0</data>
    </edge>
    <edge source="8" target="9">
      <data key="d38">Dashed Line</data>
      <data key="d39">0</data>
    </edge>
    <edge source="8" target="31">
      <data key="d38">Solid Line</data>
      <data key="d39">0</data>
    </edge>
    <edge source="10" target="16">
      <data key="d38">Solid Line</data>
      <data key="d39">0</data>
    </edge>
    <edge source="10" target="19">
      <data key="d38">Solid Line</data>
      <data key="d39">0</data>
    </edge>
    <edge source="10" target="11">
      <data key="d38">Solid Line</data>
      <data key="d39">0</data>
    </edge>
    <edge source="10" target="20">
      <data key="d38">Solid Line</data>
      <data key="d39">0</data>
    </edge>
    <edge source="11" target="17">
      <data key="d38">Solid Line</data>
      <data key="d39">0</data>
    </edge>
    <edge source="11" target="15">
      <data key="d38">Solid Line</data>
      <data key="d39">0</data>
    </edge>
    <edge source="12" target="31">
      <data key="d38">Solid Line</data>
      <data key="d39">0</data>
    </edge>
    <edge source="13" target="25">
      <data key="d38">Solid Line</data>
      <data key="d39">0</data>
    </edge>
    <edge source="13" target="14">
      <data key="d38">Dashed Line</data>
      <data key="d39">0</data>
    </edge>
    <edge source="13" target="23">
      <data key="d38">Solid Line</data>
      <data key="d39">0</data>
    </edge>
    <edge source="17" target="18">
      <data key="d38">Solid Line</data>
      <data key="d39">0</data>
    </edge>
    <edge source="23" target="24">
      <data key="d38">Solid Line</data>
      <data key="d39">0</data>
    </edge>
    <edge source="23" target="32">
      <data key="d38">Solid Line</data>
      <data key="d39">0</data>
    </edge>
    <edge source="25" target="26">
      <data key="d38">Solid Line</data>
      <data key="d39">0</data>
    </edge>
    <edge source="26" target="27">
      <data key="d38">Solid Line</data>
      <data key="d39">0</data>
    </edge>
    <edge source="27" target="28">
      <data key="d38">Solid Line</data>
      <data key="d39">0</data>
    </edge>
    <edge source="28" target="29">
      <data key="d38">Solid Line</data>
      <data key="d39">0</data>
    </edge>
    <edge source="29" target="32">
      <data key="d38">Solid Line</data>
      <data key="d39">0</data>
    </edge>
    <edge source="30" target="31">
      <data key="d38">Solid Line</data>
      <data key="d39">0</data>
    </edge>
    <edge source="31" target="32">
      <data key="d38">Solid Line</data>
      <data key="d39">0</data>
    </edge>
  </graph>
</graphml>
