<?xml version="1.0" encoding="utf-8"?><graphml xmlns="http://graphml.graphdrawing.org/xmlns" xmlns:xsi="http://www.w3.org/2001/XMLSchema-instance" xsi:schemaLocation="http://graphml.graphdrawing.org/xmlns http://graphml.graphdrawing.org/xmlns/1.0/graphml.xsd">
  <key attr.name="key" attr.type="int" for="edge" id="d36" />
  <key attr.name="id" attr.type="string" for="edge" id="d35" />
  <key attr.name="label" attr.type="string" for="node" id="d34" />
  <key attr.name="Longitude" attr.type="double" for="node" id="d33" />
  <key attr.name="id" attr.type="int" for="node" id="d32" />
  <key attr.name="type" attr.type="string" for="node" id="d31" />
  <key attr.name="Country" attr.type="string" for="node" id="d30" />
  <key attr.name="Latitude" attr.type="double" for="node" id="d29" />
  <key attr.name="Internal" attr.type="int" for="node" id="d28" />
  <key attr.name="Testbed" attr.type="int" for="graph" id="d27" />
  <key attr.name="LastProcessed" attr.type="string" for="graph" id="d26" />
  <key attr.name="DateYear" attr.type="string" for="graph" id="d25" />
  <key attr.name="NetworkDate" attr.type="string" for="graph" id="d24" />
  <key attr.name="Transit" attr.type="int" for="graph" id="d23" />
  <key attr.name="Developed" attr.type="int" for="graph" id="d22" />
  <key attr.name="Creator" attr.type="string" for="graph" id="d21" />
  <key attr.name="Layer" attr.type="string" for="graph" id="d20" />
  <key attr.name="LastAccess" attr.type="string" for="graph" id="d19" />
  <key attr.name="DateMonth" attr.type="string" for="graph" id="d18" />
  <key attr.name="DateModifier" attr.type="string" for="graph" id="d17" />
  <key attr.name="SourceGitVersion" attr.type="string" for="graph" id="d16" />
  <key attr.name="IX" attr.type="int" for="graph" id="d15" />
  <key attr.name="Customer" attr.type="int" for="graph" id="d14" />
  <key attr.name="ToolsetVersion" attr.type="string" for="graph" id="d13" />
  <key attr.name="label" attr.type="string" for="graph" id="d12" />
  <key attr.name="Commercial" attr.type="int" for="graph" id="d11" />
  <key attr.name="Backbone" attr.type="int" for="graph" id="d10" />
  <key attr.name="DateType" attr.type="string" for="graph" id="d9" />
  <key attr.name="Type" attr.type="string" for="graph" id="d8" />
  <key attr.name="Version" attr.type="string" for="graph" id="d7" />
  <key attr.name="Source" attr.type="string" for="graph" id="d6" />
  <key attr.name="Access" attr.type="int" for="graph" id="d5" />
  <key attr.name="Provenance" attr.type="string" for="graph" id="d4" />
  <key attr.name="Network" attr.type="string" for="graph" id="d3" />
  <key attr.name="GeoExtent" attr.type="string" for="graph" id="d2" />
  <key attr.name="GeoLocation" attr.type="string" for="graph" id="d1" />
  <key attr.name="DateObtained" attr.type="string" for="graph" id="d0" />
  <graph edgedefault="undirected">
    <data key="d0">22/10/10</data>
    <data key="d1">Romania</data>
    <data key="d2">Country</data>
    <data key="d3">GTS Romania</data>
    <data key="d4">Primary</data>
    <data key="d5">0</data>
    <data key="d6">http://www.gtsce.com/en/map/index.shtml</data>
    <data key="d7">1.0</data>
    <data key="d8">COM</data>
    <data key="d9">Current</data>
    <data key="d10">1</data>
    <data key="d11">0</data>
    <data key="d12">GtsRomania</data>
    <data key="d13">0.3.34dev-20120328</data>
    <data key="d14">1</data>
    <data key="d15">0</data>
    <data key="d16">e278b1b</data>
    <data key="d17">=</data>
    <data key="d18">10</data>
    <data key="d19">22/10/10</data>
    <data key="d20">IP</data>
    <data key="d21">Topology Zoo Toolset</data>
    <data key="d22">0</data>
    <data key="d23">1</data>
    <data key="d24">2010_10</data>
    <data key="d25">2010</data>
    <data key="d26">2011_09_01</data>
    <data key="d27">0</data>
    <node id="0">
      <data key="d28">1</data>
      <data key="d29">44.31667</data>
      <data key="d30">Romania</data>
      <data key="d31">Small Node</data>
      <data key="d32">0</data>
      <data key="d33">23.8</data>
      <data key="d34">Craiova</data>
    </node>
    <node id="1">
      <data key="d28">1</data>
      <data key="d29">44.95</data>
      <data key="d30">Romania</data>
      <data key="d31">Small Node</data>
      <data key="d32">1</data>
      <data key="d33">26.01667</data>
      <data key="d34">Plaiesti</data>
    </node>
    <node id="2">
      <data key="d28">1</data>
      <data key="d29">45.64861</data>
      <data key="d30">Romania</data>
      <data key="d31">Small Node</data>
      <data key="d32">2</data>
      <data key="d33">25.60613</data>
      <data key="d34">Brasov</data>
    </node>
    <node id="3">
      <data key="d28">1</data>
      <data key="d29">44.93333</data>
      <data key="d30">Romania</data>
      <data key="d31">Small Node</data>
      <data key="d32">3</data>
      <data key="d33">25.45</data>
      <data key="d34">Targoviste</data>
    </node>
    <node id="4">
      <data key="d28">1</data>
      <data key="d29">44.18333</data>
      <data key="d30">Romania</data>
      <data key="d31">Small Node</data>
      <data key="d32">4</data>
      <data key="d33">28.65</data>
      <data key="d34">Constanta</data>
    </node>
    <node id="5">
      <data key="d28">1</data>
      <data key="d29">44.43225</data>
      <data key="d30">Romania</data>
      <data key="d31">Large Node</data>
      <data key="d32">5</data>
      <data key="d33">26.10626</data>
      <data key="d34">Bucarest</data>
    </node>
    <node id="6">
      <data key="d28">1</data>
      <data key="d29">45.45</data>
      <data key="d30">Romania</data>
      <data key="d31">Small Node</data>
      <data key="d32">6</data>
      <data key="d33">28.05</data>
      <data key="d34">Galati</data>
    </node>
    <node id="7">
      <data key="d28">1</data>
      <data key="d29">45.7</data>
      <data key="d30">Romania</data>
      <data key="d31">Small Node</data>
      <data key="d32">7</data>
      <data key="d33">27.18333</data>
      <data key="d34">Focsani</data>
    </node>
    <node id="8">
      <data key="d28">0</data>
      <data key="d32">8</data>
      <data key="d34">Budapest</data>
    </node>
    <node id="9">
      <data key="d28">0</data>
      <data key="d32">9</data>
      <data key="d34">Budapest</data>
    </node>
    <node id="10">
      <data key="d28">1</data>
      <data key="d29">46.54245</data>
      <data key="d30">Romania</data>
      <data key="d31">Small Node</data>
      <data key="d32">10</data>
      <data key="d33">24.55747</data>
      <data key="d34">Targu Mures</data>
    </node>
    <node id="11">
      <data key="d28">1</data>
      <data key="d29">45.74944</data>
      <data key="d30">Romania</data>
      <data key="d31">Small Node</data>
      <data key="d32">11</data>
      <data key="d33">21.22722</data>
      <data key="d34">Timisoara</data>
    </node>
    <node id="12">
      <data key="d28">1</data>
      <data key="d29">45.8</data>
      <data key="d30">Romania</data>
      <data key="d31">Small Node</data>
      <data key="d32">12</data>
      <data key="d33">24.15</data>
      <data key="d34">Sibiu</data>
    </node>
    <node id="13">
      <data key="d28">1</data>
      <data key="d29">47.16667</data>
      <data key="d30">Romania</data>
      <data key="d31">Small Node</data>
      <data key="d32">13</data>
      <data key="d33">27.6</data>
      <data key="d34">Iasi</data>
    </node>
    <node id="14">
      <data key="d28">1</data>
      <data key="d29">46.91667</data>
      <data key="d30">Romania</data>
      <data key="d31">Small Node</data>
      <data key="d32">14</data>
      <data key="d33">26.33333</data>
      <data key="d34">Piatra Neamt</data>
    </node>
    <node id="15">
      <data key="d28">1</data>
      <data key="d29">46.56667</data>
      <data key="d30">Romania</data>
      <data key="d31">Small Node</data>
      <data key="d32">15</data>
      <data key="d33">26.9</data>
      <data key="d34">Bacau</data>
    </node>
    <node id="16">
      <data key="d28">1</data>
      <data key="d29">45.88333</data>
      <data key="d30">Romania</data>
      <data key="d31">Small Node</data>
      <data key="d32">16</data>
      <data key="d33">22.9</data>
      <data key="d34">Deva</data>
    </node>
    <node id="17">
      <data key="d28">1</data>
      <data key="d29">46.76667</data>
      <data key="d30">Romania</data>
      <data key="d31">Small Node</data>
      <data key="d32">17</data>
      <data key="d33">23.6</data>
      <data key="d34">Cluj</data>
    </node>
    <node id="18">
      <data key="d28">1</data>
      <data key="d29">47.06667</data>
      <data key="d30">Romania</data>
      <data key="d31">Small Node</data>
      <data key="d32">18</data>
      <data key="d33">21.93333</data>
      <data key="d34">Oradea</data>
    </node>
    <node id="19">
      <data key="d28">1</data>
      <data key="d29">47.11667</data>
      <data key="d30">Romania</data>
      <data key="d31">Small Node</data>
      <data key="d32">19</data>
      <data key="d33">21.81667</data>
      <data key="d34">Bors</data>
    </node>
    <node id="20">
      <data key="d28">1</data>
      <data key="d29">46.18333</data>
      <data key="d30">Romania</data>
      <data key="d31">Small Node</data>
      <data key="d32">20</data>
      <data key="d33">21.31667</data>
      <data key="d34">Arad</data>
    </node>
    <edge source="0" target="11">
      <data key="d35">e15</data>
      <data key="d36">0</data>
    </edge>
    <edge source="0" target="5">
      <data key="d35">e19</data>
      <data key="d36">0</data>
    </edge>
    <edge source="1" target="5">
      <data key="d35">e20</data>
      <data key="d36">0</data>
    </edge>
    <edge source="2" target="17">
      <data key="d35">e6</data>
      <data key="d36">0</data>
    </edge>
    <edge source="2" target="5">
      <data key="d35">e17</data>
      <data key="d36">0</data>
    </edge>
    <edge source="3" target="5">
      <data key="d35">e18</data>
      <data key="d36">0</data>
    </edge>
    <edge source="4" target="5">
      <data key="d35">e23</data>
      <data key="d36">0</data>
    </edge>
    <edge source="5" target="6">
      <data key="d35">e21</data>
      <data key="d36">0</data>
    </edge>
    <edge source="5" target="7">
      <data key="d35">e22</data>
      <data key="d36">0</data>
    </edge>
    <edge source="5" target="10">
      <data key="d35">e5</data>
      <data key="d36">0</data>
    </edge>
    <edge source="5" target="13">
      <data key="d35">e0</data>
      <data key="d36">0</data>
    </edge>
    <edge source="5" target="15">
      <data key="d35">e3</data>
      <data key="d36">0</data>
    </edge>
    <edge source="5" target="18">
      <data key="d35">e11</data>
      <data key="d36">0</data>
    </edge>
    <edge source="7" target="14">
      <data key="d35">e2</data>
      <data key="d36">0</data>
    </edge>
    <edge source="8" target="19">
      <data key="d35">e12</data>
      <data key="d36">0</data>
    </edge>
    <edge source="9" target="20">
      <data key="d35">e14</data>
      <data key="d36">0</data>
    </edge>
    <edge source="11" target="16">
      <data key="d35">e16</data>
      <data key="d36">0</data>
    </edge>
    <edge source="11" target="20">
      <data key="d35">e13</data>
      <data key="d36">0</data>
    </edge>
    <edge source="12" target="18">
      <data key="d35">e10</data>
      <data key="d36">0</data>
    </edge>
    <edge source="13" target="18">
      <data key="d35">e1</data>
      <data key="d36">0</data>
    </edge>
    <edge source="15" target="18">
      <data key="d35">e4</data>
      <data key="d36">0</data>
    </edge>
    <edge source="17" target="18">
      <data key="d35">e7</data>
      <data key="d36">0</data>
    </edge>
    <edge source="18" target="19">
      <data key="d35">e8</data>
      <data key="d36">0</data>
    </edge>
    <edge source="18" target="20">
      <data key="d35">e9</data>
      <data key="d36">0</data>
    </edge>
  </graph>
</graphml>
