<?xml version="1.0" encoding="utf-8"?><graphml xmlns="http://graphml.graphdrawing.org/xmlns" xmlns:xsi="http://www.w3.org/2001/XMLSchema-instance" xsi:schemaLocation="http://graphml.graphdrawing.org/xmlns http://graphml.graphdrawing.org/xmlns/1.0/graphml.xsd">
  <key attr.name="key" attr.type="int" for="edge" id="d36" />
  <key attr.name="id" attr.type="string" for="edge" id="d35" />
  <key attr.name="label" attr.type="string" for="node" id="d34" />
  <key attr.name="Longitude" attr.type="double" for="node" id="d33" />
  <key attr.name="id" attr.type="int" for="node" id="d32" />
  <key attr.name="type" attr.type="string" for="node" id="d31" />
  <key attr.name="Country" attr.type="string" for="node" id="d30" />
  <key attr.name="Latitude" attr.type="double" for="node" id="d29" />
  <key attr.name="Internal" attr.type="int" for="node" id="d28" />
  <key attr.name="Testbed" attr.type="int" for="graph" id="d27" />
  <key attr.name="LastProcessed" attr.type="string" for="graph" id="d26" />
  <key attr.name="DateYear" attr.type="string" for="graph" id="d25" />
  <key attr.name="NetworkDate" attr.type="string" for="graph" id="d24" />
  <key attr.name="Transit" attr.type="int" for="graph" id="d23" />
  <key attr.name="Developed" attr.type="int" for="graph" id="d22" />
  <key attr.name="Creator" attr.type="string" for="graph" id="d21" />
  <key attr.name="Layer" attr.type="string" for="graph" id="d20" />
  <key attr.name="LastAccess" attr.type="string" for="graph" id="d19" />
  <key attr.name="DateMonth" attr.type="string" for="graph" id="d18" />
  <key attr.name="DateModifier" attr.type="string" for="graph" id="d17" />
  <key attr.name="SourceGitVersion" attr.type="string" for="graph" id="d16" />
  <key attr.name="IX" attr.type="int" for="graph" id="d15" />
  <key attr.name="Customer" attr.type="int" for="graph" id="d14" />
  <key attr.name="ToolsetVersion" attr.type="string" for="graph" id="d13" />
  <key attr.name="label" attr.type="string" for="graph" id="d12" />
  <key attr.name="Commercial" attr.type="int" for="graph" id="d11" />
  <key attr.name="Backbone" attr.type="int" for="graph" id="d10" />
  <key attr.name="DateType" attr.type="string" for="graph" id="d9" />
  <key attr.name="Type" attr.type="string" for="graph" id="d8" />
  <key attr.name="Version" attr.type="string" for="graph" id="d7" />
  <key attr.name="Source" attr.type="string" for="graph" id="d6" />
  <key attr.name="Access" attr.type="int" for="graph" id="d5" />
  <key attr.name="Provenance" attr.type="string" for="graph" id="d4" />
  <key attr.name="Network" attr.type="string" for="graph" id="d3" />
  <key attr.name="GeoExtent" attr.type="string" for="graph" id="d2" />
  <key attr.name="GeoLocation" attr.type="string" for="graph" id="d1" />
  <key attr.name="DateObtained" attr.type="string" for="graph" id="d0" />
  <graph edgedefault="undirected">
    <data key="d0">20/01/11</data>
    <data key="d1">Slovakia</data>
    <data key="d2">Country</data>
    <data key="d3">GTS Slovakia</data>
    <data key="d4">Primary</data>
    <data key="d5">0</data>
    <data key="d6">http://www.gtsce.com/en/map/index.shtml</data>
    <data key="d7">1.0</data>
    <data key="d8">COM</data>
    <data key="d9">Current</data>
    <data key="d10">1</data>
    <data key="d11">0</data>
    <data key="d12">GtsSlovakia</data>
    <data key="d13">0.3.34dev-20120328</data>
    <data key="d14">1</data>
    <data key="d15">0</data>
    <data key="d16">e278b1b</data>
    <data key="d17">=</data>
    <data key="d18">01</data>
    <data key="d19">20/01/11</data>
    <data key="d20">IP</data>
    <data key="d21">Topology Zoo Toolset</data>
    <data key="d22">0</data>
    <data key="d23">1</data>
    <data key="d24">2011_01</data>
    <data key="d25">2011</data>
    <data key="d26">2011_09_01</data>
    <data key="d27">0</data>
    <node id="0">
      <data key="d28">1</data>
      <data key="d29">49.08333</data>
      <data key="d30">Slovakia</data>
      <data key="d31">Small Node</data>
      <data key="d32">0</data>
      <data key="d33">19.31667</data>
      <data key="d34">Ruzombernk</data>
    </node>
    <node id="1">
      <data key="d28">1</data>
      <data key="d31">Small Node</data>
      <data key="d32">1</data>
      <data key="d34">None</data>
    </node>
    <node id="2">
      <data key="d28">1</data>
      <data key="d29">49.06014</data>
      <data key="d30">Slovakia</data>
      <data key="d31">Small Node</data>
      <data key="d32">2</data>
      <data key="d33">20.20695</data>
      <data key="d34">Svit</data>
    </node>
    <node id="3">
      <data key="d28">1</data>
      <data key="d29">49.08061</data>
      <data key="d30">Slovakia</data>
      <data key="d31">Small Node</data>
      <data key="d32">3</data>
      <data key="d33">19.62218</data>
      <data key="d34">Liptovdky Mikulas</data>
    </node>
    <node id="4">
      <data key="d28">1</data>
      <data key="d29">48.56667</data>
      <data key="d30">Slovakia</data>
      <data key="d31">Small Node</data>
      <data key="d32">4</data>
      <data key="d33">19.41667</data>
      <data key="d34">Detva</data>
    </node>
    <node id="5">
      <data key="d28">1</data>
      <data key="d29">48.58333</data>
      <data key="d30">Slovakia</data>
      <data key="d31">Small Node</data>
      <data key="d32">5</data>
      <data key="d33">19.13333</data>
      <data key="d34">Zvolen</data>
    </node>
    <node id="6">
      <data key="d28">1</data>
      <data key="d29">49.22315</data>
      <data key="d30">Slovakia</data>
      <data key="d31">Small Node</data>
      <data key="d32">6</data>
      <data key="d33">18.73941</data>
      <data key="d34">Zilina</data>
    </node>
    <node id="7">
      <data key="d28">1</data>
      <data key="d29">49.4</data>
      <data key="d30">Slovakia</data>
      <data key="d31">Small Node</data>
      <data key="d32">7</data>
      <data key="d33">19.5</data>
      <data key="d34">Namestovo</data>
    </node>
    <node id="8">
      <data key="d28">1</data>
      <data key="d29">48.38333</data>
      <data key="d30">Slovakia</data>
      <data key="d31">Small Node</data>
      <data key="d32">8</data>
      <data key="d33">20.03333</data>
      <data key="d34">Rimavska Sobota</data>
    </node>
    <node id="9">
      <data key="d28">1</data>
      <data key="d29">48.33333</data>
      <data key="d30">Slovakia</data>
      <data key="d31">Small Node</data>
      <data key="d32">9</data>
      <data key="d33">19.66667</data>
      <data key="d34">Lucenec</data>
    </node>
    <node id="10">
      <data key="d28">1</data>
      <data key="d29">47.76356</data>
      <data key="d30">Slovakia</data>
      <data key="d31">Small Node</data>
      <data key="d32">10</data>
      <data key="d33">18.12263</data>
      <data key="d34">Komarno</data>
    </node>
    <node id="11">
      <data key="d28">0</data>
      <data key="d32">11</data>
      <data key="d34">Brno Warsaw</data>
    </node>
    <node id="12">
      <data key="d28">0</data>
      <data key="d32">12</data>
      <data key="d34">Prague Frankfurt</data>
    </node>
    <node id="13">
      <data key="d28">0</data>
      <data key="d32">13</data>
      <data key="d34">Vienna</data>
    </node>
    <node id="14">
      <data key="d28">0</data>
      <data key="d32">14</data>
      <data key="d34">Gyor Budapest</data>
    </node>
    <node id="15">
      <data key="d28">1</data>
      <data key="d29">47.98544</data>
      <data key="d30">Slovakia</data>
      <data key="d31">Small Node</data>
      <data key="d32">15</data>
      <data key="d33">18.16195</data>
      <data key="d34">Nove Zamky</data>
    </node>
    <node id="16">
      <data key="d28">1</data>
      <data key="d29">48.30763</data>
      <data key="d30">Slovakia</data>
      <data key="d31">Small Node</data>
      <data key="d32">16</data>
      <data key="d33">18.08453</data>
      <data key="d34">Nitra</data>
    </node>
    <node id="17">
      <data key="d28">1</data>
      <data key="d29">48.89452</data>
      <data key="d30">Slovakia</data>
      <data key="d31">Small Node</data>
      <data key="d32">17</data>
      <data key="d33">18.04436</data>
      <data key="d34">Trencin</data>
    </node>
    <node id="18">
      <data key="d28">1</data>
      <data key="d29">48.56667</data>
      <data key="d30">Slovakia</data>
      <data key="d31">Small Node</data>
      <data key="d32">18</data>
      <data key="d33">18.18333</data>
      <data key="d34">Topolcany</data>
    </node>
    <node id="19">
      <data key="d28">1</data>
      <data key="d29">48.71667</data>
      <data key="d30">Slovakia</data>
      <data key="d31">Small Node</data>
      <data key="d32">19</data>
      <data key="d33">18.55</data>
      <data key="d34">Novaky</data>
    </node>
    <node id="20">
      <data key="d28">1</data>
      <data key="d29">48.76667</data>
      <data key="d30">Slovakia</data>
      <data key="d31">Small Node</data>
      <data key="d32">20</data>
      <data key="d33">18.63333</data>
      <data key="d34">Prievidza</data>
    </node>
    <node id="21">
      <data key="d28">1</data>
      <data key="d31">Small Node</data>
      <data key="d32">21</data>
      <data key="d34">None</data>
    </node>
    <node id="22">
      <data key="d28">1</data>
      <data key="d31">Small Node</data>
      <data key="d32">22</data>
      <data key="d34">None</data>
    </node>
    <node id="23">
      <data key="d28">1</data>
      <data key="d29">48.6</data>
      <data key="d30">Slovakia</data>
      <data key="d31">Small Node</data>
      <data key="d32">23</data>
      <data key="d33">17.83333</data>
      <data key="d34">Piestany</data>
    </node>
    <node id="24">
      <data key="d28">1</data>
      <data key="d29">48.75763</data>
      <data key="d30">Slovakia</data>
      <data key="d31">Small Node</data>
      <data key="d32">24</data>
      <data key="d33">17.8309</data>
      <data key="d34">Nove Mest nad Vahom</data>
    </node>
    <node id="25">
      <data key="d28">1</data>
      <data key="d29">48.95</data>
      <data key="d30">Slovakia</data>
      <data key="d31">Small Node</data>
      <data key="d32">25</data>
      <data key="d33">20.56667</data>
      <data key="d34">Spisska</data>
    </node>
    <node id="26">
      <data key="d28">1</data>
      <data key="d29">49.05</data>
      <data key="d30">Slovakia</data>
      <data key="d31">Small Node</data>
      <data key="d32">26</data>
      <data key="d33">20.3</data>
      <data key="d34">Poprad</data>
    </node>
    <node id="27">
      <data key="d28">1</data>
      <data key="d29">48.73333</data>
      <data key="d30">Slovakia</data>
      <data key="d31">Large Node</data>
      <data key="d32">27</data>
      <data key="d33">19.15</data>
      <data key="d34">Banska Bystrica</data>
    </node>
    <node id="28">
      <data key="d28">1</data>
      <data key="d29">48.14816</data>
      <data key="d30">Slovakia</data>
      <data key="d31">Large Node</data>
      <data key="d32">28</data>
      <data key="d33">17.10674</data>
      <data key="d34">Bratislava</data>
    </node>
    <node id="29">
      <data key="d28">1</data>
      <data key="d29">48.71667</data>
      <data key="d30">Slovakia</data>
      <data key="d31">Large Node</data>
      <data key="d32">29</data>
      <data key="d33">21.25</data>
      <data key="d34">Kosice</data>
    </node>
    <node id="30">
      <data key="d28">1</data>
      <data key="d29">49.0</data>
      <data key="d30">Slovakia</data>
      <data key="d31">Small Node</data>
      <data key="d32">30</data>
      <data key="d33">21.25</data>
      <data key="d34">Presov</data>
    </node>
    <node id="31">
      <data key="d28">1</data>
      <data key="d29">49.28333</data>
      <data key="d30">Slovakia</data>
      <data key="d31">Small Node</data>
      <data key="d32">31</data>
      <data key="d33">21.28333</data>
      <data key="d34">Bardejov</data>
    </node>
    <node id="32">
      <data key="d28">1</data>
      <data key="d29">49.3</data>
      <data key="d30">Slovakia</data>
      <data key="d31">Small Node</data>
      <data key="d32">32</data>
      <data key="d33">21.56667</data>
      <data key="d34">Svidnik</data>
    </node>
    <node id="33">
      <data key="d28">1</data>
      <data key="d29">48.93333</data>
      <data key="d30">Slovakia</data>
      <data key="d31">Small Node</data>
      <data key="d32">33</data>
      <data key="d33">21.91667</data>
      <data key="d34">Humenne</data>
    </node>
    <node id="34">
      <data key="d28">1</data>
      <data key="d29">48.75</data>
      <data key="d30">Slovakia</data>
      <data key="d31">Small Node</data>
      <data key="d32">34</data>
      <data key="d33">21.93333</data>
      <data key="d34">Michalovce</data>
    </node>
    <edge source="0" target="27">
      <data key="d35">e2</data>
      <data key="d36">0</data>
    </edge>
    <edge source="1" target="27">
      <data key="d35">e3</data>
      <data key="d36">0</data>
    </edge>
    <edge source="2" target="29">
      <data key="d35">e30</data>
      <data key="d36">0</data>
    </edge>
    <edge source="3" target="27">
      <data key="d35">e1</data>
      <data key="d36">0</data>
    </edge>
    <edge source="4" target="8">
      <data key="d35">e36</data>
      <data key="d36">0</data>
    </edge>
    <edge source="4" target="27">
      <data key="d35">e6</data>
      <data key="d36">0</data>
    </edge>
    <edge source="5" target="27">
      <data key="d35">e7</data>
      <data key="d36">0</data>
    </edge>
    <edge source="6" target="17">
      <data key="d35">e35</data>
      <data key="d36">0</data>
    </edge>
    <edge source="6" target="26">
      <data key="d35">e34</data>
      <data key="d36">0</data>
    </edge>
    <edge source="6" target="27">
      <data key="d35">e4</data>
      <data key="d36">0</data>
    </edge>
    <edge source="7" target="27">
      <data key="d35">e5</data>
      <data key="d36">0</data>
    </edge>
    <edge source="9" target="27">
      <data key="d35">e8</data>
      <data key="d36">0</data>
    </edge>
    <edge source="10" target="28">
      <data key="d35">e23</data>
      <data key="d36">0</data>
    </edge>
    <edge source="11" target="28">
      <data key="d35">e24</data>
      <data key="d36">0</data>
    </edge>
    <edge source="12" target="28">
      <data key="d35">e11</data>
      <data key="d36">0</data>
    </edge>
    <edge source="13" target="28">
      <data key="d35">e13</data>
      <data key="d36">0</data>
    </edge>
    <edge source="14" target="28">
      <data key="d35">e12</data>
      <data key="d36">0</data>
    </edge>
    <edge source="15" target="28">
      <data key="d35">e22</data>
      <data key="d36">0</data>
    </edge>
    <edge source="16" target="28">
      <data key="d35">e21</data>
      <data key="d36">0</data>
    </edge>
    <edge source="17" target="28">
      <data key="d35">e16</data>
      <data key="d36">0</data>
    </edge>
    <edge source="18" target="28">
      <data key="d35">e15</data>
      <data key="d36">0</data>
    </edge>
    <edge source="19" target="27">
      <data key="d35">e10</data>
      <data key="d36">0</data>
    </edge>
    <edge source="20" target="27">
      <data key="d35">e9</data>
      <data key="d36">0</data>
    </edge>
    <edge source="21" target="28">
      <data key="d35">e20</data>
      <data key="d36">0</data>
    </edge>
    <edge source="22" target="28">
      <data key="d35">e19</data>
      <data key="d36">0</data>
    </edge>
    <edge source="23" target="28">
      <data key="d35">e18</data>
      <data key="d36">0</data>
    </edge>
    <edge source="24" target="28">
      <data key="d35">e17</data>
      <data key="d36">0</data>
    </edge>
    <edge source="25" target="26">
      <data key="d35">e33</data>
      <data key="d36">0</data>
    </edge>
    <edge source="25" target="29">
      <data key="d35">e29</data>
      <data key="d36">0</data>
    </edge>
    <edge source="26" target="30">
      <data key="d35">e31</data>
      <data key="d36">0</data>
    </edge>
    <edge source="27" target="28">
      <data key="d35">e0</data>
      <data key="d36">0</data>
    </edge>
    <edge source="28" target="29">
      <data key="d35">e14</data>
      <data key="d36">0</data>
    </edge>
    <edge source="29" target="32">
      <data key="d35">e26</data>
      <data key="d36">0</data>
    </edge>
    <edge source="29" target="33">
      <data key="d35">e27</data>
      <data key="d36">0</data>
    </edge>
    <edge source="29" target="34">
      <data key="d35">e28</data>
      <data key="d36">0</data>
    </edge>
    <edge source="29" target="30">
      <data key="d35">e25</data>
      <data key="d36">0</data>
    </edge>
    <edge source="30" target="31">
      <data key="d35">e32</data>
      <data key="d36">0</data>
    </edge>
  </graph>
</graphml>
