<?xml version="1.0" encoding="utf-8"?><graphml xmlns="http://graphml.graphdrawing.org/xmlns" xmlns:xsi="http://www.w3.org/2001/XMLSchema-instance" xsi:schemaLocation="http://graphml.graphdrawing.org/xmlns http://graphml.graphdrawing.org/xmlns/1.0/graphml.xsd">
  <key attr.name="key" attr.type="int" for="edge" id="d38" />
  <key attr.name="LinkLabel" attr.type="string" for="edge" id="d37" />
  <key attr.name="hyperedge" attr.type="int" for="node" id="d36" />
  <key attr.name="geocode_id" attr.type="string" for="node" id="d35" />
  <key attr.name="label" attr.type="string" for="node" id="d34" />
  <key attr.name="Longitude" attr.type="double" for="node" id="d33" />
  <key attr.name="id" attr.type="int" for="node" id="d32" />
  <key attr.name="type" attr.type="string" for="node" id="d31" />
  <key attr.name="Country" attr.type="string" for="node" id="d30" />
  <key attr.name="Latitude" attr.type="double" for="node" id="d29" />
  <key attr.name="Internal" attr.type="int" for="node" id="d28" />
  <key attr.name="Testbed" attr.type="int" for="graph" id="d27" />
  <key attr.name="LastProcessed" attr.type="string" for="graph" id="d26" />
  <key attr.name="DateYear" attr.type="string" for="graph" id="d25" />
  <key attr.name="NetworkDate" attr.type="string" for="graph" id="d24" />
  <key attr.name="Transit" attr.type="int" for="graph" id="d23" />
  <key attr.name="Developed" attr.type="int" for="graph" id="d22" />
  <key attr.name="Creator" attr.type="string" for="graph" id="d21" />
  <key attr.name="Layer" attr.type="string" for="graph" id="d20" />
  <key attr.name="LastAccess" attr.type="string" for="graph" id="d19" />
  <key attr.name="DateMonth" attr.type="string" for="graph" id="d18" />
  <key attr.name="DateModifier" attr.type="string" for="graph" id="d17" />
  <key attr.name="SourceGitVersion" attr.type="string" for="graph" id="d16" />
  <key attr.name="IX" attr.type="int" for="graph" id="d15" />
  <key attr.name="Customer" attr.type="int" for="graph" id="d14" />
  <key attr.name="ToolsetVersion" attr.type="string" for="graph" id="d13" />
  <key attr.name="label" attr.type="string" for="graph" id="d12" />
  <key attr.name="Commercial" attr.type="int" for="graph" id="d11" />
  <key attr.name="Backbone" attr.type="int" for="graph" id="d10" />
  <key attr.name="Type" attr.type="string" for="graph" id="d9" />
  <key attr.name="DateType" attr.type="string" for="graph" id="d8" />
  <key attr.name="Version" attr.type="string" for="graph" id="d7" />
  <key attr.name="Source" attr.type="string" for="graph" id="d6" />
  <key attr.name="Access" attr.type="int" for="graph" id="d5" />
  <key attr.name="Provenance" attr.type="string" for="graph" id="d4" />
  <key attr.name="Network" attr.type="string" for="graph" id="d3" />
  <key attr.name="GeoExtent" attr.type="string" for="graph" id="d2" />
  <key attr.name="GeoLocation" attr.type="string" for="graph" id="d1" />
  <key attr.name="DateObtained" attr.type="string" for="graph" id="d0" />
  <graph edgedefault="undirected">
    <data key="d0">23/03/11</data>
    <data key="d1">Northern Ireland</data>
    <data key="d2">Country</data>
    <data key="d3">Hibernia Atlantic (N. Ireland)</data>
    <data key="d4">Primary</data>
    <data key="d5">0</data>
    <data key="d6">http://www.hiberniaatlantic.com/images/NIrelandMaps5-09_000.jpg</data>
    <data key="d7">1.0</data>
    <data key="d8">Current</data>
    <data key="d9">COM</data>
    <data key="d10">1</data>
    <data key="d11">0</data>
    <data key="d12">HiberniaNireland</data>
    <data key="d13">0.3.34dev-20120328</data>
    <data key="d14">0</data>
    <data key="d15">0</data>
    <data key="d16">e278b1b</data>
    <data key="d17">=</data>
    <data key="d18">03</data>
    <data key="d19">23/03/11</data>
    <data key="d20">IP</data>
    <data key="d21">Topology Zoo Toolset</data>
    <data key="d22">0</data>
    <data key="d23">1</data>
    <data key="d24">2011_03</data>
    <data key="d25">2011</data>
    <data key="d26">2011_09_01</data>
    <data key="d27">0</data>
    <node id="0">
      <data key="d28">1</data>
      <data key="d29">53.71889</data>
      <data key="d30">Ireland</data>
      <data key="d31">PoP</data>
      <data key="d32">0</data>
      <data key="d33">-6.34778</data>
      <data key="d34">Drogheda</data>
    </node>
    <node id="1">
      <data key="d28">1</data>
      <data key="d29">53.64779</data>
      <data key="d30">United Kingdom</data>
      <data key="d31">PoP with bold name</data>
      <data key="d32">1</data>
      <data key="d33">-3.00648</data>
      <data key="d34">Southport</data>
    </node>
    <node id="2">
      <data key="d28">1</data>
      <data key="d29">54.41344</data>
      <data key="d30">United Kingdom</data>
      <data key="d31">PoP</data>
      <data key="d32">2</data>
      <data key="d33">-6.44743</data>
      <data key="d34">Portadown</data>
    </node>
    <node id="3">
      <data key="d28">1</data>
      <data key="d29">54.11667</data>
      <data key="d30">Ireland</data>
      <data key="d31">PoP</data>
      <data key="d32">3</data>
      <data key="d33">-6.73333</data>
      <data key="d34">Castleblayney</data>
    </node>
    <node id="4">
      <data key="d30">Ireland</data>
      <data key="d35">2962568</data>
      <data key="d34">Monaghan</data>
      <data key="d28">1</data>
      <data key="d33">-6.96667</data>
      <data key="d29">54.25</data>
      <data key="d31">PoP</data>
      <data key="d32">4</data>
    </node>
    <node id="5">
      <data key="d28">1</data>
      <data key="d29">54.0</data>
      <data key="d30">Ireland</data>
      <data key="d31">PoP</data>
      <data key="d32">5</data>
      <data key="d33">-6.41667</data>
      <data key="d34">Dundalk</data>
    </node>
    <node id="6">
      <data key="d28">1</data>
      <data key="d29">53.34399</data>
      <data key="d30">Ireland</data>
      <data key="d31">PoP with bold name</data>
      <data key="d32">6</data>
      <data key="d33">-6.26719</data>
      <data key="d34">Dublin</data>
    </node>
    <node id="7">
      <data key="d28">1</data>
      <data key="d29">54.35</data>
      <data key="d30">United Kingdom</data>
      <data key="d31">PoP</data>
      <data key="d32">7</data>
      <data key="d33">-6.66667</data>
      <data key="d34">Armagh</data>
    </node>
    <node id="8">
      <data key="d28">1</data>
      <data key="d29">54.86357</data>
      <data key="d30">United Kingdom</data>
      <data key="d31">PoP</data>
      <data key="d32">8</data>
      <data key="d33">-6.27628</data>
      <data key="d34">Ballymena</data>
    </node>
    <node id="9">
      <data key="d28">1</data>
      <data key="d29">54.58333</data>
      <data key="d30">United Kingdom</data>
      <data key="d31">PoP</data>
      <data key="d32">9</data>
      <data key="d33">-5.93333</data>
      <data key="d34">Belfast</data>
    </node>
    <node id="10">
      <data key="d28">0</data>
      <data key="d32">10</data>
      <data key="d34">Europe</data>
    </node>
    <node id="11">
      <data key="d28">0</data>
      <data key="d32">11</data>
      <data key="d34">North America</data>
    </node>
    <node id="12">
      <data key="d36">1</data>
      <data key="d28">1</data>
      <data key="d32">12</data>
      <data key="d34">None</data>
    </node>
    <node id="13">
      <data key="d28">1</data>
      <data key="d29">54.6</data>
      <data key="d30">United Kingdom</data>
      <data key="d31">PoP</data>
      <data key="d32">13</data>
      <data key="d33">-7.3</data>
      <data key="d34">Omagh</data>
    </node>
    <node id="14">
      <data key="d28">1</data>
      <data key="d29">54.82373</data>
      <data key="d30">United Kingdom</data>
      <data key="d31">PoP</data>
      <data key="d32">14</data>
      <data key="d33">-7.46916</data>
      <data key="d34">Strabane</data>
    </node>
    <node id="15">
      <data key="d28">1</data>
      <data key="d29">54.95</data>
      <data key="d30">Ireland</data>
      <data key="d31">PoP</data>
      <data key="d32">15</data>
      <data key="d33">-7.73333</data>
      <data key="d34">Letterkenny</data>
    </node>
    <node id="16">
      <data key="d28">1</data>
      <data key="d29">54.9981</data>
      <data key="d30">United Kingdom</data>
      <data key="d31">PoP</data>
      <data key="d32">16</data>
      <data key="d33">-7.30934</data>
      <data key="d34">Londonderry</data>
    </node>
    <node id="17">
      <data key="d28">1</data>
      <data key="d29">55.13333</data>
      <data key="d30">United Kingdom</data>
      <data key="d31">PoP</data>
      <data key="d32">17</data>
      <data key="d33">-6.66667</data>
      <data key="d34">Coleraine</data>
    </node>
    <edge source="0" target="5">
      <data key="d37">Blue</data>
      <data key="d38">0</data>
    </edge>
    <edge source="0" target="6">
      <data key="d37">Blue</data>
      <data key="d38">0</data>
    </edge>
    <edge source="1" target="10">
      <data key="d37">Green</data>
      <data key="d38">0</data>
    </edge>
    <edge source="1" target="10">
      <data key="d37">Blue</data>
      <data key="d38">1</data>
    </edge>
    <edge source="1" target="12">
      <data key="d37">Blue</data>
      <data key="d38">0</data>
    </edge>
    <edge source="1" target="6">
      <data key="d37">Green</data>
      <data key="d38">0</data>
    </edge>
    <edge source="2" target="9">
      <data key="d37">Blue</data>
      <data key="d38">0</data>
    </edge>
    <edge source="2" target="7">
      <data key="d37">Blue</data>
      <data key="d38">0</data>
    </edge>
    <edge source="3" target="4">
      <data key="d37">Blue</data>
      <data key="d38">0</data>
    </edge>
    <edge source="3" target="5">
      <data key="d37">Blue</data>
      <data key="d38">0</data>
    </edge>
    <edge source="4" target="7">
      <data key="d37">Blue</data>
      <data key="d38">0</data>
    </edge>
    <edge source="6" target="11">
      <data key="d37">Green</data>
      <data key="d38">0</data>
    </edge>
    <edge source="7" target="13">
      <data key="d37">Blue</data>
      <data key="d38">0</data>
    </edge>
    <edge source="8" target="9">
      <data key="d37">Blue</data>
      <data key="d38">0</data>
    </edge>
    <edge source="8" target="17">
      <data key="d37">Blue</data>
      <data key="d38">0</data>
    </edge>
    <edge source="11" target="12">
      <data key="d37">Blue</data>
      <data key="d38">0</data>
    </edge>
    <edge source="12" target="17">
      <data key="d37">Blue</data>
      <data key="d38">0</data>
    </edge>
    <edge source="13" target="14">
      <data key="d37">Blue</data>
      <data key="d38">0</data>
    </edge>
    <edge source="14" target="16">
      <data key="d37">Blue</data>
      <data key="d38">0</data>
    </edge>
    <edge source="14" target="15">
      <data key="d37">Blue</data>
      <data key="d38">0</data>
    </edge>
    <edge source="15" target="16">
      <data key="d37">Blue</data>
      <data key="d38">0</data>
    </edge>
    <edge source="16" target="17">
      <data key="d37">Blue</data>
      <data key="d38">0</data>
    </edge>
  </graph>
</graphml>
