<?xml version="1.0" encoding="utf-8"?><graphml xmlns="http://graphml.graphdrawing.org/xmlns" xmlns:xsi="http://www.w3.org/2001/XMLSchema-instance" xsi:schemaLocation="http://graphml.graphdrawing.org/xmlns http://graphml.graphdrawing.org/xmlns/1.0/graphml.xsd">
  <key attr.name="key" attr.type="int" for="edge" id="d36" />
  <key attr.name="LinkLabel" attr.type="string" for="edge" id="d35" />
  <key attr.name="label" attr.type="string" for="node" id="d34" />
  <key attr.name="Longitude" attr.type="double" for="node" id="d33" />
  <key attr.name="id" attr.type="int" for="node" id="d32" />
  <key attr.name="type" attr.type="string" for="node" id="d31" />
  <key attr.name="Country" attr.type="string" for="node" id="d30" />
  <key attr.name="Latitude" attr.type="double" for="node" id="d29" />
  <key attr.name="Internal" attr.type="int" for="node" id="d28" />
  <key attr.name="Testbed" attr.type="int" for="graph" id="d27" />
  <key attr.name="LastProcessed" attr.type="string" for="graph" id="d26" />
  <key attr.name="DateYear" attr.type="string" for="graph" id="d25" />
  <key attr.name="NetworkDate" attr.type="string" for="graph" id="d24" />
  <key attr.name="Transit" attr.type="int" for="graph" id="d23" />
  <key attr.name="Developed" attr.type="int" for="graph" id="d22" />
  <key attr.name="Creator" attr.type="string" for="graph" id="d21" />
  <key attr.name="Layer" attr.type="string" for="graph" id="d20" />
  <key attr.name="LastAccess" attr.type="string" for="graph" id="d19" />
  <key attr.name="DateMonth" attr.type="string" for="graph" id="d18" />
  <key attr.name="DateModifier" attr.type="string" for="graph" id="d17" />
  <key attr.name="SourceGitVersion" attr.type="string" for="graph" id="d16" />
  <key attr.name="IX" attr.type="int" for="graph" id="d15" />
  <key attr.name="Customer" attr.type="int" for="graph" id="d14" />
  <key attr.name="ToolsetVersion" attr.type="string" for="graph" id="d13" />
  <key attr.name="label" attr.type="string" for="graph" id="d12" />
  <key attr.name="Commercial" attr.type="int" for="graph" id="d11" />
  <key attr.name="Backbone" attr.type="int" for="graph" id="d10" />
  <key attr.name="DateType" attr.type="string" for="graph" id="d9" />
  <key attr.name="Type" attr.type="string" for="graph" id="d8" />
  <key attr.name="Version" attr.type="string" for="graph" id="d7" />
  <key attr.name="Source" attr.type="string" for="graph" id="d6" />
  <key attr.name="Access" attr.type="int" for="graph" id="d5" />
  <key attr.name="Provenance" attr.type="string" for="graph" id="d4" />
  <key attr.name="Network" attr.type="string" for="graph" id="d3" />
  <key attr.name="GeoExtent" attr.type="string" for="graph" id="d2" />
  <key attr.name="GeoLocation" attr.type="string" for="graph" id="d1" />
  <key attr.name="DateObtained" attr.type="string" for="graph" id="d0" />
  <graph edgedefault="undirected">
    <data key="d0">23/03/11</data>
    <data key="d1">UK</data>
    <data key="d2">Country</data>
    <data key="d3">Hibernia Atlantic (UK)</data>
    <data key="d4">Primary</data>
    <data key="d5">0</data>
    <data key="d6">http://www.hiberniaatlantic.com/UK_network.html</data>
    <data key="d7">1.0</data>
    <data key="d8">COM</data>
    <data key="d9">Current</data>
    <data key="d10">1</data>
    <data key="d11">0</data>
    <data key="d12">HiberniaUk</data>
    <data key="d13">0.3.34dev-20120328</data>
    <data key="d14">0</data>
    <data key="d15">0</data>
    <data key="d16">e278b1b</data>
    <data key="d17">=</data>
    <data key="d18">03</data>
    <data key="d19">23/03/11</data>
    <data key="d20">IP</data>
    <data key="d21">Topology Zoo Toolset</data>
    <data key="d22">0</data>
    <data key="d23">1</data>
    <data key="d24">2011_03</data>
    <data key="d25">2011</data>
    <data key="d26">2011_09_01</data>
    <data key="d27">0</data>
    <node id="0">
      <data key="d28">1</data>
      <data key="d29">51.50853</data>
      <data key="d30">United Kingdom</data>
      <data key="d31">Large Node</data>
      <data key="d32">0</data>
      <data key="d33">-0.12574</data>
      <data key="d34">London</data>
    </node>
    <node id="1">
      <data key="d28">1</data>
      <data key="d29">53.64779</data>
      <data key="d30">United Kingdom</data>
      <data key="d31">Large Node</data>
      <data key="d32">1</data>
      <data key="d33">-3.00648</data>
      <data key="d34">Southport</data>
    </node>
    <node id="2">
      <data key="d28">0</data>
      <data key="d32">2</data>
      <data key="d34">None</data>
    </node>
    <node id="3">
      <data key="d28">0</data>
      <data key="d32">3</data>
      <data key="d34">None</data>
    </node>
    <node id="4">
      <data key="d28">1</data>
      <data key="d29">53.48095</data>
      <data key="d30">United Kingdom</data>
      <data key="d31">Large Node</data>
      <data key="d32">4</data>
      <data key="d33">-2.23743</data>
      <data key="d34">Manchester</data>
    </node>
    <node id="5">
      <data key="d28">1</data>
      <data key="d29">52.57364</data>
      <data key="d30">United Kingdom</data>
      <data key="d31">Small Node</data>
      <data key="d32">5</data>
      <data key="d33">-0.24777</data>
      <data key="d34">Peterborough</data>
    </node>
    <node id="6">
      <data key="d28">1</data>
      <data key="d29">52.2</data>
      <data key="d30">United Kingdom</data>
      <data key="d31">Small Node</data>
      <data key="d32">6</data>
      <data key="d33">0.11667</data>
      <data key="d34">Cambridge</data>
    </node>
    <node id="7">
      <data key="d28">1</data>
      <data key="d29">53.38297</data>
      <data key="d30">United Kingdom</data>
      <data key="d31">Small Node</data>
      <data key="d32">7</data>
      <data key="d33">-1.4659</data>
      <data key="d34">Sheffield</data>
    </node>
    <node id="8">
      <data key="d28">1</data>
      <data key="d29">52.63333</data>
      <data key="d30">United Kingdom</data>
      <data key="d31">Small Node</data>
      <data key="d32">8</data>
      <data key="d33">-1.13333</data>
      <data key="d34">Leicester</data>
    </node>
    <node id="9">
      <data key="d28">1</data>
      <data key="d29">53.93225</data>
      <data key="d30">United Kingdom</data>
      <data key="d31">Small Node</data>
      <data key="d32">9</data>
      <data key="d33">-2.20958</data>
      <data key="d34">Bracewell</data>
    </node>
    <node id="10">
      <data key="d28">1</data>
      <data key="d29">53.79648</data>
      <data key="d30">United Kingdom</data>
      <data key="d31">Small Node</data>
      <data key="d32">10</data>
      <data key="d33">-1.54785</data>
      <data key="d34">Leeds</data>
    </node>
    <node id="11">
      <data key="d28">1</data>
      <data key="d29">52.46667</data>
      <data key="d30">United Kingdom</data>
      <data key="d31">Small Node</data>
      <data key="d32">11</data>
      <data key="d33">-1.91667</data>
      <data key="d34">Birmingham</data>
    </node>
    <node id="12">
      <data key="d28">1</data>
      <data key="d29">53.41058</data>
      <data key="d30">United Kingdom</data>
      <data key="d31">Small Node</data>
      <data key="d32">12</data>
      <data key="d33">-2.97794</data>
      <data key="d34">Liverpool</data>
    </node>
    <node id="13">
      <data key="d28">1</data>
      <data key="d29">51.45625</data>
      <data key="d30">United Kingdom</data>
      <data key="d31">Small Node</data>
      <data key="d32">13</data>
      <data key="d33">-0.97113</data>
      <data key="d34">Reading</data>
    </node>
    <node id="14">
      <data key="d28">1</data>
      <data key="d29">51.45</data>
      <data key="d30">United Kingdom</data>
      <data key="d31">Small Node</data>
      <data key="d32">14</data>
      <data key="d33">-2.58333</data>
      <data key="d34">Bristol</data>
    </node>
    <edge source="0" target="3">
      <data key="d35">Blue Link</data>
      <data key="d36">0</data>
    </edge>
    <edge source="0" target="13">
      <data key="d35">Green Link</data>
      <data key="d36">0</data>
    </edge>
    <edge source="0" target="6">
      <data key="d35">Blue Link</data>
      <data key="d36">0</data>
    </edge>
    <edge source="1" target="9">
      <data key="d35">Blue Link</data>
      <data key="d36">0</data>
    </edge>
    <edge source="1" target="12">
      <data key="d35">Green Link</data>
      <data key="d36">0</data>
    </edge>
    <edge source="2" target="13">
      <data key="d35">Green Link</data>
      <data key="d36">0</data>
    </edge>
    <edge source="4" target="11">
      <data key="d35">Green Link</data>
      <data key="d36">0</data>
    </edge>
    <edge source="4" target="12">
      <data key="d35">Green Link</data>
      <data key="d36">0</data>
    </edge>
    <edge source="5" target="8">
      <data key="d35">Blue Link</data>
      <data key="d36">0</data>
    </edge>
    <edge source="5" target="6">
      <data key="d35">Blue Link</data>
      <data key="d36">0</data>
    </edge>
    <edge source="7" target="8">
      <data key="d35">Blue Link</data>
      <data key="d36">0</data>
    </edge>
    <edge source="7" target="10">
      <data key="d35">Blue Link</data>
      <data key="d36">0</data>
    </edge>
    <edge source="9" target="10">
      <data key="d35">Blue Link</data>
      <data key="d36">0</data>
    </edge>
    <edge source="11" target="14">
      <data key="d35">Green Link</data>
      <data key="d36">0</data>
    </edge>
    <edge source="13" target="14">
      <data key="d35">Green Link</data>
      <data key="d36">0</data>
    </edge>
  </graph>
</graphml>
