<?xml version="1.0" encoding="utf-8"?><graphml xmlns="http://graphml.graphdrawing.org/xmlns" xmlns:xsi="http://www.w3.org/2001/XMLSchema-instance" xsi:schemaLocation="http://graphml.graphdrawing.org/xmlns http://graphml.graphdrawing.org/xmlns/1.0/graphml.xsd">
  <key attr.name="key" attr.type="int" for="edge" id="d39" />
  <key attr.name="LinkLabel" attr.type="string" for="edge" id="d38" />
  <key attr.name="hyperedge" attr.type="int" for="node" id="d37" />
  <key attr.name="geocode_append" attr.type="string" for="node" id="d36" />
  <key attr.name="label" attr.type="string" for="node" id="d35" />
  <key attr.name="Longitude" attr.type="double" for="node" id="d34" />
  <key attr.name="id" attr.type="int" for="node" id="d33" />
  <key attr.name="type" attr.type="string" for="node" id="d32" />
  <key attr.name="Country" attr.type="string" for="node" id="d31" />
  <key attr.name="Latitude" attr.type="double" for="node" id="d30" />
  <key attr.name="Internal" attr.type="int" for="node" id="d29" />
  <key attr.name="Testbed" attr.type="int" for="graph" id="d28" />
  <key attr.name="LastProcessed" attr.type="string" for="graph" id="d27" />
  <key attr.name="DateYear" attr.type="string" for="graph" id="d26" />
  <key attr.name="NetworkDate" attr.type="string" for="graph" id="d25" />
  <key attr.name="Transit" attr.type="int" for="graph" id="d24" />
  <key attr.name="Developed" attr.type="int" for="graph" id="d23" />
  <key attr.name="Creator" attr.type="string" for="graph" id="d22" />
  <key attr.name="Layer" attr.type="string" for="graph" id="d21" />
  <key attr.name="Access" attr.type="int" for="graph" id="d20" />
  <key attr.name="LastAccess" attr.type="string" for="graph" id="d19" />
  <key attr.name="DateMonth" attr.type="string" for="graph" id="d18" />
  <key attr.name="DateModifier" attr.type="string" for="graph" id="d17" />
  <key attr.name="SourceGitVersion" attr.type="string" for="graph" id="d16" />
  <key attr.name="IX" attr.type="int" for="graph" id="d15" />
  <key attr.name="Customer" attr.type="int" for="graph" id="d14" />
  <key attr.name="ToolsetVersion" attr.type="string" for="graph" id="d13" />
  <key attr.name="label" attr.type="string" for="graph" id="d12" />
  <key attr.name="Commercial" attr.type="int" for="graph" id="d11" />
  <key attr.name="Backbone" attr.type="int" for="graph" id="d10" />
  <key attr.name="DateType" attr.type="string" for="graph" id="d9" />
  <key attr.name="Type" attr.type="string" for="graph" id="d8" />
  <key attr.name="Version" attr.type="string" for="graph" id="d7" />
  <key attr.name="Source" attr.type="string" for="graph" id="d6" />
  <key attr.name="Note" attr.type="string" for="graph" id="d5" />
  <key attr.name="Provenance" attr.type="string" for="graph" id="d4" />
  <key attr.name="Network" attr.type="string" for="graph" id="d3" />
  <key attr.name="GeoExtent" attr.type="string" for="graph" id="d2" />
  <key attr.name="GeoLocation" attr.type="string" for="graph" id="d1" />
  <key attr.name="DateObtained" attr.type="string" for="graph" id="d0" />
  <graph edgedefault="undirected">
    <data key="d0">23/03/11</data>
    <data key="d1">North America, Europe</data>
    <data key="d2">Continent+</data>
    <data key="d3">Hibernia Atlantic </data>
    <data key="d4">Primary</data>
    <data key="d5">Links unclear around Washington DC. Londonderry and Portrush have no node shown, only label. Missing Portrush node added in.</data>
    <data key="d6">http://www.hiberniaatlantic.com/documents/HA_NetworkPCard_0110.pdf</data>
    <data key="d7">1.0</data>
    <data key="d8">COM</data>
    <data key="d9">Current</data>
    <data key="d10">1</data>
    <data key="d11">0</data>
    <data key="d12">HiberniaGlobal</data>
    <data key="d13">0.3.34dev-20120328</data>
    <data key="d14">0</data>
    <data key="d15">0</data>
    <data key="d16">e278b1b</data>
    <data key="d17">=</data>
    <data key="d18">03</data>
    <data key="d19">23/03/11</data>
    <data key="d20">0</data>
    <data key="d21">IP</data>
    <data key="d22">Topology Zoo Toolset</data>
    <data key="d23">0</data>
    <data key="d24">1</data>
    <data key="d25">2011_03</data>
    <data key="d26">2011</data>
    <data key="d27">2011_09_01</data>
    <data key="d28">0</data>
    <node id="0">
      <data key="d29">1</data>
      <data key="d30">35.7721</data>
      <data key="d31">United States</data>
      <data key="d32">Red Node</data>
      <data key="d33">0</data>
      <data key="d34">-78.63861</data>
      <data key="d35">Raleigh</data>
    </node>
    <node id="1">
      <data key="d29">1</data>
      <data key="d30">25.77427</data>
      <data key="d31">United States</data>
      <data key="d32">Red Node</data>
      <data key="d33">1</data>
      <data key="d34">-80.19366</data>
      <data key="d35">Miami</data>
    </node>
    <node id="2">
      <data key="d29">1</data>
      <data key="d30">33.749</data>
      <data key="d31">United States</data>
      <data key="d32">Red Node</data>
      <data key="d33">2</data>
      <data key="d34">-84.38798</data>
      <data key="d35">Atlanta</data>
    </node>
    <node id="3">
      <data key="d36">Atlanta</data>
      <data key="d31">United States</data>
      <data key="d34">-80.84313</data>
      <data key="d35">Charlotte</data>
      <data key="d29">1</data>
      <data key="d30">35.22709</data>
      <data key="d32">Red Node</data>
      <data key="d33">3</data>
    </node>
    <node id="4">
      <data key="d29">1</data>
      <data key="d30">42.88645</data>
      <data key="d31">United States</data>
      <data key="d32">Red Node</data>
      <data key="d33">4</data>
      <data key="d34">-78.87837</data>
      <data key="d35">Buffalo</data>
    </node>
    <node id="5">
      <data key="d29">1</data>
      <data key="d30">41.4995</data>
      <data key="d31">United States</data>
      <data key="d32">Red Node</data>
      <data key="d33">5</data>
      <data key="d34">-81.69541</data>
      <data key="d35">Cleveland</data>
    </node>
    <node id="6">
      <data key="d29">1</data>
      <data key="d30">41.85003</data>
      <data key="d31">United States</data>
      <data key="d32">Red Node</data>
      <data key="d33">6</data>
      <data key="d34">-87.65005</data>
      <data key="d35">Chicago</data>
    </node>
    <node id="7">
      <data key="d29">1</data>
      <data key="d30">43.70011</data>
      <data key="d31">Canada</data>
      <data key="d32">Red Node</data>
      <data key="d33">7</data>
      <data key="d34">-79.4163</data>
      <data key="d35">Toronto</data>
    </node>
    <node id="8">
      <data key="d29">1</data>
      <data key="d30">45.50884</data>
      <data key="d31">Canada</data>
      <data key="d32">Red Node</data>
      <data key="d33">8</data>
      <data key="d34">-73.58781</data>
      <data key="d35">Montreal</data>
    </node>
    <node id="9">
      <data key="d29">1</data>
      <data key="d30">42.65258</data>
      <data key="d31">United States</data>
      <data key="d32">Red Node</data>
      <data key="d33">9</data>
      <data key="d34">-73.75623</data>
      <data key="d35">Albany</data>
    </node>
    <node id="10">
      <data key="d37">1</data>
      <data key="d29">1</data>
      <data key="d33">10</data>
      <data key="d35">None</data>
    </node>
    <node id="11">
      <data key="d37">1</data>
      <data key="d29">1</data>
      <data key="d33">11</data>
      <data key="d35">None</data>
    </node>
    <node id="12">
      <data key="d29">1</data>
      <data key="d30">37.55376</data>
      <data key="d31">United States</data>
      <data key="d32">Red Node</data>
      <data key="d33">12</data>
      <data key="d34">-77.46026</data>
      <data key="d35">Richmond</data>
    </node>
    <node id="13">
      <data key="d29">1</data>
      <data key="d30">40.71427</data>
      <data key="d31">United States</data>
      <data key="d32">Yellow Node</data>
      <data key="d33">13</data>
      <data key="d34">-74.00597</data>
      <data key="d35">New York</data>
    </node>
    <node id="14">
      <data key="d29">1</data>
      <data key="d30">52.37403</data>
      <data key="d31">Netherlands</data>
      <data key="d32">Red Node</data>
      <data key="d33">14</data>
      <data key="d34">4.88969</data>
      <data key="d35">Amsterdam</data>
    </node>
    <node id="15">
      <data key="d29">1</data>
      <data key="d30">51.22172</data>
      <data key="d31">Germany</data>
      <data key="d32">Red Node</data>
      <data key="d33">15</data>
      <data key="d34">6.77616</data>
      <data key="d35">Dusseldorf</data>
    </node>
    <node id="16">
      <data key="d29">1</data>
      <data key="d30">53.64779</data>
      <data key="d31">United Kingdom</data>
      <data key="d32">Red Node</data>
      <data key="d33">16</data>
      <data key="d34">-3.00648</data>
      <data key="d35">Southport</data>
    </node>
    <node id="17">
      <data key="d29">1</data>
      <data key="d30">53.48095</data>
      <data key="d31">United Kingdom</data>
      <data key="d32">Red Node</data>
      <data key="d33">17</data>
      <data key="d34">-2.23743</data>
      <data key="d35">Manchester</data>
    </node>
    <node id="18">
      <data key="d29">1</data>
      <data key="d30">51.45625</data>
      <data key="d31">United Kingdom</data>
      <data key="d32">Red Node</data>
      <data key="d33">18</data>
      <data key="d34">-0.97113</data>
      <data key="d35">Reading</data>
    </node>
    <node id="19">
      <data key="d29">1</data>
      <data key="d30">51.50853</data>
      <data key="d31">United Kingdom</data>
      <data key="d32">Red Node</data>
      <data key="d33">19</data>
      <data key="d34">-0.12574</data>
      <data key="d35">London</data>
    </node>
    <node id="20">
      <data key="d29">1</data>
      <data key="d30">51.43158</data>
      <data key="d31">United Kingdom</data>
      <data key="d32">Red Node</data>
      <data key="d33">20</data>
      <data key="d34">-0.55239</data>
      <data key="d35">Egham</data>
    </node>
    <node id="21">
      <data key="d29">1</data>
      <data key="d30">50.30869</data>
      <data key="d31">France</data>
      <data key="d32">Red Node</data>
      <data key="d33">21</data>
      <data key="d34">2.94777</data>
      <data key="d35">Biache</data>
    </node>
    <node id="22">
      <data key="d29">1</data>
      <data key="d30">48.85341</data>
      <data key="d31">France</data>
      <data key="d32">Red Node</data>
      <data key="d33">22</data>
      <data key="d34">2.3488</data>
      <data key="d35">Paris</data>
    </node>
    <node id="23">
      <data key="d29">1</data>
      <data key="d30">50.85045</data>
      <data key="d31">Belgium</data>
      <data key="d32">Red Node</data>
      <data key="d33">23</data>
      <data key="d34">4.34878</data>
      <data key="d35">Brussels</data>
    </node>
    <node id="24">
      <data key="d29">1</data>
      <data key="d30">55.19592</data>
      <data key="d31">United Kingdom</data>
      <data key="d32">Red Node</data>
      <data key="d33">24</data>
      <data key="d34">-6.6493</data>
      <data key="d35">Portrush</data>
    </node>
    <node id="25">
      <data key="d29">1</data>
      <data key="d30">39.29038</data>
      <data key="d31">United States</data>
      <data key="d32">Red Node</data>
      <data key="d33">25</data>
      <data key="d34">-76.61219</data>
      <data key="d35">Baltimore</data>
    </node>
    <node id="26">
      <data key="d29">1</data>
      <data key="d30">38.89511</data>
      <data key="d31">United States</data>
      <data key="d32">Red Node</data>
      <data key="d33">26</data>
      <data key="d34">-77.03637</data>
      <data key="d35">Washington Dc</data>
    </node>
    <node id="27">
      <data key="d29">1</data>
      <data key="d30">49.48833</data>
      <data key="d31">Germany</data>
      <data key="d32">Red Node</data>
      <data key="d33">27</data>
      <data key="d34">8.46472</data>
      <data key="d35">Mannheim</data>
    </node>
    <node id="28">
      <data key="d29">1</data>
      <data key="d30">50.11667</data>
      <data key="d31">Germany</data>
      <data key="d32">Red Node</data>
      <data key="d33">28</data>
      <data key="d34">8.68333</data>
      <data key="d35">Frankfurt</data>
    </node>
    <node id="29">
      <data key="d29">1</data>
      <data key="d30">40.73566</data>
      <data key="d31">United States</data>
      <data key="d32">Red Node</data>
      <data key="d33">29</data>
      <data key="d34">-74.17237</data>
      <data key="d35">Newark</data>
    </node>
    <node id="30">
      <data key="d29">1</data>
      <data key="d30">48.58342</data>
      <data key="d31">France</data>
      <data key="d32">Red Node</data>
      <data key="d33">30</data>
      <data key="d34">7.74296</data>
      <data key="d35">Strasbourg</data>
    </node>
    <node id="31">
      <data key="d29">1</data>
      <data key="d30">40.44062</data>
      <data key="d31">United States</data>
      <data key="d32">Red Node</data>
      <data key="d33">31</data>
      <data key="d34">-79.99589</data>
      <data key="d35">Pittsburgh</data>
    </node>
    <node id="32">
      <data key="d29">1</data>
      <data key="d30">39.04372</data>
      <data key="d31">United States</data>
      <data key="d32">Red Node</data>
      <data key="d33">32</data>
      <data key="d34">-77.48749</data>
      <data key="d35">Ashburn</data>
    </node>
    <node id="33">
      <data key="d29">1</data>
      <data key="d30">38.93428</data>
      <data key="d31">United States</data>
      <data key="d32">Red Node</data>
      <data key="d33">33</data>
      <data key="d34">-77.17748</data>
      <data key="d35">McClean</data>
    </node>
    <node id="34">
      <data key="d29">1</data>
      <data key="d30">39.95234</data>
      <data key="d31">United States</data>
      <data key="d32">Red Node</data>
      <data key="d33">34</data>
      <data key="d34">-75.16379</data>
      <data key="d35">Philadelphia</data>
    </node>
    <node id="35">
      <data key="d29">1</data>
      <data key="d30">53.34399</data>
      <data key="d31">Ireland</data>
      <data key="d32">Red Node</data>
      <data key="d33">35</data>
      <data key="d34">-6.26719</data>
      <data key="d35">Dublin</data>
    </node>
    <node id="36">
      <data key="d29">1</data>
      <data key="d30">54.58333</data>
      <data key="d31">United Kingdom</data>
      <data key="d32">Red Node</data>
      <data key="d33">36</data>
      <data key="d34">-5.93333</data>
      <data key="d35">Belfast</data>
    </node>
    <node id="37">
      <data key="d36">Canada</data>
      <data key="d31">Canada</data>
      <data key="d34">-71.29543</data>
      <data key="d35">Sainte-Foy</data>
      <data key="d29">1</data>
      <data key="d30">46.75615</data>
      <data key="d32">Red Node</data>
      <data key="d33">37</data>
    </node>
    <node id="38">
      <data key="d29">1</data>
      <data key="d30">42.35843</data>
      <data key="d31">United States</data>
      <data key="d32">Red Node</data>
      <data key="d33">38</data>
      <data key="d34">-71.05977</data>
      <data key="d35">Boston</data>
    </node>
    <node id="39">
      <data key="d29">1</data>
      <data key="d30">41.05343</data>
      <data key="d31">United States</data>
      <data key="d32">Red Node</data>
      <data key="d33">39</data>
      <data key="d34">-73.53873</data>
      <data key="d35">Stamford</data>
    </node>
    <node id="40">
      <data key="d29">1</data>
      <data key="d30">41.03399</data>
      <data key="d31">United States</data>
      <data key="d32">Red Node</data>
      <data key="d33">40</data>
      <data key="d34">-73.76291</data>
      <data key="d35">White Plains</data>
    </node>
    <node id="41">
      <data key="d29">1</data>
      <data key="d30">44.646</data>
      <data key="d31">Canada</data>
      <data key="d32">Red Node</data>
      <data key="d33">41</data>
      <data key="d34">-63.57333</data>
      <data key="d35">Halifax</data>
    </node>
    <node id="42">
      <data key="d36">Canada</data>
      <data key="d31">Canada</data>
      <data key="d34">-63.26538</data>
      <data key="d35">Truro</data>
      <data key="d29">1</data>
      <data key="d30">45.36685</data>
      <data key="d32">Red Node</data>
      <data key="d33">42</data>
    </node>
    <node id="43">
      <data key="d29">1</data>
      <data key="d30">46.11594</data>
      <data key="d31">Canada</data>
      <data key="d32">Red Node</data>
      <data key="d33">43</data>
      <data key="d34">-64.80186</data>
      <data key="d35">Moncton</data>
    </node>
    <node id="44">
      <data key="d29">1</data>
      <data key="d30">47.3737</data>
      <data key="d31">Canada</data>
      <data key="d32">Red Node</data>
      <data key="d33">44</data>
      <data key="d34">-68.32512</data>
      <data key="d35">Edmundston</data>
    </node>
    <node id="45">
      <data key="d29">1</data>
      <data key="d30">29.76328</data>
      <data key="d31">United States</data>
      <data key="d32">Red Node</data>
      <data key="d33">45</data>
      <data key="d34">-95.36327</data>
      <data key="d35">Houston</data>
    </node>
    <node id="46">
      <data key="d29">1</data>
      <data key="d30">27.94752</data>
      <data key="d31">United States</data>
      <data key="d32">Red Node</data>
      <data key="d33">46</data>
      <data key="d34">-82.45843</data>
      <data key="d35">Tampa</data>
    </node>
    <node id="47">
      <data key="d29">1</data>
      <data key="d30">47.60621</data>
      <data key="d31">United States</data>
      <data key="d32">Red Node</data>
      <data key="d33">47</data>
      <data key="d34">-122.33207</data>
      <data key="d35">Seattle</data>
    </node>
    <node id="48">
      <data key="d29">1</data>
      <data key="d30">39.73915</data>
      <data key="d31">United States</data>
      <data key="d32">Red Node</data>
      <data key="d33">48</data>
      <data key="d34">-104.9847</data>
      <data key="d35">Denver</data>
    </node>
    <node id="49">
      <data key="d29">1</data>
      <data key="d30">37.77493</data>
      <data key="d31">United States</data>
      <data key="d32">Red Node</data>
      <data key="d33">49</data>
      <data key="d34">-122.41942</data>
      <data key="d35">San Francisco</data>
    </node>
    <node id="50">
      <data key="d29">1</data>
      <data key="d30">34.05223</data>
      <data key="d31">United States</data>
      <data key="d32">Red Node</data>
      <data key="d33">50</data>
      <data key="d34">-118.24368</data>
      <data key="d35">Los Angeles</data>
    </node>
    <node id="51">
      <data key="d29">1</data>
      <data key="d30">32.71533</data>
      <data key="d31">United States</data>
      <data key="d32">Red Node</data>
      <data key="d33">51</data>
      <data key="d34">-117.15726</data>
      <data key="d35">San Diego</data>
    </node>
    <node id="52">
      <data key="d29">1</data>
      <data key="d30">36.17497</data>
      <data key="d31">United States</data>
      <data key="d32">Red Node</data>
      <data key="d33">52</data>
      <data key="d34">-115.13722</data>
      <data key="d35">Las Vegas</data>
    </node>
    <node id="53">
      <data key="d29">1</data>
      <data key="d30">33.44838</data>
      <data key="d31">United States</data>
      <data key="d32">Red Node</data>
      <data key="d33">53</data>
      <data key="d34">-112.07404</data>
      <data key="d35">Phoenix</data>
    </node>
    <node id="54">
      <data key="d29">1</data>
      <data key="d30">32.78306</data>
      <data key="d31">United States</data>
      <data key="d32">Red Node</data>
      <data key="d33">54</data>
      <data key="d34">-96.80667</data>
      <data key="d35">Dallas</data>
    </node>
    <edge source="0" target="25">
      <data key="d38">Green Link</data>
      <data key="d39">0</data>
    </edge>
    <edge source="0" target="3">
      <data key="d38">Green Link</data>
      <data key="d39">0</data>
    </edge>
    <edge source="0" target="12">
      <data key="d38">Green Link</data>
      <data key="d39">0</data>
    </edge>
    <edge source="1" target="3">
      <data key="d38">Green Link</data>
      <data key="d39">0</data>
    </edge>
    <edge source="1" target="46">
      <data key="d38">Green Link</data>
      <data key="d39">0</data>
    </edge>
    <edge source="2" target="25">
      <data key="d38">Green Link</data>
      <data key="d39">0</data>
    </edge>
    <edge source="2" target="3">
      <data key="d38">Green Link</data>
      <data key="d39">0</data>
    </edge>
    <edge source="2" target="45">
      <data key="d38">Green Link</data>
      <data key="d39">0</data>
    </edge>
    <edge source="2" target="46">
      <data key="d38">Green Link</data>
      <data key="d39">0</data>
    </edge>
    <edge source="4" target="9">
      <data key="d38">Green Link</data>
      <data key="d39">0</data>
    </edge>
    <edge source="4" target="5">
      <data key="d38">Green Link</data>
      <data key="d39">0</data>
    </edge>
    <edge source="4" target="7">
      <data key="d38">Green Link</data>
      <data key="d39">0</data>
    </edge>
    <edge source="5" target="6">
      <data key="d38">Green Link</data>
      <data key="d39">0</data>
    </edge>
    <edge source="5" target="31">
      <data key="d38">Green Link</data>
      <data key="d39">0</data>
    </edge>
    <edge source="6" target="48">
      <data key="d38">Green Link</data>
      <data key="d39">0</data>
    </edge>
    <edge source="6" target="31">
      <data key="d38">Green Link</data>
      <data key="d39">0</data>
    </edge>
    <edge source="6" target="54">
      <data key="d38">Green Link</data>
      <data key="d39">0</data>
    </edge>
    <edge source="6" target="13">
      <data key="d38">Green Link</data>
      <data key="d39">0</data>
    </edge>
    <edge source="7" target="8">
      <data key="d38">Green Link</data>
      <data key="d39">0</data>
    </edge>
    <edge source="8" target="9">
      <data key="d38">Green Link</data>
      <data key="d39">0</data>
    </edge>
    <edge source="8" target="37">
      <data key="d38">Green Link</data>
      <data key="d39">0</data>
    </edge>
    <edge source="9" target="13">
      <data key="d38">Green Link</data>
      <data key="d39">0</data>
    </edge>
    <edge source="9" target="38">
      <data key="d38">Green Link</data>
      <data key="d39">0</data>
    </edge>
    <edge source="10" target="16">
      <data key="d38">Green Link</data>
      <data key="d39">0</data>
    </edge>
    <edge source="10" target="11">
      <data key="d38">Green Link</data>
      <data key="d39">0</data>
    </edge>
    <edge source="10" target="19">
      <data key="d38">Green Link</data>
      <data key="d39">0</data>
    </edge>
    <edge source="11" target="19">
      <data key="d38">Green Link</data>
      <data key="d39">0</data>
    </edge>
    <edge source="11" target="14">
      <data key="d38">Green Link</data>
      <data key="d39">0</data>
    </edge>
    <edge source="12" target="26">
      <data key="d38">Green Link</data>
      <data key="d39">0</data>
    </edge>
    <edge source="13" target="34">
      <data key="d38">Green Link</data>
      <data key="d39">0</data>
    </edge>
    <edge source="13" target="38">
      <data key="d38">Green Link</data>
      <data key="d39">0</data>
    </edge>
    <edge source="13" target="39">
      <data key="d38">Green Link</data>
      <data key="d39">0</data>
    </edge>
    <edge source="13" target="50">
      <data key="d38">Green Link</data>
      <data key="d39">0</data>
    </edge>
    <edge source="13" target="29">
      <data key="d38">Green Link</data>
      <data key="d39">0</data>
    </edge>
    <edge source="14" target="23">
      <data key="d38">Green Link</data>
      <data key="d39">0</data>
    </edge>
    <edge source="14" target="15">
      <data key="d38">Green Link</data>
      <data key="d39">0</data>
    </edge>
    <edge source="15" target="28">
      <data key="d38">Green Link</data>
      <data key="d39">0</data>
    </edge>
    <edge source="16" target="24">
      <data key="d38">Green Link</data>
      <data key="d39">0</data>
    </edge>
    <edge source="16" target="17">
      <data key="d38">Green Link</data>
      <data key="d39">0</data>
    </edge>
    <edge source="16" target="35">
      <data key="d38">Green Link</data>
      <data key="d39">0</data>
    </edge>
    <edge source="17" target="18">
      <data key="d38">Green Link</data>
      <data key="d39">0</data>
    </edge>
    <edge source="18" target="19">
      <data key="d38">Green Link</data>
      <data key="d39">0</data>
    </edge>
    <edge source="18" target="20">
      <data key="d38">Green Link</data>
      <data key="d39">0</data>
    </edge>
    <edge source="19" target="20">
      <data key="d38">Green Link</data>
      <data key="d39">0</data>
    </edge>
    <edge source="20" target="21">
      <data key="d38">Green Link</data>
      <data key="d39">0</data>
    </edge>
    <edge source="21" target="22">
      <data key="d38">Green Link</data>
      <data key="d39">0</data>
    </edge>
    <edge source="21" target="23">
      <data key="d38">Green Link</data>
      <data key="d39">0</data>
    </edge>
    <edge source="22" target="30">
      <data key="d38">Green Link</data>
      <data key="d39">0</data>
    </edge>
    <edge source="24" target="41">
      <data key="d38">Green Link</data>
      <data key="d39">0</data>
    </edge>
    <edge source="24" target="36">
      <data key="d38">Green Link</data>
      <data key="d39">0</data>
    </edge>
    <edge source="25" target="33">
      <data key="d38">Green Link</data>
      <data key="d39">0</data>
    </edge>
    <edge source="25" target="26">
      <data key="d38">Green Link</data>
      <data key="d39">0</data>
    </edge>
    <edge source="25" target="31">
      <data key="d38">Green Link</data>
      <data key="d39">0</data>
    </edge>
    <edge source="26" target="33">
      <data key="d38">Green Link</data>
      <data key="d39">0</data>
    </edge>
    <edge source="27" target="28">
      <data key="d38">Green Link</data>
      <data key="d39">0</data>
    </edge>
    <edge source="27" target="30">
      <data key="d38">Green Link</data>
      <data key="d39">0</data>
    </edge>
    <edge source="29" target="40">
      <data key="d38">Green Link</data>
      <data key="d39">0</data>
    </edge>
    <edge source="29" target="32">
      <data key="d38">Green Link</data>
      <data key="d39">0</data>
    </edge>
    <edge source="29" target="34">
      <data key="d38">Green Link</data>
      <data key="d39">0</data>
    </edge>
    <edge source="31" target="32">
      <data key="d38">Green Link</data>
      <data key="d39">0</data>
    </edge>
    <edge source="32" target="33">
      <data key="d38">Green Link</data>
      <data key="d39">0</data>
    </edge>
    <edge source="32" target="34">
      <data key="d38">Green Link</data>
      <data key="d39">0</data>
    </edge>
    <edge source="35" target="41">
      <data key="d38">Green Link</data>
      <data key="d39">0</data>
    </edge>
    <edge source="35" target="36">
      <data key="d38">Green Link</data>
      <data key="d39">0</data>
    </edge>
    <edge source="37" target="44">
      <data key="d38">Green Link</data>
      <data key="d39">0</data>
    </edge>
    <edge source="38" target="41">
      <data key="d38">Green Link</data>
      <data key="d39">0</data>
    </edge>
    <edge source="38" target="39">
      <data key="d38">Green Link</data>
      <data key="d39">0</data>
    </edge>
    <edge source="39" target="40">
      <data key="d38">Green Link</data>
      <data key="d39">0</data>
    </edge>
    <edge source="41" target="42">
      <data key="d38">Green Link</data>
      <data key="d39">0</data>
    </edge>
    <edge source="42" target="43">
      <data key="d38">Green Link</data>
      <data key="d39">0</data>
    </edge>
    <edge source="43" target="44">
      <data key="d38">Green Link</data>
      <data key="d39">0</data>
    </edge>
    <edge source="45" target="53">
      <data key="d38">Green Link</data>
      <data key="d39">0</data>
    </edge>
    <edge source="45" target="54">
      <data key="d38">Green Link</data>
      <data key="d39">0</data>
    </edge>
    <edge source="47" target="48">
      <data key="d38">Green Link</data>
      <data key="d39">0</data>
    </edge>
    <edge source="47" target="49">
      <data key="d38">Green Link</data>
      <data key="d39">0</data>
    </edge>
    <edge source="48" target="49">
      <data key="d38">Green Link</data>
      <data key="d39">0</data>
    </edge>
    <edge source="49" target="50">
      <data key="d38">Green Link</data>
      <data key="d39">0</data>
    </edge>
    <edge source="50" target="51">
      <data key="d38">Green Link</data>
      <data key="d39">0</data>
    </edge>
    <edge source="50" target="52">
      <data key="d38">Green Link</data>
      <data key="d39">0</data>
    </edge>
    <edge source="50" target="53">
      <data key="d38">Green Link</data>
      <data key="d39">0</data>
    </edge>
    <edge source="51" target="53">
      <data key="d38">Green Link</data>
      <data key="d39">0</data>
    </edge>
  </graph>
</graphml>
