<?xml version="1.0" encoding="utf-8"?><graphml xmlns="http://graphml.graphdrawing.org/xmlns" xmlns:xsi="http://www.w3.org/2001/XMLSchema-instance" xsi:schemaLocation="http://graphml.graphdrawing.org/xmlns http://graphml.graphdrawing.org/xmlns/1.0/graphml.xsd">
  <key attr.name="key" attr.type="int" for="edge" id="d35" />
  <key attr.name="id" attr.type="string" for="edge" id="d34" />
  <key attr.name="label" attr.type="string" for="node" id="d33" />
  <key attr.name="Longitude" attr.type="double" for="node" id="d32" />
  <key attr.name="id" attr.type="int" for="node" id="d31" />
  <key attr.name="Country" attr.type="string" for="node" id="d30" />
  <key attr.name="Latitude" attr.type="double" for="node" id="d29" />
  <key attr.name="Internal" attr.type="int" for="node" id="d28" />
  <key attr.name="Testbed" attr.type="int" for="graph" id="d27" />
  <key attr.name="LastProcessed" attr.type="string" for="graph" id="d26" />
  <key attr.name="DateYear" attr.type="string" for="graph" id="d25" />
  <key attr.name="NetworkDate" attr.type="string" for="graph" id="d24" />
  <key attr.name="Transit" attr.type="int" for="graph" id="d23" />
  <key attr.name="Developed" attr.type="int" for="graph" id="d22" />
  <key attr.name="Creator" attr.type="string" for="graph" id="d21" />
  <key attr.name="Layer" attr.type="string" for="graph" id="d20" />
  <key attr.name="LastAccess" attr.type="string" for="graph" id="d19" />
  <key attr.name="DateMonth" attr.type="string" for="graph" id="d18" />
  <key attr.name="DateModifier" attr.type="string" for="graph" id="d17" />
  <key attr.name="SourceGitVersion" attr.type="string" for="graph" id="d16" />
  <key attr.name="IX" attr.type="int" for="graph" id="d15" />
  <key attr.name="Customer" attr.type="int" for="graph" id="d14" />
  <key attr.name="ToolsetVersion" attr.type="string" for="graph" id="d13" />
  <key attr.name="label" attr.type="string" for="graph" id="d12" />
  <key attr.name="Commercial" attr.type="int" for="graph" id="d11" />
  <key attr.name="Backbone" attr.type="int" for="graph" id="d10" />
  <key attr.name="DateType" attr.type="string" for="graph" id="d9" />
  <key attr.name="Type" attr.type="string" for="graph" id="d8" />
  <key attr.name="Version" attr.type="string" for="graph" id="d7" />
  <key attr.name="Source" attr.type="string" for="graph" id="d6" />
  <key attr.name="Access" attr.type="int" for="graph" id="d5" />
  <key attr.name="Provenance" attr.type="string" for="graph" id="d4" />
  <key attr.name="Network" attr.type="string" for="graph" id="d3" />
  <key attr.name="GeoExtent" attr.type="string" for="graph" id="d2" />
  <key attr.name="GeoLocation" attr.type="string" for="graph" id="d1" />
  <key attr.name="DateObtained" attr.type="string" for="graph" id="d0" />
  <graph edgedefault="undirected">
    <data key="d0">2/01/11</data>
    <data key="d1">Global</data>
    <data key="d2">Global</data>
    <data key="d3">Hostway International</data>
    <data key="d4">Primary</data>
    <data key="d5">0</data>
    <data key="d6">http://www.hostway.com/images/dedicated-servers/infrastructure/map-00.gif</data>
    <data key="d7">1.0</data>
    <data key="d8">COM</data>
    <data key="d9">Current</data>
    <data key="d10">1</data>
    <data key="d11">0</data>
    <data key="d12">HostwayInternational</data>
    <data key="d13">0.3.34dev-20120328</data>
    <data key="d14">1</data>
    <data key="d15">0</data>
    <data key="d16">e278b1b</data>
    <data key="d17">=</data>
    <data key="d18">01</data>
    <data key="d19">2/01/11</data>
    <data key="d20">IP</data>
    <data key="d21">Topology Zoo Toolset</data>
    <data key="d22">0</data>
    <data key="d23">1</data>
    <data key="d24">2011_01</data>
    <data key="d25">2011</data>
    <data key="d26">2011_09_01</data>
    <data key="d27">0</data>
    <node id="0">
      <data key="d28">1</data>
      <data key="d29">47.60621</data>
      <data key="d30">United States</data>
      <data key="d31">0</data>
      <data key="d32">-122.33207</data>
      <data key="d33">Seattle</data>
    </node>
    <node id="1">
      <data key="d28">1</data>
      <data key="d29">27.94752</data>
      <data key="d30">United States</data>
      <data key="d31">1</data>
      <data key="d32">-82.45843</data>
      <data key="d33">Tampa</data>
    </node>
    <node id="2">
      <data key="d28">1</data>
      <data key="d29">41.85003</data>
      <data key="d30">United States</data>
      <data key="d31">2</data>
      <data key="d32">-87.65005</data>
      <data key="d33">Chicago</data>
    </node>
    <node id="3">
      <data key="d28">1</data>
      <data key="d29">49.24966</data>
      <data key="d30">Canada</data>
      <data key="d31">3</data>
      <data key="d32">-123.11934</data>
      <data key="d33">Vancouver</data>
    </node>
    <node id="4">
      <data key="d28">1</data>
      <data key="d29">25.77427</data>
      <data key="d30">United States</data>
      <data key="d31">4</data>
      <data key="d32">-80.19366</data>
      <data key="d33">Miami</data>
    </node>
    <node id="5">
      <data key="d28">1</data>
      <data key="d29">30.26715</data>
      <data key="d30">United States</data>
      <data key="d31">5</data>
      <data key="d32">-97.74306</data>
      <data key="d33">Austin</data>
    </node>
    <node id="6">
      <data key="d28">1</data>
      <data key="d29">40.71427</data>
      <data key="d30">United States</data>
      <data key="d31">6</data>
      <data key="d32">-74.00597</data>
      <data key="d33">New York</data>
    </node>
    <node id="7">
      <data key="d28">1</data>
      <data key="d29">33.749</data>
      <data key="d30">United States</data>
      <data key="d31">7</data>
      <data key="d32">-84.38798</data>
      <data key="d33">Atlanta</data>
    </node>
    <node id="8">
      <data key="d28">1</data>
      <data key="d29">44.43225</data>
      <data key="d30">Romania</data>
      <data key="d31">8</data>
      <data key="d32">26.10626</data>
      <data key="d33">Bucharest</data>
    </node>
    <node id="9">
      <data key="d28">1</data>
      <data key="d29">37.56826</data>
      <data key="d30">South Korea</data>
      <data key="d31">9</data>
      <data key="d32">126.97783</data>
      <data key="d33">Seoul</data>
    </node>
    <node id="10">
      <data key="d28">1</data>
      <data key="d29">-33.86785</data>
      <data key="d30">Australia</data>
      <data key="d31">10</data>
      <data key="d32">151.20732</data>
      <data key="d33">Sydney</data>
    </node>
    <node id="11">
      <data key="d28">1</data>
      <data key="d29">52.37052</data>
      <data key="d30">Germany</data>
      <data key="d31">11</data>
      <data key="d32">9.73322</data>
      <data key="d33">Hannover</data>
    </node>
    <node id="12">
      <data key="d28">1</data>
      <data key="d29">52.37403</data>
      <data key="d30">Netherlands</data>
      <data key="d31">12</data>
      <data key="d32">4.88969</data>
      <data key="d33">Amsterdam</data>
    </node>
    <node id="13">
      <data key="d28">1</data>
      <data key="d29">51.21667</data>
      <data key="d30">Belgium</data>
      <data key="d31">13</data>
      <data key="d32">4.41667</data>
      <data key="d33">Antwerp</data>
    </node>
    <node id="14">
      <data key="d28">1</data>
      <data key="d29">50.11667</data>
      <data key="d30">Germany</data>
      <data key="d31">14</data>
      <data key="d32">8.68333</data>
      <data key="d33">Frankfurt</data>
    </node>
    <node id="15">
      <data key="d28">1</data>
      <data key="d29">51.50853</data>
      <data key="d30">United Kingdom</data>
      <data key="d31">15</data>
      <data key="d32">-0.12574</data>
      <data key="d33">London</data>
    </node>
    <edge source="0" target="2">
      <data key="d34">e16</data>
      <data key="d35">0</data>
    </edge>
    <edge source="0" target="3">
      <data key="d34">e18</data>
      <data key="d35">0</data>
    </edge>
    <edge source="0" target="5">
      <data key="d34">e19</data>
      <data key="d35">0</data>
    </edge>
    <edge source="1" target="4">
      <data key="d34">e20</data>
      <data key="d35">0</data>
    </edge>
    <edge source="1" target="7">
      <data key="d34">e14</data>
      <data key="d35">0</data>
    </edge>
    <edge source="2" target="5">
      <data key="d34">e17</data>
      <data key="d35">0</data>
    </edge>
    <edge source="2" target="7">
      <data key="d34">e13</data>
      <data key="d35">0</data>
    </edge>
    <edge source="4" target="10">
      <data key="d34">e4</data>
      <data key="d35">0</data>
    </edge>
    <edge source="4" target="6">
      <data key="d34">e12</data>
      <data key="d35">0</data>
    </edge>
    <edge source="4" target="7">
      <data key="d34">e15</data>
      <data key="d35">0</data>
    </edge>
    <edge source="6" target="10">
      <data key="d34">e3</data>
      <data key="d35">0</data>
    </edge>
    <edge source="6" target="15">
      <data key="d34">e10</data>
      <data key="d35">0</data>
    </edge>
    <edge source="6" target="7">
      <data key="d34">e11</data>
      <data key="d35">0</data>
    </edge>
    <edge source="8" target="9">
      <data key="d34">e0</data>
      <data key="d35">0</data>
    </edge>
    <edge source="8" target="14">
      <data key="d34">e1</data>
      <data key="d35">0</data>
    </edge>
    <edge source="9" target="10">
      <data key="d34">e2</data>
      <data key="d35">0</data>
    </edge>
    <edge source="11" target="12">
      <data key="d34">e5</data>
      <data key="d35">0</data>
    </edge>
    <edge source="11" target="14">
      <data key="d34">e6</data>
      <data key="d35">0</data>
    </edge>
    <edge source="12" target="13">
      <data key="d34">e7</data>
      <data key="d35">0</data>
    </edge>
    <edge source="12" target="15">
      <data key="d34">e8</data>
      <data key="d35">0</data>
    </edge>
    <edge source="13" target="14">
      <data key="d34">e9</data>
      <data key="d35">0</data>
    </edge>
  </graph>
</graphml>
