<?xml version="1.0" encoding="utf-8"?><graphml xmlns="http://graphml.graphdrawing.org/xmlns" xmlns:xsi="http://www.w3.org/2001/XMLSchema-instance" xsi:schemaLocation="http://graphml.graphdrawing.org/xmlns http://graphml.graphdrawing.org/xmlns/1.0/graphml.xsd">
  <key attr.name="LinkSpeedRaw" attr.type="double" for="edge" id="d40" />
  <key attr.name="LinkSpeedUnits" attr.type="string" for="edge" id="d39" />
  <key attr.name="LinkSpeed" attr.type="string" for="edge" id="d38" />
  <key attr.name="LinkNote" attr.type="string" for="edge" id="d37" />
  <key attr.name="key" attr.type="int" for="edge" id="d36" />
  <key attr.name="LinkLabel" attr.type="string" for="edge" id="d35" />
  <key attr.name="LinkType" attr.type="string" for="edge" id="d34" />
  <key attr.name="label" attr.type="string" for="node" id="d33" />
  <key attr.name="Longitude" attr.type="double" for="node" id="d32" />
  <key attr.name="id" attr.type="int" for="node" id="d31" />
  <key attr.name="Country" attr.type="string" for="node" id="d30" />
  <key attr.name="Latitude" attr.type="double" for="node" id="d29" />
  <key attr.name="Internal" attr.type="int" for="node" id="d28" />
  <key attr.name="Testbed" attr.type="int" for="graph" id="d27" />
  <key attr.name="LastProcessed" attr.type="string" for="graph" id="d26" />
  <key attr.name="DateYear" attr.type="string" for="graph" id="d25" />
  <key attr.name="NetworkDate" attr.type="string" for="graph" id="d24" />
  <key attr.name="Transit" attr.type="int" for="graph" id="d23" />
  <key attr.name="Developed" attr.type="int" for="graph" id="d22" />
  <key attr.name="Creator" attr.type="string" for="graph" id="d21" />
  <key attr.name="Layer" attr.type="string" for="graph" id="d20" />
  <key attr.name="LastAccess" attr.type="string" for="graph" id="d19" />
  <key attr.name="DateMonth" attr.type="string" for="graph" id="d18" />
  <key attr.name="DateModifier" attr.type="string" for="graph" id="d17" />
  <key attr.name="SourceGitVersion" attr.type="string" for="graph" id="d16" />
  <key attr.name="IX" attr.type="int" for="graph" id="d15" />
  <key attr.name="Customer" attr.type="int" for="graph" id="d14" />
  <key attr.name="ToolsetVersion" attr.type="string" for="graph" id="d13" />
  <key attr.name="label" attr.type="string" for="graph" id="d12" />
  <key attr.name="Commercial" attr.type="int" for="graph" id="d11" />
  <key attr.name="Backbone" attr.type="int" for="graph" id="d10" />
  <key attr.name="Type" attr.type="string" for="graph" id="d9" />
  <key attr.name="DateType" attr.type="string" for="graph" id="d8" />
  <key attr.name="Version" attr.type="string" for="graph" id="d7" />
  <key attr.name="Source" attr.type="string" for="graph" id="d6" />
  <key attr.name="Access" attr.type="int" for="graph" id="d5" />
  <key attr.name="Provenance" attr.type="string" for="graph" id="d4" />
  <key attr.name="Network" attr.type="string" for="graph" id="d3" />
  <key attr.name="GeoExtent" attr.type="string" for="graph" id="d2" />
  <key attr.name="GeoLocation" attr.type="string" for="graph" id="d1" />
  <key attr.name="DateObtained" attr.type="string" for="graph" id="d0" />
  <graph edgedefault="undirected">
    <data key="d0">21/10/10</data>
    <data key="d1">Japan, USA</data>
    <data key="d2">Country+</data>
    <data key="d3">IIJ</data>
    <data key="d4">Primary</data>
    <data key="d5">0</data>
    <data key="d6">http://www.iij.ad.jp/en/network/backbone/index.html</data>
    <data key="d7">1.0</data>
    <data key="d8">Historic</data>
    <data key="d9">COM</data>
    <data key="d10">1</data>
    <data key="d11">0</data>
    <data key="d12">Iij</data>
    <data key="d13">0.3.34dev-20120328</data>
    <data key="d14">1</data>
    <data key="d15">0</data>
    <data key="d16">e278b1b</data>
    <data key="d17">=</data>
    <data key="d18">10</data>
    <data key="d19">3/08/10</data>
    <data key="d20">IP</data>
    <data key="d21">Topology Zoo Toolset</data>
    <data key="d22">1</data>
    <data key="d23">0</data>
    <data key="d24">2010_10</data>
    <data key="d25">2010</data>
    <data key="d26">2011_09_01</data>
    <data key="d27">0</data>
    <node id="0">
      <data key="d28">1</data>
      <data key="d29">35.61488</data>
      <data key="d30">Japan</data>
      <data key="d31">0</data>
      <data key="d32">139.5813</data>
      <data key="d33">Tokyo DC1</data>
    </node>
    <node id="1">
      <data key="d28">1</data>
      <data key="d29">35.61488</data>
      <data key="d30">Japan</data>
      <data key="d31">1</data>
      <data key="d32">139.5813</data>
      <data key="d33">Tokyo DC2</data>
    </node>
    <node id="2">
      <data key="d28">1</data>
      <data key="d29">31.81667</data>
      <data key="d30">Japan</data>
      <data key="d31">2</data>
      <data key="d32">130.3</data>
      <data key="d33">Sendai DC</data>
    </node>
    <node id="3">
      <data key="d28">1</data>
      <data key="d29">35.90807</data>
      <data key="d30">Japan</data>
      <data key="d31">3</data>
      <data key="d32">139.65657</data>
      <data key="d33">Saitama DC</data>
    </node>
    <node id="4">
      <data key="d28">1</data>
      <data key="d29">35.73333</data>
      <data key="d30">Japan</data>
      <data key="d31">4</data>
      <data key="d32">139.65</data>
      <data key="d33">Nerima DC</data>
    </node>
    <node id="5">
      <data key="d28">1</data>
      <data key="d29">35.44778</data>
      <data key="d30">Japan</data>
      <data key="d31">5</data>
      <data key="d32">139.6425</data>
      <data key="d33">Yokohama DC1</data>
    </node>
    <node id="6">
      <data key="d28">1</data>
      <data key="d29">35.65758</data>
      <data key="d30">Japan</data>
      <data key="d31">6</data>
      <data key="d32">139.7049</data>
      <data key="d33">Shibuya DC</data>
    </node>
    <node id="7">
      <data key="d28">1</data>
      <data key="d29">35.73023</data>
      <data key="d30">Japan</data>
      <data key="d31">7</data>
      <data key="d32">139.7115</data>
      <data key="d33">Ikebukuro DC</data>
    </node>
    <node id="8">
      <data key="d28">1</data>
      <data key="d29">35.44778</data>
      <data key="d30">Japan</data>
      <data key="d31">8</data>
      <data key="d32">139.6425</data>
      <data key="d33">Yokohama DC2</data>
    </node>
    <node id="9">
      <data key="d28">1</data>
      <data key="d29">35.18147</data>
      <data key="d30">Japan</data>
      <data key="d31">9</data>
      <data key="d32">136.90641</data>
      <data key="d33">Nagoya DC</data>
    </node>
    <node id="10">
      <data key="d28">0</data>
      <data key="d31">10</data>
      <data key="d33">JPNAP Tokyo 1</data>
    </node>
    <node id="11">
      <data key="d28">0</data>
      <data key="d31">11</data>
      <data key="d33">China</data>
    </node>
    <node id="12">
      <data key="d28">0</data>
      <data key="d31">12</data>
      <data key="d33">JPNAP Osaka</data>
    </node>
    <node id="13">
      <data key="d28">0</data>
      <data key="d31">13</data>
      <data key="d33">JPNAP Tokyo 2</data>
    </node>
    <node id="14">
      <data key="d28">0</data>
      <data key="d31">14</data>
      <data key="d33">NYIIX</data>
    </node>
    <node id="15">
      <data key="d28">0</data>
      <data key="d31">15</data>
      <data key="d33">PAIX</data>
    </node>
    <node id="16">
      <data key="d28">0</data>
      <data key="d31">16</data>
      <data key="d33">LAIIX</data>
    </node>
    <node id="17">
      <data key="d28">0</data>
      <data key="d31">17</data>
      <data key="d33">dix-ie</data>
    </node>
    <node id="18">
      <data key="d28">0</data>
      <data key="d31">18</data>
      <data key="d33">Equinix exchange</data>
    </node>
    <node id="19">
      <data key="d28">1</data>
      <data key="d29">40.71427</data>
      <data key="d30">United States</data>
      <data key="d31">19</data>
      <data key="d32">-74.00597</data>
      <data key="d33">Newyork DC</data>
    </node>
    <node id="20">
      <data key="d28">1</data>
      <data key="d29">33.60639</data>
      <data key="d30">Japan</data>
      <data key="d31">20</data>
      <data key="d32">130.41806</data>
      <data key="d33">Fukuoka DC</data>
    </node>
    <node id="21">
      <data key="d28">1</data>
      <data key="d29">34.67511</data>
      <data key="d30">Japan</data>
      <data key="d31">21</data>
      <data key="d32">135.50031</data>
      <data key="d33">Shinsaibashi DC</data>
    </node>
    <node id="22">
      <data key="d28">1</data>
      <data key="d29">35.02107</data>
      <data key="d30">Japan</data>
      <data key="d31">22</data>
      <data key="d32">135.75385</data>
      <data key="d33">Kyoto DC</data>
    </node>
    <node id="23">
      <data key="d28">1</data>
      <data key="d29">39.04372</data>
      <data key="d30">United States</data>
      <data key="d31">23</data>
      <data key="d32">-77.48749</data>
      <data key="d33">Ashburn DC</data>
    </node>
    <node id="24">
      <data key="d28">1</data>
      <data key="d29">30.45075</data>
      <data key="d30">United States</data>
      <data key="d31">24</data>
      <data key="d32">-91.15455</data>
      <data key="d33">LA DC</data>
    </node>
    <node id="25">
      <data key="d28">1</data>
      <data key="d29">37.33939</data>
      <data key="d30">United States</data>
      <data key="d31">25</data>
      <data key="d32">-121.89496</data>
      <data key="d33">San Jose DC</data>
    </node>
    <node id="26">
      <data key="d28">1</data>
      <data key="d29">37.44188</data>
      <data key="d30">United States</data>
      <data key="d31">26</data>
      <data key="d32">-122.14302</data>
      <data key="d33">PaloAlto DC</data>
    </node>
    <node id="27">
      <data key="d28">1</data>
      <data key="d29">26.33583</data>
      <data key="d30">Japan</data>
      <data key="d31">27</data>
      <data key="d32">127.80139</data>
      <data key="d33">Okinawa</data>
    </node>
    <node id="28">
      <data key="d28">1</data>
      <data key="d29">43.06417</data>
      <data key="d30">Japan</data>
      <data key="d31">28</data>
      <data key="d32">141.34694</data>
      <data key="d33">Sappora DC</data>
    </node>
    <node id="29">
      <data key="d28">1</data>
      <data key="d29">35.60472</data>
      <data key="d30">Japan</data>
      <data key="d31">29</data>
      <data key="d32">140.12333</data>
      <data key="d33">Chiba</data>
    </node>
    <node id="30">
      <data key="d28">1</data>
      <data key="d29">35.61488</data>
      <data key="d30">Japan</data>
      <data key="d31">30</data>
      <data key="d32">139.5813</data>
      <data key="d33">Tokyo</data>
    </node>
    <node id="31">
      <data key="d28">1</data>
      <data key="d29">36.69528</data>
      <data key="d30">Japan</data>
      <data key="d31">31</data>
      <data key="d32">137.21139</data>
      <data key="d33">Toyama</data>
    </node>
    <node id="32">
      <data key="d28">1</data>
      <data key="d29">36.59444</data>
      <data key="d30">Japan</data>
      <data key="d31">32</data>
      <data key="d32">136.62556</data>
      <data key="d33">Kanazawa</data>
    </node>
    <node id="33">
      <data key="d28">1</data>
      <data key="d29">34.7</data>
      <data key="d30">Japan</data>
      <data key="d31">33</data>
      <data key="d32">137.73333</data>
      <data key="d33">Hamamatsu</data>
    </node>
    <node id="34">
      <data key="d28">1</data>
      <data key="d29">34.69374</data>
      <data key="d30">Japan</data>
      <data key="d31">34</data>
      <data key="d32">135.50218</data>
      <data key="d33">Osaka</data>
    </node>
    <node id="35">
      <data key="d28">1</data>
      <data key="d29">34.66167</data>
      <data key="d30">Japan</data>
      <data key="d31">35</data>
      <data key="d32">133.935</data>
      <data key="d33">Okayama</data>
    </node>
    <node id="36">
      <data key="d28">1</data>
      <data key="d29">34.39627</data>
      <data key="d30">Japan</data>
      <data key="d31">36</data>
      <data key="d32">132.45937</data>
      <data key="d33">Hiroshima</data>
    </node>
    <edge source="0" target="30">
      <data key="d34">STM-16</data>
      <data key="d35">STM-16</data>
      <data key="d36">0</data>
    </edge>
    <edge source="0" target="6">
      <data key="d34">STM-16</data>
      <data key="d35">STM-16</data>
      <data key="d36">0</data>
    </edge>
    <edge source="1" target="30">
      <data key="d34">STM-64</data>
      <data key="d35">STM-64x2</data>
      <data key="d37">x2</data>
      <data key="d36">0</data>
    </edge>
    <edge source="1" target="6">
      <data key="d34">STM-16</data>
      <data key="d35">STM-16</data>
      <data key="d36">0</data>
    </edge>
    <edge source="2" target="30">
      <data key="d34">STM-64</data>
      <data key="d35">STM-64</data>
      <data key="d36">0</data>
    </edge>
    <edge source="2" target="6">
      <data key="d34">STM-64</data>
      <data key="d35">STM-64</data>
      <data key="d36">0</data>
    </edge>
    <edge source="3" target="30">
      <data key="d34">STM-64</data>
      <data key="d35">STM-64</data>
      <data key="d36">0</data>
    </edge>
    <edge source="3" target="6">
      <data key="d34">STM-4</data>
      <data key="d35">STM-4x2</data>
      <data key="d37">x2</data>
      <data key="d36">0</data>
    </edge>
    <edge source="4" target="6">
      <data key="d38">10</data>
      <data key="d39">G</data>
      <data key="d35">10GEx4</data>
      <data key="d37">Ex4</data>
      <data key="d40">10000000000.0</data>
      <data key="d36">0</data>
    </edge>
    <edge source="5" target="30">
      <data key="d34">STM-64</data>
      <data key="d35">STM-64</data>
      <data key="d36">0</data>
    </edge>
    <edge source="5" target="6">
      <data key="d34">STM-64</data>
      <data key="d35">STM-64</data>
      <data key="d36">0</data>
    </edge>
    <edge source="6" target="7">
      <data key="d38">10</data>
      <data key="d39">G</data>
      <data key="d35">10GEx12</data>
      <data key="d37">Ex12</data>
      <data key="d40">10000000000.0</data>
      <data key="d36">0</data>
    </edge>
    <edge source="6" target="8">
      <data key="d34">STM-16</data>
      <data key="d35">STM-16</data>
      <data key="d36">0</data>
    </edge>
    <edge source="6" target="9">
      <data key="d34">STM-64</data>
      <data key="d35">STM-64x2</data>
      <data key="d37">x2</data>
      <data key="d36">0</data>
    </edge>
    <edge source="6" target="34">
      <data key="d34">STM-64</data>
      <data key="d35">STM-64x2</data>
      <data key="d37">x2</data>
      <data key="d36">0</data>
    </edge>
    <edge source="6" target="21">
      <data key="d34">STM-64</data>
      <data key="d35">STM-64x2</data>
      <data key="d37">x2</data>
      <data key="d36">0</data>
    </edge>
    <edge source="6" target="24">
      <data key="d34">STM-64</data>
      <data key="d35">STM-64x2</data>
      <data key="d37">x2</data>
      <data key="d36">0</data>
    </edge>
    <edge source="6" target="28">
      <data key="d34">STM-64</data>
      <data key="d35">STM-64</data>
      <data key="d36">0</data>
    </edge>
    <edge source="6" target="29">
      <data key="d34">STM-4</data>
      <data key="d35">STM-4</data>
      <data key="d36">0</data>
    </edge>
    <edge source="6" target="30">
      <data key="d34">STM-4</data>
      <data key="d35">STM-4</data>
      <data key="d36">0</data>
    </edge>
    <edge source="6" target="30">
      <data key="d38">10</data>
      <data key="d39">G</data>
      <data key="d35">10GEx24</data>
      <data key="d37">Ex24</data>
      <data key="d40">10000000000.0</data>
      <data key="d36">1</data>
    </edge>
    <edge source="7" target="34">
      <data key="d34">STM-64</data>
      <data key="d35">STM-64x2</data>
      <data key="d37">x2</data>
      <data key="d36">0</data>
    </edge>
    <edge source="7" target="30">
      <data key="d38">10</data>
      <data key="d39">G</data>
      <data key="d35">10Gex12</data>
      <data key="d37">ex12</data>
      <data key="d40">10000000000.0</data>
      <data key="d36">0</data>
    </edge>
    <edge source="7" target="13">
      <data key="d38">10</data>
      <data key="d35">10Gb/s</data>
      <data key="d39">G</data>
      <data key="d40">10000000000.0</data>
      <data key="d36">0</data>
    </edge>
    <edge source="8" target="30">
      <data key="d34">STM-16</data>
      <data key="d35">STM-16</data>
      <data key="d36">0</data>
    </edge>
    <edge source="9" target="33">
      <data key="d34">STM-1</data>
      <data key="d35">STM-1</data>
      <data key="d36">0</data>
    </edge>
    <edge source="9" target="34">
      <data key="d34">STM-64</data>
      <data key="d35">STM-64</data>
      <data key="d36">0</data>
    </edge>
    <edge source="9" target="30">
      <data key="d34">STM-64</data>
      <data key="d35">STM-64x2</data>
      <data key="d37">x2</data>
      <data key="d36">0</data>
    </edge>
    <edge source="10" target="30">
      <data key="d38">30</data>
      <data key="d35">30Gb/s</data>
      <data key="d39">G</data>
      <data key="d40">30000000000.0</data>
      <data key="d36">0</data>
    </edge>
    <edge source="11" target="34">
      <data key="d34">STM-4</data>
      <data key="d35">STM-4</data>
      <data key="d36">0</data>
    </edge>
    <edge source="12" target="34">
      <data key="d38">40</data>
      <data key="d35">40Gb/s</data>
      <data key="d39">G</data>
      <data key="d40">40000000000.0</data>
      <data key="d36">0</data>
    </edge>
    <edge source="14" target="19">
      <data key="d38">10</data>
      <data key="d35">10Gb/s</data>
      <data key="d39">G</data>
      <data key="d40">10000000000.0</data>
      <data key="d36">0</data>
    </edge>
    <edge source="15" target="19">
      <data key="d38">10</data>
      <data key="d35">10Gb/s</data>
      <data key="d39">G</data>
      <data key="d40">10000000000.0</data>
      <data key="d36">0</data>
    </edge>
    <edge source="16" target="24">
      <data key="d38">1</data>
      <data key="d35">1Gb/s</data>
      <data key="d39">G</data>
      <data key="d40">1000000000.0</data>
      <data key="d36">0</data>
    </edge>
    <edge source="17" target="30">
      <data key="d38">11</data>
      <data key="d35">11Gb/s</data>
      <data key="d39">G</data>
      <data key="d40">11000000000.0</data>
      <data key="d36">0</data>
    </edge>
    <edge source="18" target="24">
      <data key="d38">10</data>
      <data key="d35">10Gb/s</data>
      <data key="d39">G</data>
      <data key="d40">10000000000.0</data>
      <data key="d36">0</data>
    </edge>
    <edge source="18" target="25">
      <data key="d38">10</data>
      <data key="d35">10Gb/s</data>
      <data key="d39">G</data>
      <data key="d40">10000000000.0</data>
      <data key="d36">0</data>
    </edge>
    <edge source="18" target="23">
      <data key="d38">10</data>
      <data key="d35">10Gb/s</data>
      <data key="d39">G</data>
      <data key="d40">10000000000.0</data>
      <data key="d36">0</data>
    </edge>
    <edge source="19" target="24">
      <data key="d34">STM-16</data>
      <data key="d35">STM-16</data>
      <data key="d36">0</data>
    </edge>
    <edge source="19" target="25">
      <data key="d34">STM-64</data>
      <data key="d35">STM-64</data>
      <data key="d36">0</data>
    </edge>
    <edge source="19" target="23">
      <data key="d34">STM-16</data>
      <data key="d35">STM-16</data>
      <data key="d36">0</data>
    </edge>
    <edge source="20" target="34">
      <data key="d34">STM-64</data>
      <data key="d35">STM-64</data>
      <data key="d36">0</data>
    </edge>
    <edge source="20" target="27">
      <data key="d34">STM-4</data>
      <data key="d35">STM-4x2</data>
      <data key="d37">x2</data>
      <data key="d36">0</data>
    </edge>
    <edge source="20" target="21">
      <data key="d34">STM-64</data>
      <data key="d35">STM-64</data>
      <data key="d36">0</data>
    </edge>
    <edge source="21" target="32">
      <data key="d34">STM-16</data>
      <data key="d35">STM-16</data>
      <data key="d36">0</data>
    </edge>
    <edge source="21" target="34">
      <data key="d38">10</data>
      <data key="d39">G</data>
      <data key="d35">10GEx8</data>
      <data key="d37">Ex8</data>
      <data key="d40">10000000000.0</data>
      <data key="d36">0</data>
    </edge>
    <edge source="21" target="35">
      <data key="d34">STM-4</data>
      <data key="d35">STM-4</data>
      <data key="d36">0</data>
    </edge>
    <edge source="21" target="36">
      <data key="d34">STM-64</data>
      <data key="d35">STM-64</data>
      <data key="d36">0</data>
    </edge>
    <edge source="21" target="22">
      <data key="d34">STM-4</data>
      <data key="d35">STM-4</data>
      <data key="d36">0</data>
    </edge>
    <edge source="21" target="30">
      <data key="d34">STM-64</data>
      <data key="d35">STM-64x2</data>
      <data key="d37">x2</data>
      <data key="d36">0</data>
    </edge>
    <edge source="22" target="34">
      <data key="d34">STM-4</data>
      <data key="d35">STM-4</data>
      <data key="d36">0</data>
    </edge>
    <edge source="23" target="24">
      <data key="d34">STM-64</data>
      <data key="d35">STM-64</data>
      <data key="d36">0</data>
    </edge>
    <edge source="23" target="25">
      <data key="d34">STM-64</data>
      <data key="d35">STM-64</data>
      <data key="d36">0</data>
    </edge>
    <edge source="24" target="34">
      <data key="d34">STM-64</data>
      <data key="d35">STM-64x2</data>
      <data key="d37">x2</data>
      <data key="d36">0</data>
    </edge>
    <edge source="24" target="25">
      <data key="d34">STM-64</data>
      <data key="d35">STM-64</data>
      <data key="d36">0</data>
    </edge>
    <edge source="24" target="26">
      <data key="d34">STM-16</data>
      <data key="d35">STM-16</data>
      <data key="d36">0</data>
    </edge>
    <edge source="25" target="26">
      <data key="d34">STM-16</data>
      <data key="d35">STM-16</data>
      <data key="d36">0</data>
    </edge>
    <edge source="25" target="30">
      <data key="d34">STM-64</data>
      <data key="d35">STM-64x4</data>
      <data key="d37">x4</data>
      <data key="d36">0</data>
    </edge>
    <edge source="28" target="30">
      <data key="d34">STM-64</data>
      <data key="d35">STM-64</data>
      <data key="d36">0</data>
    </edge>
    <edge source="29" target="30">
      <data key="d34">STM-4</data>
      <data key="d35">STM-4</data>
      <data key="d36">0</data>
    </edge>
    <edge source="30" target="34">
      <data key="d34">STM-64</data>
      <data key="d35">STM-64x2</data>
      <data key="d37">x2</data>
      <data key="d36">0</data>
    </edge>
    <edge source="30" target="33">
      <data key="d34">STM-1</data>
      <data key="d35">STM-1</data>
      <data key="d36">0</data>
    </edge>
    <edge source="30" target="31">
      <data key="d34">STM-16</data>
      <data key="d35">STM-16</data>
      <data key="d36">0</data>
    </edge>
    <edge source="31" target="32">
      <data key="d34">STM-16</data>
      <data key="d35">STM-16</data>
      <data key="d36">0</data>
    </edge>
    <edge source="34" target="35">
      <data key="d34">STM-4</data>
      <data key="d35">STM-4</data>
      <data key="d36">0</data>
    </edge>
    <edge source="34" target="36">
      <data key="d34">STM-64</data>
      <data key="d35">STM-64</data>
      <data key="d36">0</data>
    </edge>
  </graph>
</graphml>
