<?xml version="1.0" encoding="utf-8"?><graphml xmlns="http://graphml.graphdrawing.org/xmlns" xmlns:xsi="http://www.w3.org/2001/XMLSchema-instance" xsi:schemaLocation="http://graphml.graphdrawing.org/xmlns http://graphml.graphdrawing.org/xmlns/1.0/graphml.xsd">
  <key attr.name="key" attr.type="int" for="edge" id="d35" />
  <key attr.name="id" attr.type="string" for="edge" id="d34" />
  <key attr.name="Longitude" attr.type="double" for="node" id="d33" />
  <key attr.name="Country" attr.type="string" for="node" id="d32" />
  <key attr.name="Latitude" attr.type="double" for="node" id="d31" />
  <key attr.name="label" attr.type="string" for="node" id="d30" />
  <key attr.name="id" attr.type="int" for="node" id="d29" />
  <key attr.name="Internal" attr.type="int" for="node" id="d28" />
  <key attr.name="Testbed" attr.type="int" for="graph" id="d27" />
  <key attr.name="LastProcessed" attr.type="string" for="graph" id="d26" />
  <key attr.name="DateYear" attr.type="string" for="graph" id="d25" />
  <key attr.name="NetworkDate" attr.type="string" for="graph" id="d24" />
  <key attr.name="Transit" attr.type="int" for="graph" id="d23" />
  <key attr.name="Developed" attr.type="int" for="graph" id="d22" />
  <key attr.name="Creator" attr.type="string" for="graph" id="d21" />
  <key attr.name="Layer" attr.type="string" for="graph" id="d20" />
  <key attr.name="LastAccess" attr.type="string" for="graph" id="d19" />
  <key attr.name="DateMonth" attr.type="string" for="graph" id="d18" />
  <key attr.name="DateModifier" attr.type="string" for="graph" id="d17" />
  <key attr.name="SourceGitVersion" attr.type="string" for="graph" id="d16" />
  <key attr.name="IX" attr.type="int" for="graph" id="d15" />
  <key attr.name="Customer" attr.type="int" for="graph" id="d14" />
  <key attr.name="ToolsetVersion" attr.type="string" for="graph" id="d13" />
  <key attr.name="label" attr.type="string" for="graph" id="d12" />
  <key attr.name="Commercial" attr.type="int" for="graph" id="d11" />
  <key attr.name="Backbone" attr.type="int" for="graph" id="d10" />
  <key attr.name="DateType" attr.type="string" for="graph" id="d9" />
  <key attr.name="Type" attr.type="string" for="graph" id="d8" />
  <key attr.name="Version" attr.type="string" for="graph" id="d7" />
  <key attr.name="Source" attr.type="string" for="graph" id="d6" />
  <key attr.name="Access" attr.type="int" for="graph" id="d5" />
  <key attr.name="Provenance" attr.type="string" for="graph" id="d4" />
  <key attr.name="Network" attr.type="string" for="graph" id="d3" />
  <key attr.name="GeoExtent" attr.type="string" for="graph" id="d2" />
  <key attr.name="GeoLocation" attr.type="string" for="graph" id="d1" />
  <key attr.name="DateObtained" attr.type="string" for="graph" id="d0" />
  <graph edgedefault="undirected">
    <data key="d0">2/12/10</data>
    <data key="d1">Australia</data>
    <data key="d2">Country</data>
    <data key="d3">IINET </data>
    <data key="d4">Primary</data>
    <data key="d5">1</data>
    <data key="d6">http://www.iinet.net.au/iinetwork/network-diagrams.html</data>
    <data key="d7">1.0</data>
    <data key="d8">COM</data>
    <data key="d9">Current</data>
    <data key="d10">1</data>
    <data key="d11">0</data>
    <data key="d12">Iinet</data>
    <data key="d13">0.3.34dev-20120328</data>
    <data key="d14">1</data>
    <data key="d15">0</data>
    <data key="d16">e278b1b</data>
    <data key="d17">=</data>
    <data key="d18">08</data>
    <data key="d19">3/08/10</data>
    <data key="d20">IP</data>
    <data key="d21">Topology Zoo Toolset</data>
    <data key="d22">0</data>
    <data key="d23">1</data>
    <data key="d24">2010_08</data>
    <data key="d25">2010</data>
    <data key="d26">2011_09_01</data>
    <data key="d27">0</data>
    <node id="0">
      <data key="d28">0</data>
      <data key="d29">0</data>
      <data key="d30">AKAMAI</data>
    </node>
    <node id="1">
      <data key="d28">0</data>
      <data key="d29">1</data>
      <data key="d30">Velocix</data>
    </node>
    <node id="2">
      <data key="d28">0</data>
      <data key="d29">2</data>
      <data key="d30">AARNET</data>
    </node>
    <node id="3">
      <data key="d28">0</data>
      <data key="d29">3</data>
      <data key="d30">WADE</data>
    </node>
    <node id="4">
      <data key="d28">0</data>
      <data key="d29">4</data>
      <data key="d30">Pipe</data>
    </node>
    <node id="5">
      <data key="d28">0</data>
      <data key="d29">5</data>
      <data key="d30">AARNET</data>
    </node>
    <node id="6">
      <data key="d28">0</data>
      <data key="d29">6</data>
      <data key="d30">Pipe</data>
    </node>
    <node id="7">
      <data key="d28">0</data>
      <data key="d29">7</data>
      <data key="d30">Transact</data>
    </node>
    <node id="8">
      <data key="d28">0</data>
      <data key="d29">8</data>
      <data key="d30">AKAMAI</data>
    </node>
    <node id="9">
      <data key="d28">0</data>
      <data key="d29">9</data>
      <data key="d30">PIPE</data>
    </node>
    <node id="10">
      <data key="d28">0</data>
      <data key="d29">10</data>
      <data key="d30">VOCUS</data>
    </node>
    <node id="11">
      <data key="d28">0</data>
      <data key="d29">11</data>
      <data key="d30">TELSTRA</data>
    </node>
    <node id="12">
      <data key="d28">0</data>
      <data key="d29">12</data>
      <data key="d30">REACH</data>
    </node>
    <node id="13">
      <data key="d28">0</data>
      <data key="d29">13</data>
      <data key="d30">AKAMAI</data>
    </node>
    <node id="14">
      <data key="d28">0</data>
      <data key="d29">14</data>
      <data key="d30">GOOGLE</data>
    </node>
    <node id="15">
      <data key="d28">0</data>
      <data key="d29">15</data>
      <data key="d30">PIPE</data>
    </node>
    <node id="16">
      <data key="d28">0</data>
      <data key="d29">16</data>
      <data key="d30">PIPE</data>
    </node>
    <node id="17">
      <data key="d28">0</data>
      <data key="d29">17</data>
      <data key="d30">Equinix</data>
    </node>
    <node id="18">
      <data key="d28">0</data>
      <data key="d29">18</data>
      <data key="d30">AARNET</data>
    </node>
    <node id="19">
      <data key="d28">0</data>
      <data key="d29">19</data>
      <data key="d30">AKAMAI</data>
    </node>
    <node id="20">
      <data key="d28">0</data>
      <data key="d29">20</data>
      <data key="d30">PIPE</data>
    </node>
    <node id="21">
      <data key="d28">1</data>
      <data key="d31">-42.87936</data>
      <data key="d32">Australia</data>
      <data key="d29">21</data>
      <data key="d33">147.32941</data>
      <data key="d30">Hobart</data>
    </node>
    <node id="22">
      <data key="d28">0</data>
      <data key="d29">22</data>
      <data key="d30">Google</data>
    </node>
    <node id="23">
      <data key="d28">1</data>
      <data key="d31">-12.46113</data>
      <data key="d32">Australia</data>
      <data key="d29">23</data>
      <data key="d33">130.84185</data>
      <data key="d30">Darwin</data>
    </node>
    <node id="24">
      <data key="d28">1</data>
      <data key="d31">-34.93333</data>
      <data key="d32">Australia</data>
      <data key="d29">24</data>
      <data key="d33">138.6</data>
      <data key="d30">Adelaide</data>
    </node>
    <node id="25">
      <data key="d28">1</data>
      <data key="d31">-31.93333</data>
      <data key="d32">Australia</data>
      <data key="d29">25</data>
      <data key="d33">115.83333</data>
      <data key="d30">Perth</data>
    </node>
    <node id="26">
      <data key="d28">1</data>
      <data key="d31">-27.46794</data>
      <data key="d32">Australia</data>
      <data key="d29">26</data>
      <data key="d33">153.02809</data>
      <data key="d30">Brisbane</data>
    </node>
    <node id="27">
      <data key="d28">1</data>
      <data key="d31">-33.86785</data>
      <data key="d32">Australia</data>
      <data key="d29">27</data>
      <data key="d33">151.20732</data>
      <data key="d30">Sydney1</data>
    </node>
    <node id="28">
      <data key="d28">1</data>
      <data key="d31">-33.86785</data>
      <data key="d32">Australia</data>
      <data key="d29">28</data>
      <data key="d33">151.20732</data>
      <data key="d30">Sydney2</data>
    </node>
    <node id="29">
      <data key="d28">1</data>
      <data key="d31">-35.28346</data>
      <data key="d32">Australia</data>
      <data key="d29">29</data>
      <data key="d33">149.12807</data>
      <data key="d30">Canberra</data>
    </node>
    <node id="30">
      <data key="d28">1</data>
      <data key="d31">-37.814</data>
      <data key="d32">Australia</data>
      <data key="d29">30</data>
      <data key="d33">144.96332</data>
      <data key="d30">Melbourne</data>
    </node>
    <edge source="0" target="25">
      <data key="d34">e10</data>
      <data key="d35">0</data>
    </edge>
    <edge source="1" target="25">
      <data key="d34">e11</data>
      <data key="d35">0</data>
    </edge>
    <edge source="2" target="25">
      <data key="d34">e8</data>
      <data key="d35">0</data>
    </edge>
    <edge source="3" target="25">
      <data key="d34">e9</data>
      <data key="d35">0</data>
    </edge>
    <edge source="4" target="29">
      <data key="d34">e29</data>
      <data key="d35">0</data>
    </edge>
    <edge source="5" target="29">
      <data key="d34">e30</data>
      <data key="d35">0</data>
    </edge>
    <edge source="6" target="24">
      <data key="d34">e3</data>
      <data key="d35">0</data>
    </edge>
    <edge source="7" target="29">
      <data key="d34">e31</data>
      <data key="d35">0</data>
    </edge>
    <edge source="8" target="30">
      <data key="d34">e32</data>
      <data key="d35">0</data>
    </edge>
    <edge source="9" target="30">
      <data key="d34">e33</data>
      <data key="d35">0</data>
    </edge>
    <edge source="10" target="28">
      <data key="d34">e28</data>
      <data key="d35">0</data>
    </edge>
    <edge source="11" target="27">
      <data key="d34">e19</data>
      <data key="d35">0</data>
    </edge>
    <edge source="11" target="28">
      <data key="d34">e27</data>
      <data key="d35">0</data>
    </edge>
    <edge source="12" target="28">
      <data key="d34">e26</data>
      <data key="d35">0</data>
    </edge>
    <edge source="13" target="28">
      <data key="d34">e25</data>
      <data key="d35">0</data>
    </edge>
    <edge source="14" target="28">
      <data key="d34">e24</data>
      <data key="d35">0</data>
    </edge>
    <edge source="15" target="28">
      <data key="d34">e23</data>
      <data key="d35">0</data>
    </edge>
    <edge source="16" target="21">
      <data key="d34">e34</data>
      <data key="d35">0</data>
    </edge>
    <edge source="17" target="27">
      <data key="d34">e18</data>
      <data key="d35">0</data>
    </edge>
    <edge source="18" target="27">
      <data key="d34">e17</data>
      <data key="d35">0</data>
    </edge>
    <edge source="19" target="26">
      <data key="d34">e13</data>
      <data key="d35">0</data>
    </edge>
    <edge source="20" target="26">
      <data key="d34">e12</data>
      <data key="d35">0</data>
    </edge>
    <edge source="21" target="28">
      <data key="d34">e22</data>
      <data key="d35">0</data>
    </edge>
    <edge source="22" target="25">
      <data key="d34">e7</data>
      <data key="d35">0</data>
    </edge>
    <edge source="23" target="24">
      <data key="d34">e0</data>
      <data key="d35">0</data>
    </edge>
    <edge source="24" target="25">
      <data key="d34">e1</data>
      <data key="d35">0</data>
    </edge>
    <edge source="24" target="27">
      <data key="d34">e2</data>
      <data key="d35">0</data>
    </edge>
    <edge source="24" target="29">
      <data key="d34">e4</data>
      <data key="d35">0</data>
    </edge>
    <edge source="25" target="27">
      <data key="d34">e5</data>
      <data key="d35">0</data>
    </edge>
    <edge source="25" target="28">
      <data key="d34">e6</data>
      <data key="d35">0</data>
    </edge>
    <edge source="26" target="27">
      <data key="d34">e14</data>
      <data key="d35">0</data>
    </edge>
    <edge source="26" target="28">
      <data key="d34">e15</data>
      <data key="d35">0</data>
    </edge>
    <edge source="27" target="30">
      <data key="d34">e16</data>
      <data key="d35">0</data>
    </edge>
    <edge source="28" target="29">
      <data key="d34">e20</data>
      <data key="d35">0</data>
    </edge>
    <edge source="28" target="30">
      <data key="d34">e21</data>
      <data key="d35">0</data>
    </edge>
  </graph>
</graphml>
