<?xml version="1.0" encoding="utf-8"?><graphml xmlns="http://graphml.graphdrawing.org/xmlns" xmlns:xsi="http://www.w3.org/2001/XMLSchema-instance" xsi:schemaLocation="http://graphml.graphdrawing.org/xmlns http://graphml.graphdrawing.org/xmlns/1.0/graphml.xsd">
  <key attr.name="id" attr.type="string" for="edge" id="d40" />
  <key attr.name="key" attr.type="int" for="edge" id="d39" />
  <key attr.name="LinkSpeedRaw" attr.type="double" for="edge" id="d38" />
  <key attr.name="LinkSpeedUnits" attr.type="string" for="edge" id="d37" />
  <key attr.name="LinkLabel" attr.type="string" for="edge" id="d36" />
  <key attr.name="LinkSpeed" attr.type="string" for="edge" id="d35" />
  <key attr.name="label" attr.type="string" for="node" id="d34" />
  <key attr.name="Longitude" attr.type="double" for="node" id="d33" />
  <key attr.name="id" attr.type="int" for="node" id="d32" />
  <key attr.name="type" attr.type="string" for="node" id="d31" />
  <key attr.name="Country" attr.type="string" for="node" id="d30" />
  <key attr.name="Latitude" attr.type="double" for="node" id="d29" />
  <key attr.name="Internal" attr.type="int" for="node" id="d28" />
  <key attr.name="Testbed" attr.type="int" for="graph" id="d27" />
  <key attr.name="LastProcessed" attr.type="string" for="graph" id="d26" />
  <key attr.name="DateYear" attr.type="string" for="graph" id="d25" />
  <key attr.name="NetworkDate" attr.type="string" for="graph" id="d24" />
  <key attr.name="Transit" attr.type="int" for="graph" id="d23" />
  <key attr.name="Developed" attr.type="int" for="graph" id="d22" />
  <key attr.name="Creator" attr.type="string" for="graph" id="d21" />
  <key attr.name="Layer" attr.type="string" for="graph" id="d20" />
  <key attr.name="LastAccess" attr.type="string" for="graph" id="d19" />
  <key attr.name="DateMonth" attr.type="int" for="graph" id="d18" />
  <key attr.name="DateModifier" attr.type="string" for="graph" id="d17" />
  <key attr.name="SourceGitVersion" attr.type="string" for="graph" id="d16" />
  <key attr.name="IX" attr.type="int" for="graph" id="d15" />
  <key attr.name="Customer" attr.type="int" for="graph" id="d14" />
  <key attr.name="ToolsetVersion" attr.type="string" for="graph" id="d13" />
  <key attr.name="label" attr.type="string" for="graph" id="d12" />
  <key attr.name="Commercial" attr.type="int" for="graph" id="d11" />
  <key attr.name="Backbone" attr.type="int" for="graph" id="d10" />
  <key attr.name="DateType" attr.type="string" for="graph" id="d9" />
  <key attr.name="Type" attr.type="string" for="graph" id="d8" />
  <key attr.name="Version" attr.type="string" for="graph" id="d7" />
  <key attr.name="Source" attr.type="string" for="graph" id="d6" />
  <key attr.name="Access" attr.type="int" for="graph" id="d5" />
  <key attr.name="Provenance" attr.type="string" for="graph" id="d4" />
  <key attr.name="Network" attr.type="string" for="graph" id="d3" />
  <key attr.name="GeoExtent" attr.type="string" for="graph" id="d2" />
  <key attr.name="GeoLocation" attr.type="string" for="graph" id="d1" />
  <key attr.name="DateObtained" attr.type="string" for="graph" id="d0" />
  <graph edgedefault="undirected">
    <data key="d0">21/10/10</data>
    <data key="d1">Israel</data>
    <data key="d2">Country</data>
    <data key="d3">ILAN</data>
    <data key="d4">Primary</data>
    <data key="d5">0</data>
    <data key="d6">http://www.iucc.ac.il/eng/info/units/Ilan2.htm</data>
    <data key="d7">1.0</data>
    <data key="d8">REN</data>
    <data key="d9">Historic</data>
    <data key="d10">1</data>
    <data key="d11">0</data>
    <data key="d12">Ilan</data>
    <data key="d13">0.3.34dev-20120328</data>
    <data key="d14">1</data>
    <data key="d15">0</data>
    <data key="d16">e278b1b</data>
    <data key="d17">=</data>
    <data key="d18">0</data>
    <data key="d19">21/10/10</data>
    <data key="d20">IP</data>
    <data key="d21">Topology Zoo Toolset</data>
    <data key="d22">1</data>
    <data key="d23">0</data>
    <data key="d24">2008</data>
    <data key="d25">2008</data>
    <data key="d26">2011_09_01</data>
    <data key="d27">0</data>
    <node id="0">
      <data key="d28">1</data>
      <data key="d29">32.06667</data>
      <data key="d30">Israel</data>
      <data key="d31">Orange Node</data>
      <data key="d32">0</data>
      <data key="d33">34.76667</data>
      <data key="d34">Tel Aviv GigaPoP</data>
    </node>
    <node id="1">
      <data key="d28">0</data>
      <data key="d32">1</data>
      <data key="d34">Int'l backup </data>
    </node>
    <node id="2">
      <data key="d28">0</data>
      <data key="d32">2</data>
      <data key="d34">IIX</data>
    </node>
    <node id="3">
      <data key="d28">1</data>
      <data key="d29">32.09174</data>
      <data key="d30">Israel</data>
      <data key="d31">Orange Node</data>
      <data key="d32">3</data>
      <data key="d33">34.88503</data>
      <data key="d34">Petach Tikva GigaPoP</data>
    </node>
    <node id="4">
      <data key="d28">0</data>
      <data key="d32">4</data>
      <data key="d34">External Users</data>
    </node>
    <node id="5">
      <data key="d28">0</data>
      <data key="d32">5</data>
      <data key="d34">GEANT 2 Germany</data>
    </node>
    <node id="6">
      <data key="d28">1</data>
      <data key="d29">32.18333</data>
      <data key="d30">Israel</data>
      <data key="d31">Purple Node</data>
      <data key="d32">6</data>
      <data key="d33">34.86667</data>
      <data key="d34">Open University</data>
    </node>
    <node id="7">
      <data key="d28">1</data>
      <data key="d29">32.81556</data>
      <data key="d30">Israel</data>
      <data key="d31">Purple Node</data>
      <data key="d32">7</data>
      <data key="d33">34.98917</data>
      <data key="d34">Haifa University</data>
    </node>
    <node id="8">
      <data key="d28">1</data>
      <data key="d29">32.81556</data>
      <data key="d30">Israel</data>
      <data key="d31">Purple Node</data>
      <data key="d32">8</data>
      <data key="d33">34.98917</data>
      <data key="d34">Technion</data>
    </node>
    <node id="9">
      <data key="d28">1</data>
      <data key="d29">32.08056</data>
      <data key="d30">Israel</data>
      <data key="d31">Purple Node</data>
      <data key="d32">9</data>
      <data key="d33">34.81417</data>
      <data key="d34">Bar Ilan University</data>
    </node>
    <node id="10">
      <data key="d28">1</data>
      <data key="d29">31.77902</data>
      <data key="d30">Israel</data>
      <data key="d31">Purple Node</data>
      <data key="d32">10</data>
      <data key="d33">35.2253</data>
      <data key="d34">Hebrew University</data>
    </node>
    <node id="11">
      <data key="d28">1</data>
      <data key="d29">29.56111</data>
      <data key="d30">Israel</data>
      <data key="d31">Purple Node</data>
      <data key="d32">11</data>
      <data key="d33">34.95167</data>
      <data key="d34">Ben Gurion University</data>
    </node>
    <node id="12">
      <data key="d28">1</data>
      <data key="d29">31.89694</data>
      <data key="d30">Israel</data>
      <data key="d31">Purple Node</data>
      <data key="d32">12</data>
      <data key="d33">34.81861</data>
      <data key="d34">Weizmann Institute</data>
    </node>
    <node id="13">
      <data key="d28">1</data>
      <data key="d29">32.06667</data>
      <data key="d30">Israel</data>
      <data key="d31">Purple Node</data>
      <data key="d32">13</data>
      <data key="d33">34.76667</data>
      <data key="d34">Tel Aviv University</data>
    </node>
    <edge source="0" target="1">
      <data key="d35">600</data>
      <data key="d36">600Mb/s</data>
      <data key="d37">M</data>
      <data key="d38">600000000.0</data>
      <data key="d39">0</data>
    </edge>
    <edge source="0" target="7">
      <data key="d36">300M-1Gb/s</data>
      <data key="d39">0</data>
    </edge>
    <edge source="0" target="8">
      <data key="d40">e3</data>
      <data key="d39">0</data>
    </edge>
    <edge source="0" target="9">
      <data key="d36">300M-1Gb/s</data>
      <data key="d39">0</data>
    </edge>
    <edge source="0" target="10">
      <data key="d36">300M-1Gb/s</data>
      <data key="d39">0</data>
    </edge>
    <edge source="0" target="11">
      <data key="d36">300M-1Gb/s</data>
      <data key="d39">0</data>
    </edge>
    <edge source="0" target="12">
      <data key="d36">300M-1Gb/s</data>
      <data key="d39">0</data>
    </edge>
    <edge source="0" target="13">
      <data key="d36">300M-1Gb/s</data>
      <data key="d39">0</data>
    </edge>
    <edge source="2" target="3">
      <data key="d40">e13</data>
      <data key="d39">0</data>
    </edge>
    <edge source="3" target="4">
      <data key="d40">e11</data>
      <data key="d39">0</data>
    </edge>
    <edge source="3" target="5">
      <data key="d35">2.5</data>
      <data key="d36">2.5Gb/s</data>
      <data key="d37">G</data>
      <data key="d38">2500000000.0</data>
      <data key="d39">0</data>
    </edge>
    <edge source="3" target="6">
      <data key="d36">300M-1Gb/s</data>
      <data key="d39">0</data>
    </edge>
    <edge source="3" target="7">
      <data key="d36">300M-1Gb/s</data>
      <data key="d39">0</data>
    </edge>
    <edge source="3" target="9">
      <data key="d36">300M-1Gb/s</data>
      <data key="d39">0</data>
    </edge>
    <edge source="3" target="13">
      <data key="d36">300M-1Gb/s</data>
      <data key="d39">0</data>
    </edge>
  </graph>
</graphml>
