<?xml version="1.0" encoding="utf-8"?><graphml xmlns="http://graphml.graphdrawing.org/xmlns" xmlns:xsi="http://www.w3.org/2001/XMLSchema-instance" xsi:schemaLocation="http://graphml.graphdrawing.org/xmlns http://graphml.graphdrawing.org/xmlns/1.0/graphml.xsd">
  <key attr.name="key" attr.type="int" for="edge" id="d38" />
  <key attr.name="id" attr.type="string" for="edge" id="d37" />
  <key attr.name="geocode_append" attr.type="string" for="node" id="d36" />
  <key attr.name="label" attr.type="string" for="node" id="d35" />
  <key attr.name="Longitude" attr.type="double" for="node" id="d34" />
  <key attr.name="id" attr.type="int" for="node" id="d33" />
  <key attr.name="type" attr.type="string" for="node" id="d32" />
  <key attr.name="Country" attr.type="string" for="node" id="d31" />
  <key attr.name="Latitude" attr.type="double" for="node" id="d30" />
  <key attr.name="Internal" attr.type="int" for="node" id="d29" />
  <key attr.name="Testbed" attr.type="int" for="graph" id="d28" />
  <key attr.name="LastProcessed" attr.type="string" for="graph" id="d27" />
  <key attr.name="DateYear" attr.type="string" for="graph" id="d26" />
  <key attr.name="NetworkDate" attr.type="string" for="graph" id="d25" />
  <key attr.name="Transit" attr.type="int" for="graph" id="d24" />
  <key attr.name="Developed" attr.type="int" for="graph" id="d23" />
  <key attr.name="Creator" attr.type="string" for="graph" id="d22" />
  <key attr.name="Layer" attr.type="string" for="graph" id="d21" />
  <key attr.name="Access" attr.type="int" for="graph" id="d20" />
  <key attr.name="LastAccess" attr.type="string" for="graph" id="d19" />
  <key attr.name="DateMonth" attr.type="string" for="graph" id="d18" />
  <key attr.name="DateModifier" attr.type="string" for="graph" id="d17" />
  <key attr.name="SourceGitVersion" attr.type="string" for="graph" id="d16" />
  <key attr.name="IX" attr.type="int" for="graph" id="d15" />
  <key attr.name="Customer" attr.type="int" for="graph" id="d14" />
  <key attr.name="ToolsetVersion" attr.type="string" for="graph" id="d13" />
  <key attr.name="label" attr.type="string" for="graph" id="d12" />
  <key attr.name="Commercial" attr.type="int" for="graph" id="d11" />
  <key attr.name="Backbone" attr.type="int" for="graph" id="d10" />
  <key attr.name="DateType" attr.type="string" for="graph" id="d9" />
  <key attr.name="Type" attr.type="string" for="graph" id="d8" />
  <key attr.name="Version" attr.type="string" for="graph" id="d7" />
  <key attr.name="Source" attr.type="string" for="graph" id="d6" />
  <key attr.name="Note" attr.type="string" for="graph" id="d5" />
  <key attr.name="Provenance" attr.type="string" for="graph" id="d4" />
  <key attr.name="Network" attr.type="string" for="graph" id="d3" />
  <key attr.name="GeoExtent" attr.type="string" for="graph" id="d2" />
  <key attr.name="GeoLocation" attr.type="string" for="graph" id="d1" />
  <key attr.name="DateObtained" attr.type="string" for="graph" id="d0" />
  <graph edgedefault="undirected">
    <data key="d0">18/10/10</data>
    <data key="d1">USA</data>
    <data key="d2">Country</data>
    <data key="d3">Integra Telecom </data>
    <data key="d4">Primary</data>
    <data key="d5">Electric Lightwave provides carrier wholesale. Hard to read as 3D style. May be multiple PoPs in same city, with multiple links.</data>
    <data key="d6">http://www.integratelecom.com/about/images/networkmap_large.png</data>
    <data key="d7">1.0</data>
    <data key="d8">COM</data>
    <data key="d9">Current</data>
    <data key="d10">1</data>
    <data key="d11">0</data>
    <data key="d12">Integra</data>
    <data key="d13">0.3.34dev-20120328</data>
    <data key="d14">1</data>
    <data key="d15">0</data>
    <data key="d16">e278b1b</data>
    <data key="d17">=</data>
    <data key="d18">08</data>
    <data key="d19">3/08/10</data>
    <data key="d20">0</data>
    <data key="d21">IP</data>
    <data key="d22">Topology Zoo Toolset</data>
    <data key="d23">1</data>
    <data key="d24">1</data>
    <data key="d25">2010_08</data>
    <data key="d26">2010</data>
    <data key="d27">2011_09_01</data>
    <data key="d28">0</data>
    <node id="0">
      <data key="d29">1</data>
      <data key="d30">41.85003</data>
      <data key="d31">United States</data>
      <data key="d32">PoP with Peering</data>
      <data key="d33">0</data>
      <data key="d34">-87.65005</data>
      <data key="d35">Chicago</data>
    </node>
    <node id="1">
      <data key="d29">1</data>
      <data key="d30">32.78306</data>
      <data key="d31">United States</data>
      <data key="d32">PoP with Peering</data>
      <data key="d33">1</data>
      <data key="d34">-96.80667</data>
      <data key="d35">Dallas</data>
    </node>
    <node id="2">
      <data key="d36">MN</data>
      <data key="d31">United States</data>
      <data key="d34">-94.16249</data>
      <data key="d35">St Cloud</data>
      <data key="d29">1</data>
      <data key="d30">45.5608</data>
      <data key="d32">Customer Service PoP</data>
      <data key="d33">2</data>
    </node>
    <node id="3">
      <data key="d29">1</data>
      <data key="d30">44.97997</data>
      <data key="d31">United States</data>
      <data key="d32">Customer Service PoP</data>
      <data key="d33">3</data>
      <data key="d34">-93.26384</data>
      <data key="d35">Minneapolis/St Paul</data>
    </node>
    <node id="4">
      <data key="d29">1</data>
      <data key="d30">34.05223</data>
      <data key="d31">United States</data>
      <data key="d32">PoP with Peering</data>
      <data key="d33">4</data>
      <data key="d34">-118.24368</data>
      <data key="d35">Los Angeles</data>
    </node>
    <node id="5">
      <data key="d29">1</data>
      <data key="d30">37.35411</data>
      <data key="d31">United States</data>
      <data key="d32">PoP with Peering</data>
      <data key="d33">5</data>
      <data key="d34">-121.95524</data>
      <data key="d35">Santa Clara</data>
    </node>
    <node id="6">
      <data key="d29">1</data>
      <data key="d30">36.17497</data>
      <data key="d31">United States</data>
      <data key="d32">Customer Service PoP</data>
      <data key="d33">6</data>
      <data key="d34">-115.13722</data>
      <data key="d35">Las Vegas</data>
    </node>
    <node id="7">
      <data key="d29">1</data>
      <data key="d30">33.44838</data>
      <data key="d31">United States</data>
      <data key="d32">Customer Service PoP</data>
      <data key="d33">7</data>
      <data key="d34">-112.07404</data>
      <data key="d35">Phoenix</data>
    </node>
    <node id="8">
      <data key="d29">1</data>
      <data key="d30">38.58157</data>
      <data key="d31">United States</data>
      <data key="d32">Customer Service PoP</data>
      <data key="d33">8</data>
      <data key="d34">-121.4944</data>
      <data key="d35">Sacramento</data>
    </node>
    <node id="9">
      <data key="d29">1</data>
      <data key="d30">38.44047</data>
      <data key="d31">United States</data>
      <data key="d32">Customer Service PoP</data>
      <data key="d33">9</data>
      <data key="d34">-122.71443</data>
      <data key="d35">Santa Rose</data>
    </node>
    <node id="10">
      <data key="d29">1</data>
      <data key="d30">44.9429</data>
      <data key="d31">United States</data>
      <data key="d32">Customer Service PoP</data>
      <data key="d33">10</data>
      <data key="d34">-123.0351</data>
      <data key="d35">Salem</data>
    </node>
    <node id="11">
      <data key="d36">OR</data>
      <data key="d31">United States</data>
      <data key="d34">-121.31531</data>
      <data key="d35">Bend</data>
      <data key="d29">1</data>
      <data key="d30">44.05817</data>
      <data key="d32">Customer Service PoP</data>
      <data key="d33">11</data>
    </node>
    <node id="12">
      <data key="d29">1</data>
      <data key="d30">44.05207</data>
      <data key="d31">United States</data>
      <data key="d32">Customer Service PoP</data>
      <data key="d33">12</data>
      <data key="d34">-123.08675</data>
      <data key="d35">Eugene</data>
    </node>
    <node id="13">
      <data key="d29">1</data>
      <data key="d30">39.52963</data>
      <data key="d31">United States</data>
      <data key="d32">Customer Service PoP</data>
      <data key="d33">13</data>
      <data key="d34">-119.8138</data>
      <data key="d35">Reno</data>
    </node>
    <node id="14">
      <data key="d29">1</data>
      <data key="d30">38.58907</data>
      <data key="d31">United States</data>
      <data key="d32">Customer Service PoP</data>
      <data key="d33">14</data>
      <data key="d34">-121.30273</data>
      <data key="d35">Rancho Cordova</data>
    </node>
    <node id="15">
      <data key="d29">1</data>
      <data key="d30">40.71427</data>
      <data key="d31">United States</data>
      <data key="d32">PoP with Peering</data>
      <data key="d33">15</data>
      <data key="d34">-74.00597</data>
      <data key="d35">New York</data>
    </node>
    <node id="16">
      <data key="d29">1</data>
      <data key="d30">39.04372</data>
      <data key="d31">United States</data>
      <data key="d32">PoP with Peering</data>
      <data key="d33">16</data>
      <data key="d34">-77.48749</data>
      <data key="d35">Ashburn</data>
    </node>
    <node id="17">
      <data key="d29">1</data>
      <data key="d30">47.65878</data>
      <data key="d31">United States</data>
      <data key="d32">Customer Service PoP</data>
      <data key="d33">17</data>
      <data key="d34">-117.42605</data>
      <data key="d35">Spokane</data>
    </node>
    <node id="18">
      <data key="d36">ND</data>
      <data key="d31">United States</data>
      <data key="d34">-96.7898</data>
      <data key="d35">Fargo?</data>
      <data key="d29">1</data>
      <data key="d30">46.87719</data>
      <data key="d32">Customer Service PoP</data>
      <data key="d33">18</data>
    </node>
    <node id="19">
      <data key="d29">1</data>
      <data key="d30">45.78329</data>
      <data key="d31">United States</data>
      <data key="d32">Customer Service PoP</data>
      <data key="d33">19</data>
      <data key="d34">-108.50069</data>
      <data key="d35">Billings</data>
    </node>
    <node id="20">
      <data key="d29">1</data>
      <data key="d30">39.73915</data>
      <data key="d31">United States</data>
      <data key="d32">Customer Service PoP</data>
      <data key="d33">20</data>
      <data key="d34">-104.9847</data>
      <data key="d35">Denver</data>
    </node>
    <node id="21">
      <data key="d29">1</data>
      <data key="d30">41.223</data>
      <data key="d31">United States</data>
      <data key="d32">Customer Service PoP</data>
      <data key="d33">21</data>
      <data key="d34">-111.97383</data>
      <data key="d35">Ogden</data>
    </node>
    <node id="22">
      <data key="d29">1</data>
      <data key="d30">40.2969</data>
      <data key="d31">United States</data>
      <data key="d32">Customer Service PoP</data>
      <data key="d33">22</data>
      <data key="d34">-111.69465</data>
      <data key="d35">Orem</data>
    </node>
    <node id="23">
      <data key="d29">1</data>
      <data key="d30">40.76078</data>
      <data key="d31">United States</data>
      <data key="d32">Customer Service PoP</data>
      <data key="d33">23</data>
      <data key="d34">-111.89105</data>
      <data key="d35">Salt Lake City</data>
    </node>
    <node id="24">
      <data key="d29">1</data>
      <data key="d30">43.6135</data>
      <data key="d31">United States</data>
      <data key="d32">Customer Service PoP</data>
      <data key="d33">24</data>
      <data key="d34">-116.20345</data>
      <data key="d35">Boise</data>
    </node>
    <node id="25">
      <data key="d29">1</data>
      <data key="d30">45.52345</data>
      <data key="d31">United States</data>
      <data key="d32">Customer Service PoP</data>
      <data key="d33">25</data>
      <data key="d34">-122.67621</data>
      <data key="d35">Portland</data>
    </node>
    <node id="26">
      <data key="d29">1</data>
      <data key="d30">47.60621</data>
      <data key="d31">United States</data>
      <data key="d32">Customer Service PoP</data>
      <data key="d33">26</data>
      <data key="d34">-122.33207</data>
      <data key="d35">Seattle</data>
    </node>
    <edge source="0" target="16">
      <data key="d37">e24</data>
      <data key="d38">0</data>
    </edge>
    <edge source="0" target="3">
      <data key="d37">e23</data>
      <data key="d38">0</data>
    </edge>
    <edge source="0" target="20">
      <data key="d37">e3</data>
      <data key="d38">0</data>
    </edge>
    <edge source="1" target="20">
      <data key="d37">e4</data>
      <data key="d38">0</data>
    </edge>
    <edge source="1" target="7">
      <data key="d37">e25</data>
      <data key="d38">0</data>
    </edge>
    <edge source="2" target="18">
      <data key="d37">e19</data>
      <data key="d38">0</data>
    </edge>
    <edge source="2" target="3">
      <data key="d37">e21</data>
      <data key="d38">0</data>
    </edge>
    <edge source="3" target="26">
      <data key="d37">e17</data>
      <data key="d38">0</data>
    </edge>
    <edge source="3" target="18">
      <data key="d37">e20</data>
      <data key="d38">0</data>
    </edge>
    <edge source="3" target="15">
      <data key="d37">e22</data>
      <data key="d38">0</data>
    </edge>
    <edge source="4" target="5">
      <data key="d37">e29</data>
      <data key="d38">0</data>
    </edge>
    <edge source="4" target="6">
      <data key="d37">e26</data>
      <data key="d38">0</data>
    </edge>
    <edge source="4" target="7">
      <data key="d37">e28</data>
      <data key="d38">0</data>
    </edge>
    <edge source="5" target="8">
      <data key="d37">e30</data>
      <data key="d38">0</data>
    </edge>
    <edge source="6" target="7">
      <data key="d37">e27</data>
      <data key="d38">0</data>
    </edge>
    <edge source="6" target="23">
      <data key="d37">e10</data>
      <data key="d38">0</data>
    </edge>
    <edge source="8" target="9">
      <data key="d37">e32</data>
      <data key="d38">0</data>
    </edge>
    <edge source="8" target="25">
      <data key="d37">e12</data>
      <data key="d38">0</data>
    </edge>
    <edge source="8" target="14">
      <data key="d37">e31</data>
      <data key="d38">0</data>
    </edge>
    <edge source="8" target="13">
      <data key="d37">e33</data>
      <data key="d38">0</data>
    </edge>
    <edge source="10" target="25">
      <data key="d37">e15</data>
      <data key="d38">0</data>
    </edge>
    <edge source="10" target="12">
      <data key="d37">e34</data>
      <data key="d38">0</data>
    </edge>
    <edge source="11" target="25">
      <data key="d37">e14</data>
      <data key="d38">0</data>
    </edge>
    <edge source="11" target="26">
      <data key="d37">e18</data>
      <data key="d38">0</data>
    </edge>
    <edge source="13" target="23">
      <data key="d37">e8</data>
      <data key="d38">0</data>
    </edge>
    <edge source="15" target="16">
      <data key="d37">e35</data>
      <data key="d38">0</data>
    </edge>
    <edge source="17" target="26">
      <data key="d37">e16</data>
      <data key="d38">0</data>
    </edge>
    <edge source="17" target="19">
      <data key="d37">e0</data>
      <data key="d38">0</data>
    </edge>
    <edge source="19" target="20">
      <data key="d37">e1</data>
      <data key="d38">0</data>
    </edge>
    <edge source="20" target="21">
      <data key="d37">e2</data>
      <data key="d38">0</data>
    </edge>
    <edge source="21" target="22">
      <data key="d37">e5</data>
      <data key="d38">0</data>
    </edge>
    <edge source="21" target="23">
      <data key="d37">e6</data>
      <data key="d38">0</data>
    </edge>
    <edge source="22" target="23">
      <data key="d37">e7</data>
      <data key="d38">0</data>
    </edge>
    <edge source="23" target="24">
      <data key="d37">e9</data>
      <data key="d38">0</data>
    </edge>
    <edge source="24" target="25">
      <data key="d37">e11</data>
      <data key="d38">0</data>
    </edge>
    <edge source="25" target="26">
      <data key="d37">e13</data>
      <data key="d38">0</data>
    </edge>
  </graph>
</graphml>
