<?xml version="1.0" encoding="utf-8"?><graphml xmlns="http://graphml.graphdrawing.org/xmlns" xmlns:xsi="http://www.w3.org/2001/XMLSchema-instance" xsi:schemaLocation="http://graphml.graphdrawing.org/xmlns http://graphml.graphdrawing.org/xmlns/1.0/graphml.xsd">
  <key attr.name="key" attr.type="int" for="edge" id="d38" />
  <key attr.name="LinkLabel" attr.type="string" for="edge" id="d37" />
  <key attr.name="hyperedge" attr.type="int" for="node" id="d36" />
  <key attr.name="label" attr.type="string" for="node" id="d35" />
  <key attr.name="Longitude" attr.type="double" for="node" id="d34" />
  <key attr.name="id" attr.type="int" for="node" id="d33" />
  <key attr.name="type" attr.type="string" for="node" id="d32" />
  <key attr.name="Country" attr.type="string" for="node" id="d31" />
  <key attr.name="Latitude" attr.type="double" for="node" id="d30" />
  <key attr.name="Internal" attr.type="int" for="node" id="d29" />
  <key attr.name="Testbed" attr.type="int" for="graph" id="d28" />
  <key attr.name="LastProcessed" attr.type="string" for="graph" id="d27" />
  <key attr.name="DateYear" attr.type="string" for="graph" id="d26" />
  <key attr.name="NetworkDate" attr.type="string" for="graph" id="d25" />
  <key attr.name="Transit" attr.type="int" for="graph" id="d24" />
  <key attr.name="Developed" attr.type="int" for="graph" id="d23" />
  <key attr.name="Creator" attr.type="string" for="graph" id="d22" />
  <key attr.name="Layer" attr.type="string" for="graph" id="d21" />
  <key attr.name="Access" attr.type="int" for="graph" id="d20" />
  <key attr.name="LastAccess" attr.type="string" for="graph" id="d19" />
  <key attr.name="DateMonth" attr.type="string" for="graph" id="d18" />
  <key attr.name="DateModifier" attr.type="string" for="graph" id="d17" />
  <key attr.name="SourceGitVersion" attr.type="string" for="graph" id="d16" />
  <key attr.name="IX" attr.type="int" for="graph" id="d15" />
  <key attr.name="Customer" attr.type="int" for="graph" id="d14" />
  <key attr.name="ToolsetVersion" attr.type="string" for="graph" id="d13" />
  <key attr.name="label" attr.type="string" for="graph" id="d12" />
  <key attr.name="Commercial" attr.type="int" for="graph" id="d11" />
  <key attr.name="Backbone" attr.type="int" for="graph" id="d10" />
  <key attr.name="Type" attr.type="string" for="graph" id="d9" />
  <key attr.name="DateType" attr.type="string" for="graph" id="d8" />
  <key attr.name="Version" attr.type="string" for="graph" id="d7" />
  <key attr.name="Source" attr.type="string" for="graph" id="d6" />
  <key attr.name="Note" attr.type="string" for="graph" id="d5" />
  <key attr.name="Provenance" attr.type="string" for="graph" id="d4" />
  <key attr.name="Network" attr.type="string" for="graph" id="d3" />
  <key attr.name="GeoExtent" attr.type="string" for="graph" id="d2" />
  <key attr.name="GeoLocation" attr.type="string" for="graph" id="d1" />
  <key attr.name="DateObtained" attr.type="string" for="graph" id="d0" />
  <graph edgedefault="undirected">
    <data key="d0">24/10/10</data>
    <data key="d1">Europe</data>
    <data key="d2">Continent</data>
    <data key="d3">Interroute </data>
    <data key="d4">Primary</data>
    <data key="d5">Note: self loops do exist (eg Dubai, Luxembourg)</data>
    <data key="d6">http://www.interoute.com/node/150</data>
    <data key="d7">1.0</data>
    <data key="d8">Current</data>
    <data key="d9">COM</data>
    <data key="d10">1</data>
    <data key="d11">0</data>
    <data key="d12">Interoute</data>
    <data key="d13">0.3.34dev-20120328</data>
    <data key="d14">1</data>
    <data key="d15">0</data>
    <data key="d16">e278b1b</data>
    <data key="d17">=</data>
    <data key="d18">08</data>
    <data key="d19">3/08/10</data>
    <data key="d20">0</data>
    <data key="d21">Simplified Fibre</data>
    <data key="d22">Topology Zoo Toolset</data>
    <data key="d23">0</data>
    <data key="d24">1</data>
    <data key="d25">2010_08</data>
    <data key="d26">2010</data>
    <data key="d27">2011_09_01</data>
    <data key="d28">0</data>
    <node id="0">
      <data key="d29">1</data>
      <data key="d30">53.07516</data>
      <data key="d31">Germany</data>
      <data key="d32">Pop</data>
      <data key="d33">0</data>
      <data key="d34">8.80777</data>
      <data key="d35">Bremen</data>
    </node>
    <node id="1">
      <data key="d29">1</data>
      <data key="d30">52.41667</data>
      <data key="d31">Poland</data>
      <data key="d32">Pop</data>
      <data key="d33">1</data>
      <data key="d34">16.96667</data>
      <data key="d35">Poznan</data>
    </node>
    <node id="2">
      <data key="d29">1</data>
      <data key="d30">43.71553</data>
      <data key="d31">Italy</data>
      <data key="d32">Pop</data>
      <data key="d33">2</data>
      <data key="d34">10.39659</data>
      <data key="d35">Pisa</data>
    </node>
    <node id="3">
      <data key="d29">1</data>
      <data key="d30">43.76667</data>
      <data key="d31">Italy</data>
      <data key="d32">Pop</data>
      <data key="d33">3</data>
      <data key="d34">11.25</data>
      <data key="d35">Florence</data>
    </node>
    <node id="4">
      <data key="d29">1</data>
      <data key="d30">46.06194</data>
      <data key="d31">Italy</data>
      <data key="d32">Pop</data>
      <data key="d33">4</data>
      <data key="d34">13.24222</data>
      <data key="d35">Udine</data>
    </node>
    <node id="5">
      <data key="d29">1</data>
      <data key="d30">47.06667</data>
      <data key="d31">Austria</data>
      <data key="d32">Pop</data>
      <data key="d33">5</data>
      <data key="d34">15.45</data>
      <data key="d35">Graz</data>
    </node>
    <node id="6">
      <data key="d29">1</data>
      <data key="d30">47.79941</data>
      <data key="d31">Austria</data>
      <data key="d32">Pop</data>
      <data key="d33">6</data>
      <data key="d34">13.04399</data>
      <data key="d35">Salzburg</data>
    </node>
    <node id="7">
      <data key="d29">1</data>
      <data key="d30">49.44778</data>
      <data key="d31">Germany</data>
      <data key="d32">Pop</data>
      <data key="d33">7</data>
      <data key="d34">11.06833</data>
      <data key="d35">Nuremberg</data>
    </node>
    <node id="8">
      <data key="d29">1</data>
      <data key="d30">51.33962</data>
      <data key="d31">Germany</data>
      <data key="d32">Pop</data>
      <data key="d33">8</data>
      <data key="d34">12.37129</data>
      <data key="d35">Leipzig</data>
    </node>
    <node id="9">
      <data key="d29">1</data>
      <data key="d30">51.05089</data>
      <data key="d31">Germany</data>
      <data key="d32">Pop</data>
      <data key="d33">9</data>
      <data key="d34">13.73832</data>
      <data key="d35">Dresden</data>
    </node>
    <node id="10">
      <data key="d29">1</data>
      <data key="d30">51.50853</data>
      <data key="d31">United Kingdom</data>
      <data key="d32">Ring Interconnector and MAN</data>
      <data key="d33">10</data>
      <data key="d34">-0.12574</data>
      <data key="d35">London</data>
    </node>
    <node id="11">
      <data key="d29">1</data>
      <data key="d30">50.85045</data>
      <data key="d31">Belgium</data>
      <data key="d32">Ring Interconnector and MAN</data>
      <data key="d33">11</data>
      <data key="d34">4.34878</data>
      <data key="d35">Brussels</data>
    </node>
    <node id="12">
      <data key="d29">1</data>
      <data key="d30">48.78232</data>
      <data key="d31">Germany</data>
      <data key="d32">Ring Interconnector and MAN</data>
      <data key="d33">12</data>
      <data key="d34">9.17702</data>
      <data key="d35">Stuttgart</data>
    </node>
    <node id="13">
      <data key="d29">1</data>
      <data key="d30">52.37403</data>
      <data key="d31">Netherlands</data>
      <data key="d32">Ring Interconnector and MAN</data>
      <data key="d33">13</data>
      <data key="d34">4.88969</data>
      <data key="d35">Amsterdam</data>
    </node>
    <node id="14">
      <data key="d29">1</data>
      <data key="d30">55.75222</data>
      <data key="d31">Russia</data>
      <data key="d32">Pop</data>
      <data key="d33">14</data>
      <data key="d34">37.61556</data>
      <data key="d35">Moscow</data>
    </node>
    <node id="15">
      <data key="d29">1</data>
      <data key="d30">60.16952</data>
      <data key="d31">Finland</data>
      <data key="d32">Pop</data>
      <data key="d33">15</data>
      <data key="d34">24.93545</data>
      <data key="d35">Helsinki</data>
    </node>
    <node id="16">
      <data key="d29">1</data>
      <data key="d30">48.85341</data>
      <data key="d31">France</data>
      <data key="d32">Ring Interconnector and MAN</data>
      <data key="d33">16</data>
      <data key="d34">2.3488</data>
      <data key="d35">Paris</data>
    </node>
    <node id="17">
      <data key="d29">1</data>
      <data key="d32">Ring Interconnector and MAN</data>
      <data key="d33">17</data>
      <data key="d35">Dubai</data>
    </node>
    <node id="18">
      <data key="d29">1</data>
      <data key="d30">50.11667</data>
      <data key="d31">Germany</data>
      <data key="d32">Ring Interconnector and MAN</data>
      <data key="d33">18</data>
      <data key="d34">8.68333</data>
      <data key="d35">Frankfurt</data>
    </node>
    <node id="19">
      <data key="d29">1</data>
      <data key="d30">48.13743</data>
      <data key="d31">Germany</data>
      <data key="d32">Ring Interconnector and MAN</data>
      <data key="d33">19</data>
      <data key="d34">11.57549</data>
      <data key="d35">Munich</data>
    </node>
    <node id="20">
      <data key="d29">1</data>
      <data key="d30">50.9581</data>
      <data key="d31">France</data>
      <data key="d32">Pop</data>
      <data key="d33">20</data>
      <data key="d34">1.85205</data>
      <data key="d35">Calais</data>
    </node>
    <node id="21">
      <data key="d29">1</data>
      <data key="d30">50.64119</data>
      <data key="d31">Belgium</data>
      <data key="d32">Pop</data>
      <data key="d33">21</data>
      <data key="d34">5.57178</data>
      <data key="d35">Liege</data>
    </node>
    <node id="22">
      <data key="d29">1</data>
      <data key="d30">53.34399</data>
      <data key="d31">Ireland</data>
      <data key="d32">Pop</data>
      <data key="d33">22</data>
      <data key="d34">-6.26719</data>
      <data key="d35">Dublin</data>
    </node>
    <node id="23">
      <data key="d29">1</data>
      <data key="d30">51.5</data>
      <data key="d31">United Kingdom</data>
      <data key="d32">Pop</data>
      <data key="d33">23</data>
      <data key="d34">-0.58333</data>
      <data key="d35">Slough</data>
    </node>
    <node id="24">
      <data key="d29">1</data>
      <data key="d30">48.68333</data>
      <data key="d31">France</data>
      <data key="d32">Pop</data>
      <data key="d33">24</data>
      <data key="d34">6.2</data>
      <data key="d35">Nancy</data>
    </node>
    <node id="25">
      <data key="d29">1</data>
      <data key="d30">47.56667</data>
      <data key="d31">Switzerland</data>
      <data key="d32">Pop</data>
      <data key="d33">25</data>
      <data key="d34">7.6</data>
      <data key="d35">Basle</data>
    </node>
    <node id="26">
      <data key="d29">1</data>
      <data key="d30">49.00472</data>
      <data key="d31">Germany</data>
      <data key="d32">Pop</data>
      <data key="d33">26</data>
      <data key="d34">8.38583</data>
      <data key="d35">Karlsruhe</data>
    </node>
    <node id="27">
      <data key="d29">1</data>
      <data key="d30">48.58333</data>
      <data key="d31">France</data>
      <data key="d32">Pop</data>
      <data key="d33">27</data>
      <data key="d34">7.75</data>
      <data key="d35">Strasbourg</data>
    </node>
    <node id="28">
      <data key="d29">1</data>
      <data key="d30">46.94809</data>
      <data key="d31">Switzerland</data>
      <data key="d32">Pop</data>
      <data key="d33">28</data>
      <data key="d34">7.44744</data>
      <data key="d35">Berne</data>
    </node>
    <node id="29">
      <data key="d29">1</data>
      <data key="d30">46.516</data>
      <data key="d31">Switzerland</data>
      <data key="d32">Pop</data>
      <data key="d33">29</data>
      <data key="d34">6.63282</data>
      <data key="d35">Lausanne</data>
    </node>
    <node id="30">
      <data key="d36">1</data>
      <data key="d29">1</data>
      <data key="d33">30</data>
      <data key="d35">None</data>
    </node>
    <node id="31">
      <data key="d36">1</data>
      <data key="d29">1</data>
      <data key="d33">31</data>
      <data key="d35">None</data>
    </node>
    <node id="32">
      <data key="d29">1</data>
      <data key="d30">47.49801</data>
      <data key="d31">Hungary</data>
      <data key="d32">Ring Interconnector and MAN</data>
      <data key="d33">32</data>
      <data key="d34">19.03991</data>
      <data key="d35">Budapest</data>
    </node>
    <node id="33">
      <data key="d29">1</data>
      <data key="d30">48.20849</data>
      <data key="d31">Austria</data>
      <data key="d32">Ring Interconnector and MAN</data>
      <data key="d33">33</data>
      <data key="d34">16.37208</data>
      <data key="d35">Vienna</data>
    </node>
    <node id="34">
      <data key="d29">1</data>
      <data key="d30">51.22172</data>
      <data key="d31">Germany</data>
      <data key="d32">Ring Interconnector and MAN</data>
      <data key="d33">34</data>
      <data key="d34">6.77616</data>
      <data key="d35">Dusseldorf</data>
    </node>
    <node id="35">
      <data key="d29">1</data>
      <data key="d30">53.55</data>
      <data key="d31">Germany</data>
      <data key="d32">Ring Interconnector and MAN</data>
      <data key="d33">35</data>
      <data key="d34">10.0</data>
      <data key="d35">Hamburg</data>
    </node>
    <node id="36">
      <data key="d36">1</data>
      <data key="d29">1</data>
      <data key="d33">36</data>
      <data key="d35">None</data>
    </node>
    <node id="37">
      <data key="d36">1</data>
      <data key="d29">1</data>
      <data key="d33">37</data>
      <data key="d35">None</data>
    </node>
    <node id="38">
      <data key="d29">1</data>
      <data key="d30">45.46427</data>
      <data key="d31">Italy</data>
      <data key="d32">Ring Interconnector and MAN</data>
      <data key="d33">38</data>
      <data key="d34">9.18951</data>
      <data key="d35">Milan</data>
    </node>
    <node id="39">
      <data key="d29">1</data>
      <data key="d30">52.52437</data>
      <data key="d31">Germany</data>
      <data key="d32">City Network/MAN</data>
      <data key="d33">39</data>
      <data key="d34">13.41053</data>
      <data key="d35">Berlin</data>
    </node>
    <node id="40">
      <data key="d29">1</data>
      <data key="d30">42.69751</data>
      <data key="d31">Bulgaria</data>
      <data key="d32">Ring Interconnector</data>
      <data key="d33">40</data>
      <data key="d34">23.32415</data>
      <data key="d35">Sofia</data>
    </node>
    <node id="41">
      <data key="d29">1</data>
      <data key="d32">Ring Interconnector</data>
      <data key="d33">41</data>
      <data key="d35">Edirne</data>
    </node>
    <node id="42">
      <data key="d29">1</data>
      <data key="d30">44.43225</data>
      <data key="d31">Romania</data>
      <data key="d32">Ring Interconnector</data>
      <data key="d33">42</data>
      <data key="d34">26.10626</data>
      <data key="d35">Bucharest</data>
    </node>
    <node id="43">
      <data key="d29">1</data>
      <data key="d30">45.74944</data>
      <data key="d31">Romania</data>
      <data key="d32">Ring Interconnector</data>
      <data key="d33">43</data>
      <data key="d34">21.22722</data>
      <data key="d35">Timisoara</data>
    </node>
    <node id="44">
      <data key="d29">1</data>
      <data key="d30">59.33258</data>
      <data key="d31">Sweden</data>
      <data key="d32">Ring Interconnector</data>
      <data key="d33">44</data>
      <data key="d34">18.0649</data>
      <data key="d35">Stockholm</data>
    </node>
    <node id="45">
      <data key="d29">1</data>
      <data key="d30">49.19522</data>
      <data key="d31">Czech Republic</data>
      <data key="d32">Ring Interconnector</data>
      <data key="d33">45</data>
      <data key="d34">16.60796</data>
      <data key="d35">Brno</data>
    </node>
    <node id="46">
      <data key="d29">1</data>
      <data key="d30">50.93333</data>
      <data key="d31">Germany</data>
      <data key="d32">Ring Interconnector</data>
      <data key="d33">46</data>
      <data key="d34">6.95</data>
      <data key="d35">Cologne</data>
    </node>
    <node id="47">
      <data key="d29">1</data>
      <data key="d30">50.73333</data>
      <data key="d31">Germany</data>
      <data key="d32">Ring Interconnector</data>
      <data key="d33">47</data>
      <data key="d34">7.1</data>
      <data key="d35">Bonn</data>
    </node>
    <node id="48">
      <data key="d29">1</data>
      <data key="d30">45.43861</data>
      <data key="d31">Italy</data>
      <data key="d32">Ring Interconnector</data>
      <data key="d33">48</data>
      <data key="d34">12.32667</data>
      <data key="d35">Venice</data>
    </node>
    <node id="49">
      <data key="d29">1</data>
      <data key="d30">44.49381</data>
      <data key="d31">Italy</data>
      <data key="d32">Ring Interconnector</data>
      <data key="d33">49</data>
      <data key="d34">11.33875</data>
      <data key="d35">Bologna</data>
    </node>
    <node id="50">
      <data key="d29">1</data>
      <data key="d30">43.18333</data>
      <data key="d31">France</data>
      <data key="d32">Ring Interconnector</data>
      <data key="d33">50</data>
      <data key="d34">3.0</data>
      <data key="d35">Narborne</data>
    </node>
    <node id="51">
      <data key="d29">1</data>
      <data key="d30">44.83333</data>
      <data key="d31">France</data>
      <data key="d32">Ring Interconnector</data>
      <data key="d33">51</data>
      <data key="d34">-0.56667</data>
      <data key="d35">Bordeaux</data>
    </node>
    <node id="52">
      <data key="d29">1</data>
      <data key="d30">47.36667</data>
      <data key="d31">Switzerland</data>
      <data key="d32">City Network/MAN</data>
      <data key="d33">52</data>
      <data key="d34">8.55</data>
      <data key="d35">Zurich</data>
    </node>
    <node id="53">
      <data key="d29">1</data>
      <data key="d30">55.67594</data>
      <data key="d31">Denmark</data>
      <data key="d32">Pop</data>
      <data key="d33">53</data>
      <data key="d34">12.56553</data>
      <data key="d35">Copenhagen</data>
    </node>
    <node id="54">
      <data key="d29">1</data>
      <data key="d30">45.07049</data>
      <data key="d31">Italy</data>
      <data key="d32">Ring Interconnector</data>
      <data key="d33">54</data>
      <data key="d34">7.68682</data>
      <data key="d35">Turin</data>
    </node>
    <node id="55">
      <data key="d29">1</data>
      <data key="d30">44.40632</data>
      <data key="d31">Italy</data>
      <data key="d32">Ring Interconnector</data>
      <data key="d33">55</data>
      <data key="d34">8.93386</data>
      <data key="d35">Genoa</data>
    </node>
    <node id="56">
      <data key="d29">1</data>
      <data key="d30">45.75</data>
      <data key="d31">France</data>
      <data key="d32">Ring Interconnector</data>
      <data key="d33">56</data>
      <data key="d34">4.85</data>
      <data key="d35">Lyon</data>
    </node>
    <node id="57">
      <data key="d29">1</data>
      <data key="d30">43.29695</data>
      <data key="d31">France</data>
      <data key="d32">Ring Interconnector</data>
      <data key="d33">57</data>
      <data key="d34">5.38107</data>
      <data key="d35">Marseille</data>
    </node>
    <node id="58">
      <data key="d29">1</data>
      <data key="d30">51.20892</data>
      <data key="d31">Belgium</data>
      <data key="d32">Pop</data>
      <data key="d33">58</data>
      <data key="d34">3.22424</data>
      <data key="d35">Bruges</data>
    </node>
    <node id="59">
      <data key="d29">1</data>
      <data key="d30">57.70716</data>
      <data key="d31">Sweden</data>
      <data key="d32">Pop</data>
      <data key="d33">59</data>
      <data key="d34">11.96679</data>
      <data key="d35">Gotenburg</data>
    </node>
    <node id="60">
      <data key="d29">1</data>
      <data key="d30">59.91273</data>
      <data key="d31">Norway</data>
      <data key="d32">Pop</data>
      <data key="d33">60</data>
      <data key="d34">10.74609</data>
      <data key="d35">Oslo</data>
    </node>
    <node id="61">
      <data key="d29">1</data>
      <data key="d30">52.37487</data>
      <data key="d31">Netherlands</data>
      <data key="d32">Pop</data>
      <data key="d33">61</data>
      <data key="d34">4.53409</data>
      <data key="d35">Zandvort</data>
    </node>
    <node id="62">
      <data key="d29">1</data>
      <data key="d30">52.8557</data>
      <data key="d31">Russia</data>
      <data key="d32">Pop</data>
      <data key="d33">62</data>
      <data key="d34">44.8332</data>
      <data key="d35">Istanbul</data>
    </node>
    <node id="63">
      <data key="d29">1</data>
      <data key="d30">41.11773</data>
      <data key="d31">Italy</data>
      <data key="d32">Pop</data>
      <data key="d33">63</data>
      <data key="d34">16.85118</data>
      <data key="d35">Bari</data>
    </node>
    <node id="64">
      <data key="d29">1</data>
      <data key="d30">50.08804</data>
      <data key="d31">Czech Republic</data>
      <data key="d32">Pop</data>
      <data key="d33">64</data>
      <data key="d34">14.42076</data>
      <data key="d35">Prague</data>
    </node>
    <node id="65">
      <data key="d29">1</data>
      <data key="d30">52.22977</data>
      <data key="d31">Poland</data>
      <data key="d32">Pop</data>
      <data key="d33">65</data>
      <data key="d34">21.01178</data>
      <data key="d35">Warsaw</data>
    </node>
    <node id="66">
      <data key="d29">1</data>
      <data key="d30">47.18333</data>
      <data key="d31">Hungary</data>
      <data key="d32">Pop</data>
      <data key="d33">66</data>
      <data key="d34">20.2</data>
      <data key="d35">Szolnok</data>
    </node>
    <node id="67">
      <data key="d29">1</data>
      <data key="d30">50.08333</data>
      <data key="d31">Poland</data>
      <data key="d32">Pop</data>
      <data key="d33">67</data>
      <data key="d34">19.91667</data>
      <data key="d35">Krakow</data>
    </node>
    <node id="68">
      <data key="d29">1</data>
      <data key="d30">43.85639</data>
      <data key="d31">Bulgaria</data>
      <data key="d32">Pop</data>
      <data key="d33">68</data>
      <data key="d34">25.97083</data>
      <data key="d35">Ruse</data>
    </node>
    <node id="69">
      <data key="d29">1</data>
      <data key="d30">46.253</data>
      <data key="d31">Hungary</data>
      <data key="d32">Pop</data>
      <data key="d33">69</data>
      <data key="d34">20.14824</data>
      <data key="d35">Szeged</data>
    </node>
    <node id="70">
      <data key="d29">1</data>
      <data key="d30">42.46024</data>
      <data key="d31">Italy</data>
      <data key="d32">Pop</data>
      <data key="d33">70</data>
      <data key="d34">14.21021</data>
      <data key="d35">Pescara</data>
    </node>
    <node id="71">
      <data key="d29">1</data>
      <data key="d30">40.64028</data>
      <data key="d31">Greece</data>
      <data key="d32">Pop</data>
      <data key="d33">71</data>
      <data key="d34">22.94389</data>
      <data key="d35">Thessalonika</data>
    </node>
    <node id="72">
      <data key="d29">1</data>
      <data key="d30">50.63333</data>
      <data key="d31">France</data>
      <data key="d32">Ring Interconnector</data>
      <data key="d33">72</data>
      <data key="d34">3.06667</data>
      <data key="d35">Lille</data>
    </node>
    <node id="73">
      <data key="d29">1</data>
      <data key="d30">49.61167</data>
      <data key="d31">Luxembourg</data>
      <data key="d32">Ring Interconnector</data>
      <data key="d33">73</data>
      <data key="d34">6.13</data>
      <data key="d35">Luxembourg</data>
    </node>
    <node id="74">
      <data key="d29">1</data>
      <data key="d30">48.14816</data>
      <data key="d31">Slovakia</data>
      <data key="d32">City Network/MAN</data>
      <data key="d33">74</data>
      <data key="d34">17.10674</data>
      <data key="d35">Bratislava</data>
    </node>
    <node id="75">
      <data key="d29">1</data>
      <data key="d30">52.37052</data>
      <data key="d31">Germany</data>
      <data key="d32">City Network/MAN</data>
      <data key="d33">75</data>
      <data key="d34">9.73322</data>
      <data key="d35">Hannover</data>
    </node>
    <node id="76">
      <data key="d29">1</data>
      <data key="d30">40.4165</data>
      <data key="d31">Spain</data>
      <data key="d32">City Network/MAN</data>
      <data key="d33">76</data>
      <data key="d34">-3.70256</data>
      <data key="d35">Madrid</data>
    </node>
    <node id="77">
      <data key="d29">1</data>
      <data key="d30">46.20222</data>
      <data key="d31">Switzerland</data>
      <data key="d32">City Network/MAN</data>
      <data key="d33">77</data>
      <data key="d34">6.14569</data>
      <data key="d35">Geneva</data>
    </node>
    <node id="78">
      <data key="d29">1</data>
      <data key="d30">43.21667</data>
      <data key="d31">Bulgaria</data>
      <data key="d32">Pop</data>
      <data key="d33">78</data>
      <data key="d34">27.91667</data>
      <data key="d35">Varna</data>
    </node>
    <node id="79">
      <data key="d29">1</data>
      <data key="d30">41.94028</data>
      <data key="d31">Bulgaria</data>
      <data key="d32">Pop</data>
      <data key="d33">79</data>
      <data key="d34">25.56944</data>
      <data key="d35">Haskovo</data>
    </node>
    <node id="80">
      <data key="d29">1</data>
      <data key="d30">43.08124</data>
      <data key="d31">Bulgaria</data>
      <data key="d32">Pop</data>
      <data key="d33">80</data>
      <data key="d34">25.62904</data>
      <data key="d35">Veliko Turnovo</data>
    </node>
    <node id="81">
      <data key="d29">1</data>
      <data key="d30">42.15</data>
      <data key="d31">Bulgaria</data>
      <data key="d32">Pop</data>
      <data key="d33">81</data>
      <data key="d34">24.75</data>
      <data key="d35">Plovdiv</data>
    </node>
    <node id="82">
      <data key="d29">1</data>
      <data key="d32">Pop</data>
      <data key="d33">82</data>
      <data key="d35">Washington DC</data>
    </node>
    <node id="83">
      <data key="d29">1</data>
      <data key="d30">53.07897</data>
      <data key="d31">United Kingdom</data>
      <data key="d32">Pop</data>
      <data key="d33">83</data>
      <data key="d34">-0.14008</data>
      <data key="d35">New York</data>
    </node>
    <node id="84">
      <data key="d29">1</data>
      <data key="d30">40.83333</data>
      <data key="d31">Italy</data>
      <data key="d32">Pop</data>
      <data key="d33">84</data>
      <data key="d34">14.25</data>
      <data key="d35">Naples</data>
    </node>
    <node id="85">
      <data key="d29">1</data>
      <data key="d30">37.66414</data>
      <data key="d31">Italy</data>
      <data key="d32">Pop</data>
      <data key="d33">85</data>
      <data key="d34">12.58804</data>
      <data key="d35">Mazara del Vallo</data>
    </node>
    <node id="86">
      <data key="d29">1</data>
      <data key="d30">39.46975</data>
      <data key="d31">Spain</data>
      <data key="d32">Pop</data>
      <data key="d33">86</data>
      <data key="d34">-0.37739</data>
      <data key="d35">Valencia</data>
    </node>
    <node id="87">
      <data key="d29">1</data>
      <data key="d30">37.37722</data>
      <data key="d31">Spain</data>
      <data key="d32">Pop</data>
      <data key="d33">87</data>
      <data key="d34">-5.98694</data>
      <data key="d35">Seville</data>
    </node>
    <node id="88">
      <data key="d29">1</data>
      <data key="d30">43.26271</data>
      <data key="d31">Spain</data>
      <data key="d32">Pop</data>
      <data key="d33">88</data>
      <data key="d34">-2.92528</data>
      <data key="d35">Bilbao</data>
    </node>
    <node id="89">
      <data key="d29">1</data>
      <data key="d30">46.58333</data>
      <data key="d31">France</data>
      <data key="d32">Pop</data>
      <data key="d33">89</data>
      <data key="d34">0.33333</data>
      <data key="d35">Poltiers</data>
    </node>
    <node id="90">
      <data key="d29">1</data>
      <data key="d30">39.20738</data>
      <data key="d31">Italy</data>
      <data key="d32">Pop</data>
      <data key="d33">90</data>
      <data key="d34">9.13462</data>
      <data key="d35">Cagliari</data>
    </node>
    <node id="91">
      <data key="d29">1</data>
      <data key="d30">40.92137</data>
      <data key="d31">Italy</data>
      <data key="d32">Pop</data>
      <data key="d33">91</data>
      <data key="d34">9.48563</data>
      <data key="d35">Olbia</data>
    </node>
    <node id="92">
      <data key="d29">1</data>
      <data key="d30">43.70313</data>
      <data key="d31">France</data>
      <data key="d32">Pop</data>
      <data key="d33">92</data>
      <data key="d34">7.26608</data>
      <data key="d35">Nice</data>
    </node>
    <node id="93">
      <data key="d29">1</data>
      <data key="d30">43.60426</data>
      <data key="d31">France</data>
      <data key="d32">Pop</data>
      <data key="d33">93</data>
      <data key="d34">1.44367</data>
      <data key="d35">Toulouse</data>
    </node>
    <node id="94">
      <data key="d36">1</data>
      <data key="d29">1</data>
      <data key="d33">94</data>
      <data key="d35">None</data>
    </node>
    <node id="95">
      <data key="d29">1</data>
      <data key="d30">41.38879</data>
      <data key="d31">Spain</data>
      <data key="d32">City Network/MAN</data>
      <data key="d33">95</data>
      <data key="d34">2.15899</data>
      <data key="d35">Barcelona</data>
    </node>
    <node id="96">
      <data key="d29">0</data>
      <data key="d33">96</data>
      <data key="d35">East Africa</data>
    </node>
    <node id="97">
      <data key="d29">0</data>
      <data key="d33">97</data>
      <data key="d35">South Africa</data>
    </node>
    <node id="98">
      <data key="d29">0</data>
      <data key="d33">98</data>
      <data key="d35">Athens</data>
    </node>
    <node id="99">
      <data key="d29">0</data>
      <data key="d33">99</data>
      <data key="d35">Tunis</data>
    </node>
    <node id="100">
      <data key="d29">0</data>
      <data key="d33">100</data>
      <data key="d35">Malta</data>
    </node>
    <node id="101">
      <data key="d29">1</data>
      <data key="d30">41.89474</data>
      <data key="d31">Italy</data>
      <data key="d32">City Network/MAN</data>
      <data key="d33">101</data>
      <data key="d34">12.4839</data>
      <data key="d35">Rome</data>
    </node>
    <node id="102">
      <data key="d29">1</data>
      <data key="d30">51.45</data>
      <data key="d31">Germany</data>
      <data key="d32">Pop</data>
      <data key="d33">102</data>
      <data key="d34">7.01667</data>
      <data key="d35">Essen</data>
    </node>
    <node id="103">
      <data key="d29">1</data>
      <data key="d30">51.51667</data>
      <data key="d31">Germany</data>
      <data key="d32">Pop</data>
      <data key="d33">103</data>
      <data key="d34">7.45</data>
      <data key="d35">Dortmund</data>
    </node>
    <node id="104">
      <data key="d29">1</data>
      <data key="d30">52.09083</data>
      <data key="d31">Netherlands</data>
      <data key="d32">Pop</data>
      <data key="d33">104</data>
      <data key="d34">5.12222</data>
      <data key="d35">Utrecht</data>
    </node>
    <node id="105">
      <data key="d29">1</data>
      <data key="d30">51.9225</data>
      <data key="d31">Netherlands</data>
      <data key="d32">Pop</data>
      <data key="d33">105</data>
      <data key="d34">4.47917</data>
      <data key="d35">Rotterdam</data>
    </node>
    <node id="106">
      <data key="d29">1</data>
      <data key="d30">51.21667</data>
      <data key="d31">Belgium</data>
      <data key="d32">Pop</data>
      <data key="d33">106</data>
      <data key="d34">4.41667</data>
      <data key="d35">Antwerp</data>
    </node>
    <node id="107">
      <data key="d29">1</data>
      <data key="d30">51.05</data>
      <data key="d31">Belgium</data>
      <data key="d32">Pop</data>
      <data key="d33">107</data>
      <data key="d34">3.71667</data>
      <data key="d35">Ghent</data>
    </node>
    <node id="108">
      <data key="d29">1</data>
      <data key="d30">36.14474</data>
      <data key="d31">Gibraltar</data>
      <data key="d32">Pop</data>
      <data key="d33">108</data>
      <data key="d34">-5.35257</data>
      <data key="d35">Gibraltar</data>
    </node>
    <node id="109">
      <data key="d36">1</data>
      <data key="d29">1</data>
      <data key="d33">109</data>
      <data key="d35">None</data>
    </node>
    <edge source="0" target="35">
      <data key="d37">Dark Green</data>
      <data key="d38">0</data>
    </edge>
    <edge source="0" target="103">
      <data key="d37">Dark Green</data>
      <data key="d38">0</data>
    </edge>
    <edge source="1" target="65">
      <data key="d37">Light Green</data>
      <data key="d38">0</data>
    </edge>
    <edge source="1" target="39">
      <data key="d37">Light Green</data>
      <data key="d38">0</data>
    </edge>
    <edge source="2" target="3">
      <data key="d37">Orange</data>
      <data key="d38">0</data>
    </edge>
    <edge source="2" target="101">
      <data key="d37">Orange</data>
      <data key="d38">0</data>
    </edge>
    <edge source="2" target="55">
      <data key="d37">Orange</data>
      <data key="d38">0</data>
    </edge>
    <edge source="3" target="49">
      <data key="d37">Orange</data>
      <data key="d38">0</data>
    </edge>
    <edge source="3" target="101">
      <data key="d37">Orange</data>
      <data key="d38">0</data>
    </edge>
    <edge source="4" target="48">
      <data key="d37">Dark Blue</data>
      <data key="d38">0</data>
    </edge>
    <edge source="4" target="5">
      <data key="d37">Dark Blue</data>
      <data key="d38">0</data>
    </edge>
    <edge source="5" target="33">
      <data key="d37">Dark Blue</data>
      <data key="d38">0</data>
    </edge>
    <edge source="6" target="33">
      <data key="d37">Dark Blue</data>
      <data key="d38">0</data>
    </edge>
    <edge source="6" target="19">
      <data key="d37">Dark Blue</data>
      <data key="d38">0</data>
    </edge>
    <edge source="7" target="64">
      <data key="d37">Light Green</data>
      <data key="d38">0</data>
    </edge>
    <edge source="7" target="8">
      <data key="d37">Dark Green</data>
      <data key="d38">0</data>
    </edge>
    <edge source="7" target="18">
      <data key="d37">Dark Green</data>
      <data key="d38">0</data>
    </edge>
    <edge source="7" target="19">
      <data key="d37">Dark Green</data>
      <data key="d38">0</data>
    </edge>
    <edge source="8" target="64">
      <data key="d37">Light Green</data>
      <data key="d38">0</data>
    </edge>
    <edge source="8" target="9">
      <data key="d37">Dark Green</data>
      <data key="d38">0</data>
    </edge>
    <edge source="9" target="39">
      <data key="d37">Dark Green</data>
      <data key="d38">0</data>
    </edge>
    <edge source="10" target="37">
      <data key="d37">Red</data>
      <data key="d38">0</data>
    </edge>
    <edge source="10" target="17">
      <data key="d37">Red</data>
      <data key="d38">0</data>
    </edge>
    <edge source="10" target="82">
      <data key="d37">Purple</data>
      <data key="d38">0</data>
    </edge>
    <edge source="10" target="83">
      <data key="d37">Purple</data>
      <data key="d38">0</data>
    </edge>
    <edge source="10" target="22">
      <data key="d37">Dark Blue</data>
      <data key="d38">0</data>
    </edge>
    <edge source="10" target="22">
      <data key="d37">Dark Blue</data>
      <data key="d38">1</data>
    </edge>
    <edge source="10" target="31">
      <data key="d37">Red</data>
      <data key="d38">0</data>
    </edge>
    <edge source="11" target="72">
      <data key="d37">Light Blue</data>
      <data key="d38">0</data>
    </edge>
    <edge source="11" target="72">
      <data key="d37">Red</data>
      <data key="d38">1</data>
    </edge>
    <edge source="11" target="73">
      <data key="d37">Light Blue</data>
      <data key="d38">0</data>
    </edge>
    <edge source="11" target="106">
      <data key="d37">Red</data>
      <data key="d38">0</data>
    </edge>
    <edge source="11" target="21">
      <data key="d37">Red</data>
      <data key="d38">0</data>
    </edge>
    <edge source="12" target="19">
      <data key="d37">Dark Blue</data>
      <data key="d38">0</data>
    </edge>
    <edge source="12" target="19">
      <data key="d37">Dark Green</data>
      <data key="d38">1</data>
    </edge>
    <edge source="12" target="26">
      <data key="d37">Dark Green</data>
      <data key="d38">0</data>
    </edge>
    <edge source="12" target="27">
      <data key="d37">Dark Blue</data>
      <data key="d38">0</data>
    </edge>
    <edge source="12" target="52">
      <data key="d37">Dark Blue</data>
      <data key="d38">0</data>
    </edge>
    <edge source="13" target="104">
      <data key="d37">Red</data>
      <data key="d38">0</data>
    </edge>
    <edge source="13" target="105">
      <data key="d37">Red</data>
      <data key="d38">0</data>
    </edge>
    <edge source="13" target="61">
      <data key="d37">Red</data>
      <data key="d38">0</data>
    </edge>
    <edge source="14" target="44">
      <data key="d37">Red</data>
      <data key="d38">0</data>
    </edge>
    <edge source="14" target="15">
      <data key="d37">Red</data>
      <data key="d38">0</data>
    </edge>
    <edge source="15" target="44">
      <data key="d37">Red</data>
      <data key="d38">0</data>
    </edge>
    <edge source="16" target="24">
      <data key="d37">Pink</data>
      <data key="d38">0</data>
    </edge>
    <edge source="16" target="89">
      <data key="d37">Pink</data>
      <data key="d38">0</data>
    </edge>
    <edge source="16" target="27">
      <data key="d37">Light Blue</data>
      <data key="d38">0</data>
    </edge>
    <edge source="16" target="72">
      <data key="d37">Light Blue</data>
      <data key="d38">0</data>
    </edge>
    <edge source="16" target="56">
      <data key="d37">Pink</data>
      <data key="d38">0</data>
    </edge>
    <edge source="17" target="17">
      <data key="d37">Orange</data>
      <data key="d38">0</data>
    </edge>
    <edge source="17" target="23">
      <data key="d37">Red</data>
      <data key="d38">0</data>
    </edge>
    <edge source="18" target="27">
      <data key="d37">Light Blue</data>
      <data key="d38">0</data>
    </edge>
    <edge source="18" target="26">
      <data key="d37">Dark Green</data>
      <data key="d38">0</data>
    </edge>
    <edge source="18" target="47">
      <data key="d37">Dark Green</data>
      <data key="d38">0</data>
    </edge>
    <edge source="18" target="47">
      <data key="d37">Light Blue</data>
      <data key="d38">1</data>
    </edge>
    <edge source="20" target="72">
      <data key="d37">Red</data>
      <data key="d38">0</data>
    </edge>
    <edge source="20" target="31">
      <data key="d37">Red</data>
      <data key="d38">0</data>
    </edge>
    <edge source="21" target="46">
      <data key="d37">Red</data>
      <data key="d38">0</data>
    </edge>
    <edge source="23" target="31">
      <data key="d37">Red</data>
      <data key="d38">0</data>
    </edge>
    <edge source="24" target="27">
      <data key="d37">Pink</data>
      <data key="d38">0</data>
    </edge>
    <edge source="25" target="28">
      <data key="d37">Dark Blue</data>
      <data key="d38">0</data>
    </edge>
    <edge source="25" target="52">
      <data key="d37">Dark Blue</data>
      <data key="d38">0</data>
    </edge>
    <edge source="28" target="29">
      <data key="d37">Dark Blue</data>
      <data key="d38">0</data>
    </edge>
    <edge source="29" target="77">
      <data key="d37">Dark Blue</data>
      <data key="d38">0</data>
    </edge>
    <edge source="30" target="84">
      <data key="d37">Orange</data>
      <data key="d38">0</data>
    </edge>
    <edge source="30" target="99">
      <data key="d37">Orange</data>
      <data key="d38">0</data>
    </edge>
    <edge source="30" target="100">
      <data key="d37">Orange</data>
      <data key="d38">0</data>
    </edge>
    <edge source="30" target="85">
      <data key="d37">Orange</data>
      <data key="d38">0</data>
    </edge>
    <edge source="32" target="33">
      <data key="d37">Light Green</data>
      <data key="d38">0</data>
    </edge>
    <edge source="32" target="74">
      <data key="d37">Light Green</data>
      <data key="d38">0</data>
    </edge>
    <edge source="32" target="43">
      <data key="d37">Pink</data>
      <data key="d38">0</data>
    </edge>
    <edge source="32" target="66">
      <data key="d37">Pink</data>
      <data key="d38">0</data>
    </edge>
    <edge source="33" target="45">
      <data key="d37">Light Green</data>
      <data key="d38">0</data>
    </edge>
    <edge source="34" target="104">
      <data key="d37">Red</data>
      <data key="d38">0</data>
    </edge>
    <edge source="34" target="102">
      <data key="d37">Dark Green</data>
      <data key="d38">0</data>
    </edge>
    <edge source="34" target="46">
      <data key="d37">Dark Green</data>
      <data key="d38">0</data>
    </edge>
    <edge source="34" target="46">
      <data key="d37">Red</data>
      <data key="d38">1</data>
    </edge>
    <edge source="35" target="75">
      <data key="d37">Dark Green</data>
      <data key="d38">0</data>
    </edge>
    <edge source="35" target="53">
      <data key="d37">Light Blue</data>
      <data key="d38">0</data>
    </edge>
    <edge source="36" target="75">
      <data key="d37">Dark Green</data>
      <data key="d38">0</data>
    </edge>
    <edge source="36" target="53">
      <data key="d37">Dark Green</data>
      <data key="d38">0</data>
    </edge>
    <edge source="36" target="39">
      <data key="d37">Dark Green</data>
      <data key="d38">0</data>
    </edge>
    <edge source="37" target="58">
      <data key="d37">Red</data>
      <data key="d38">0</data>
    </edge>
    <edge source="37" target="61">
      <data key="d37">Red</data>
      <data key="d38">0</data>
    </edge>
    <edge source="38" target="48">
      <data key="d37">Dark Blue</data>
      <data key="d38">0</data>
    </edge>
    <edge source="38" target="48">
      <data key="d37">Orange</data>
      <data key="d38">1</data>
    </edge>
    <edge source="38" target="49">
      <data key="d37">Orange</data>
      <data key="d38">0</data>
    </edge>
    <edge source="38" target="52">
      <data key="d37">Dark Blue</data>
      <data key="d38">0</data>
    </edge>
    <edge source="38" target="54">
      <data key="d37">Dark Blue</data>
      <data key="d38">0</data>
    </edge>
    <edge source="38" target="54">
      <data key="d37">Orange</data>
      <data key="d38">1</data>
    </edge>
    <edge source="40" target="80">
      <data key="d37">Red</data>
      <data key="d38">0</data>
    </edge>
    <edge source="40" target="41">
      <data key="d37">Pink</data>
      <data key="d38">0</data>
    </edge>
    <edge source="40" target="71">
      <data key="d37">Pink</data>
      <data key="d38">0</data>
    </edge>
    <edge source="40" target="68">
      <data key="d37">Pink</data>
      <data key="d38">0</data>
    </edge>
    <edge source="40" target="81">
      <data key="d37">Red</data>
      <data key="d38">0</data>
    </edge>
    <edge source="41" target="68">
      <data key="d37">Pink</data>
      <data key="d38">0</data>
    </edge>
    <edge source="41" target="62">
      <data key="d37">Dark Green</data>
      <data key="d38">0</data>
    </edge>
    <edge source="41" target="62">
      <data key="d37">Dark Green</data>
      <data key="d38">1</data>
    </edge>
    <edge source="41" target="71">
      <data key="d37">Orange</data>
      <data key="d38">0</data>
    </edge>
    <edge source="42" target="43">
      <data key="d37">Red</data>
      <data key="d38">0</data>
    </edge>
    <edge source="42" target="68">
      <data key="d37">Pink</data>
      <data key="d38">0</data>
    </edge>
    <edge source="42" target="109">
      <data key="d37">Pink</data>
      <data key="d38">0</data>
    </edge>
    <edge source="42" target="79">
      <data key="d37">Red</data>
      <data key="d38">0</data>
    </edge>
    <edge source="43" target="69">
      <data key="d37">Pink</data>
      <data key="d38">0</data>
    </edge>
    <edge source="43" target="78">
      <data key="d37">Red</data>
      <data key="d38">0</data>
    </edge>
    <edge source="43" target="79">
      <data key="d37">Red</data>
      <data key="d38">0</data>
    </edge>
    <edge source="43" target="81">
      <data key="d37">Red</data>
      <data key="d38">0</data>
    </edge>
    <edge source="44" target="60">
      <data key="d37">Light Blue</data>
      <data key="d38">0</data>
    </edge>
    <edge source="44" target="53">
      <data key="d37">Light Blue</data>
      <data key="d38">0</data>
    </edge>
    <edge source="45" target="64">
      <data key="d37">Light Green</data>
      <data key="d38">0</data>
    </edge>
    <edge source="45" target="74">
      <data key="d37">Light Green</data>
      <data key="d38">0</data>
    </edge>
    <edge source="45" target="67">
      <data key="d37">Light Green</data>
      <data key="d38">0</data>
    </edge>
    <edge source="46" target="47">
      <data key="d37">Dark Green</data>
      <data key="d38">0</data>
    </edge>
    <edge source="47" target="73">
      <data key="d37">Light Blue</data>
      <data key="d38">0</data>
    </edge>
    <edge source="48" target="49">
      <data key="d37">Orange</data>
      <data key="d38">0</data>
    </edge>
    <edge source="49" target="70">
      <data key="d37">Orange</data>
      <data key="d38">0</data>
    </edge>
    <edge source="50" target="57">
      <data key="d37">Pink</data>
      <data key="d38">0</data>
    </edge>
    <edge source="50" target="51">
      <data key="d37">Light Green</data>
      <data key="d38">0</data>
    </edge>
    <edge source="50" target="93">
      <data key="d37">Pink</data>
      <data key="d38">0</data>
    </edge>
    <edge source="50" target="95">
      <data key="d37">Light Green</data>
      <data key="d38">0</data>
    </edge>
    <edge source="51" target="88">
      <data key="d37">Light Green</data>
      <data key="d38">0</data>
    </edge>
    <edge source="51" target="89">
      <data key="d37">Pink</data>
      <data key="d38">0</data>
    </edge>
    <edge source="51" target="93">
      <data key="d37">Pink</data>
      <data key="d38">0</data>
    </edge>
    <edge source="53" target="59">
      <data key="d37">Light Blue</data>
      <data key="d38">0</data>
    </edge>
    <edge source="54" target="55">
      <data key="d37">Orange</data>
      <data key="d38">0</data>
    </edge>
    <edge source="54" target="55">
      <data key="d37">Dark Blue</data>
      <data key="d38">1</data>
    </edge>
    <edge source="55" target="92">
      <data key="d37">Dark Blue</data>
      <data key="d38">0</data>
    </edge>
    <edge source="56" target="57">
      <data key="d37">Pink</data>
      <data key="d38">0</data>
    </edge>
    <edge source="56" target="57">
      <data key="d37">Dark Blue</data>
      <data key="d38">1</data>
    </edge>
    <edge source="56" target="77">
      <data key="d37">Dark Blue</data>
      <data key="d38">0</data>
    </edge>
    <edge source="57" target="96">
      <data key="d37">Pink Off-net location</data>
      <data key="d38">0</data>
    </edge>
    <edge source="57" target="92">
      <data key="d37">Dark Blue</data>
      <data key="d38">0</data>
    </edge>
    <edge source="57" target="97">
      <data key="d37">Pink Off-net location</data>
      <data key="d38">0</data>
    </edge>
    <edge source="58" target="107">
      <data key="d37">Red</data>
      <data key="d38">0</data>
    </edge>
    <edge source="59" target="60">
      <data key="d37">Light Blue</data>
      <data key="d38">0</data>
    </edge>
    <edge source="63" target="98">
      <data key="d37">Orange Off-net location</data>
      <data key="d38">0</data>
    </edge>
    <edge source="63" target="84">
      <data key="d37">Orange</data>
      <data key="d38">0</data>
    </edge>
    <edge source="63" target="70">
      <data key="d37">Orange</data>
      <data key="d38">0</data>
    </edge>
    <edge source="63" target="71">
      <data key="d37">Orange</data>
      <data key="d38">0</data>
    </edge>
    <edge source="65" target="67">
      <data key="d37">Light Green</data>
      <data key="d38">0</data>
    </edge>
    <edge source="66" target="109">
      <data key="d37">Pink</data>
      <data key="d38">0</data>
    </edge>
    <edge source="69" target="109">
      <data key="d37">Pink</data>
      <data key="d38">0</data>
    </edge>
    <edge source="73" target="73">
      <data key="d37">Light Green</data>
      <data key="d38">0</data>
    </edge>
    <edge source="76" target="88">
      <data key="d37">Light Green</data>
      <data key="d38">0</data>
    </edge>
    <edge source="76" target="87">
      <data key="d37">Light Green</data>
      <data key="d38">0</data>
    </edge>
    <edge source="78" target="80">
      <data key="d37">Red</data>
      <data key="d38">0</data>
    </edge>
    <edge source="82" target="83">
      <data key="d37">Purple</data>
      <data key="d38">0</data>
    </edge>
    <edge source="84" target="101">
      <data key="d37">Orange</data>
      <data key="d38">0</data>
    </edge>
    <edge source="85" target="90">
      <data key="d37">Orange</data>
      <data key="d38">0</data>
    </edge>
    <edge source="86" target="94">
      <data key="d37">Light Green</data>
      <data key="d38">0</data>
    </edge>
    <edge source="86" target="95">
      <data key="d37">Light Green</data>
      <data key="d38">0</data>
    </edge>
    <edge source="87" target="94">
      <data key="d37">Light Green</data>
      <data key="d38">0</data>
    </edge>
    <edge source="90" target="91">
      <data key="d37">Orange</data>
      <data key="d38">0</data>
    </edge>
    <edge source="91" target="101">
      <data key="d37">Orange</data>
      <data key="d38">0</data>
    </edge>
    <edge source="94" target="108">
      <data key="d37">Light Green</data>
      <data key="d38">0</data>
    </edge>
    <edge source="102" target="103">
      <data key="d37">Dark Green</data>
      <data key="d38">0</data>
    </edge>
    <edge source="105" target="106">
      <data key="d37">Red</data>
      <data key="d38">0</data>
    </edge>
    <edge source="106" target="107">
      <data key="d37">Red</data>
      <data key="d38">0</data>
    </edge>
  </graph>
</graphml>
