<?xml version="1.0" encoding="utf-8"?><graphml xmlns="http://graphml.graphdrawing.org/xmlns" xmlns:xsi="http://www.w3.org/2001/XMLSchema-instance" xsi:schemaLocation="http://graphml.graphdrawing.org/xmlns http://graphml.graphdrawing.org/xmlns/1.0/graphml.xsd">
  <key attr.name="id" attr.type="string" for="edge" id="d41" />
  <key attr.name="key" attr.type="int" for="edge" id="d40" />
  <key attr.name="LinkSpeedRaw" attr.type="double" for="edge" id="d39" />
  <key attr.name="LinkSpeedUnits" attr.type="string" for="edge" id="d38" />
  <key attr.name="LinkLabel" attr.type="string" for="edge" id="d37" />
  <key attr.name="LinkSpeed" attr.type="string" for="edge" id="d36" />
  <key attr.name="label" attr.type="string" for="node" id="d35" />
  <key attr.name="Longitude" attr.type="double" for="node" id="d34" />
  <key attr.name="id" attr.type="int" for="node" id="d33" />
  <key attr.name="type" attr.type="string" for="node" id="d32" />
  <key attr.name="Country" attr.type="string" for="node" id="d31" />
  <key attr.name="Latitude" attr.type="double" for="node" id="d30" />
  <key attr.name="Internal" attr.type="int" for="node" id="d29" />
  <key attr.name="Testbed" attr.type="int" for="graph" id="d28" />
  <key attr.name="LastProcessed" attr.type="string" for="graph" id="d27" />
  <key attr.name="DateYear" attr.type="string" for="graph" id="d26" />
  <key attr.name="NetworkDate" attr.type="string" for="graph" id="d25" />
  <key attr.name="Transit" attr.type="int" for="graph" id="d24" />
  <key attr.name="Developed" attr.type="int" for="graph" id="d23" />
  <key attr.name="Creator" attr.type="string" for="graph" id="d22" />
  <key attr.name="Layer" attr.type="string" for="graph" id="d21" />
  <key attr.name="Access" attr.type="int" for="graph" id="d20" />
  <key attr.name="LastAccess" attr.type="string" for="graph" id="d19" />
  <key attr.name="DateMonth" attr.type="string" for="graph" id="d18" />
  <key attr.name="DateModifier" attr.type="string" for="graph" id="d17" />
  <key attr.name="SourceGitVersion" attr.type="string" for="graph" id="d16" />
  <key attr.name="IX" attr.type="int" for="graph" id="d15" />
  <key attr.name="Customer" attr.type="int" for="graph" id="d14" />
  <key attr.name="ToolsetVersion" attr.type="string" for="graph" id="d13" />
  <key attr.name="label" attr.type="string" for="graph" id="d12" />
  <key attr.name="Commercial" attr.type="int" for="graph" id="d11" />
  <key attr.name="Backbone" attr.type="int" for="graph" id="d10" />
  <key attr.name="Type" attr.type="string" for="graph" id="d9" />
  <key attr.name="DateType" attr.type="string" for="graph" id="d8" />
  <key attr.name="Version" attr.type="string" for="graph" id="d7" />
  <key attr.name="Source" attr.type="string" for="graph" id="d6" />
  <key attr.name="Note" attr.type="string" for="graph" id="d5" />
  <key attr.name="Provenance" attr.type="string" for="graph" id="d4" />
  <key attr.name="Network" attr.type="string" for="graph" id="d3" />
  <key attr.name="GeoExtent" attr.type="string" for="graph" id="d2" />
  <key attr.name="GeoLocation" attr.type="string" for="graph" id="d1" />
  <key attr.name="DateObtained" attr.type="string" for="graph" id="d0" />
  <graph edgedefault="undirected">
    <data key="d0">12/11/10</data>
    <data key="d1">Global</data>
    <data key="d2">Global</data>
    <data key="d3">Internode</data>
    <data key="d4">Primary</data>
    <data key="d5">Also combined with International IP Network. Cable stations excluded.</data>
    <data key="d6">http://www.internode.on.net/about/our_network/</data>
    <data key="d7">1.0</data>
    <data key="d8">Historic</data>
    <data key="d9">COM</data>
    <data key="d10">1</data>
    <data key="d11">0</data>
    <data key="d12">Internode</data>
    <data key="d13">0.3.34dev-20120328</data>
    <data key="d14">1</data>
    <data key="d15">0</data>
    <data key="d16">e278b1b</data>
    <data key="d17">=</data>
    <data key="d18">06</data>
    <data key="d19">3/08/10</data>
    <data key="d20">1</data>
    <data key="d21">IP</data>
    <data key="d22">Topology Zoo Toolset</data>
    <data key="d23">1</data>
    <data key="d24">1</data>
    <data key="d25">2010_06</data>
    <data key="d26">2010</data>
    <data key="d27">2011_09_01</data>
    <data key="d28">0</data>
    <node id="0">
      <data key="d29">1</data>
      <data key="d30">-37.814</data>
      <data key="d31">Australia</data>
      <data key="d32">Domestic PoP</data>
      <data key="d33">0</data>
      <data key="d34">144.96332</data>
      <data key="d35">mel4</data>
    </node>
    <node id="1">
      <data key="d29">1</data>
      <data key="d30">-33.86785</data>
      <data key="d31">Australia</data>
      <data key="d32">International Gateway PoP</data>
      <data key="d33">1</data>
      <data key="d34">151.20732</data>
      <data key="d35">syd6</data>
    </node>
    <node id="2">
      <data key="d29">0</data>
      <data key="d32">Peer</data>
      <data key="d33">2</data>
      <data key="d35">University of Adelaide</data>
    </node>
    <node id="3">
      <data key="d29">1</data>
      <data key="d30">-37.814</data>
      <data key="d31">Australia</data>
      <data key="d32">Domestic PoP</data>
      <data key="d33">3</data>
      <data key="d34">144.96332</data>
      <data key="d35">mel6</data>
    </node>
    <node id="4">
      <data key="d29">1</data>
      <data key="d30">-27.46794</data>
      <data key="d31">Australia</data>
      <data key="d32">Domestic PoP</data>
      <data key="d33">4</data>
      <data key="d34">153.02809</data>
      <data key="d35">bne1</data>
    </node>
    <node id="5">
      <data key="d29">1</data>
      <data key="d30">-42.87936</data>
      <data key="d31">Australia</data>
      <data key="d32">Domestic PoP</data>
      <data key="d33">5</data>
      <data key="d34">147.32941</data>
      <data key="d35">hba1</data>
    </node>
    <node id="6">
      <data key="d29">1</data>
      <data key="d30">-33.86785</data>
      <data key="d31">Australia</data>
      <data key="d32">International Gateway PoP</data>
      <data key="d33">6</data>
      <data key="d34">151.20732</data>
      <data key="d35">syd7</data>
    </node>
    <node id="7">
      <data key="d29">1</data>
      <data key="d30">-27.46794</data>
      <data key="d31">Australia</data>
      <data key="d32">Domestic PoP</data>
      <data key="d33">7</data>
      <data key="d34">153.02809</data>
      <data key="d35">bne4</data>
    </node>
    <node id="8">
      <data key="d29">0</data>
      <data key="d32">Peer</data>
      <data key="d33">8</data>
      <data key="d35">Sprint</data>
    </node>
    <node id="9">
      <data key="d29">0</data>
      <data key="d32">Peer</data>
      <data key="d33">9</data>
      <data key="d35">Equinix</data>
    </node>
    <node id="10">
      <data key="d29">1</data>
      <data key="d30">-35.28346</data>
      <data key="d31">Australia</data>
      <data key="d32">Domestic PoP</data>
      <data key="d33">10</data>
      <data key="d34">149.12807</data>
      <data key="d35">cbr1</data>
    </node>
    <node id="11">
      <data key="d29">0</data>
      <data key="d32">Transit</data>
      <data key="d33">11</data>
      <data key="d35">Optus</data>
    </node>
    <node id="12">
      <data key="d29">0</data>
      <data key="d32">Peer</data>
      <data key="d33">12</data>
      <data key="d35">Astraweb</data>
    </node>
    <node id="13">
      <data key="d29">0</data>
      <data key="d32">Peer</data>
      <data key="d33">13</data>
      <data key="d35">Google</data>
    </node>
    <node id="14">
      <data key="d29">0</data>
      <data key="d32">Peer</data>
      <data key="d33">14</data>
      <data key="d35">Sprint</data>
    </node>
    <node id="15">
      <data key="d29">0</data>
      <data key="d32">Peer</data>
      <data key="d33">15</data>
      <data key="d35">Equinix</data>
    </node>
    <node id="16">
      <data key="d29">1</data>
      <data key="d30">1.28967</data>
      <data key="d31">Singapore</data>
      <data key="d32">International Gateway PoP</data>
      <data key="d33">16</data>
      <data key="d34">103.85007</data>
      <data key="d35">sin1</data>
    </node>
    <node id="17">
      <data key="d29">0</data>
      <data key="d32">Peer</data>
      <data key="d33">17</data>
      <data key="d35">Starhub</data>
    </node>
    <node id="18">
      <data key="d29">1</data>
      <data key="d30">22.28552</data>
      <data key="d31">Hong Kong</data>
      <data key="d32">International Gateway PoP</data>
      <data key="d33">18</data>
      <data key="d34">114.15769</data>
      <data key="d35">hkg1</data>
    </node>
    <node id="19">
      <data key="d29">1</data>
      <data key="d30">37.33939</data>
      <data key="d31">United States</data>
      <data key="d32">International Gateway PoP</data>
      <data key="d33">19</data>
      <data key="d34">-121.89496</data>
      <data key="d35">sjc2</data>
    </node>
    <node id="20">
      <data key="d29">1</data>
      <data key="d30">35.61488</data>
      <data key="d31">Japan</data>
      <data key="d32">International Gateway PoP</data>
      <data key="d33">20</data>
      <data key="d34">139.5813</data>
      <data key="d35">nrt1</data>
    </node>
    <node id="21">
      <data key="d29">1</data>
      <data key="d30">-36.86667</data>
      <data key="d31">New Zealand</data>
      <data key="d32">International Gateway PoP</data>
      <data key="d33">21</data>
      <data key="d34">174.76667</data>
      <data key="d35">akl1</data>
    </node>
    <node id="22">
      <data key="d29">0</data>
      <data key="d32">Transit</data>
      <data key="d33">22</data>
      <data key="d35">Optus</data>
    </node>
    <node id="23">
      <data key="d29">0</data>
      <data key="d32">Peer</data>
      <data key="d33">23</data>
      <data key="d35">PIPE Networks</data>
    </node>
    <node id="24">
      <data key="d29">1</data>
      <data key="d30">39.04372</data>
      <data key="d31">United States</data>
      <data key="d32">International Gateway PoP</data>
      <data key="d33">24</data>
      <data key="d34">-77.48749</data>
      <data key="d35">iad1</data>
    </node>
    <node id="25">
      <data key="d29">1</data>
      <data key="d30">51.50853</data>
      <data key="d31">United Kingdom</data>
      <data key="d32">International Gateway PoP</data>
      <data key="d33">25</data>
      <data key="d34">-0.12574</data>
      <data key="d35">lon1</data>
    </node>
    <node id="26">
      <data key="d29">0</data>
      <data key="d32">Transit</data>
      <data key="d33">26</data>
      <data key="d35">NTT</data>
    </node>
    <node id="27">
      <data key="d29">0</data>
      <data key="d32">Transit</data>
      <data key="d33">27</data>
      <data key="d35">Level 3</data>
    </node>
    <node id="28">
      <data key="d29">0</data>
      <data key="d32">Peer</data>
      <data key="d33">28</data>
      <data key="d35">PAIX</data>
    </node>
    <node id="29">
      <data key="d29">0</data>
      <data key="d32">Transit</data>
      <data key="d33">29</data>
      <data key="d35">Global Crossing</data>
    </node>
    <node id="30">
      <data key="d29">0</data>
      <data key="d32">Transit</data>
      <data key="d33">30</data>
      <data key="d35">Level 3</data>
    </node>
    <node id="31">
      <data key="d29">0</data>
      <data key="d32">Peer</data>
      <data key="d33">31</data>
      <data key="d35">LINX 2</data>
    </node>
    <node id="32">
      <data key="d29">0</data>
      <data key="d32">Peer</data>
      <data key="d33">32</data>
      <data key="d35">LINX 1</data>
    </node>
    <node id="33">
      <data key="d29">0</data>
      <data key="d32">Peer</data>
      <data key="d33">33</data>
      <data key="d35">AMS IX</data>
    </node>
    <node id="34">
      <data key="d29">0</data>
      <data key="d32">Peer</data>
      <data key="d33">34</data>
      <data key="d35">Equinix</data>
    </node>
    <node id="35">
      <data key="d29">0</data>
      <data key="d32">Peer</data>
      <data key="d33">35</data>
      <data key="d35">Any2</data>
    </node>
    <node id="36">
      <data key="d29">0</data>
      <data key="d32">Peer</data>
      <data key="d33">36</data>
      <data key="d35">Google</data>
    </node>
    <node id="37">
      <data key="d29">0</data>
      <data key="d32">Transit</data>
      <data key="d33">37</data>
      <data key="d35">NTT</data>
    </node>
    <node id="38">
      <data key="d29">0</data>
      <data key="d32">Peer</data>
      <data key="d33">38</data>
      <data key="d35">Equinix</data>
    </node>
    <node id="39">
      <data key="d29">0</data>
      <data key="d32">Peer</data>
      <data key="d33">39</data>
      <data key="d35">Equinix</data>
    </node>
    <node id="40">
      <data key="d29">0</data>
      <data key="d32">Peer</data>
      <data key="d33">40</data>
      <data key="d35">HKIX</data>
    </node>
    <node id="41">
      <data key="d29">0</data>
      <data key="d32">Peer</data>
      <data key="d33">41</data>
      <data key="d35">Equinix</data>
    </node>
    <node id="42">
      <data key="d29">0</data>
      <data key="d32">Transit</data>
      <data key="d33">42</data>
      <data key="d35">NTT</data>
    </node>
    <node id="43">
      <data key="d29">0</data>
      <data key="d32">Transit</data>
      <data key="d33">43</data>
      <data key="d35">NTT</data>
    </node>
    <node id="44">
      <data key="d29">0</data>
      <data key="d32">Peer</data>
      <data key="d33">44</data>
      <data key="d35">JPIX</data>
    </node>
    <node id="45">
      <data key="d29">1</data>
      <data key="d30">34.05223</data>
      <data key="d31">United States</data>
      <data key="d32">International Gateway PoP</data>
      <data key="d33">45</data>
      <data key="d34">-118.24368</data>
      <data key="d35">lax1</data>
    </node>
    <node id="46">
      <data key="d29">0</data>
      <data key="d32">Peer</data>
      <data key="d33">46</data>
      <data key="d35">Google</data>
    </node>
    <node id="47">
      <data key="d29">0</data>
      <data key="d32">Peer</data>
      <data key="d33">47</data>
      <data key="d35">TransIX</data>
    </node>
    <node id="48">
      <data key="d29">0</data>
      <data key="d32">Peer</data>
      <data key="d33">48</data>
      <data key="d35">PIPE Networks</data>
    </node>
    <node id="49">
      <data key="d29">0</data>
      <data key="d32">Peer</data>
      <data key="d33">49</data>
      <data key="d35">PIPE Networks</data>
    </node>
    <node id="50">
      <data key="d29">0</data>
      <data key="d32">Peer</data>
      <data key="d33">50</data>
      <data key="d35">AARNet</data>
    </node>
    <node id="51">
      <data key="d29">0</data>
      <data key="d32">Peer</data>
      <data key="d33">51</data>
      <data key="d35">PIPE Networks</data>
    </node>
    <node id="52">
      <data key="d29">0</data>
      <data key="d32">Peer</data>
      <data key="d33">52</data>
      <data key="d35">PacNet</data>
    </node>
    <node id="53">
      <data key="d29">0</data>
      <data key="d32">Peer</data>
      <data key="d33">53</data>
      <data key="d35">AARNet</data>
    </node>
    <node id="54">
      <data key="d29">0</data>
      <data key="d32">Peer</data>
      <data key="d33">54</data>
      <data key="d35">PIPE Networks</data>
    </node>
    <node id="55">
      <data key="d29">0</data>
      <data key="d32">Peer</data>
      <data key="d33">55</data>
      <data key="d35">AARNet</data>
    </node>
    <node id="56">
      <data key="d29">0</data>
      <data key="d32">Peer</data>
      <data key="d33">56</data>
      <data key="d35">AARNet</data>
    </node>
    <node id="57">
      <data key="d29">0</data>
      <data key="d32">Transit</data>
      <data key="d33">57</data>
      <data key="d35">Optus</data>
    </node>
    <node id="58">
      <data key="d29">1</data>
      <data key="d30">-31.93333</data>
      <data key="d31">Australia</data>
      <data key="d32">International Gateway PoP</data>
      <data key="d33">58</data>
      <data key="d34">115.83333</data>
      <data key="d35">per2</data>
    </node>
    <node id="59">
      <data key="d29">1</data>
      <data key="d30">-31.93333</data>
      <data key="d31">Australia</data>
      <data key="d32">International Gateway PoP</data>
      <data key="d33">59</data>
      <data key="d34">115.83333</data>
      <data key="d35">per1</data>
    </node>
    <node id="60">
      <data key="d29">1</data>
      <data key="d30">-34.93333</data>
      <data key="d31">Australia</data>
      <data key="d32">Domestic PoP</data>
      <data key="d33">60</data>
      <data key="d34">138.6</data>
      <data key="d35">adl6</data>
    </node>
    <node id="61">
      <data key="d29">1</data>
      <data key="d30">-34.93333</data>
      <data key="d31">Australia</data>
      <data key="d32">Domestic PoP</data>
      <data key="d33">61</data>
      <data key="d34">138.6</data>
      <data key="d35">adl2</data>
    </node>
    <node id="62">
      <data key="d29">0</data>
      <data key="d32">Transit</data>
      <data key="d33">62</data>
      <data key="d35">Global Crossing</data>
    </node>
    <node id="63">
      <data key="d29">0</data>
      <data key="d32">Peer</data>
      <data key="d33">63</data>
      <data key="d35">PIPE Networks</data>
    </node>
    <node id="64">
      <data key="d29">0</data>
      <data key="d32">Transit</data>
      <data key="d33">64</data>
      <data key="d35">Optus</data>
    </node>
    <node id="65">
      <data key="d29">0</data>
      <data key="d32">Peer</data>
      <data key="d33">65</data>
      <data key="d35">WAIX</data>
    </node>
    <edge source="0" target="3">
      <data key="d36">35</data>
      <data key="d37">35 Gbps</data>
      <data key="d38">G</data>
      <data key="d39">35000000000.0</data>
      <data key="d40">0</data>
    </edge>
    <edge source="0" target="50">
      <data key="d41">e22</data>
      <data key="d40">0</data>
    </edge>
    <edge source="0" target="11">
      <data key="d41">e21</data>
      <data key="d40">0</data>
    </edge>
    <edge source="0" target="6">
      <data key="d41">e23</data>
      <data key="d40">0</data>
    </edge>
    <edge source="1" target="3">
      <data key="d36">3.1</data>
      <data key="d37">3.1 Gbps</data>
      <data key="d38">G</data>
      <data key="d39">3100000000.0</data>
      <data key="d40">0</data>
    </edge>
    <edge source="1" target="6">
      <data key="d36">45</data>
      <data key="d37">45 Gbps</data>
      <data key="d38">G</data>
      <data key="d39">45000000000.0</data>
      <data key="d40">0</data>
    </edge>
    <edge source="1" target="7">
      <data key="d36">2.4</data>
      <data key="d37">2.4 Gbps</data>
      <data key="d38">G</data>
      <data key="d39">2400000000.0</data>
      <data key="d40">0</data>
    </edge>
    <edge source="1" target="45">
      <data key="d36">4.8</data>
      <data key="d37">4.8 Gbps</data>
      <data key="d38">G</data>
      <data key="d39">4800000000.0</data>
      <data key="d40">0</data>
    </edge>
    <edge source="1" target="18">
      <data key="d36">622</data>
      <data key="d37">622 Mbps</data>
      <data key="d38">M</data>
      <data key="d39">622000000.0</data>
      <data key="d40">0</data>
    </edge>
    <edge source="1" target="19">
      <data key="d36">2.4</data>
      <data key="d37">2.4 Gbps</data>
      <data key="d38">G</data>
      <data key="d39">2400000000.0</data>
      <data key="d40">0</data>
    </edge>
    <edge source="1" target="20">
      <data key="d36">1.8</data>
      <data key="d37">1.8 Gbps</data>
      <data key="d38">G</data>
      <data key="d39">1800000000.0</data>
      <data key="d40">0</data>
    </edge>
    <edge source="1" target="21">
      <data key="d36">100</data>
      <data key="d37">100 Mbps</data>
      <data key="d38">M</data>
      <data key="d39">100000000.0</data>
      <data key="d40">0</data>
    </edge>
    <edge source="1" target="61">
      <data key="d36">3.1</data>
      <data key="d37">3.1 Gbps</data>
      <data key="d38">G</data>
      <data key="d39">3100000000.0</data>
      <data key="d40">0</data>
    </edge>
    <edge source="2" target="61">
      <data key="d41">e12</data>
      <data key="d40">0</data>
    </edge>
    <edge source="3" target="5">
      <data key="d36">622</data>
      <data key="d37">622Mbps</data>
      <data key="d38">M</data>
      <data key="d39">622000000.0</data>
      <data key="d40">0</data>
    </edge>
    <edge source="3" target="5">
      <data key="d36">250</data>
      <data key="d37">250Mbps</data>
      <data key="d38">M</data>
      <data key="d39">250000000.0</data>
      <data key="d40">1</data>
    </edge>
    <edge source="3" target="10">
      <data key="d41">e19</data>
      <data key="d40">0</data>
    </edge>
    <edge source="3" target="48">
      <data key="d41">e20</data>
      <data key="d40">0</data>
    </edge>
    <edge source="3" target="61">
      <data key="d36">1.8</data>
      <data key="d37">1.8 Gbps</data>
      <data key="d38">G</data>
      <data key="d39">1800000000.0</data>
      <data key="d40">0</data>
    </edge>
    <edge source="4" target="23">
      <data key="d41">e38</data>
      <data key="d40">0</data>
    </edge>
    <edge source="4" target="22">
      <data key="d41">e37</data>
      <data key="d40">0</data>
    </edge>
    <edge source="4" target="6">
      <data key="d36">2.4</data>
      <data key="d37">2.4 Gbps</data>
      <data key="d38">G</data>
      <data key="d39">2400000000.0</data>
      <data key="d40">0</data>
    </edge>
    <edge source="4" target="7">
      <data key="d36">2</data>
      <data key="d37">2 Gbps</data>
      <data key="d38">G</data>
      <data key="d39">2000000000.0</data>
      <data key="d40">0</data>
    </edge>
    <edge source="5" target="49">
      <data key="d41">e39</data>
      <data key="d40">0</data>
    </edge>
    <edge source="6" target="10">
      <data key="d36">1.2</data>
      <data key="d37">1.2 Gbps</data>
      <data key="d38">G</data>
      <data key="d39">1200000000.0</data>
      <data key="d40">0</data>
    </edge>
    <edge source="6" target="46">
      <data key="d41">e35</data>
      <data key="d40">0</data>
    </edge>
    <edge source="6" target="51">
      <data key="d41">e34</data>
      <data key="d40">0</data>
    </edge>
    <edge source="6" target="52">
      <data key="d41">e33</data>
      <data key="d40">0</data>
    </edge>
    <edge source="6" target="60">
      <data key="d36">4.8</data>
      <data key="d37">4.8 Gbps</data>
      <data key="d38">G</data>
      <data key="d39">4800000000.0</data>
      <data key="d40">0</data>
    </edge>
    <edge source="8" target="45">
      <data key="d41">e46</data>
      <data key="d40">0</data>
    </edge>
    <edge source="9" target="45">
      <data key="d41">e47</data>
      <data key="d40">0</data>
    </edge>
    <edge source="10" target="47">
      <data key="d41">e42</data>
      <data key="d40">0</data>
    </edge>
    <edge source="10" target="54">
      <data key="d41">e40</data>
      <data key="d40">0</data>
    </edge>
    <edge source="10" target="53">
      <data key="d41">e41</data>
      <data key="d40">0</data>
    </edge>
    <edge source="12" target="19">
      <data key="d41">e64</data>
      <data key="d40">0</data>
    </edge>
    <edge source="13" target="19">
      <data key="d41">e65</data>
      <data key="d40">0</data>
    </edge>
    <edge source="14" target="19">
      <data key="d41">e62</data>
      <data key="d40">0</data>
    </edge>
    <edge source="15" target="19">
      <data key="d41">e63</data>
      <data key="d40">0</data>
    </edge>
    <edge source="16" target="17">
      <data key="d41">e77</data>
      <data key="d40">0</data>
    </edge>
    <edge source="16" target="18">
      <data key="d36">622</data>
      <data key="d37">622 Mbps</data>
      <data key="d38">M</data>
      <data key="d39">622000000.0</data>
      <data key="d40">0</data>
    </edge>
    <edge source="16" target="59">
      <data key="d36">622</data>
      <data key="d37">622 Mbps</data>
      <data key="d38">M</data>
      <data key="d39">622000000.0</data>
      <data key="d40">0</data>
    </edge>
    <edge source="16" target="38">
      <data key="d41">e76</data>
      <data key="d40">0</data>
    </edge>
    <edge source="16" target="25">
      <data key="d36">1</data>
      <data key="d37">1 Gbps</data>
      <data key="d38">G</data>
      <data key="d39">1000000000.0</data>
      <data key="d40">0</data>
    </edge>
    <edge source="18" target="39">
      <data key="d41">e55</data>
      <data key="d40">0</data>
    </edge>
    <edge source="18" target="37">
      <data key="d41">e53</data>
      <data key="d40">0</data>
    </edge>
    <edge source="18" target="40">
      <data key="d41">e54</data>
      <data key="d40">0</data>
    </edge>
    <edge source="19" target="45">
      <data key="d41">e52</data>
      <data key="d40">0</data>
    </edge>
    <edge source="19" target="43">
      <data key="d41">e59</data>
      <data key="d40">0</data>
    </edge>
    <edge source="19" target="20">
      <data key="d36">622</data>
      <data key="d37">622 Mbps</data>
      <data key="d38">M</data>
      <data key="d39">622000000.0</data>
      <data key="d40">0</data>
    </edge>
    <edge source="19" target="25">
      <data key="d36">1</data>
      <data key="d37">1 Gbps</data>
      <data key="d38">G</data>
      <data key="d39">1000000000.0</data>
      <data key="d40">0</data>
    </edge>
    <edge source="19" target="28">
      <data key="d41">e66</data>
      <data key="d40">0</data>
    </edge>
    <edge source="19" target="29">
      <data key="d41">e61</data>
      <data key="d40">0</data>
    </edge>
    <edge source="19" target="30">
      <data key="d41">e60</data>
      <data key="d40">0</data>
    </edge>
    <edge source="20" target="42">
      <data key="d41">e68</data>
      <data key="d40">0</data>
    </edge>
    <edge source="20" target="44">
      <data key="d41">e69</data>
      <data key="d40">0</data>
    </edge>
    <edge source="20" target="41">
      <data key="d41">e67</data>
      <data key="d40">0</data>
    </edge>
    <edge source="24" target="25">
      <data key="d36">1</data>
      <data key="d37">1 Gbps</data>
      <data key="d38">G</data>
      <data key="d39">1000000000.0</data>
      <data key="d40">0</data>
    </edge>
    <edge source="24" target="34">
      <data key="d41">e70</data>
      <data key="d40">0</data>
    </edge>
    <edge source="24" target="45">
      <data key="d36">1</data>
      <data key="d37">1 Gbps</data>
      <data key="d38">G</data>
      <data key="d39">1000000000.0</data>
      <data key="d40">0</data>
    </edge>
    <edge source="25" target="32">
      <data key="d41">e72</data>
      <data key="d40">0</data>
    </edge>
    <edge source="25" target="33">
      <data key="d41">e75</data>
      <data key="d40">0</data>
    </edge>
    <edge source="25" target="45">
      <data key="d36">1</data>
      <data key="d37">1 Gbps</data>
      <data key="d38">G</data>
      <data key="d39">1000000000.0</data>
      <data key="d40">0</data>
    </edge>
    <edge source="25" target="31">
      <data key="d41">e73</data>
      <data key="d40">0</data>
    </edge>
    <edge source="26" target="45">
      <data key="d41">e48</data>
      <data key="d40">0</data>
    </edge>
    <edge source="27" target="45">
      <data key="d41">e49</data>
      <data key="d40">0</data>
    </edge>
    <edge source="35" target="45">
      <data key="d41">e51</data>
      <data key="d40">0</data>
    </edge>
    <edge source="36" target="45">
      <data key="d41">e50</data>
      <data key="d40">0</data>
    </edge>
    <edge source="45" target="62">
      <data key="d41">e45</data>
      <data key="d40">0</data>
    </edge>
    <edge source="55" target="60">
      <data key="d41">e8</data>
      <data key="d40">0</data>
    </edge>
    <edge source="56" target="59">
      <data key="d41">e6</data>
      <data key="d40">0</data>
    </edge>
    <edge source="57" target="61">
      <data key="d41">e11</data>
      <data key="d40">0</data>
    </edge>
    <edge source="58" target="59">
      <data key="d36">1</data>
      <data key="d37">1 Gbps</data>
      <data key="d38">G</data>
      <data key="d39">1000000000.0</data>
      <data key="d40">0</data>
    </edge>
    <edge source="58" target="61">
      <data key="d36">622</data>
      <data key="d37">622 Mbps</data>
      <data key="d38">M</data>
      <data key="d39">622000000.0</data>
      <data key="d40">0</data>
    </edge>
    <edge source="59" target="64">
      <data key="d41">e3</data>
      <data key="d40">0</data>
    </edge>
    <edge source="59" target="65">
      <data key="d41">e5</data>
      <data key="d40">0</data>
    </edge>
    <edge source="59" target="60">
      <data key="d41">e2</data>
      <data key="d40">0</data>
    </edge>
    <edge source="60" target="63">
      <data key="d41">e9</data>
      <data key="d40">0</data>
    </edge>
    <edge source="60" target="61">
      <data key="d36">40</data>
      <data key="d37">40 Gbps</data>
      <data key="d38">G</data>
      <data key="d39">40000000000.0</data>
      <data key="d40">0</data>
    </edge>
  </graph>
</graphml>
