<?xml version="1.0" encoding="utf-8"?><graphml xmlns="http://graphml.graphdrawing.org/xmlns" xmlns:xsi="http://www.w3.org/2001/XMLSchema-instance" xsi:schemaLocation="http://graphml.graphdrawing.org/xmlns http://graphml.graphdrawing.org/xmlns/1.0/graphml.xsd">
  <key attr.name="key" attr.type="int" for="edge" id="d37" />
  <key attr.name="id" attr.type="string" for="edge" id="d36" />
  <key attr.name="hyperedge" attr.type="int" for="node" id="d35" />
  <key attr.name="geocode_id" attr.type="string" for="node" id="d34" />
  <key attr.name="label" attr.type="string" for="node" id="d33" />
  <key attr.name="Longitude" attr.type="double" for="node" id="d32" />
  <key attr.name="id" attr.type="int" for="node" id="d31" />
  <key attr.name="Country" attr.type="string" for="node" id="d30" />
  <key attr.name="Latitude" attr.type="double" for="node" id="d29" />
  <key attr.name="Internal" attr.type="int" for="node" id="d28" />
  <key attr.name="Testbed" attr.type="int" for="graph" id="d27" />
  <key attr.name="LastProcessed" attr.type="string" for="graph" id="d26" />
  <key attr.name="DateYear" attr.type="string" for="graph" id="d25" />
  <key attr.name="NetworkDate" attr.type="string" for="graph" id="d24" />
  <key attr.name="Transit" attr.type="int" for="graph" id="d23" />
  <key attr.name="Developed" attr.type="int" for="graph" id="d22" />
  <key attr.name="Creator" attr.type="string" for="graph" id="d21" />
  <key attr.name="Layer" attr.type="string" for="graph" id="d20" />
  <key attr.name="LastAccess" attr.type="string" for="graph" id="d19" />
  <key attr.name="DateMonth" attr.type="int" for="graph" id="d18" />
  <key attr.name="DateModifier" attr.type="string" for="graph" id="d17" />
  <key attr.name="SourceGitVersion" attr.type="string" for="graph" id="d16" />
  <key attr.name="IX" attr.type="int" for="graph" id="d15" />
  <key attr.name="Customer" attr.type="int" for="graph" id="d14" />
  <key attr.name="ToolsetVersion" attr.type="string" for="graph" id="d13" />
  <key attr.name="label" attr.type="string" for="graph" id="d12" />
  <key attr.name="Commercial" attr.type="int" for="graph" id="d11" />
  <key attr.name="Backbone" attr.type="int" for="graph" id="d10" />
  <key attr.name="Type" attr.type="string" for="graph" id="d9" />
  <key attr.name="DateType" attr.type="string" for="graph" id="d8" />
  <key attr.name="Version" attr.type="string" for="graph" id="d7" />
  <key attr.name="Source" attr.type="string" for="graph" id="d6" />
  <key attr.name="Access" attr.type="int" for="graph" id="d5" />
  <key attr.name="Provenance" attr.type="string" for="graph" id="d4" />
  <key attr.name="Network" attr.type="string" for="graph" id="d3" />
  <key attr.name="GeoExtent" attr.type="string" for="graph" id="d2" />
  <key attr.name="GeoLocation" attr.type="string" for="graph" id="d1" />
  <key attr.name="DateObtained" attr.type="string" for="graph" id="d0" />
  <graph edgedefault="undirected">
    <data key="d0">24/10/10</data>
    <data key="d1">New York, USA</data>
    <data key="d2">Region</data>
    <data key="d3">ION</data>
    <data key="d4">Primary</data>
    <data key="d5">0</data>
    <data key="d6">http://www.i-o-n.com/network.html</data>
    <data key="d7">1.0</data>
    <data key="d8">Historic</data>
    <data key="d9">COM</data>
    <data key="d10">1</data>
    <data key="d11">0</data>
    <data key="d12">Ion</data>
    <data key="d13">0.3.34dev-20120328</data>
    <data key="d14">1</data>
    <data key="d15">0</data>
    <data key="d16">e278b1b</data>
    <data key="d17">=</data>
    <data key="d18">0</data>
    <data key="d19">3/08/10</data>
    <data key="d20">Fibre</data>
    <data key="d21">Topology Zoo Toolset</data>
    <data key="d22">1</data>
    <data key="d23">1</data>
    <data key="d24">2007</data>
    <data key="d25">2007</data>
    <data key="d26">2011_09_01</data>
    <data key="d27">0</data>
    <node id="0">
      <data key="d28">1</data>
      <data key="d29">43.83867</data>
      <data key="d30">United States</data>
      <data key="d31">0</data>
      <data key="d32">-73.76096</data>
      <data key="d33">Schroon Lake</data>
    </node>
    <node id="1">
      <data key="d28">1</data>
      <data key="d29">43.32701</data>
      <data key="d30">United States</data>
      <data key="d31">1</data>
      <data key="d32">-75.18683</data>
      <data key="d33">Remsen</data>
    </node>
    <node id="2">
      <data key="d28">1</data>
      <data key="d29">42.87813</data>
      <data key="d30">United States</data>
      <data key="d31">2</data>
      <data key="d32">-73.19677</data>
      <data key="d33">Benningtown</data>
    </node>
    <node id="3">
      <data key="d28">1</data>
      <data key="d29">42.85092</data>
      <data key="d30">United States</data>
      <data key="d31">3</data>
      <data key="d32">-72.55787</data>
      <data key="d33">Brattleboro</data>
    </node>
    <node id="4">
      <data key="d28">1</data>
      <data key="d29">42.99397</data>
      <data key="d30">United States</data>
      <data key="d31">4</data>
      <data key="d32">-72.48342</data>
      <data key="d33">Putney</data>
    </node>
    <node id="5">
      <data key="d28">1</data>
      <data key="d29">43.13341</data>
      <data key="d30">United States</data>
      <data key="d31">5</data>
      <data key="d32">-72.44398</data>
      <data key="d33">Bellows Falls</data>
    </node>
    <node id="6">
      <data key="d28">1</data>
      <data key="d29">42.93369</data>
      <data key="d30">United States</data>
      <data key="d31">6</data>
      <data key="d32">-72.27814</data>
      <data key="d33">Keene</data>
    </node>
    <node id="7">
      <data key="d28">1</data>
      <data key="d29">42.35843</data>
      <data key="d30">United States</data>
      <data key="d31">7</data>
      <data key="d32">-71.05977</data>
      <data key="d33">Boston</data>
    </node>
    <node id="8">
      <data key="d28">1</data>
      <data key="d29">43.08313</data>
      <data key="d30">United States</data>
      <data key="d31">8</data>
      <data key="d32">-73.78457</data>
      <data key="d33">Saratoga Springs</data>
    </node>
    <node id="9">
      <data key="d28">1</data>
      <data key="d29">43.37729</data>
      <data key="d30">United States</data>
      <data key="d31">9</data>
      <data key="d32">-73.61317</data>
      <data key="d33">Queensbury</data>
    </node>
    <node id="10">
      <data key="d28">1</data>
      <data key="d29">42.1487</data>
      <data key="d30">United States</data>
      <data key="d31">10</data>
      <data key="d32">-74.64821</data>
      <data key="d33">Margaretsville</data>
    </node>
    <node id="11">
      <data key="d28">1</data>
      <data key="d29">42.27814</data>
      <data key="d30">United States</data>
      <data key="d31">11</data>
      <data key="d32">-74.91599</data>
      <data key="d33">Delhi</data>
    </node>
    <node id="12">
      <data key="d28">1</data>
      <data key="d29">42.53118</data>
      <data key="d30">United States</data>
      <data key="d31">12</data>
      <data key="d32">-75.52351</data>
      <data key="d33">Norwich</data>
    </node>
    <node id="13">
      <data key="d28">1</data>
      <data key="d29">42.06008</data>
      <data key="d30">United States</data>
      <data key="d31">13</data>
      <data key="d32">-75.42768</data>
      <data key="d33">Deposit</data>
    </node>
    <node id="14">
      <data key="d28">1</data>
      <data key="d29">43.02563</data>
      <data key="d30">United States</data>
      <data key="d31">14</data>
      <data key="d32">-74.98599</data>
      <data key="d33">Herkimmer</data>
    </node>
    <node id="15">
      <data key="d28">1</data>
      <data key="d29">43.1859</data>
      <data key="d30">United States</data>
      <data key="d31">15</data>
      <data key="d32">-75.01432</data>
      <data key="d33">Newport</data>
    </node>
    <node id="16">
      <data key="d28">1</data>
      <data key="d32">-75.53934</data>
      <data key="d29">43.07951</data>
      <data key="d30">United States</data>
      <data key="d31">16</data>
      <data key="d34">5142269</data>
      <data key="d33">Vernon</data>
    </node>
    <node id="17">
      <data key="d28">1</data>
      <data key="d29">43.1009</data>
      <data key="d30">United States</data>
      <data key="d31">17</data>
      <data key="d32">-75.23266</data>
      <data key="d33">Utica</data>
    </node>
    <node id="18">
      <data key="d28">1</data>
      <data key="d29">41.95398</data>
      <data key="d30">United States</data>
      <data key="d31">18</data>
      <data key="d32">-75.28045</data>
      <data key="d33">Hancock</data>
    </node>
    <node id="19">
      <data key="d28">1</data>
      <data key="d29">42.09869</data>
      <data key="d30">United States</data>
      <data key="d31">19</data>
      <data key="d32">-75.91797</data>
      <data key="d33">Binghampton</data>
    </node>
    <node id="20">
      <data key="d28">1</data>
      <data key="d29">42.35092</data>
      <data key="d30">United States</data>
      <data key="d31">20</data>
      <data key="d32">-73.8029</data>
      <data key="d33">Coxsackie</data>
    </node>
    <node id="21">
      <data key="d35">1</data>
      <data key="d28">1</data>
      <data key="d31">21</data>
      <data key="d33">None</data>
    </node>
    <node id="22">
      <data key="d35">1</data>
      <data key="d28">1</data>
      <data key="d31">22</data>
      <data key="d33">None</data>
    </node>
    <node id="23">
      <data key="d28">1</data>
      <data key="d29">44.98643</data>
      <data key="d30">United States</data>
      <data key="d31">23</data>
      <data key="d32">-73.44653</data>
      <data key="d33">Champlain</data>
    </node>
    <node id="24">
      <data key="d35">1</data>
      <data key="d28">1</data>
      <data key="d31">24</data>
      <data key="d33">None</data>
    </node>
    <node id="25">
      <data key="d28">1</data>
      <data key="d32">-73.48458</data>
      <data key="d29">44.45922</data>
      <data key="d30">United States</data>
      <data key="d31">25</data>
      <data key="d34">5112478</data>
      <data key="d33">Chesterfield</data>
    </node>
    <node id="26">
      <data key="d28">1</data>
      <data key="d29">44.18394</data>
      <data key="d30">United States</data>
      <data key="d31">26</data>
      <data key="d32">-73.43568</data>
      <data key="d33">Westport</data>
    </node>
    <node id="27">
      <data key="d28">1</data>
      <data key="d29">44.88976</data>
      <data key="d30">United States</data>
      <data key="d31">27</data>
      <data key="d32">-73.43597</data>
      <data key="d33">Chazy</data>
    </node>
    <node id="28">
      <data key="d28">1</data>
      <data key="d29">44.69949</data>
      <data key="d30">United States</data>
      <data key="d31">28</data>
      <data key="d32">-73.45291</data>
      <data key="d33">Plattsburgh</data>
    </node>
    <node id="29">
      <data key="d28">1</data>
      <data key="d29">44.47588</data>
      <data key="d30">United States</data>
      <data key="d31">29</data>
      <data key="d32">-73.21207</data>
      <data key="d33">Burlington</data>
    </node>
    <node id="30">
      <data key="d28">1</data>
      <data key="d31">30</data>
      <data key="d33">None</data>
    </node>
    <node id="31">
      <data key="d28">1</data>
      <data key="d31">31</data>
      <data key="d33">None</data>
    </node>
    <node id="32">
      <data key="d28">1</data>
      <data key="d29">44.49144</data>
      <data key="d30">United States</data>
      <data key="d31">32</data>
      <data key="d32">-73.18568</data>
      <data key="d33">Winooski</data>
    </node>
    <node id="33">
      <data key="d28">1</data>
      <data key="d29">44.49061</data>
      <data key="d30">United States</data>
      <data key="d31">33</data>
      <data key="d32">-73.11096</data>
      <data key="d33">Essex Junction</data>
    </node>
    <node id="34">
      <data key="d28">1</data>
      <data key="d29">44.26006</data>
      <data key="d30">United States</data>
      <data key="d31">34</data>
      <data key="d32">-72.57539</data>
      <data key="d33">Mountpelier</data>
    </node>
    <node id="35">
      <data key="d28">1</data>
      <data key="d29">41.70037</data>
      <data key="d30">United States</data>
      <data key="d31">35</data>
      <data key="d32">-73.92097</data>
      <data key="d33">Poughkeepsie</data>
    </node>
    <node id="36">
      <data key="d28">1</data>
      <data key="d29">42.13453</data>
      <data key="d30">United States</data>
      <data key="d31">36</data>
      <data key="d32">-73.8918</data>
      <data key="d33">Germantown</data>
    </node>
    <node id="37">
      <data key="d28">1</data>
      <data key="d29">41.4712</data>
      <data key="d30">United States</data>
      <data key="d31">37</data>
      <data key="d32">-75.04211</data>
      <data key="d33">Rowland</data>
    </node>
    <node id="38">
      <data key="d28">1</data>
      <data key="d29">41.37509</data>
      <data key="d30">United States</data>
      <data key="d31">38</data>
      <data key="d32">-74.69266</data>
      <data key="d33">Port Jervis</data>
    </node>
    <node id="39">
      <data key="d28">1</data>
      <data key="d29">41.65147</data>
      <data key="d30">United States</data>
      <data key="d31">39</data>
      <data key="d32">-75.46657</data>
      <data key="d33">Forest City</data>
    </node>
    <node id="40">
      <data key="d28">1</data>
      <data key="d29">41.50536</data>
      <data key="d30">United States</data>
      <data key="d31">40</data>
      <data key="d32">-75.41213</data>
      <data key="d33">South Canaan</data>
    </node>
    <node id="41">
      <data key="d28">1</data>
      <data key="d29">40.71427</data>
      <data key="d30">United States</data>
      <data key="d31">41</data>
      <data key="d32">-74.00597</data>
      <data key="d33">New York City</data>
    </node>
    <node id="42">
      <data key="d28">1</data>
      <data key="d29">41.33593</data>
      <data key="d30">United States</data>
      <data key="d31">42</data>
      <data key="d32">-73.87403</data>
      <data key="d33">Putnam Valley</data>
    </node>
    <node id="43">
      <data key="d28">1</data>
      <data key="d32">-74.19237</data>
      <data key="d29">41.3087</data>
      <data key="d30">United States</data>
      <data key="d31">43</data>
      <data key="d34">5127313</data>
      <data key="d33">Monroe</data>
    </node>
    <node id="44">
      <data key="d28">1</data>
      <data key="d29">41.30843</data>
      <data key="d30">United States</data>
      <data key="d31">44</data>
      <data key="d32">-74.14459</data>
      <data key="d33">Harriman</data>
    </node>
    <node id="45">
      <data key="d28">1</data>
      <data key="d29">42.10285</data>
      <data key="d30">United States</data>
      <data key="d31">45</data>
      <data key="d32">-77.23359</data>
      <data key="d33">Addison</data>
    </node>
    <node id="46">
      <data key="d28">1</data>
      <data key="d29">42.14285</data>
      <data key="d30">United States</data>
      <data key="d31">46</data>
      <data key="d32">-77.05469</data>
      <data key="d33">Corning</data>
    </node>
    <node id="47">
      <data key="d28">1</data>
      <data key="d29">42.0898</data>
      <data key="d30">United States</data>
      <data key="d31">47</data>
      <data key="d32">-76.80773</data>
      <data key="d33">Elmira</data>
    </node>
    <node id="48">
      <data key="d28">1</data>
      <data key="d29">42.33674</data>
      <data key="d30">United States</data>
      <data key="d31">48</data>
      <data key="d32">-76.78857</data>
      <data key="d33">Odessa</data>
    </node>
    <node id="49">
      <data key="d28">1</data>
      <data key="d29">42.42007</data>
      <data key="d30">United States</data>
      <data key="d31">49</data>
      <data key="d32">-76.84885</data>
      <data key="d33">Burdett</data>
    </node>
    <node id="50">
      <data key="d28">1</data>
      <data key="d29">42.90479</data>
      <data key="d30">United States</data>
      <data key="d31">50</data>
      <data key="d32">-76.86274</data>
      <data key="d33">Waterloo</data>
    </node>
    <node id="51">
      <data key="d28">1</data>
      <data key="d29">42.86896</data>
      <data key="d30">United States</data>
      <data key="d31">51</data>
      <data key="d32">-76.97774</data>
      <data key="d33">Geneva</data>
    </node>
    <node id="52">
      <data key="d28">1</data>
      <data key="d29">42.67646</data>
      <data key="d30">United States</data>
      <data key="d31">52</data>
      <data key="d32">-76.82301</data>
      <data key="d33">Ovid</data>
    </node>
    <node id="53">
      <data key="d28">1</data>
      <data key="d29">41.98341</data>
      <data key="d30">United States</data>
      <data key="d31">53</data>
      <data key="d32">-76.93857</data>
      <data key="d33">Millerton</data>
    </node>
    <node id="54">
      <data key="d28">1</data>
      <data key="d29">42.03785</data>
      <data key="d30">United States</data>
      <data key="d31">54</data>
      <data key="d32">-77.76249</data>
      <data key="d33">Whitesville</data>
    </node>
    <node id="55">
      <data key="d28">1</data>
      <data key="d29">42.82701</data>
      <data key="d30">United States</data>
      <data key="d31">55</data>
      <data key="d32">-75.54462</data>
      <data key="d33">Hamilton</data>
    </node>
    <node id="56">
      <data key="d28">1</data>
      <data key="d29">42.70063</data>
      <data key="d30">United States</data>
      <data key="d31">56</data>
      <data key="d32">-74.92432</data>
      <data key="d33">Cooperstown</data>
    </node>
    <node id="57">
      <data key="d28">1</data>
      <data key="d29">42.45286</data>
      <data key="d30">United States</data>
      <data key="d31">57</data>
      <data key="d32">-75.06377</data>
      <data key="d33">Oneonta</data>
    </node>
    <node id="58">
      <data key="d28">1</data>
      <data key="d29">42.59869</data>
      <data key="d30">United States</data>
      <data key="d31">58</data>
      <data key="d32">-74.33292</data>
      <data key="d33">Middleburgh</data>
    </node>
    <node id="59">
      <data key="d28">1</data>
      <data key="d29">42.49091</data>
      <data key="d30">United States</data>
      <data key="d31">59</data>
      <data key="d32">-76.29716</data>
      <data key="d33">Dryden</data>
    </node>
    <node id="60">
      <data key="d28">1</data>
      <data key="d29">42.44063</data>
      <data key="d30">United States</data>
      <data key="d31">60</data>
      <data key="d32">-76.49661</data>
      <data key="d33">Ithaca</data>
    </node>
    <node id="61">
      <data key="d28">1</data>
      <data key="d29">42.60118</data>
      <data key="d30">United States</data>
      <data key="d31">61</data>
      <data key="d32">-76.18048</data>
      <data key="d33">Cortland</data>
    </node>
    <node id="62">
      <data key="d28">1</data>
      <data key="d29">42.89868</data>
      <data key="d30">United States</data>
      <data key="d31">62</data>
      <data key="d32">-75.64018</data>
      <data key="d33">Morrisville</data>
    </node>
    <node id="63">
      <data key="d28">1</data>
      <data key="d29">44.43867</data>
      <data key="d30">United States</data>
      <data key="d31">63</data>
      <data key="d32">-74.25266</data>
      <data key="d33">Paul Smiths</data>
    </node>
    <node id="64">
      <data key="d28">1</data>
      <data key="d29">42.65258</data>
      <data key="d30">United States</data>
      <data key="d31">64</data>
      <data key="d32">-73.75623</data>
      <data key="d33">Albany</data>
    </node>
    <node id="65">
      <data key="d28">1</data>
      <data key="d29">43.05285</data>
      <data key="d30">United States</data>
      <data key="d31">65</data>
      <data key="d32">-74.34375</data>
      <data key="d33">Gloversville</data>
    </node>
    <node id="66">
      <data key="d28">1</data>
      <data key="d29">44.3295</data>
      <data key="d30">United States</data>
      <data key="d31">66</data>
      <data key="d32">-74.13127</data>
      <data key="d33">Saranac Lake</data>
    </node>
    <node id="67">
      <data key="d28">1</data>
      <data key="d29">42.88645</data>
      <data key="d30">United States</data>
      <data key="d31">67</data>
      <data key="d32">-78.87837</data>
      <data key="d33">Buffalo</data>
    </node>
    <node id="68">
      <data key="d28">1</data>
      <data key="d29">43.18617</data>
      <data key="d30">United States</data>
      <data key="d31">68</data>
      <data key="d32">-78.19419</data>
      <data key="d33">Barre</data>
    </node>
    <node id="69">
      <data key="d28">1</data>
      <data key="d29">43.78674</data>
      <data key="d30">United States</data>
      <data key="d31">69</data>
      <data key="d32">-75.49185</data>
      <data key="d33">Lowville</data>
    </node>
    <node id="70">
      <data key="d28">1</data>
      <data key="d29">43.48368</data>
      <data key="d30">United States</data>
      <data key="d31">70</data>
      <data key="d32">-75.33656</data>
      <data key="d33">Boonville</data>
    </node>
    <node id="71">
      <data key="d28">1</data>
      <data key="d29">43.51007</data>
      <data key="d30">United States</data>
      <data key="d31">71</data>
      <data key="d32">-76.00214</data>
      <data key="d33">Altmar</data>
    </node>
    <node id="72">
      <data key="d28">1</data>
      <data key="d29">43.56701</data>
      <data key="d30">United States</data>
      <data key="d31">72</data>
      <data key="d32">-76.1277</data>
      <data key="d33">Pulaski</data>
    </node>
    <node id="73">
      <data key="d28">1</data>
      <data key="d29">42.93173</data>
      <data key="d30">United States</data>
      <data key="d31">73</data>
      <data key="d32">-76.56605</data>
      <data key="d33">Auburn</data>
    </node>
    <node id="74">
      <data key="d28">1</data>
      <data key="d29">43.04812</data>
      <data key="d30">United States</data>
      <data key="d31">74</data>
      <data key="d32">-76.14742</data>
      <data key="d33">Syracuse</data>
    </node>
    <node id="75">
      <data key="d28">1</data>
      <data key="d29">43.15478</data>
      <data key="d30">United States</data>
      <data key="d31">75</data>
      <data key="d32">-77.61556</data>
      <data key="d33">Rochester</data>
    </node>
    <node id="76">
      <data key="d28">1</data>
      <data key="d29">42.95756</data>
      <data key="d30">United States</data>
      <data key="d31">76</data>
      <data key="d32">-77.05747</data>
      <data key="d33">Phelps</data>
    </node>
    <node id="77">
      <data key="d28">1</data>
      <data key="d29">42.32229</data>
      <data key="d30">United States</data>
      <data key="d31">77</data>
      <data key="d32">-77.73833</data>
      <data key="d33">Almond</data>
    </node>
    <node id="78">
      <data key="d28">1</data>
      <data key="d29">42.5609</data>
      <data key="d30">United States</data>
      <data key="d31">78</data>
      <data key="d32">-77.3936</data>
      <data key="d33">Ingleside</data>
    </node>
    <node id="79">
      <data key="d28">1</data>
      <data key="d29">42.12201</data>
      <data key="d30">United States</data>
      <data key="d31">79</data>
      <data key="d32">-77.94806</data>
      <data key="d33">Wellsville</data>
    </node>
    <node id="80">
      <data key="d28">1</data>
      <data key="d29">42.25424</data>
      <data key="d30">United States</data>
      <data key="d31">80</data>
      <data key="d32">-77.79055</data>
      <data key="d33">Alfred</data>
    </node>
    <node id="81">
      <data key="d28">1</data>
      <data key="d29">42.15784</data>
      <data key="d30">United States</data>
      <data key="d31">81</data>
      <data key="d32">-78.71503</data>
      <data key="d33">Salamanca</data>
    </node>
    <node id="82">
      <data key="d28">1</data>
      <data key="d29">42.07756</data>
      <data key="d30">United States</data>
      <data key="d31">82</data>
      <data key="d32">-78.42974</data>
      <data key="d33">Olean</data>
    </node>
    <node id="83">
      <data key="d28">1</data>
      <data key="d29">42.34422</data>
      <data key="d30">United States</data>
      <data key="d31">83</data>
      <data key="d32">-79.30949</data>
      <data key="d33">Cassadaga</data>
    </node>
    <node id="84">
      <data key="d28">1</data>
      <data key="d29">42.097</data>
      <data key="d30">United States</data>
      <data key="d31">84</data>
      <data key="d32">-79.23533</data>
      <data key="d33">Jamestown</data>
    </node>
    <node id="85">
      <data key="d28">1</data>
      <data key="d31">85</data>
      <data key="d33">Empire Telephone Co</data>
    </node>
    <node id="86">
      <data key="d28">1</data>
      <data key="d29">42.44006</data>
      <data key="d30">United States</data>
      <data key="d31">86</data>
      <data key="d32">-79.33171</data>
      <data key="d33">Fredonia</data>
    </node>
    <node id="87">
      <data key="d28">1</data>
      <data key="d29">44.27949</data>
      <data key="d30">United States</data>
      <data key="d31">87</data>
      <data key="d32">-73.97987</data>
      <data key="d33">Lake Placid</data>
    </node>
    <node id="88">
      <data key="d28">1</data>
      <data key="d29">44.84866</data>
      <data key="d30">United States</data>
      <data key="d31">88</data>
      <data key="d32">-74.2949</data>
      <data key="d33">Malone</data>
    </node>
    <node id="89">
      <data key="d35">1</data>
      <data key="d28">1</data>
      <data key="d31">89</data>
      <data key="d33">None</data>
    </node>
    <node id="90">
      <data key="d35">1</data>
      <data key="d28">1</data>
      <data key="d31">90</data>
      <data key="d33">None</data>
    </node>
    <node id="91">
      <data key="d35">1</data>
      <data key="d28">1</data>
      <data key="d31">91</data>
      <data key="d33">None</data>
    </node>
    <node id="92">
      <data key="d35">1</data>
      <data key="d28">1</data>
      <data key="d31">92</data>
      <data key="d33">None</data>
    </node>
    <node id="93">
      <data key="d35">1</data>
      <data key="d28">1</data>
      <data key="d31">93</data>
      <data key="d33">None</data>
    </node>
    <node id="94">
      <data key="d35">1</data>
      <data key="d28">1</data>
      <data key="d31">94</data>
      <data key="d33">None</data>
    </node>
    <node id="95">
      <data key="d35">1</data>
      <data key="d28">1</data>
      <data key="d31">95</data>
      <data key="d33">None</data>
    </node>
    <node id="96">
      <data key="d35">1</data>
      <data key="d28">1</data>
      <data key="d31">96</data>
      <data key="d33">None</data>
    </node>
    <node id="97">
      <data key="d28">1</data>
      <data key="d29">42.67785</data>
      <data key="d30">United States</data>
      <data key="d31">97</data>
      <data key="d32">-74.48542</data>
      <data key="d33">Cobleskill</data>
    </node>
    <node id="98">
      <data key="d28">1</data>
      <data key="d29">42.93007</data>
      <data key="d30">United States</data>
      <data key="d31">98</data>
      <data key="d32">-75.85269</data>
      <data key="d33">Cazenovia</data>
    </node>
    <node id="99">
      <data key="d28">1</data>
      <data key="d29">43.16369</data>
      <data key="d30">United States</data>
      <data key="d31">99</data>
      <data key="d32">-73.07233</data>
      <data key="d33">Manchester</data>
    </node>
    <node id="100">
      <data key="d28">1</data>
      <data key="d29">43.55562</data>
      <data key="d30">United States</data>
      <data key="d31">100</data>
      <data key="d32">-73.40372</data>
      <data key="d33">Whitehall</data>
    </node>
    <node id="101">
      <data key="d28">1</data>
      <data key="d29">44.13339</data>
      <data key="d30">United States</data>
      <data key="d31">101</data>
      <data key="d32">-73.07901</data>
      <data key="d33">Bristol</data>
    </node>
    <node id="102">
      <data key="d28">1</data>
      <data key="d29">43.64229</data>
      <data key="d30">United States</data>
      <data key="d31">102</data>
      <data key="d32">-72.25176</data>
      <data key="d33">Lebanon</data>
    </node>
    <node id="103">
      <data key="d28">1</data>
      <data key="d29">43.64896</data>
      <data key="d30">United States</data>
      <data key="d31">103</data>
      <data key="d32">-72.31926</data>
      <data key="d33">White River Junction</data>
    </node>
    <node id="104">
      <data key="d28">1</data>
      <data key="d29">44.19701</data>
      <data key="d30">United States</data>
      <data key="d31">104</data>
      <data key="d32">-72.50205</data>
      <data key="d33">Barre</data>
    </node>
    <node id="105">
      <data key="d28">1</data>
      <data key="d29">43.61062</data>
      <data key="d30">United States</data>
      <data key="d31">105</data>
      <data key="d32">-72.97261</data>
      <data key="d33">Rutland</data>
    </node>
    <node id="106">
      <data key="d28">1</data>
      <data key="d29">44.01534</data>
      <data key="d30">United States</data>
      <data key="d31">106</data>
      <data key="d32">-73.16734</data>
      <data key="d33">Middlebury</data>
    </node>
    <node id="107">
      <data key="d28">1</data>
      <data key="d29">43.95034</data>
      <data key="d30">United States</data>
      <data key="d31">107</data>
      <data key="d32">-73.43707</data>
      <data key="d33">Crown Point</data>
    </node>
    <node id="108">
      <data key="d28">1</data>
      <data key="d29">44.08867</data>
      <data key="d30">United States</data>
      <data key="d31">108</data>
      <data key="d32">-73.30262</data>
      <data key="d33">Addison</data>
    </node>
    <node id="109">
      <data key="d35">1</data>
      <data key="d28">1</data>
      <data key="d31">109</data>
      <data key="d33">None</data>
    </node>
    <node id="110">
      <data key="d35">1</data>
      <data key="d28">1</data>
      <data key="d31">110</data>
      <data key="d33">None</data>
    </node>
    <node id="111">
      <data key="d35">1</data>
      <data key="d28">1</data>
      <data key="d31">111</data>
      <data key="d33">None</data>
    </node>
    <node id="112">
      <data key="d35">1</data>
      <data key="d28">1</data>
      <data key="d31">112</data>
      <data key="d33">None</data>
    </node>
    <node id="113">
      <data key="d35">1</data>
      <data key="d28">1</data>
      <data key="d31">113</data>
      <data key="d33">None</data>
    </node>
    <node id="114">
      <data key="d35">1</data>
      <data key="d28">1</data>
      <data key="d31">114</data>
      <data key="d33">None</data>
    </node>
    <node id="115">
      <data key="d28">1</data>
      <data key="d29">44.33673</data>
      <data key="d30">United States</data>
      <data key="d31">115</data>
      <data key="d32">-75.46299</data>
      <data key="d33">Gouveneur</data>
    </node>
    <node id="116">
      <data key="d28">1</data>
      <data key="d29">42.07759</data>
      <data key="d30">United States</data>
      <data key="d31">116</data>
      <data key="d32">-73.95291</data>
      <data key="d33">Saugerties</data>
    </node>
    <node id="117">
      <data key="d28">1</data>
      <data key="d29">43.97478</data>
      <data key="d30">United States</data>
      <data key="d31">117</data>
      <data key="d32">-75.91076</data>
      <data key="d33">Watertown</data>
    </node>
    <node id="118">
      <data key="d28">1</data>
      <data key="d29">44.33588</data>
      <data key="d30">United States</data>
      <data key="d31">118</data>
      <data key="d32">-75.91773</data>
      <data key="d33">Alexandria Bay</data>
    </node>
    <node id="119">
      <data key="d28">1</data>
      <data key="d29">44.69423</data>
      <data key="d30">United States</data>
      <data key="d31">119</data>
      <data key="d32">-75.48634</data>
      <data key="d33">Ogdensburg</data>
    </node>
    <node id="120">
      <data key="d28">1</data>
      <data key="d29">44.9281</data>
      <data key="d30">United States</data>
      <data key="d31">120</data>
      <data key="d32">-74.89186</data>
      <data key="d33">Massena</data>
    </node>
    <node id="121">
      <data key="d28">1</data>
      <data key="d29">44.66978</data>
      <data key="d30">United States</data>
      <data key="d31">121</data>
      <data key="d32">-74.98131</data>
      <data key="d33">Potsdam</data>
    </node>
    <node id="122">
      <data key="d28">1</data>
      <data key="d29">44.59562</data>
      <data key="d30">United States</data>
      <data key="d31">122</data>
      <data key="d32">-75.16909</data>
      <data key="d33">Canton</data>
    </node>
    <node id="123">
      <data key="d35">1</data>
      <data key="d28">1</data>
      <data key="d31">123</data>
      <data key="d33">None</data>
    </node>
    <node id="124">
      <data key="d35">1</data>
      <data key="d28">1</data>
      <data key="d31">124</data>
      <data key="d33">None</data>
    </node>
    <edge source="0" target="25">
      <data key="d36">e20</data>
      <data key="d37">0</data>
    </edge>
    <edge source="0" target="9">
      <data key="d36">e52</data>
      <data key="d37">0</data>
    </edge>
    <edge source="1" target="114">
      <data key="d36">e55</data>
      <data key="d37">0</data>
    </edge>
    <edge source="1" target="70">
      <data key="d36">e54</data>
      <data key="d37">0</data>
    </edge>
    <edge source="2" target="3">
      <data key="d36">e45</data>
      <data key="d37">0</data>
    </edge>
    <edge source="2" target="99">
      <data key="d36">e44</data>
      <data key="d37">0</data>
    </edge>
    <edge source="3" target="4">
      <data key="d36">e46</data>
      <data key="d37">0</data>
    </edge>
    <edge source="3" target="5">
      <data key="d36">e47</data>
      <data key="d37">0</data>
    </edge>
    <edge source="3" target="6">
      <data key="d36">e48</data>
      <data key="d37">0</data>
    </edge>
    <edge source="3" target="6">
      <data key="d36">e49</data>
      <data key="d37">1</data>
    </edge>
    <edge source="3" target="7">
      <data key="d36">e50</data>
      <data key="d37">0</data>
    </edge>
    <edge source="5" target="103">
      <data key="d36">e34</data>
      <data key="d37">0</data>
    </edge>
    <edge source="8" target="92">
      <data key="d36">e51</data>
      <data key="d37">0</data>
    </edge>
    <edge source="8" target="100">
      <data key="d36">e43</data>
      <data key="d37">0</data>
    </edge>
    <edge source="9" target="64">
      <data key="d36">e53</data>
      <data key="d37">0</data>
    </edge>
    <edge source="10" target="58">
      <data key="d36">e111</data>
      <data key="d37">0</data>
    </edge>
    <edge source="10" target="11">
      <data key="d36">e125</data>
      <data key="d37">0</data>
    </edge>
    <edge source="11" target="18">
      <data key="d36">e124</data>
      <data key="d37">0</data>
    </edge>
    <edge source="12" target="19">
      <data key="d36">e128</data>
      <data key="d37">0</data>
    </edge>
    <edge source="13" target="18">
      <data key="d36">e127</data>
      <data key="d37">0</data>
    </edge>
    <edge source="13" target="19">
      <data key="d36">e126</data>
      <data key="d37">0</data>
    </edge>
    <edge source="14" target="17">
      <data key="d36">e121</data>
      <data key="d37">0</data>
    </edge>
    <edge source="14" target="111">
      <data key="d36">e120</data>
      <data key="d37">0</data>
    </edge>
    <edge source="15" target="114">
      <data key="d36">e119</data>
      <data key="d37">0</data>
    </edge>
    <edge source="15" target="111">
      <data key="d36">e118</data>
      <data key="d37">0</data>
    </edge>
    <edge source="16" target="112">
      <data key="d36">e123</data>
      <data key="d37">0</data>
    </edge>
    <edge source="16" target="17">
      <data key="d36">e122</data>
      <data key="d37">0</data>
    </edge>
    <edge source="18" target="39">
      <data key="d36">e129</data>
      <data key="d37">0</data>
    </edge>
    <edge source="19" target="59">
      <data key="d36">e100</data>
      <data key="d37">0</data>
    </edge>
    <edge source="20" target="64">
      <data key="d36">e115</data>
      <data key="d37">0</data>
    </edge>
    <edge source="20" target="36">
      <data key="d36">e142</data>
      <data key="d37">0</data>
    </edge>
    <edge source="21" target="80">
      <data key="d36">e82</data>
      <data key="d37">0</data>
    </edge>
    <edge source="21" target="54">
      <data key="d36">e97</data>
      <data key="d37">0</data>
    </edge>
    <edge source="21" target="79">
      <data key="d36">e80</data>
      <data key="d37">0</data>
    </edge>
    <edge source="22" target="80">
      <data key="d36">e81</data>
      <data key="d37">0</data>
    </edge>
    <edge source="22" target="54">
      <data key="d36">e96</data>
      <data key="d37">0</data>
    </edge>
    <edge source="22" target="79">
      <data key="d36">e79</data>
      <data key="d37">0</data>
    </edge>
    <edge source="23" target="26">
      <data key="d36">e22</data>
      <data key="d37">0</data>
    </edge>
    <edge source="23" target="27">
      <data key="d36">e18</data>
      <data key="d37">0</data>
    </edge>
    <edge source="24" target="35">
      <data key="d36">e139</data>
      <data key="d37">0</data>
    </edge>
    <edge source="24" target="35">
      <data key="d36">e140</data>
      <data key="d37">1</data>
    </edge>
    <edge source="24" target="36">
      <data key="d36">e141</data>
      <data key="d37">0</data>
    </edge>
    <edge source="25" target="28">
      <data key="d36">e19</data>
      <data key="d37">0</data>
    </edge>
    <edge source="26" target="107">
      <data key="d36">e21</data>
      <data key="d37">0</data>
    </edge>
    <edge source="26" target="87">
      <data key="d36">e14</data>
      <data key="d37">0</data>
    </edge>
    <edge source="27" target="28">
      <data key="d36">e17</data>
      <data key="d37">0</data>
    </edge>
    <edge source="28" target="88">
      <data key="d36">e15</data>
      <data key="d37">0</data>
    </edge>
    <edge source="29" target="32">
      <data key="d36">e25</data>
      <data key="d37">0</data>
    </edge>
    <edge source="29" target="33">
      <data key="d36">e27</data>
      <data key="d37">0</data>
    </edge>
    <edge source="29" target="101">
      <data key="d36">e28</data>
      <data key="d37">0</data>
    </edge>
    <edge source="29" target="105">
      <data key="d36">e30</data>
      <data key="d37">0</data>
    </edge>
    <edge source="29" target="106">
      <data key="d36">e29</data>
      <data key="d37">0</data>
    </edge>
    <edge source="29" target="30">
      <data key="d36">e26</data>
      <data key="d37">0</data>
    </edge>
    <edge source="30" target="31">
      <data key="d36">e23</data>
      <data key="d37">0</data>
    </edge>
    <edge source="31" target="32">
      <data key="d36">e24</data>
      <data key="d37">0</data>
    </edge>
    <edge source="33" target="34">
      <data key="d36">e31</data>
      <data key="d37">0</data>
    </edge>
    <edge source="34" target="104">
      <data key="d36">e32</data>
      <data key="d37">0</data>
    </edge>
    <edge source="34" target="103">
      <data key="d36">e33</data>
      <data key="d37">0</data>
    </edge>
    <edge source="35" target="42">
      <data key="d36">e138</data>
      <data key="d37">0</data>
    </edge>
    <edge source="37" target="40">
      <data key="d36">e131</data>
      <data key="d37">0</data>
    </edge>
    <edge source="37" target="38">
      <data key="d36">e132</data>
      <data key="d37">0</data>
    </edge>
    <edge source="38" target="43">
      <data key="d36">e133</data>
      <data key="d37">0</data>
    </edge>
    <edge source="39" target="40">
      <data key="d36">e130</data>
      <data key="d37">0</data>
    </edge>
    <edge source="41" target="42">
      <data key="d36">e137</data>
      <data key="d37">0</data>
    </edge>
    <edge source="41" target="44">
      <data key="d36">e135</data>
      <data key="d37">0</data>
    </edge>
    <edge source="43" target="44">
      <data key="d36">e134</data>
      <data key="d37">0</data>
    </edge>
    <edge source="44" target="116">
      <data key="d36">e136</data>
      <data key="d37">0</data>
    </edge>
    <edge source="45" target="93">
      <data key="d36">e95</data>
      <data key="d37">0</data>
    </edge>
    <edge source="45" target="54">
      <data key="d36">e94</data>
      <data key="d37">0</data>
    </edge>
    <edge source="46" target="93">
      <data key="d36">e93</data>
      <data key="d37">0</data>
    </edge>
    <edge source="46" target="47">
      <data key="d36">e92</data>
      <data key="d37">0</data>
    </edge>
    <edge source="47" target="48">
      <data key="d36">e90</data>
      <data key="d37">0</data>
    </edge>
    <edge source="48" target="49">
      <data key="d36">e88</data>
      <data key="d37">0</data>
    </edge>
    <edge source="48" target="123">
      <data key="d36">e91</data>
      <data key="d37">0</data>
    </edge>
    <edge source="48" target="78">
      <data key="d36">e85</data>
      <data key="d37">0</data>
    </edge>
    <edge source="49" target="109">
      <data key="d36">e89</data>
      <data key="d37">0</data>
    </edge>
    <edge source="50" target="76">
      <data key="d36">e66</data>
      <data key="d37">0</data>
    </edge>
    <edge source="51" target="52">
      <data key="d36">e87</data>
      <data key="d37">0</data>
    </edge>
    <edge source="51" target="76">
      <data key="d36">e65</data>
      <data key="d37">0</data>
    </edge>
    <edge source="52" target="109">
      <data key="d36">e86</data>
      <data key="d37">0</data>
    </edge>
    <edge source="53" target="123">
      <data key="d36">e98</data>
      <data key="d37">0</data>
    </edge>
    <edge source="55" target="56">
      <data key="d36">e108</data>
      <data key="d37">0</data>
    </edge>
    <edge source="55" target="62">
      <data key="d36">e106</data>
      <data key="d37">0</data>
    </edge>
    <edge source="56" target="57">
      <data key="d36">e109</data>
      <data key="d37">0</data>
    </edge>
    <edge source="57" target="97">
      <data key="d36">e110</data>
      <data key="d37">0</data>
    </edge>
    <edge source="58" target="97">
      <data key="d36">e112</data>
      <data key="d37">0</data>
    </edge>
    <edge source="58" target="92">
      <data key="d36">e113</data>
      <data key="d37">0</data>
    </edge>
    <edge source="59" target="124">
      <data key="d36">e101</data>
      <data key="d37">0</data>
    </edge>
    <edge source="59" target="61">
      <data key="d36">e99</data>
      <data key="d37">0</data>
    </edge>
    <edge source="60" target="124">
      <data key="d36">e103</data>
      <data key="d37">0</data>
    </edge>
    <edge source="60" target="124">
      <data key="d36">e104</data>
      <data key="d37">1</data>
    </edge>
    <edge source="60" target="109">
      <data key="d36">e102</data>
      <data key="d37">0</data>
    </edge>
    <edge source="61" target="98">
      <data key="d36">e105</data>
      <data key="d37">0</data>
    </edge>
    <edge source="62" target="98">
      <data key="d36">e107</data>
      <data key="d37">0</data>
    </edge>
    <edge source="63" target="96">
      <data key="d36">e11</data>
      <data key="d37">0</data>
    </edge>
    <edge source="63" target="66">
      <data key="d36">e12</data>
      <data key="d37">0</data>
    </edge>
    <edge source="64" target="116">
      <data key="d36">e114</data>
      <data key="d37">0</data>
    </edge>
    <edge source="64" target="65">
      <data key="d36">e116</data>
      <data key="d37">0</data>
    </edge>
    <edge source="65" target="111">
      <data key="d36">e117</data>
      <data key="d37">0</data>
    </edge>
    <edge source="66" target="87">
      <data key="d36">e13</data>
      <data key="d37">0</data>
    </edge>
    <edge source="67" target="74">
      <data key="d36">e60</data>
      <data key="d37">0</data>
    </edge>
    <edge source="67" target="68">
      <data key="d36">e70</data>
      <data key="d37">0</data>
    </edge>
    <edge source="67" target="86">
      <data key="d36">e71</data>
      <data key="d37">0</data>
    </edge>
    <edge source="68" target="95">
      <data key="d36">e69</data>
      <data key="d37">0</data>
    </edge>
    <edge source="69" target="117">
      <data key="d36">e0</data>
      <data key="d37">0</data>
    </edge>
    <edge source="69" target="70">
      <data key="d36">e56</data>
      <data key="d37">0</data>
    </edge>
    <edge source="71" target="74">
      <data key="d36">e58</data>
      <data key="d37">0</data>
    </edge>
    <edge source="72" target="74">
      <data key="d36">e57</data>
      <data key="d37">0</data>
    </edge>
    <edge source="72" target="117">
      <data key="d36">e1</data>
      <data key="d37">0</data>
    </edge>
    <edge source="73" target="124">
      <data key="d36">e63</data>
      <data key="d37">0</data>
    </edge>
    <edge source="73" target="110">
      <data key="d36">e62</data>
      <data key="d37">0</data>
    </edge>
    <edge source="74" target="112">
      <data key="d36">e59</data>
      <data key="d37">0</data>
    </edge>
    <edge source="74" target="110">
      <data key="d36">e61</data>
      <data key="d37">0</data>
    </edge>
    <edge source="75" target="76">
      <data key="d36">e67</data>
      <data key="d37">0</data>
    </edge>
    <edge source="75" target="95">
      <data key="d36">e68</data>
      <data key="d37">0</data>
    </edge>
    <edge source="76" target="110">
      <data key="d36">e64</data>
      <data key="d37">0</data>
    </edge>
    <edge source="77" target="80">
      <data key="d36">e83</data>
      <data key="d37">0</data>
    </edge>
    <edge source="77" target="78">
      <data key="d36">e84</data>
      <data key="d37">0</data>
    </edge>
    <edge source="79" target="82">
      <data key="d36">e78</data>
      <data key="d37">0</data>
    </edge>
    <edge source="81" target="82">
      <data key="d36">e76</data>
      <data key="d37">0</data>
    </edge>
    <edge source="81" target="94">
      <data key="d36">e77</data>
      <data key="d37">0</data>
    </edge>
    <edge source="83" target="94">
      <data key="d36">e74</data>
      <data key="d37">0</data>
    </edge>
    <edge source="83" target="86">
      <data key="d36">e73</data>
      <data key="d37">0</data>
    </edge>
    <edge source="84" target="94">
      <data key="d36">e75</data>
      <data key="d37">0</data>
    </edge>
    <edge source="85" target="95">
      <data key="d36">e72</data>
      <data key="d37">0</data>
    </edge>
    <edge source="88" target="91">
      <data key="d36">e16</data>
      <data key="d37">0</data>
    </edge>
    <edge source="89" target="90">
      <data key="d36">e149</data>
      <data key="d37">0</data>
    </edge>
    <edge source="89" target="115">
      <data key="d36">e143</data>
      <data key="d37">0</data>
    </edge>
    <edge source="89" target="122">
      <data key="d36">e10</data>
      <data key="d37">0</data>
    </edge>
    <edge source="90" target="96">
      <data key="d36">e148</data>
      <data key="d37">0</data>
    </edge>
    <edge source="91" target="120">
      <data key="d36">e6</data>
      <data key="d37">0</data>
    </edge>
    <edge source="93" target="123">
      <data key="d36">e147</data>
      <data key="d37">0</data>
    </edge>
    <edge source="96" target="121">
      <data key="d36">e8</data>
      <data key="d37">0</data>
    </edge>
    <edge source="99" target="105">
      <data key="d36">e42</data>
      <data key="d37">0</data>
    </edge>
    <edge source="100" target="105">
      <data key="d36">e41</data>
      <data key="d37">0</data>
    </edge>
    <edge source="100" target="107">
      <data key="d36">e40</data>
      <data key="d37">0</data>
    </edge>
    <edge source="101" target="106">
      <data key="d36">e37</data>
      <data key="d37">0</data>
    </edge>
    <edge source="102" target="103">
      <data key="d36">e36</data>
      <data key="d37">0</data>
    </edge>
    <edge source="102" target="103">
      <data key="d36">e35</data>
      <data key="d37">1</data>
    </edge>
    <edge source="106" target="108">
      <data key="d36">e39</data>
      <data key="d37">0</data>
    </edge>
    <edge source="107" target="108">
      <data key="d36">e38</data>
      <data key="d37">0</data>
    </edge>
    <edge source="111" target="113">
      <data key="d36">e146</data>
      <data key="d37">0</data>
    </edge>
    <edge source="112" target="113">
      <data key="d36">e145</data>
      <data key="d37">0</data>
    </edge>
    <edge source="113" target="114">
      <data key="d36">e144</data>
      <data key="d37">0</data>
    </edge>
    <edge source="115" target="117">
      <data key="d36">e2</data>
      <data key="d37">0</data>
    </edge>
    <edge source="117" target="118">
      <data key="d36">e3</data>
      <data key="d37">0</data>
    </edge>
    <edge source="118" target="119">
      <data key="d36">e4</data>
      <data key="d37">0</data>
    </edge>
    <edge source="119" target="120">
      <data key="d36">e5</data>
      <data key="d37">0</data>
    </edge>
    <edge source="120" target="121">
      <data key="d36">e7</data>
      <data key="d37">0</data>
    </edge>
    <edge source="121" target="122">
      <data key="d36">e9</data>
      <data key="d37">0</data>
    </edge>
  </graph>
</graphml>
