<?xml version="1.0" encoding="utf-8"?><graphml xmlns="http://graphml.graphdrawing.org/xmlns" xmlns:xsi="http://www.w3.org/2001/XMLSchema-instance" xsi:schemaLocation="http://graphml.graphdrawing.org/xmlns http://graphml.graphdrawing.org/xmlns/1.0/graphml.xsd">
  <key attr.name="LinkNote" attr.type="string" for="edge" id="d39" />
  <key attr.name="LinkStatus" attr.type="string" for="edge" id="d38" />
  <key attr.name="key" attr.type="int" for="edge" id="d37" />
  <key attr.name="LinkLabel" attr.type="string" for="edge" id="d36" />
  <key attr.name="geocode_append" attr.type="string" for="node" id="d35" />
  <key attr.name="label" attr.type="string" for="node" id="d34" />
  <key attr.name="Longitude" attr.type="double" for="node" id="d33" />
  <key attr.name="id" attr.type="int" for="node" id="d32" />
  <key attr.name="type" attr.type="string" for="node" id="d31" />
  <key attr.name="Country" attr.type="string" for="node" id="d30" />
  <key attr.name="Latitude" attr.type="double" for="node" id="d29" />
  <key attr.name="Internal" attr.type="int" for="node" id="d28" />
  <key attr.name="Testbed" attr.type="int" for="graph" id="d27" />
  <key attr.name="LastProcessed" attr.type="string" for="graph" id="d26" />
  <key attr.name="DateYear" attr.type="string" for="graph" id="d25" />
  <key attr.name="NetworkDate" attr.type="string" for="graph" id="d24" />
  <key attr.name="Transit" attr.type="int" for="graph" id="d23" />
  <key attr.name="Developed" attr.type="int" for="graph" id="d22" />
  <key attr.name="Creator" attr.type="string" for="graph" id="d21" />
  <key attr.name="Layer" attr.type="string" for="graph" id="d20" />
  <key attr.name="LastAccess" attr.type="string" for="graph" id="d19" />
  <key attr.name="DateMonth" attr.type="string" for="graph" id="d18" />
  <key attr.name="DateModifier" attr.type="string" for="graph" id="d17" />
  <key attr.name="SourceGitVersion" attr.type="string" for="graph" id="d16" />
  <key attr.name="IX" attr.type="int" for="graph" id="d15" />
  <key attr.name="Customer" attr.type="int" for="graph" id="d14" />
  <key attr.name="ToolsetVersion" attr.type="string" for="graph" id="d13" />
  <key attr.name="label" attr.type="string" for="graph" id="d12" />
  <key attr.name="Commercial" attr.type="int" for="graph" id="d11" />
  <key attr.name="Backbone" attr.type="int" for="graph" id="d10" />
  <key attr.name="DateType" attr.type="string" for="graph" id="d9" />
  <key attr.name="Type" attr.type="string" for="graph" id="d8" />
  <key attr.name="Version" attr.type="string" for="graph" id="d7" />
  <key attr.name="Source" attr.type="string" for="graph" id="d6" />
  <key attr.name="Access" attr.type="int" for="graph" id="d5" />
  <key attr.name="Provenance" attr.type="string" for="graph" id="d4" />
  <key attr.name="Network" attr.type="string" for="graph" id="d3" />
  <key attr.name="GeoExtent" attr.type="string" for="graph" id="d2" />
  <key attr.name="GeoLocation" attr.type="string" for="graph" id="d1" />
  <key attr.name="DateObtained" attr.type="string" for="graph" id="d0" />
  <graph edgedefault="undirected">
    <data key="d0">26/10/10</data>
    <data key="d1">Tennessee, USA</data>
    <data key="d2">Region</data>
    <data key="d3">IRIS Networks </data>
    <data key="d4">Primary</data>
    <data key="d5">0</data>
    <data key="d6">http://www.iristransport.com/network.php</data>
    <data key="d7">1.0</data>
    <data key="d8">COM</data>
    <data key="d9">Current</data>
    <data key="d10">1</data>
    <data key="d11">0</data>
    <data key="d12">Iris</data>
    <data key="d13">0.3.34dev-20120328</data>
    <data key="d14">1</data>
    <data key="d15">0</data>
    <data key="d16">e278b1b</data>
    <data key="d17">=</data>
    <data key="d18">08</data>
    <data key="d19">3/08/10</data>
    <data key="d20">IP</data>
    <data key="d21">Topology Zoo Toolset</data>
    <data key="d22">1</data>
    <data key="d23">1</data>
    <data key="d24">2010_08</data>
    <data key="d25">2010</data>
    <data key="d26">2011_09_01</data>
    <data key="d27">0</data>
    <node id="0">
      <data key="d28">1</data>
      <data key="d29">36.35561</data>
      <data key="d30">United States</data>
      <data key="d31">Node</data>
      <data key="d32">0</data>
      <data key="d33">-85.65887</data>
      <data key="d34">Gainesboro</data>
    </node>
    <node id="1">
      <data key="d28">1</data>
      <data key="d29">36.1048</data>
      <data key="d30">United States</data>
      <data key="d31">Node</data>
      <data key="d32">1</data>
      <data key="d33">-84.59716</data>
      <data key="d34">Wartburg</data>
    </node>
    <node id="2">
      <data key="d28">1</data>
      <data key="d29">36.75338</data>
      <data key="d30">United States</data>
      <data key="d31">Node</data>
      <data key="d32">2</data>
      <data key="d33">-86.19054</data>
      <data key="d34">Scottsville</data>
    </node>
    <node id="3">
      <data key="d28">1</data>
      <data key="d29">36.52116</data>
      <data key="d30">United States</data>
      <data key="d31">Node</data>
      <data key="d32">3</data>
      <data key="d33">-86.02637</data>
      <data key="d34">Lafayette</data>
    </node>
    <node id="4">
      <data key="d28">1</data>
      <data key="d29">36.16316</data>
      <data key="d30">United States</data>
      <data key="d31">Node</data>
      <data key="d32">4</data>
      <data key="d33">-82.83099</data>
      <data key="d34">Greenville</data>
    </node>
    <node id="5">
      <data key="d28">1</data>
      <data key="d29">36.31344</data>
      <data key="d30">United States</data>
      <data key="d31">Large Node</data>
      <data key="d32">5</data>
      <data key="d33">-82.35347</data>
      <data key="d34">Johnson City</data>
    </node>
    <node id="6">
      <data key="d28">1</data>
      <data key="d29">35.96064</data>
      <data key="d30">United States</data>
      <data key="d31">Large Node</data>
      <data key="d32">6</data>
      <data key="d33">-83.92074</data>
      <data key="d34">Knoxville</data>
    </node>
    <node id="7">
      <data key="d28">1</data>
      <data key="d29">36.21398</data>
      <data key="d30">United States</data>
      <data key="d31">Node</data>
      <data key="d32">7</data>
      <data key="d33">-83.29489</data>
      <data key="d34">Morristown</data>
    </node>
    <node id="8">
      <data key="d28">1</data>
      <data key="d29">36.63788</data>
      <data key="d30">United States</data>
      <data key="d31">Node</data>
      <data key="d32">8</data>
      <data key="d33">-82.58099</data>
      <data key="d34">Scott County</data>
    </node>
    <node id="9">
      <data key="d28">1</data>
      <data key="d29">35.94896</data>
      <data key="d30">United States</data>
      <data key="d31">Node</data>
      <data key="d32">9</data>
      <data key="d33">-85.0269</data>
      <data key="d34">Crossville</data>
    </node>
    <node id="10">
      <data key="d28">1</data>
      <data key="d29">35.14953</data>
      <data key="d30">United States</data>
      <data key="d31">Large Node</data>
      <data key="d32">10</data>
      <data key="d33">-90.04898</data>
      <data key="d34">Memphis</data>
    </node>
    <node id="11">
      <data key="d28">1</data>
      <data key="d29">34.49425</data>
      <data key="d30">United States</data>
      <data key="d31">Node</data>
      <data key="d32">11</data>
      <data key="d33">-85.84775</data>
      <data key="d34">Rainsville</data>
    </node>
    <node id="12">
      <data key="d28">1</data>
      <data key="d29">34.67231</data>
      <data key="d30">United States</data>
      <data key="d31">Node</data>
      <data key="d32">12</data>
      <data key="d33">-86.03415</data>
      <data key="d34">Scottsboro</data>
    </node>
    <node id="13">
      <data key="d28">1</data>
      <data key="d29">35.62646</data>
      <data key="d30">United States</data>
      <data key="d31">Node</data>
      <data key="d32">13</data>
      <data key="d33">-86.69333</data>
      <data key="d34">Chapel Hill</data>
    </node>
    <node id="14">
      <data key="d28">1</data>
      <data key="d29">35.04563</data>
      <data key="d30">United States</data>
      <data key="d31">Large Node</data>
      <data key="d32">14</data>
      <data key="d33">-85.30968</data>
      <data key="d34">Chattanooga</data>
    </node>
    <node id="15">
      <data key="d28">1</data>
      <data key="d29">35.37146</data>
      <data key="d30">United States</data>
      <data key="d31">Node</data>
      <data key="d32">15</data>
      <data key="d33">-85.39052</data>
      <data key="d34">Dunlap</data>
    </node>
    <node id="16">
      <data key="d28">1</data>
      <data key="d29">35.74729</data>
      <data key="d30">United States</data>
      <data key="d31">Node</data>
      <data key="d32">16</data>
      <data key="d33">-85.46664</data>
      <data key="d34">Spencer</data>
    </node>
    <node id="17">
      <data key="d28">1</data>
      <data key="d29">35.6834</data>
      <data key="d30">United States</data>
      <data key="d31">Node</data>
      <data key="d32">17</data>
      <data key="d33">-85.76998</data>
      <data key="d34">McMinnville</data>
    </node>
    <node id="18">
      <data key="d28">1</data>
      <data key="d29">34.91591</data>
      <data key="d30">United States</data>
      <data key="d31">Node</data>
      <data key="d32">18</data>
      <data key="d33">-85.10912</data>
      <data key="d34">Ringgold</data>
    </node>
    <node id="19">
      <data key="d28">1</data>
      <data key="d29">34.87119</data>
      <data key="d30">United States</data>
      <data key="d31">Node</data>
      <data key="d32">19</data>
      <data key="d33">-85.29079</data>
      <data key="d34">Chickamauga</data>
    </node>
    <node id="20">
      <data key="d28">1</data>
      <data key="d29">34.87202</data>
      <data key="d30">United States</data>
      <data key="d31">Node</data>
      <data key="d32">20</data>
      <data key="d33">-85.50913</data>
      <data key="d34">Trenton</data>
    </node>
    <node id="21">
      <data key="d28">1</data>
      <data key="d29">35.59397</data>
      <data key="d30">United States</data>
      <data key="d31">Node</data>
      <data key="d32">21</data>
      <data key="d33">-89.26229</data>
      <data key="d34">Brownsville</data>
    </node>
    <node id="22">
      <data key="d28">1</data>
      <data key="d29">35.34147</data>
      <data key="d30">United States</data>
      <data key="d31">Node</data>
      <data key="d32">22</data>
      <data key="d33">-89.89731</data>
      <data key="d34">Millington</data>
    </node>
    <node id="23">
      <data key="d28">1</data>
      <data key="d29">34.73037</data>
      <data key="d30">United States</data>
      <data key="d31">Large Node</data>
      <data key="d32">23</data>
      <data key="d33">-86.5861</data>
      <data key="d34">Huntsville</data>
    </node>
    <node id="24">
      <data key="d28">1</data>
      <data key="d29">34.53703</data>
      <data key="d30">United States</data>
      <data key="d31">Node</data>
      <data key="d32">24</data>
      <data key="d33">-86.39443</data>
      <data key="d34">New Hope</data>
    </node>
    <node id="25">
      <data key="d28">1</data>
      <data key="d29">35.1998</data>
      <data key="d30">United States</data>
      <data key="d31">Node</data>
      <data key="d32">25</data>
      <data key="d33">-87.03084</data>
      <data key="d34">Pulaski</data>
    </node>
    <node id="26">
      <data key="d28">1</data>
      <data key="d29">34.99203</data>
      <data key="d30">United States</data>
      <data key="d31">Node</data>
      <data key="d32">26</data>
      <data key="d33">-86.84667</data>
      <data key="d34">Ardmore</data>
    </node>
    <node id="27">
      <data key="d28">1</data>
      <data key="d29">35.31952</data>
      <data key="d30">United States</data>
      <data key="d31">Node</data>
      <data key="d32">27</data>
      <data key="d33">-87.76225</data>
      <data key="d34">Waynesboro</data>
    </node>
    <node id="28">
      <data key="d28">1</data>
      <data key="d29">35.07786</data>
      <data key="d30">United States</data>
      <data key="d31">Node</data>
      <data key="d32">28</data>
      <data key="d33">-87.43974</data>
      <data key="d34">Loretto</data>
    </node>
    <node id="29">
      <data key="d28">1</data>
      <data key="d29">35.61452</data>
      <data key="d30">United States</data>
      <data key="d31">Large Node</data>
      <data key="d32">29</data>
      <data key="d33">-88.81395</data>
      <data key="d34">Jackson</data>
    </node>
    <node id="30">
      <data key="d28">1</data>
      <data key="d29">35.43924</data>
      <data key="d30">United States</data>
      <data key="d31">Node</data>
      <data key="d32">30</data>
      <data key="d33">-88.64144</data>
      <data key="d34">Henderson</data>
    </node>
    <node id="31">
      <data key="d28">1</data>
      <data key="d29">35.61507</data>
      <data key="d30">United States</data>
      <data key="d31">Node</data>
      <data key="d32">31</data>
      <data key="d33">-87.03528</data>
      <data key="d34">Columbia</data>
    </node>
    <node id="32">
      <data key="d28">1</data>
      <data key="d29">35.84756</data>
      <data key="d30">United States</data>
      <data key="d31">Node</data>
      <data key="d32">32</data>
      <data key="d33">-88.33671</data>
      <data key="d34">Yuma</data>
    </node>
    <node id="33">
      <data key="d28">1</data>
      <data key="d29">36.16589</data>
      <data key="d30">United States</data>
      <data key="d31">Large Node</data>
      <data key="d32">33</data>
      <data key="d33">-86.78444</data>
      <data key="d34">Nashville</data>
    </node>
    <node id="34">
      <data key="d28">1</data>
      <data key="d29">35.98284</data>
      <data key="d30">United States</data>
      <data key="d31">Node</data>
      <data key="d32">34</data>
      <data key="d33">-86.5186</data>
      <data key="d34">Smyrna</data>
    </node>
    <node id="35">
      <data key="d28">1</data>
      <data key="d29">36.20006</data>
      <data key="d30">United States</data>
      <data key="d31">Node</data>
      <data key="d32">35</data>
      <data key="d33">-86.51861</data>
      <data key="d34">Mt Juliet</data>
    </node>
    <node id="36">
      <data key="d28">1</data>
      <data key="d29">35.96062</data>
      <data key="d30">United States</data>
      <data key="d31">Node</data>
      <data key="d32">36</data>
      <data key="d33">-85.81415</data>
      <data key="d34">Smithville</data>
    </node>
    <node id="37">
      <data key="d28">1</data>
      <data key="d29">35.98062</data>
      <data key="d30">United States</data>
      <data key="d31">Node</data>
      <data key="d32">37</data>
      <data key="d33">-88.94145</data>
      <data key="d34">Trenton</data>
    </node>
    <node id="38">
      <data key="d28">1</data>
      <data key="d29">36.03812</data>
      <data key="d30">United States</data>
      <data key="d31">Node</data>
      <data key="d32">38</data>
      <data key="d33">-88.24449</data>
      <data key="d34">Bruceton</data>
    </node>
    <node id="39">
      <data key="d28">1</data>
      <data key="d29">36.05895</data>
      <data key="d30">United States</data>
      <data key="d31">Node</data>
      <data key="d32">39</data>
      <data key="d33">-88.09782</data>
      <data key="d34">Camden</data>
    </node>
    <node id="40">
      <data key="d28">1</data>
      <data key="d29">36.02117</data>
      <data key="d30">United States</data>
      <data key="d31">Node</data>
      <data key="d32">40</data>
      <data key="d33">-87.96698</data>
      <data key="d34">New Johnsonville</data>
    </node>
    <node id="41">
      <data key="d28">1</data>
      <data key="d29">36.99032</data>
      <data key="d30">United States</data>
      <data key="d31">Node</data>
      <data key="d32">41</data>
      <data key="d33">-86.4436</data>
      <data key="d34">Bowling Green</data>
    </node>
    <node id="42">
      <data key="d28">1</data>
      <data key="d29">36.99588</data>
      <data key="d30">United States</data>
      <data key="d31">Node</data>
      <data key="d32">42</data>
      <data key="d33">-85.91192</data>
      <data key="d34">Glasgow</data>
    </node>
    <node id="43">
      <data key="d28">1</data>
      <data key="d29">37.08339</data>
      <data key="d30">United States</data>
      <data key="d31">Large Node</data>
      <data key="d32">43</data>
      <data key="d33">-88.60005</data>
      <data key="d34">Paducah</data>
    </node>
    <node id="44">
      <data key="d28">1</data>
      <data key="d29">36.74172</data>
      <data key="d30">United States</data>
      <data key="d31">Node</data>
      <data key="d32">44</data>
      <data key="d33">-88.63672</data>
      <data key="d34">Mayfield</data>
    </node>
    <node id="45">
      <data key="d28">1</data>
      <data key="d29">36.42423</data>
      <data key="d30">United States</data>
      <data key="d31">Node</data>
      <data key="d32">45</data>
      <data key="d33">-89.05701</data>
      <data key="d34">Union City</data>
    </node>
    <node id="46">
      <data key="d28">1</data>
      <data key="d29">36.3434</data>
      <data key="d30">United States</data>
      <data key="d31">Node</data>
      <data key="d32">46</data>
      <data key="d33">-88.85034</data>
      <data key="d34">Martin</data>
    </node>
    <node id="47">
      <data key="d28">1</data>
      <data key="d29">36.13256</data>
      <data key="d30">United States</data>
      <data key="d31">Node</data>
      <data key="d32">47</data>
      <data key="d33">-88.51866</data>
      <data key="d34">McKenzie</data>
    </node>
    <node id="48">
      <data key="d28">1</data>
      <data key="d29">36.302</data>
      <data key="d30">United States</data>
      <data key="d31">Node</data>
      <data key="d32">48</data>
      <data key="d33">-88.32671</data>
      <data key="d34">Paris</data>
    </node>
    <node id="49">
      <data key="d28">1</data>
      <data key="d29">36.61033</data>
      <data key="d30">United States</data>
      <data key="d31">Node</data>
      <data key="d32">49</data>
      <data key="d33">-88.31476</data>
      <data key="d34">Murray</data>
    </node>
    <node id="50">
      <data key="d35"> Simpson County KY</data>
      <data key="d30">United States</data>
      <data key="d33">-86.57722</data>
      <data key="d34">Franklin</data>
      <data key="d28">1</data>
      <data key="d29">36.72226</data>
      <data key="d31">Node</data>
      <data key="d32">50</data>
    </node>
    <edge source="0" target="1">
      <data key="d36">Iris Network</data>
      <data key="d37">0</data>
    </edge>
    <edge source="0" target="3">
      <data key="d36">Iris Network</data>
      <data key="d37">0</data>
    </edge>
    <edge source="0" target="36">
      <data key="d36">Iris Network</data>
      <data key="d37">0</data>
    </edge>
    <edge source="0" target="33">
      <data key="d36">Iris Network</data>
      <data key="d37">0</data>
    </edge>
    <edge source="0" target="9">
      <data key="d36">Iris Network</data>
      <data key="d37">0</data>
    </edge>
    <edge source="0" target="35">
      <data key="d36">Iris Network</data>
      <data key="d37">0</data>
    </edge>
    <edge source="1" target="6">
      <data key="d36">Iris Network</data>
      <data key="d37">0</data>
    </edge>
    <edge source="2" target="41">
      <data key="d38">Future</data>
      <data key="d36">Iris Future Network</data>
      <data key="d39">Iris  Network</data>
      <data key="d37">0</data>
    </edge>
    <edge source="2" target="42">
      <data key="d38">Future</data>
      <data key="d36">Iris Future Network</data>
      <data key="d39">Iris  Network</data>
      <data key="d37">0</data>
    </edge>
    <edge source="2" target="3">
      <data key="d38">Future</data>
      <data key="d36">Iris Future Network</data>
      <data key="d39">Iris  Network</data>
      <data key="d37">0</data>
    </edge>
    <edge source="2" target="50">
      <data key="d38">Future</data>
      <data key="d36">Iris Future Network</data>
      <data key="d39">Iris  Network</data>
      <data key="d37">0</data>
    </edge>
    <edge source="4" target="5">
      <data key="d38">Future</data>
      <data key="d36">Iris Future Network</data>
      <data key="d39">Iris  Network</data>
      <data key="d37">0</data>
    </edge>
    <edge source="4" target="7">
      <data key="d38">Future</data>
      <data key="d36">Iris Future Network</data>
      <data key="d39">Iris  Network</data>
      <data key="d37">0</data>
    </edge>
    <edge source="5" target="8">
      <data key="d36">Iris Network</data>
      <data key="d37">0</data>
    </edge>
    <edge source="5" target="6">
      <data key="d36">Iris Network</data>
      <data key="d37">0</data>
    </edge>
    <edge source="6" target="14">
      <data key="d36">Iris Network</data>
      <data key="d37">0</data>
    </edge>
    <edge source="6" target="7">
      <data key="d38">Future</data>
      <data key="d36">Iris Future Network</data>
      <data key="d39">Iris  Network</data>
      <data key="d37">0</data>
    </edge>
    <edge source="9" target="17">
      <data key="d36">Iris Network</data>
      <data key="d37">0</data>
    </edge>
    <edge source="10" target="29">
      <data key="d36">Iris Network</data>
      <data key="d37">0</data>
    </edge>
    <edge source="10" target="22">
      <data key="d36">Iris Network</data>
      <data key="d37">0</data>
    </edge>
    <edge source="11" target="20">
      <data key="d36">Iris Network</data>
      <data key="d37">0</data>
    </edge>
    <edge source="11" target="12">
      <data key="d36">Iris Network</data>
      <data key="d37">0</data>
    </edge>
    <edge source="12" target="24">
      <data key="d36">Iris Network</data>
      <data key="d37">0</data>
    </edge>
    <edge source="13" target="16">
      <data key="d36">Iris Network</data>
      <data key="d37">0</data>
    </edge>
    <edge source="13" target="33">
      <data key="d36">Iris Network</data>
      <data key="d37">0</data>
    </edge>
    <edge source="13" target="34">
      <data key="d36">Iris Network</data>
      <data key="d37">0</data>
    </edge>
    <edge source="13" target="26">
      <data key="d36">Iris Network</data>
      <data key="d37">0</data>
    </edge>
    <edge source="14" target="18">
      <data key="d36">Iris Network</data>
      <data key="d37">0</data>
    </edge>
    <edge source="14" target="15">
      <data key="d36">Iris Network</data>
      <data key="d37">0</data>
    </edge>
    <edge source="14" target="23">
      <data key="d36">Iris Network</data>
      <data key="d37">0</data>
    </edge>
    <edge source="15" target="16">
      <data key="d36">Iris Network</data>
      <data key="d37">0</data>
    </edge>
    <edge source="16" target="17">
      <data key="d36">Iris Network</data>
      <data key="d37">0</data>
    </edge>
    <edge source="16" target="36">
      <data key="d36">Iris Network</data>
      <data key="d37">0</data>
    </edge>
    <edge source="18" target="19">
      <data key="d36">Iris Network</data>
      <data key="d37">0</data>
    </edge>
    <edge source="19" target="20">
      <data key="d36">Iris Network</data>
      <data key="d37">0</data>
    </edge>
    <edge source="21" target="22">
      <data key="d36">Iris Network</data>
      <data key="d37">0</data>
    </edge>
    <edge source="23" target="24">
      <data key="d36">Iris Network</data>
      <data key="d37">0</data>
    </edge>
    <edge source="23" target="26">
      <data key="d36">Iris Network</data>
      <data key="d37">0</data>
    </edge>
    <edge source="23" target="28">
      <data key="d36">Iris Network</data>
      <data key="d37">0</data>
    </edge>
    <edge source="23" target="31">
      <data key="d38">Future</data>
      <data key="d36">Iris Future Network</data>
      <data key="d39">Iris  Network</data>
      <data key="d37">0</data>
    </edge>
    <edge source="25" target="26">
      <data key="d36">Iris Network</data>
      <data key="d37">0</data>
    </edge>
    <edge source="25" target="28">
      <data key="d36">Iris Network</data>
      <data key="d37">0</data>
    </edge>
    <edge source="27" target="28">
      <data key="d36">Iris Network</data>
      <data key="d37">0</data>
    </edge>
    <edge source="27" target="30">
      <data key="d36">Iris Network</data>
      <data key="d37">0</data>
    </edge>
    <edge source="29" target="32">
      <data key="d36">Iris Network</data>
      <data key="d37">0</data>
    </edge>
    <edge source="29" target="37">
      <data key="d36">Iris Network</data>
      <data key="d37">0</data>
    </edge>
    <edge source="29" target="30">
      <data key="d36">Iris Network</data>
      <data key="d37">0</data>
    </edge>
    <edge source="31" target="33">
      <data key="d38">Future</data>
      <data key="d36">Iris Future Network</data>
      <data key="d39">Iris  Network</data>
      <data key="d37">0</data>
    </edge>
    <edge source="32" target="33">
      <data key="d36">Iris Network</data>
      <data key="d37">0</data>
    </edge>
    <edge source="32" target="38">
      <data key="d38">Future</data>
      <data key="d36">Iris Future Network</data>
      <data key="d39">Iris  Network</data>
      <data key="d37">0</data>
    </edge>
    <edge source="32" target="47">
      <data key="d36">Iris Network</data>
      <data key="d37">0</data>
    </edge>
    <edge source="34" target="35">
      <data key="d36">Iris Network</data>
      <data key="d37">0</data>
    </edge>
    <edge source="37" target="45">
      <data key="d36">Iris Network</data>
      <data key="d37">0</data>
    </edge>
    <edge source="38" target="39">
      <data key="d38">Future</data>
      <data key="d36">Iris Future Network</data>
      <data key="d39">Iris  Network</data>
      <data key="d37">0</data>
    </edge>
    <edge source="39" target="40">
      <data key="d38">Future</data>
      <data key="d36">Iris Future Network</data>
      <data key="d39">Iris  Network</data>
      <data key="d37">0</data>
    </edge>
    <edge source="39" target="48">
      <data key="d38">Future</data>
      <data key="d36">Iris Future Network</data>
      <data key="d39">Iris  Network</data>
      <data key="d37">0</data>
    </edge>
    <edge source="41" target="50">
      <data key="d38">Future</data>
      <data key="d36">Iris Future Network</data>
      <data key="d39">Iris  Network</data>
      <data key="d37">0</data>
    </edge>
    <edge source="43" target="49">
      <data key="d36">Iris Network</data>
      <data key="d37">0</data>
    </edge>
    <edge source="43" target="44">
      <data key="d36">Iris Network</data>
      <data key="d37">0</data>
    </edge>
    <edge source="44" target="45">
      <data key="d36">Iris Network</data>
      <data key="d37">0</data>
    </edge>
    <edge source="45" target="46">
      <data key="d36">Iris Network</data>
      <data key="d37">0</data>
    </edge>
    <edge source="46" target="47">
      <data key="d36">Iris Network</data>
      <data key="d37">0</data>
    </edge>
    <edge source="47" target="48">
      <data key="d36">Iris Network</data>
      <data key="d37">0</data>
    </edge>
    <edge source="48" target="49">
      <data key="d36">Iris Network</data>
      <data key="d37">0</data>
    </edge>
  </graph>
</graphml>
