<?xml version="1.0" encoding="utf-8"?><graphml xmlns="http://graphml.graphdrawing.org/xmlns" xmlns:xsi="http://www.w3.org/2001/XMLSchema-instance" xsi:schemaLocation="http://graphml.graphdrawing.org/xmlns http://graphml.graphdrawing.org/xmlns/1.0/graphml.xsd">
  <key attr.name="key" attr.type="int" for="edge" id="d38" />
  <key attr.name="LinkNote" attr.type="string" for="edge" id="d37" />
  <key attr.name="LinkLabel" attr.type="string" for="edge" id="d36" />
  <key attr.name="LinkType" attr.type="string" for="edge" id="d35" />
  <key attr.name="label" attr.type="string" for="node" id="d34" />
  <key attr.name="Longitude" attr.type="double" for="node" id="d33" />
  <key attr.name="id" attr.type="int" for="node" id="d32" />
  <key attr.name="Country" attr.type="string" for="node" id="d31" />
  <key attr.name="Latitude" attr.type="double" for="node" id="d30" />
  <key attr.name="Internal" attr.type="int" for="node" id="d29" />
  <key attr.name="Testbed" attr.type="int" for="graph" id="d28" />
  <key attr.name="LastProcessed" attr.type="string" for="graph" id="d27" />
  <key attr.name="DateYear" attr.type="string" for="graph" id="d26" />
  <key attr.name="NetworkDate" attr.type="string" for="graph" id="d25" />
  <key attr.name="Transit" attr.type="int" for="graph" id="d24" />
  <key attr.name="Developed" attr.type="int" for="graph" id="d23" />
  <key attr.name="Creator" attr.type="string" for="graph" id="d22" />
  <key attr.name="Layer" attr.type="string" for="graph" id="d21" />
  <key attr.name="Access" attr.type="int" for="graph" id="d20" />
  <key attr.name="LastAccess" attr.type="string" for="graph" id="d19" />
  <key attr.name="DateMonth" attr.type="string" for="graph" id="d18" />
  <key attr.name="DateModifier" attr.type="string" for="graph" id="d17" />
  <key attr.name="SourceGitVersion" attr.type="string" for="graph" id="d16" />
  <key attr.name="IX" attr.type="int" for="graph" id="d15" />
  <key attr.name="Customer" attr.type="int" for="graph" id="d14" />
  <key attr.name="ToolsetVersion" attr.type="string" for="graph" id="d13" />
  <key attr.name="label" attr.type="string" for="graph" id="d12" />
  <key attr.name="Commercial" attr.type="int" for="graph" id="d11" />
  <key attr.name="Backbone" attr.type="int" for="graph" id="d10" />
  <key attr.name="DateType" attr.type="string" for="graph" id="d9" />
  <key attr.name="Type" attr.type="string" for="graph" id="d8" />
  <key attr.name="Version" attr.type="string" for="graph" id="d7" />
  <key attr.name="Source" attr.type="string" for="graph" id="d6" />
  <key attr.name="Note" attr.type="string" for="graph" id="d5" />
  <key attr.name="Provenance" attr.type="string" for="graph" id="d4" />
  <key attr.name="Network" attr.type="string" for="graph" id="d3" />
  <key attr.name="GeoExtent" attr.type="string" for="graph" id="d2" />
  <key attr.name="GeoLocation" attr.type="string" for="graph" id="d1" />
  <key attr.name="DateObtained" attr.type="string" for="graph" id="d0" />
  <graph edgedefault="undirected">
    <data key="d0">14/01/11</data>
    <data key="d1">Canada</data>
    <data key="d2">Country</data>
    <data key="d3">iSTAR</data>
    <data key="d4">Secondary</data>
    <data key="d5">http://www.itu.int/TELECOM/wt95/pressdocs/papers/cerf.html</data>
    <data key="d6">http://www.nthelp.com/images/istar.jpg</data>
    <data key="d7">1.0</data>
    <data key="d8">COM</data>
    <data key="d9">Current</data>
    <data key="d10">1</data>
    <data key="d11">0</data>
    <data key="d12">Istar</data>
    <data key="d13">0.3.34dev-20120328</data>
    <data key="d14">0</data>
    <data key="d15">0</data>
    <data key="d16">e278b1b</data>
    <data key="d17">=</data>
    <data key="d18">01</data>
    <data key="d19">14/01/11</data>
    <data key="d20">0</data>
    <data key="d21">IP</data>
    <data key="d22">Topology Zoo Toolset</data>
    <data key="d23">1</data>
    <data key="d24">1</data>
    <data key="d25">2011_01</data>
    <data key="d26">2011</data>
    <data key="d27">2011_09_01</data>
    <data key="d28">0</data>
    <node id="0">
      <data key="d29">1</data>
      <data key="d30">45.50884</data>
      <data key="d31">Canada</data>
      <data key="d32">0</data>
      <data key="d33">-73.58781</data>
      <data key="d34">Montreal</data>
    </node>
    <node id="1">
      <data key="d29">1</data>
      <data key="d30">46.81228</data>
      <data key="d31">Canada</data>
      <data key="d32">1</data>
      <data key="d33">-71.21454</data>
      <data key="d34">Quebec</data>
    </node>
    <node id="2">
      <data key="d29">1</data>
      <data key="d30">42.98339</data>
      <data key="d31">Canada</data>
      <data key="d32">2</data>
      <data key="d33">-81.23304</data>
      <data key="d34">London</data>
    </node>
    <node id="3">
      <data key="d29">0</data>
      <data key="d32">3</data>
      <data key="d34">internetMCI T3</data>
    </node>
    <node id="4">
      <data key="d29">1</data>
      <data key="d30">46.11594</data>
      <data key="d31">Canada</data>
      <data key="d32">4</data>
      <data key="d33">-64.80186</data>
      <data key="d34">Moncton</data>
    </node>
    <node id="5">
      <data key="d29">1</data>
      <data key="d30">44.646</data>
      <data key="d31">Canada</data>
      <data key="d32">5</data>
      <data key="d33">-63.57333</data>
      <data key="d34">Halifax</data>
    </node>
    <node id="6">
      <data key="d29">1</data>
      <data key="d30">45.40008</data>
      <data key="d31">Canada</data>
      <data key="d32">6</data>
      <data key="d33">-71.89908</data>
      <data key="d34">Sherbrooke</data>
    </node>
    <node id="7">
      <data key="d29">1</data>
      <data key="d30">45.27271</data>
      <data key="d31">Canada</data>
      <data key="d32">7</data>
      <data key="d33">-66.06766</data>
      <data key="d34">Saint John</data>
    </node>
    <node id="8">
      <data key="d29">1</data>
      <data key="d30">46.1351</data>
      <data key="d31">Canada</data>
      <data key="d32">8</data>
      <data key="d33">-60.1831</data>
      <data key="d34">Sydney</data>
    </node>
    <node id="9">
      <data key="d29">1</data>
      <data key="d30">43.83345</data>
      <data key="d31">Canada</data>
      <data key="d32">9</data>
      <data key="d33">-66.11557</data>
      <data key="d34">Yarmouth</data>
    </node>
    <node id="10">
      <data key="d29">0</data>
      <data key="d32">10</data>
      <data key="d34">ANS CO+RE T1</data>
    </node>
    <node id="11">
      <data key="d29">0</data>
      <data key="d32">11</data>
      <data key="d34">internetMCI T3</data>
    </node>
    <node id="12">
      <data key="d29">1</data>
      <data key="d30">48.43294</data>
      <data key="d31">Canada</data>
      <data key="d32">12</data>
      <data key="d33">-123.3693</data>
      <data key="d34">Victoria</data>
    </node>
    <node id="13">
      <data key="d29">1</data>
      <data key="d30">43.70011</data>
      <data key="d31">Canada</data>
      <data key="d32">13</data>
      <data key="d33">-79.4163</data>
      <data key="d34">Toronto</data>
    </node>
    <node id="14">
      <data key="d29">1</data>
      <data key="d30">43.23341</data>
      <data key="d31">Canada</data>
      <data key="d32">14</data>
      <data key="d33">-79.94964</data>
      <data key="d34">Hamilton</data>
    </node>
    <node id="15">
      <data key="d29">1</data>
      <data key="d30">49.24966</data>
      <data key="d31">Canada</data>
      <data key="d32">15</data>
      <data key="d33">-123.11934</data>
      <data key="d34">Vancouver</data>
    </node>
    <node id="16">
      <data key="d29">0</data>
      <data key="d32">16</data>
      <data key="d34">ANS CO+RE T1</data>
    </node>
    <node id="17">
      <data key="d29">1</data>
      <data key="d30">51.05011</data>
      <data key="d31">Canada</data>
      <data key="d32">17</data>
      <data key="d33">-114.08529</data>
      <data key="d34">Calgary</data>
    </node>
    <node id="18">
      <data key="d29">1</data>
      <data key="d30">53.55014</data>
      <data key="d31">Canada</data>
      <data key="d32">18</data>
      <data key="d33">-113.46871</data>
      <data key="d34">Edmonton</data>
    </node>
    <node id="19">
      <data key="d29">1</data>
      <data key="d30">49.69999</data>
      <data key="d31">Canada</data>
      <data key="d32">19</data>
      <data key="d33">-112.81856</data>
      <data key="d34">Lethbridge</data>
    </node>
    <node id="20">
      <data key="d29">1</data>
      <data key="d30">49.8844</data>
      <data key="d31">Canada</data>
      <data key="d32">20</data>
      <data key="d33">-97.14704</data>
      <data key="d34">Winnipeg</data>
    </node>
    <node id="21">
      <data key="d29">1</data>
      <data key="d30">45.41117</data>
      <data key="d31">Canada</data>
      <data key="d32">21</data>
      <data key="d33">-75.69812</data>
      <data key="d34">Ottawa</data>
    </node>
    <node id="22">
      <data key="d29">1</data>
      <data key="d30">43.4501</data>
      <data key="d31">Canada</data>
      <data key="d32">22</data>
      <data key="d33">-80.48299</data>
      <data key="d34">Kitchener</data>
    </node>
    <edge source="0" target="1">
      <data key="d35">T1</data>
      <data key="d36">ANS CO+RE T1</data>
      <data key="d37">ANS CO+RE </data>
      <data key="d38">0</data>
    </edge>
    <edge source="0" target="4">
      <data key="d35">T1</data>
      <data key="d36">ANS CO+RE T1</data>
      <data key="d37">ANS CO+RE </data>
      <data key="d38">0</data>
    </edge>
    <edge source="0" target="13">
      <data key="d35">T3</data>
      <data key="d36">internetMCI T3</data>
      <data key="d37">internetMCI </data>
      <data key="d38">0</data>
    </edge>
    <edge source="0" target="6">
      <data key="d35">T1</data>
      <data key="d36">ANS CO+RE T1</data>
      <data key="d37">ANS CO+RE </data>
      <data key="d38">0</data>
    </edge>
    <edge source="0" target="21">
      <data key="d35">T3</data>
      <data key="d36">internetMCI T3</data>
      <data key="d37">internetMCI </data>
      <data key="d38">0</data>
    </edge>
    <edge source="2" target="13">
      <data key="d35">T1</data>
      <data key="d36">ANS CO+RE T1</data>
      <data key="d37">ANS CO+RE </data>
      <data key="d38">0</data>
    </edge>
    <edge source="3" target="13">
      <data key="d35">T3</data>
      <data key="d36">internetMCI T3</data>
      <data key="d37">internetMCI </data>
      <data key="d38">0</data>
    </edge>
    <edge source="4" target="5">
      <data key="d35">T1</data>
      <data key="d36">ANS CO+RE T1</data>
      <data key="d37">ANS CO+RE </data>
      <data key="d38">0</data>
    </edge>
    <edge source="4" target="7">
      <data key="d35">T1</data>
      <data key="d36">ANS CO+RE T1</data>
      <data key="d37">ANS CO+RE </data>
      <data key="d38">0</data>
    </edge>
    <edge source="5" target="8">
      <data key="d35">T1</data>
      <data key="d36">ANS CO+RE T1</data>
      <data key="d37">ANS CO+RE </data>
      <data key="d38">0</data>
    </edge>
    <edge source="5" target="9">
      <data key="d35">T1</data>
      <data key="d36">ANS CO+RE T1</data>
      <data key="d37">ANS CO+RE </data>
      <data key="d38">0</data>
    </edge>
    <edge source="10" target="13">
      <data key="d35">T1</data>
      <data key="d36">ANS CO+RE T1</data>
      <data key="d37">ANS CO+RE </data>
      <data key="d38">0</data>
    </edge>
    <edge source="11" target="15">
      <data key="d35">T3</data>
      <data key="d36">internetMCI T3</data>
      <data key="d37">internetMCI </data>
      <data key="d38">0</data>
    </edge>
    <edge source="12" target="15">
      <data key="d35">T1</data>
      <data key="d36">ANS CO+RE T1</data>
      <data key="d37">ANS CO+RE </data>
      <data key="d38">0</data>
    </edge>
    <edge source="13" target="14">
      <data key="d35">T1</data>
      <data key="d36">ANS CO+RE T1</data>
      <data key="d37">ANS CO+RE </data>
      <data key="d38">0</data>
    </edge>
    <edge source="13" target="21">
      <data key="d35">T3</data>
      <data key="d36">internetMCI T3</data>
      <data key="d37">internetMCI </data>
      <data key="d38">0</data>
    </edge>
    <edge source="13" target="22">
      <data key="d35">T1</data>
      <data key="d36">ANS CO+RE T1</data>
      <data key="d37">ANS CO+RE </data>
      <data key="d38">0</data>
    </edge>
    <edge source="15" target="16">
      <data key="d35">T1</data>
      <data key="d36">ANS CO+RE T1</data>
      <data key="d37">ANS CO+RE </data>
      <data key="d38">0</data>
    </edge>
    <edge source="15" target="17">
      <data key="d35">T1</data>
      <data key="d36">ANS CO+RE T1</data>
      <data key="d37">ANS CO+RE </data>
      <data key="d38">0</data>
    </edge>
    <edge source="15" target="21">
      <data key="d35">T1</data>
      <data key="d36">ANS CO+RE T1</data>
      <data key="d37">ANS CO+RE </data>
      <data key="d38">0</data>
    </edge>
    <edge source="17" target="18">
      <data key="d35">T1</data>
      <data key="d36">ANS CO+RE T1</data>
      <data key="d37">ANS CO+RE </data>
      <data key="d38">0</data>
    </edge>
    <edge source="17" target="19">
      <data key="d35">T1</data>
      <data key="d36">ANS CO+RE T1</data>
      <data key="d37">ANS CO+RE </data>
      <data key="d38">0</data>
    </edge>
    <edge source="20" target="21">
      <data key="d35">T1</data>
      <data key="d36">ANS CO+RE T1</data>
      <data key="d37">ANS CO+RE </data>
      <data key="d38">0</data>
    </edge>
  </graph>
</graphml>
