<?xml version="1.0" encoding="utf-8"?><graphml xmlns="http://graphml.graphdrawing.org/xmlns" xmlns:xsi="http://www.w3.org/2001/XMLSchema-instance" xsi:schemaLocation="http://graphml.graphdrawing.org/xmlns http://graphml.graphdrawing.org/xmlns/1.0/graphml.xsd">
  <key attr.name="key" attr.type="int" for="edge" id="d38" />
  <key attr.name="id" attr.type="string" for="edge" id="d37" />
  <key attr.name="hyperedge" attr.type="int" for="node" id="d36" />
  <key attr.name="geocode_id" attr.type="string" for="node" id="d35" />
  <key attr.name="label" attr.type="string" for="node" id="d34" />
  <key attr.name="Longitude" attr.type="double" for="node" id="d33" />
  <key attr.name="id" attr.type="int" for="node" id="d32" />
  <key attr.name="Country" attr.type="string" for="node" id="d31" />
  <key attr.name="Latitude" attr.type="double" for="node" id="d30" />
  <key attr.name="Internal" attr.type="int" for="node" id="d29" />
  <key attr.name="Testbed" attr.type="int" for="graph" id="d28" />
  <key attr.name="LastProcessed" attr.type="string" for="graph" id="d27" />
  <key attr.name="DateYear" attr.type="string" for="graph" id="d26" />
  <key attr.name="NetworkDate" attr.type="string" for="graph" id="d25" />
  <key attr.name="Transit" attr.type="int" for="graph" id="d24" />
  <key attr.name="Developed" attr.type="int" for="graph" id="d23" />
  <key attr.name="Creator" attr.type="string" for="graph" id="d22" />
  <key attr.name="Layer" attr.type="string" for="graph" id="d21" />
  <key attr.name="Access" attr.type="int" for="graph" id="d20" />
  <key attr.name="LastAccess" attr.type="string" for="graph" id="d19" />
  <key attr.name="DateMonth" attr.type="int" for="graph" id="d18" />
  <key attr.name="DateModifier" attr.type="string" for="graph" id="d17" />
  <key attr.name="SourceGitVersion" attr.type="string" for="graph" id="d16" />
  <key attr.name="IX" attr.type="int" for="graph" id="d15" />
  <key attr.name="Customer" attr.type="int" for="graph" id="d14" />
  <key attr.name="ToolsetVersion" attr.type="string" for="graph" id="d13" />
  <key attr.name="label" attr.type="string" for="graph" id="d12" />
  <key attr.name="Commercial" attr.type="int" for="graph" id="d11" />
  <key attr.name="Backbone" attr.type="int" for="graph" id="d10" />
  <key attr.name="DateType" attr.type="string" for="graph" id="d9" />
  <key attr.name="Type" attr.type="string" for="graph" id="d8" />
  <key attr.name="Version" attr.type="string" for="graph" id="d7" />
  <key attr.name="Source" attr.type="string" for="graph" id="d6" />
  <key attr.name="Note" attr.type="string" for="graph" id="d5" />
  <key attr.name="Provenance" attr.type="string" for="graph" id="d4" />
  <key attr.name="Network" attr.type="string" for="graph" id="d3" />
  <key attr.name="GeoExtent" attr.type="string" for="graph" id="d2" />
  <key attr.name="GeoLocation" attr.type="string" for="graph" id="d1" />
  <key attr.name="DateObtained" attr.type="string" for="graph" id="d0" />
  <graph edgedefault="undirected">
    <data key="d0">22/10/10</data>
    <data key="d1">Japan</data>
    <data key="d2">Country</data>
    <data key="d3">JGN2plus-Japan</data>
    <data key="d4">Primary</data>
    <data key="d5">National links have capacity between 1Gb/s to 20Gb/s</data>
    <data key="d6">http://www.jgn.nict.go.jp/english/about_us/nw.html</data>
    <data key="d7">1.0</data>
    <data key="d8">REN</data>
    <data key="d9">Historic</data>
    <data key="d10">1</data>
    <data key="d11">0</data>
    <data key="d12">Jgn2Plus</data>
    <data key="d13">0.3.34dev-20120328</data>
    <data key="d14">1</data>
    <data key="d15">0</data>
    <data key="d16">e278b1b</data>
    <data key="d17">=</data>
    <data key="d18">0</data>
    <data key="d19">3/08/10</data>
    <data key="d20">0</data>
    <data key="d21">IP</data>
    <data key="d22">Topology Zoo Toolset</data>
    <data key="d23">1</data>
    <data key="d24">0</data>
    <data key="d25">2009</data>
    <data key="d26">2009</data>
    <data key="d27">2011_09_01</data>
    <data key="d28">1</data>
    <node id="0">
      <data key="d29">1</data>
      <data key="d30">34.5</data>
      <data key="d31">Japan</data>
      <data key="d32">0</data>
      <data key="d33">133.0</data>
      <data key="d34">Chugoku</data>
    </node>
    <node id="1">
      <data key="d29">1</data>
      <data key="d30">35.0</data>
      <data key="d31">Japan</data>
      <data key="d32">1</data>
      <data key="d33">135.5</data>
      <data key="d34">Kinki</data>
    </node>
    <node id="2">
      <data key="d29">1</data>
      <data key="d30">33.0</data>
      <data key="d31">Japan</data>
      <data key="d32">2</data>
      <data key="d33">131.0</data>
      <data key="d34">Kyushu</data>
    </node>
    <node id="3">
      <data key="d29">1</data>
      <data key="d35">1852487</data>
      <data key="d30">33.75</data>
      <data key="d31">Japan</data>
      <data key="d32">3</data>
      <data key="d33">133.5</data>
      <data key="d34">Shikoku</data>
    </node>
    <node id="4">
      <data key="d29">1</data>
      <data key="d30">43.65899</data>
      <data key="d31">Japan</data>
      <data key="d32">4</data>
      <data key="d33">145.13197</data>
      <data key="d34">Shinetsu</data>
    </node>
    <node id="5">
      <data key="d29">0</data>
      <data key="d32">5</data>
      <data key="d34">Busan</data>
    </node>
    <node id="6">
      <data key="d29">1</data>
      <data key="d30">35.02676</data>
      <data key="d31">Japan</data>
      <data key="d32">6</data>
      <data key="d33">136.89846</data>
      <data key="d34">Tokai</data>
    </node>
    <node id="7">
      <data key="d29">1</data>
      <data key="d30">37.0</data>
      <data key="d31">Japan</data>
      <data key="d32">7</data>
      <data key="d33">137.5</data>
      <data key="d34">Hokuriku</data>
    </node>
    <node id="8">
      <data key="d29">0</data>
      <data key="d32">8</data>
      <data key="d34">Hongkong</data>
    </node>
    <node id="9">
      <data key="d29">1</data>
      <data key="d30">26.33583</data>
      <data key="d31">Japan</data>
      <data key="d32">9</data>
      <data key="d33">127.80139</data>
      <data key="d34">Okinawa</data>
    </node>
    <node id="10">
      <data key="d29">1</data>
      <data key="d30">43.06417</data>
      <data key="d31">Japan</data>
      <data key="d32">10</data>
      <data key="d33">141.34694</data>
      <data key="d34">Hokkaido</data>
    </node>
    <node id="11">
      <data key="d29">1</data>
      <data key="d30">38.26889</data>
      <data key="d31">Japan</data>
      <data key="d32">11</data>
      <data key="d33">140.87194</data>
      <data key="d34">Tohoku</data>
    </node>
    <node id="12">
      <data key="d29">1</data>
      <data key="d30">35.61488</data>
      <data key="d31">Japan</data>
      <data key="d32">12</data>
      <data key="d33">139.5813</data>
      <data key="d34">Tokyo</data>
    </node>
    <node id="13">
      <data key="d29">0</data>
      <data key="d32">13</data>
      <data key="d34">Chicago</data>
    </node>
    <node id="14">
      <data key="d29">0</data>
      <data key="d32">14</data>
      <data key="d34">Los Angeles</data>
    </node>
    <node id="15">
      <data key="d36">1</data>
      <data key="d29">1</data>
      <data key="d32">15</data>
      <data key="d34">None</data>
    </node>
    <node id="16">
      <data key="d29">0</data>
      <data key="d32">16</data>
      <data key="d34">Singapore</data>
    </node>
    <node id="17">
      <data key="d29">0</data>
      <data key="d32">17</data>
      <data key="d34">Bangkok</data>
    </node>
    <edge source="0" target="1">
      <data key="d37">e15</data>
      <data key="d38">0</data>
    </edge>
    <edge source="0" target="2">
      <data key="d37">e12</data>
      <data key="d38">0</data>
    </edge>
    <edge source="1" target="3">
      <data key="d37">e14</data>
      <data key="d38">0</data>
    </edge>
    <edge source="1" target="6">
      <data key="d37">e16</data>
      <data key="d38">0</data>
    </edge>
    <edge source="2" target="9">
      <data key="d37">e11</data>
      <data key="d38">0</data>
    </edge>
    <edge source="2" target="5">
      <data key="d37">e13</data>
      <data key="d38">0</data>
    </edge>
    <edge source="4" target="12">
      <data key="d37">e8</data>
      <data key="d38">0</data>
    </edge>
    <edge source="6" target="12">
      <data key="d37">e6</data>
      <data key="d38">0</data>
    </edge>
    <edge source="7" target="12">
      <data key="d37">e7</data>
      <data key="d38">0</data>
    </edge>
    <edge source="8" target="12">
      <data key="d37">e5</data>
      <data key="d38">0</data>
    </edge>
    <edge source="10" target="11">
      <data key="d37">e0</data>
      <data key="d38">0</data>
    </edge>
    <edge source="11" target="12">
      <data key="d37">e1</data>
      <data key="d38">0</data>
    </edge>
    <edge source="12" target="15">
      <data key="d37">e2</data>
      <data key="d38">0</data>
    </edge>
    <edge source="12" target="16">
      <data key="d37">e3</data>
      <data key="d38">0</data>
    </edge>
    <edge source="12" target="17">
      <data key="d37">e4</data>
      <data key="d38">0</data>
    </edge>
    <edge source="13" target="15">
      <data key="d37">e9</data>
      <data key="d38">0</data>
    </edge>
    <edge source="14" target="15">
      <data key="d37">e10</data>
      <data key="d38">0</data>
    </edge>
  </graph>
</graphml>
