<?xml version="1.0" encoding="utf-8"?><graphml xmlns="http://graphml.graphdrawing.org/xmlns" xmlns:xsi="http://www.w3.org/2001/XMLSchema-instance" xsi:schemaLocation="http://graphml.graphdrawing.org/xmlns http://graphml.graphdrawing.org/xmlns/1.0/graphml.xsd">
  <key attr.name="LinkStatus" attr.type="string" for="edge" id="d40" />
  <key attr.name="key" attr.type="int" for="edge" id="d39" />
  <key attr.name="LinkSpeedRaw" attr.type="double" for="edge" id="d38" />
  <key attr.name="LinkSpeedUnits" attr.type="string" for="edge" id="d37" />
  <key attr.name="LinkLabel" attr.type="string" for="edge" id="d36" />
  <key attr.name="LinkSpeed" attr.type="string" for="edge" id="d35" />
  <key attr.name="label" attr.type="string" for="node" id="d34" />
  <key attr.name="Longitude" attr.type="double" for="node" id="d33" />
  <key attr.name="id" attr.type="int" for="node" id="d32" />
  <key attr.name="Country" attr.type="string" for="node" id="d31" />
  <key attr.name="Latitude" attr.type="double" for="node" id="d30" />
  <key attr.name="Internal" attr.type="int" for="node" id="d29" />
  <key attr.name="Testbed" attr.type="int" for="graph" id="d28" />
  <key attr.name="LastProcessed" attr.type="string" for="graph" id="d27" />
  <key attr.name="DateYear" attr.type="string" for="graph" id="d26" />
  <key attr.name="NetworkDate" attr.type="string" for="graph" id="d25" />
  <key attr.name="Transit" attr.type="int" for="graph" id="d24" />
  <key attr.name="Developed" attr.type="int" for="graph" id="d23" />
  <key attr.name="Creator" attr.type="string" for="graph" id="d22" />
  <key attr.name="Layer" attr.type="string" for="graph" id="d21" />
  <key attr.name="Access" attr.type="int" for="graph" id="d20" />
  <key attr.name="LastAccess" attr.type="string" for="graph" id="d19" />
  <key attr.name="DateMonth" attr.type="string" for="graph" id="d18" />
  <key attr.name="DateModifier" attr.type="string" for="graph" id="d17" />
  <key attr.name="SourceGitVersion" attr.type="string" for="graph" id="d16" />
  <key attr.name="IX" attr.type="int" for="graph" id="d15" />
  <key attr.name="Customer" attr.type="int" for="graph" id="d14" />
  <key attr.name="ToolsetVersion" attr.type="string" for="graph" id="d13" />
  <key attr.name="label" attr.type="string" for="graph" id="d12" />
  <key attr.name="Commercial" attr.type="int" for="graph" id="d11" />
  <key attr.name="Backbone" attr.type="int" for="graph" id="d10" />
  <key attr.name="Type" attr.type="string" for="graph" id="d9" />
  <key attr.name="DateType" attr.type="string" for="graph" id="d8" />
  <key attr.name="Version" attr.type="string" for="graph" id="d7" />
  <key attr.name="Source" attr.type="string" for="graph" id="d6" />
  <key attr.name="Note" attr.type="string" for="graph" id="d5" />
  <key attr.name="Provenance" attr.type="string" for="graph" id="d4" />
  <key attr.name="Network" attr.type="string" for="graph" id="d3" />
  <key attr.name="GeoExtent" attr.type="string" for="graph" id="d2" />
  <key attr.name="GeoLocation" attr.type="string" for="graph" id="d1" />
  <key attr.name="DateObtained" attr.type="string" for="graph" id="d0" />
  <graph edgedefault="undirected">
    <data key="d0">22/10/10</data>
    <data key="d1">New Zealand</data>
    <data key="d2">Country</data>
    <data key="d3">KAREN</data>
    <data key="d4">Primary</data>
    <data key="d5">Does VC count as Customer? Transit status unclear. Names using http://weathermap.karen.net.nz/</data>
    <data key="d6">http://www.karen.net.nz/topology/</data>
    <data key="d7">1.0</data>
    <data key="d8">Historic</data>
    <data key="d9">REN</data>
    <data key="d10">1</data>
    <data key="d11">0</data>
    <data key="d12">Karen</data>
    <data key="d13">0.3.34dev-20120328</data>
    <data key="d14">0</data>
    <data key="d15">0</data>
    <data key="d16">e278b1b</data>
    <data key="d17">=</data>
    <data key="d18">12</data>
    <data key="d19">3/08/10</data>
    <data key="d20">0</data>
    <data key="d21">IP</data>
    <data key="d22">Topology Zoo Toolset</data>
    <data key="d23">1</data>
    <data key="d24">0</data>
    <data key="d25">2010_12</data>
    <data key="d26">2010</data>
    <data key="d27">2011_09_01</data>
    <data key="d28">0</data>
    <node id="0">
      <data key="d29">1</data>
      <data key="d30">-41.28664</data>
      <data key="d31">New Zealand</data>
      <data key="d32">0</data>
      <data key="d33">174.77557</data>
      <data key="d34">WLG</data>
    </node>
    <node id="1">
      <data key="d29">1</data>
      <data key="d30">-45.87416</data>
      <data key="d31">New Zealand</data>
      <data key="d32">1</data>
      <data key="d33">170.50361</data>
      <data key="d34">DUD</data>
    </node>
    <node id="2">
      <data key="d29">1</data>
      <data key="d30">-41.19827</data>
      <data key="d31">New Zealand</data>
      <data key="d32">2</data>
      <data key="d33">174.92019</data>
      <data key="d34">AVL</data>
    </node>
    <node id="3">
      <data key="d29">1</data>
      <data key="d30">-40.35</data>
      <data key="d31">New Zealand</data>
      <data key="d32">3</data>
      <data key="d33">175.61667</data>
      <data key="d34">PNR</data>
    </node>
    <node id="4">
      <data key="d29">1</data>
      <data key="d30">-43.65</data>
      <data key="d31">New Zealand</data>
      <data key="d32">4</data>
      <data key="d33">172.48333</data>
      <data key="d34">LCN</data>
    </node>
    <node id="5">
      <data key="d29">1</data>
      <data key="d30">-43.53333</data>
      <data key="d31">New Zealand</data>
      <data key="d32">5</data>
      <data key="d33">172.63333</data>
      <data key="d34">CHC</data>
    </node>
    <node id="6">
      <data key="d29">1</data>
      <data key="d30">-45.84838</data>
      <data key="d31">New Zealand</data>
      <data key="d32">6</data>
      <data key="d33">170.3801</data>
      <data key="d34">IVM</data>
    </node>
    <node id="7">
      <data key="d29">1</data>
      <data key="d30">-46.4</data>
      <data key="d31">New Zealand</data>
      <data key="d32">7</data>
      <data key="d33">168.35</data>
      <data key="d34">INV</data>
    </node>
    <node id="8">
      <data key="d29">1</data>
      <data key="d30">-44.01667</data>
      <data key="d31">New Zealand</data>
      <data key="d32">8</data>
      <data key="d33">170.5</data>
      <data key="d34">TPO</data>
    </node>
    <node id="9">
      <data key="d29">1</data>
      <data key="d30">-41.28333</data>
      <data key="d31">New Zealand</data>
      <data key="d32">9</data>
      <data key="d33">173.28333</data>
      <data key="d34">NLS</data>
    </node>
    <node id="10">
      <data key="d29">0</data>
      <data key="d32">10</data>
      <data key="d34">Syd</data>
    </node>
    <node id="11">
      <data key="d29">1</data>
      <data key="d30">-36.8782</data>
      <data key="d31">New Zealand</data>
      <data key="d32">11</data>
      <data key="d33">174.72019</data>
      <data key="d34">MTA</data>
    </node>
    <node id="12">
      <data key="d29">1</data>
      <data key="d30">-39.06667</data>
      <data key="d31">New Zealand</data>
      <data key="d32">12</data>
      <data key="d33">174.08333</data>
      <data key="d34">NPL</data>
    </node>
    <node id="13">
      <data key="d29">1</data>
      <data key="d30">-39.93333</data>
      <data key="d31">New Zealand</data>
      <data key="d32">13</data>
      <data key="d33">175.05</data>
      <data key="d34">WAG</data>
    </node>
    <node id="14">
      <data key="d29">1</data>
      <data key="d30">-40.35</data>
      <data key="d31">New Zealand</data>
      <data key="d32">14</data>
      <data key="d33">175.61667</data>
      <data key="d34">MUP</data>
    </node>
    <node id="15">
      <data key="d29">1</data>
      <data key="d30">-36.8</data>
      <data key="d31">New Zealand</data>
      <data key="d32">15</data>
      <data key="d33">174.75</data>
      <data key="d34">NSH</data>
    </node>
    <node id="16">
      <data key="d29">1</data>
      <data key="d30">-36.4</data>
      <data key="d31">New Zealand</data>
      <data key="d32">16</data>
      <data key="d33">174.66667</data>
      <data key="d34">WRK</data>
    </node>
    <node id="17">
      <data key="d29">0</data>
      <data key="d32">17</data>
      <data key="d34">LAX</data>
    </node>
    <node id="18">
      <data key="d29">1</data>
      <data key="d30">-37.68611</data>
      <data key="d31">New Zealand</data>
      <data key="d32">18</data>
      <data key="d33">176.16667</data>
      <data key="d34">TAU</data>
    </node>
    <node id="19">
      <data key="d29">1</data>
      <data key="d30">-38.65333</data>
      <data key="d31">New Zealand</data>
      <data key="d32">19</data>
      <data key="d33">178.00417</data>
      <data key="d34">GIS</data>
    </node>
    <node id="20">
      <data key="d29">1</data>
      <data key="d30">-41.13333</data>
      <data key="d31">New Zealand</data>
      <data key="d32">20</data>
      <data key="d33">174.85</data>
      <data key="d34">POR</data>
    </node>
    <node id="21">
      <data key="d29">1</data>
      <data key="d30">-39.48333</data>
      <data key="d31">New Zealand</data>
      <data key="d32">21</data>
      <data key="d33">176.91667</data>
      <data key="d34">NAP</data>
    </node>
    <node id="22">
      <data key="d29">1</data>
      <data key="d30">-38.13874</data>
      <data key="d31">New Zealand</data>
      <data key="d32">22</data>
      <data key="d33">176.24516</data>
      <data key="d34">ROT</data>
    </node>
    <node id="23">
      <data key="d29">1</data>
      <data key="d30">-37.78333</data>
      <data key="d31">New Zealand</data>
      <data key="d32">23</data>
      <data key="d33">175.28333</data>
      <data key="d34">HLT</data>
    </node>
    <node id="24">
      <data key="d29">1</data>
      <data key="d30">-36.86667</data>
      <data key="d31">New Zealand</data>
      <data key="d32">24</data>
      <data key="d33">174.76667</data>
      <data key="d34">AKL</data>
    </node>
    <edge source="0" target="1">
      <data key="d35">1</data>
      <data key="d36">1Gb/s</data>
      <data key="d37">G</data>
      <data key="d38">1000000000.0</data>
      <data key="d39">0</data>
    </edge>
    <edge source="0" target="2">
      <data key="d35">10</data>
      <data key="d36">10Gb/s</data>
      <data key="d37">G</data>
      <data key="d38">10000000000.0</data>
      <data key="d39">0</data>
    </edge>
    <edge source="0" target="3">
      <data key="d35">10</data>
      <data key="d36">10Gb/s</data>
      <data key="d37">G</data>
      <data key="d38">10000000000.0</data>
      <data key="d39">0</data>
    </edge>
    <edge source="0" target="5">
      <data key="d35">10</data>
      <data key="d36">10Gb/s</data>
      <data key="d37">G</data>
      <data key="d38">10000000000.0</data>
      <data key="d39">0</data>
    </edge>
    <edge source="0" target="9">
      <data key="d35">10</data>
      <data key="d36">10Gb/s</data>
      <data key="d37">G</data>
      <data key="d38">10000000000.0</data>
      <data key="d39">0</data>
    </edge>
    <edge source="1" target="4">
      <data key="d35">10</data>
      <data key="d36">10Gb/s</data>
      <data key="d37">G</data>
      <data key="d38">10000000000.0</data>
      <data key="d39">0</data>
    </edge>
    <edge source="1" target="6">
      <data key="d35">10</data>
      <data key="d36">10Gb/s</data>
      <data key="d37">G</data>
      <data key="d38">10000000000.0</data>
      <data key="d39">0</data>
    </edge>
    <edge source="1" target="6">
      <data key="d35">10</data>
      <data key="d40">Planning</data>
      <data key="d36">10Gb/s (planning)</data>
      <data key="d37">G</data>
      <data key="d38">10000000000.0</data>
      <data key="d39">1</data>
    </edge>
    <edge source="1" target="7">
      <data key="d35">10</data>
      <data key="d36">10Gb/s</data>
      <data key="d37">G</data>
      <data key="d38">10000000000.0</data>
      <data key="d39">0</data>
    </edge>
    <edge source="2" target="20">
      <data key="d35">1</data>
      <data key="d36">1Gb/s</data>
      <data key="d37">G</data>
      <data key="d38">1000000000.0</data>
      <data key="d39">0</data>
    </edge>
    <edge source="2" target="14">
      <data key="d35">10</data>
      <data key="d36">10Gb/s</data>
      <data key="d37">G</data>
      <data key="d38">10000000000.0</data>
      <data key="d39">0</data>
    </edge>
    <edge source="3" target="24">
      <data key="d35">10</data>
      <data key="d36">10Gb/s</data>
      <data key="d37">G</data>
      <data key="d38">10000000000.0</data>
      <data key="d39">0</data>
    </edge>
    <edge source="3" target="12">
      <data key="d35">1</data>
      <data key="d36">1Gb/s</data>
      <data key="d37">G</data>
      <data key="d38">1000000000.0</data>
      <data key="d39">0</data>
    </edge>
    <edge source="3" target="13">
      <data key="d35">1</data>
      <data key="d36">1Gb/s</data>
      <data key="d37">G</data>
      <data key="d38">1000000000.0</data>
      <data key="d39">0</data>
    </edge>
    <edge source="3" target="14">
      <data key="d35">10</data>
      <data key="d36">10Gb/s</data>
      <data key="d37">G</data>
      <data key="d38">10000000000.0</data>
      <data key="d39">0</data>
    </edge>
    <edge source="4" target="5">
      <data key="d35">10</data>
      <data key="d36">10Gb/s</data>
      <data key="d37">G</data>
      <data key="d38">10000000000.0</data>
      <data key="d39">0</data>
    </edge>
    <edge source="5" target="8">
      <data key="d35">1</data>
      <data key="d36">1gb/s</data>
      <data key="d37">G</data>
      <data key="d38">1000000000.0</data>
      <data key="d39">0</data>
    </edge>
    <edge source="5" target="9">
      <data key="d35">10</data>
      <data key="d36">10Gb/s</data>
      <data key="d37">G</data>
      <data key="d38">10000000000.0</data>
      <data key="d39">0</data>
    </edge>
    <edge source="10" target="24">
      <data key="d35">1</data>
      <data key="d36">1Gb/s</data>
      <data key="d37">G</data>
      <data key="d38">1000000000.0</data>
      <data key="d39">0</data>
    </edge>
    <edge source="11" target="24">
      <data key="d35">10</data>
      <data key="d36">10Gb/s</data>
      <data key="d37">G</data>
      <data key="d38">10000000000.0</data>
      <data key="d39">0</data>
    </edge>
    <edge source="14" target="21">
      <data key="d35">10</data>
      <data key="d36">10Gb/s</data>
      <data key="d37">G</data>
      <data key="d38">10000000000.0</data>
      <data key="d39">0</data>
    </edge>
    <edge source="15" target="16">
      <data key="d35">1</data>
      <data key="d36">1Gb/s</data>
      <data key="d37">G</data>
      <data key="d38">1000000000.0</data>
      <data key="d39">0</data>
    </edge>
    <edge source="15" target="24">
      <data key="d35">10</data>
      <data key="d36">10Gb/s</data>
      <data key="d37">G</data>
      <data key="d38">10000000000.0</data>
      <data key="d39">0</data>
    </edge>
    <edge source="15" target="24">
      <data key="d35">10</data>
      <data key="d36">10Gb/s</data>
      <data key="d37">G</data>
      <data key="d38">10000000000.0</data>
      <data key="d39">1</data>
    </edge>
    <edge source="17" target="24">
      <data key="d35">1</data>
      <data key="d36">1Gb/s</data>
      <data key="d37">G</data>
      <data key="d38">1000000000.0</data>
      <data key="d39">0</data>
    </edge>
    <edge source="18" target="22">
      <data key="d35">1</data>
      <data key="d36">1Gb/s</data>
      <data key="d37">G</data>
      <data key="d38">1000000000.0</data>
      <data key="d39">0</data>
    </edge>
    <edge source="19" target="21">
      <data key="d35">1</data>
      <data key="d36">1Gb/s</data>
      <data key="d37">G</data>
      <data key="d38">1000000000.0</data>
      <data key="d39">0</data>
    </edge>
    <edge source="21" target="22">
      <data key="d35">10</data>
      <data key="d36">10Gb/s</data>
      <data key="d37">G</data>
      <data key="d38">10000000000.0</data>
      <data key="d39">0</data>
    </edge>
    <edge source="22" target="23">
      <data key="d35">10</data>
      <data key="d36">10Gb/s</data>
      <data key="d37">G</data>
      <data key="d38">10000000000.0</data>
      <data key="d39">0</data>
    </edge>
    <edge source="23" target="24">
      <data key="d35">10</data>
      <data key="d36">10Gb/s</data>
      <data key="d37">G</data>
      <data key="d38">10000000000.0</data>
      <data key="d39">0</data>
    </edge>
  </graph>
</graphml>
