<?xml version="1.0" encoding="utf-8"?><graphml xmlns="http://graphml.graphdrawing.org/xmlns" xmlns:xsi="http://www.w3.org/2001/XMLSchema-instance" xsi:schemaLocation="http://graphml.graphdrawing.org/xmlns http://graphml.graphdrawing.org/xmlns/1.0/graphml.xsd">
  <key attr.name="key" attr.type="int" for="edge" id="d42" />
  <key attr.name="LinkSpeedRaw" attr.type="double" for="edge" id="d41" />
  <key attr.name="LinkNote" attr.type="string" for="edge" id="d40" />
  <key attr.name="LinkLabel" attr.type="string" for="edge" id="d39" />
  <key attr.name="LinkSpeedUnits" attr.type="string" for="edge" id="d38" />
  <key attr.name="LinkSpeed" attr.type="string" for="edge" id="d37" />
  <key attr.name="geocode_append" attr.type="string" for="node" id="d36" />
  <key attr.name="label" attr.type="string" for="node" id="d35" />
  <key attr.name="Longitude" attr.type="double" for="node" id="d34" />
  <key attr.name="id" attr.type="int" for="node" id="d33" />
  <key attr.name="type" attr.type="string" for="node" id="d32" />
  <key attr.name="Country" attr.type="string" for="node" id="d31" />
  <key attr.name="Latitude" attr.type="double" for="node" id="d30" />
  <key attr.name="Internal" attr.type="int" for="node" id="d29" />
  <key attr.name="Testbed" attr.type="int" for="graph" id="d28" />
  <key attr.name="LastProcessed" attr.type="string" for="graph" id="d27" />
  <key attr.name="DateYear" attr.type="string" for="graph" id="d26" />
  <key attr.name="NetworkDate" attr.type="string" for="graph" id="d25" />
  <key attr.name="Transit" attr.type="int" for="graph" id="d24" />
  <key attr.name="Developed" attr.type="int" for="graph" id="d23" />
  <key attr.name="Creator" attr.type="string" for="graph" id="d22" />
  <key attr.name="Layer" attr.type="string" for="graph" id="d21" />
  <key attr.name="Access" attr.type="int" for="graph" id="d20" />
  <key attr.name="LastAccess" attr.type="string" for="graph" id="d19" />
  <key attr.name="DateMonth" attr.type="string" for="graph" id="d18" />
  <key attr.name="DateModifier" attr.type="string" for="graph" id="d17" />
  <key attr.name="SourceGitVersion" attr.type="string" for="graph" id="d16" />
  <key attr.name="IX" attr.type="int" for="graph" id="d15" />
  <key attr.name="Customer" attr.type="int" for="graph" id="d14" />
  <key attr.name="ToolsetVersion" attr.type="string" for="graph" id="d13" />
  <key attr.name="label" attr.type="string" for="graph" id="d12" />
  <key attr.name="Commercial" attr.type="int" for="graph" id="d11" />
  <key attr.name="Backbone" attr.type="int" for="graph" id="d10" />
  <key attr.name="Type" attr.type="string" for="graph" id="d9" />
  <key attr.name="DateType" attr.type="string" for="graph" id="d8" />
  <key attr.name="Version" attr.type="string" for="graph" id="d7" />
  <key attr.name="Source" attr.type="string" for="graph" id="d6" />
  <key attr.name="Note" attr.type="string" for="graph" id="d5" />
  <key attr.name="Provenance" attr.type="string" for="graph" id="d4" />
  <key attr.name="Network" attr.type="string" for="graph" id="d3" />
  <key attr.name="GeoExtent" attr.type="string" for="graph" id="d2" />
  <key attr.name="GeoLocation" attr.type="string" for="graph" id="d1" />
  <key attr.name="DateObtained" attr.type="string" for="graph" id="d0" />
  <graph edgedefault="undirected">
    <data key="d0">31/01/11</data>
    <data key="d1">Kent, UK</data>
    <data key="d2">Region</data>
    <data key="d3">KentMan</data>
    <data key="d4">Secondary</data>
    <data key="d5">JANET local provider</data>
    <data key="d6">http://replay.waybackmachine.org/20090629222920/http://www.kentman.ac.uk/kman/map.html</data>
    <data key="d7">1.0</data>
    <data key="d8">Historic</data>
    <data key="d9">REN</data>
    <data key="d10">1</data>
    <data key="d11">0</data>
    <data key="d12">KentmanFeb2008</data>
    <data key="d13">0.3.34dev-20120328</data>
    <data key="d14">0</data>
    <data key="d15">0</data>
    <data key="d16">e278b1b</data>
    <data key="d17">=</data>
    <data key="d18">02</data>
    <data key="d19">31/01/11</data>
    <data key="d20">0</data>
    <data key="d21">IP</data>
    <data key="d22">Topology Zoo Toolset</data>
    <data key="d23">1</data>
    <data key="d24">0</data>
    <data key="d25">2008_02</data>
    <data key="d26">2008</data>
    <data key="d27">2011_09_01</data>
    <data key="d28">0</data>
    <node id="0">
      <data key="d29">1</data>
      <data key="d30">51.27537</data>
      <data key="d31">United Kingdom</data>
      <data key="d32">Connected Site</data>
      <data key="d33">0</data>
      <data key="d34">1.09078</data>
      <data key="d35">UCCA-C</data>
    </node>
    <node id="1">
      <data key="d29">1</data>
      <data key="d30">51.27402</data>
      <data key="d31">United Kingdom</data>
      <data key="d32">Connected Site</data>
      <data key="d33">1</data>
      <data key="d34">1.08782</data>
      <data key="d35">Canterbury College</data>
    </node>
    <node id="2">
      <data key="d29">1</data>
      <data key="d30">51.38633</data>
      <data key="d31">United Kingdom</data>
      <data key="d32">Connected Site</data>
      <data key="d33">2</data>
      <data key="d34">0.54627</data>
      <data key="d35">Medway ACL</data>
    </node>
    <node id="3">
      <data key="d29">1</data>
      <data key="d30">51.39485</data>
      <data key="d31">United Kingdom</data>
      <data key="d32">Connected Site</data>
      <data key="d33">3</data>
      <data key="d34">0.54608</data>
      <data key="d35">Mid Kent College</data>
    </node>
    <node id="4">
      <data key="d29">1</data>
      <data key="d30">51.13959</data>
      <data key="d31">United Kingdom</data>
      <data key="d32">Connected Site</data>
      <data key="d33">4</data>
      <data key="d34">0.86101</data>
      <data key="d35">South Kent College - Ashford</data>
    </node>
    <node id="5">
      <data key="d29">1</data>
      <data key="d30">51.27115</data>
      <data key="d31">United Kingdom</data>
      <data key="d32">Connected Site</data>
      <data key="d33">5</data>
      <data key="d34">0.49799</data>
      <data key="d35">KIAD-O</data>
    </node>
    <node id="6">
      <data key="d29">1</data>
      <data key="d30">51.35426</data>
      <data key="d31">United Kingdom</data>
      <data key="d32">Connected Site</data>
      <data key="d33">6</data>
      <data key="d34">1.43483</data>
      <data key="d35">Thanet College</data>
    </node>
    <node id="7">
      <data key="d29">1</data>
      <data key="d30">51.36106</data>
      <data key="d31">United Kingdom</data>
      <data key="d32">Connected Site</data>
      <data key="d33">7</data>
      <data key="d34">1.43006</data>
      <data key="d35">Hilderstone College</data>
    </node>
    <node id="8">
      <data key="d29">1</data>
      <data key="d30">51.27631</data>
      <data key="d31">United Kingdom</data>
      <data key="d32">Connected Site</data>
      <data key="d33">8</data>
      <data key="d34">0.52191</data>
      <data key="d35">Kent ACL</data>
    </node>
    <node id="9">
      <data key="d29">1</data>
      <data key="d30">51.21667</data>
      <data key="d31">United Kingdom</data>
      <data key="d32">Connected Site</data>
      <data key="d33">9</data>
      <data key="d34">0.33333</data>
      <data key="d35">Hadlow College</data>
    </node>
    <node id="10">
      <data key="d29">1</data>
      <data key="d30">51.08153</data>
      <data key="d31">United Kingdom</data>
      <data key="d32">Connected Site</data>
      <data key="d33">10</data>
      <data key="d34">1.18218</data>
      <data key="d35">University College Folkestone</data>
    </node>
    <node id="11">
      <data key="d29">0</data>
      <data key="d33">11</data>
      <data key="d35">Kent Community Network (Schools, etc)</data>
    </node>
    <node id="12">
      <data key="d29">1</data>
      <data key="d30">51.29762</data>
      <data key="d31">United Kingdom</data>
      <data key="d32">PoP Site</data>
      <data key="d33">12</data>
      <data key="d34">1.06121</data>
      <data key="d35">UoK-C</data>
    </node>
    <node id="13">
      <data key="d29">1</data>
      <data key="d30">51.18787</data>
      <data key="d31">United Kingdom</data>
      <data key="d32">Connected Site</data>
      <data key="d33">13</data>
      <data key="d34">0.2647</data>
      <data key="d35">West Kent College</data>
    </node>
    <node id="14">
      <data key="d29">1</data>
      <data key="d30">51.44224</data>
      <data key="d31">United Kingdom</data>
      <data key="d32">Connected Site</data>
      <data key="d33">14</data>
      <data key="d34">0.02978</data>
      <data key="d35">Hadlow College Mottingham</data>
    </node>
    <node id="15">
      <data key="d29">1</data>
      <data key="d30">51.27766</data>
      <data key="d31">United Kingdom</data>
      <data key="d32">Connected Site</data>
      <data key="d33">15</data>
      <data key="d34">1.08382</data>
      <data key="d35">IFS School of Finance</data>
    </node>
    <node id="16">
      <data key="d29">1</data>
      <data key="d30">51.45</data>
      <data key="d31">United Kingdom</data>
      <data key="d32">Connected Site</data>
      <data key="d33">16</data>
      <data key="d34">0.21667</data>
      <data key="d35">NW Kent College - Dartford</data>
    </node>
    <node id="17">
      <data key="d29">1</data>
      <data key="d30">51.37992</data>
      <data key="d31">United Kingdom</data>
      <data key="d32">Connected Site</data>
      <data key="d33">17</data>
      <data key="d34">0.51438</data>
      <data key="d35">KIAD-R</data>
    </node>
    <node id="18">
      <data key="d29">1</data>
      <data key="d30">51.44628</data>
      <data key="d31">United Kingdom</data>
      <data key="d32">PoP Site</data>
      <data key="d33">18</data>
      <data key="d34">0.07703</data>
      <data key="d35">UoG-AH</data>
    </node>
    <node id="19">
      <data key="d36">Medway</data>
      <data key="d31">United Kingdom</data>
      <data key="d34">0.07703</data>
      <data key="d35">University of Greenwich</data>
      <data key="d29">1</data>
      <data key="d30">51.44628</data>
      <data key="d32">PoP Site</data>
      <data key="d33">19</data>
    </node>
    <node id="20">
      <data key="d29">1</data>
      <data key="d30">51.27934</data>
      <data key="d31">United Kingdom</data>
      <data key="d32">PoP Site</data>
      <data key="d33">20</data>
      <data key="d34">1.08936</data>
      <data key="d35">CCCU-C</data>
    </node>
    <node id="21">
      <data key="d29">1</data>
      <data key="d30">51.18249</data>
      <data key="d31">United Kingdom</data>
      <data key="d32">PoP Site</data>
      <data key="d33">21</data>
      <data key="d34">0.93678</data>
      <data key="d35">IC-Wye</data>
    </node>
    <node id="22">
      <data key="d29">1</data>
      <data key="d30">51.25665</data>
      <data key="d31">United Kingdom</data>
      <data key="d32">PoP Site</data>
      <data key="d33">22</data>
      <data key="d34">0.54953</data>
      <data key="d35">EIS-Maidstone</data>
    </node>
    <node id="23">
      <data key="d29">1</data>
      <data key="d30">51.15222</data>
      <data key="d31">United Kingdom</data>
      <data key="d32">PoP Site</data>
      <data key="d33">23</data>
      <data key="d34">0.24307</data>
      <data key="d35">CCCU-S</data>
    </node>
    <node id="24">
      <data key="d29">1</data>
      <data key="d30">51.35895</data>
      <data key="d31">United Kingdom</data>
      <data key="d32">PoP Site</data>
      <data key="d33">24</data>
      <data key="d34">1.40616</data>
      <data key="d35">CCCU-T</data>
    </node>
    <node id="25">
      <data key="d29">1</data>
      <data key="d30">51.28554</data>
      <data key="d31">United Kingdom</data>
      <data key="d32">Connected Site</data>
      <data key="d33">25</data>
      <data key="d34">0.21928</data>
      <data key="d35">Dorton College</data>
    </node>
    <edge source="0" target="12">
      <data key="d37">10</data>
      <data key="d38">M</data>
      <data key="d39">LES 10 Mbps</data>
      <data key="d40">LES  </data>
      <data key="d41">10000000.0</data>
      <data key="d42">0</data>
    </edge>
    <edge source="1" target="12">
      <data key="d37">10</data>
      <data key="d38">M</data>
      <data key="d39">LES 10 Mbps</data>
      <data key="d40">LES  </data>
      <data key="d41">10000000.0</data>
      <data key="d42">0</data>
    </edge>
    <edge source="2" target="19">
      <data key="d37">10</data>
      <data key="d38">M</data>
      <data key="d39">LES 10 Mbps</data>
      <data key="d40">LES  </data>
      <data key="d41">10000000.0</data>
      <data key="d42">0</data>
    </edge>
    <edge source="3" target="19">
      <data key="d37">10</data>
      <data key="d38">M</data>
      <data key="d39">LES 10 Mbps</data>
      <data key="d40">LES  </data>
      <data key="d41">10000000.0</data>
      <data key="d42">0</data>
    </edge>
    <edge source="4" target="21">
      <data key="d37">10</data>
      <data key="d38">M</data>
      <data key="d39">LES 10 Mbps</data>
      <data key="d40">LES  </data>
      <data key="d41">10000000.0</data>
      <data key="d42">0</data>
    </edge>
    <edge source="5" target="22">
      <data key="d37">10</data>
      <data key="d38">M</data>
      <data key="d39">LES 10 Mbps</data>
      <data key="d40">LES  </data>
      <data key="d41">10000000.0</data>
      <data key="d42">0</data>
    </edge>
    <edge source="6" target="24">
      <data key="d37">10</data>
      <data key="d38">M</data>
      <data key="d39">LES 10 Mbps</data>
      <data key="d40">LES  </data>
      <data key="d41">10000000.0</data>
      <data key="d42">0</data>
    </edge>
    <edge source="7" target="24">
      <data key="d37">10</data>
      <data key="d38">M</data>
      <data key="d39">LES 10 Mbps</data>
      <data key="d40">LES  </data>
      <data key="d41">10000000.0</data>
      <data key="d42">0</data>
    </edge>
    <edge source="8" target="19">
      <data key="d37">10</data>
      <data key="d38">M</data>
      <data key="d39">LES 10 Mbps</data>
      <data key="d40">LES  </data>
      <data key="d41">10000000.0</data>
      <data key="d42">0</data>
    </edge>
    <edge source="9" target="23">
      <data key="d37">10</data>
      <data key="d38">M</data>
      <data key="d39">LES 10 Mbps</data>
      <data key="d40">LES  </data>
      <data key="d41">10000000.0</data>
      <data key="d42">0</data>
    </edge>
    <edge source="10" target="21">
      <data key="d37">100</data>
      <data key="d38">M</data>
      <data key="d39">LES/EES/WSES 100 Mbps</data>
      <data key="d40">LES/EES/WSES  </data>
      <data key="d41">100000000.0</data>
      <data key="d42">0</data>
    </edge>
    <edge source="11" target="12">
      <data key="d37">2</data>
      <data key="d38">G</data>
      <data key="d39">WaveStream 2 Gbps</data>
      <data key="d40">WaveStream  </data>
      <data key="d41">2000000000.0</data>
      <data key="d42">0</data>
    </edge>
    <edge source="11" target="22">
      <data key="d37">2</data>
      <data key="d38">G</data>
      <data key="d39">WaveStream 2 Gbps</data>
      <data key="d40">WaveStream  </data>
      <data key="d41">2000000000.0</data>
      <data key="d42">0</data>
    </edge>
    <edge source="12" target="15">
      <data key="d37">10</data>
      <data key="d38">M</data>
      <data key="d39">LES 10 Mbps</data>
      <data key="d40">LES  </data>
      <data key="d41">10000000.0</data>
      <data key="d42">0</data>
    </edge>
    <edge source="12" target="19">
      <data key="d37">2</data>
      <data key="d38">G</data>
      <data key="d39">WaveStream 2 Gbps</data>
      <data key="d40">WaveStream  </data>
      <data key="d41">2000000000.0</data>
      <data key="d42">0</data>
    </edge>
    <edge source="12" target="20">
      <data key="d37">100</data>
      <data key="d38">M</data>
      <data key="d39">LES/EES/WSES 100 Mbps</data>
      <data key="d40">LES/EES/WSES  </data>
      <data key="d41">100000000.0</data>
      <data key="d42">0</data>
    </edge>
    <edge source="12" target="21">
      <data key="d37">2</data>
      <data key="d38">G</data>
      <data key="d39">WaveStream 2 Gbps</data>
      <data key="d40">WaveStream  </data>
      <data key="d41">2000000000.0</data>
      <data key="d42">0</data>
    </edge>
    <edge source="12" target="24">
      <data key="d39">Back-up link via KCN2</data>
      <data key="d42">0</data>
    </edge>
    <edge source="12" target="24">
      <data key="d37">155</data>
      <data key="d38">M</data>
      <data key="d39">Microwave 155 Mbps ATM</data>
      <data key="d40">icrowave   AT</data>
      <data key="d41">155000000.0</data>
      <data key="d42">1</data>
    </edge>
    <edge source="13" target="23">
      <data key="d37">10</data>
      <data key="d38">M</data>
      <data key="d39">LES 10 Mbps</data>
      <data key="d40">LES  </data>
      <data key="d41">10000000.0</data>
      <data key="d42">0</data>
    </edge>
    <edge source="14" target="18">
      <data key="d37">10</data>
      <data key="d38">M</data>
      <data key="d39">LES 10 Mbps</data>
      <data key="d40">LES  </data>
      <data key="d41">10000000.0</data>
      <data key="d42">0</data>
    </edge>
    <edge source="16" target="18">
      <data key="d37">10</data>
      <data key="d38">M</data>
      <data key="d39">LES 10 Mbps</data>
      <data key="d40">LES  </data>
      <data key="d41">10000000.0</data>
      <data key="d42">0</data>
    </edge>
    <edge source="17" target="19">
      <data key="d37">10</data>
      <data key="d38">M</data>
      <data key="d39">LES 10 Mbps</data>
      <data key="d40">LES  </data>
      <data key="d41">10000000.0</data>
      <data key="d42">0</data>
    </edge>
    <edge source="18" target="19">
      <data key="d37">2</data>
      <data key="d38">G</data>
      <data key="d39">WaveStream 2 Gbps</data>
      <data key="d40">WaveStream  </data>
      <data key="d41">2000000000.0</data>
      <data key="d42">0</data>
    </edge>
    <edge source="19" target="22">
      <data key="d37">2</data>
      <data key="d38">G</data>
      <data key="d39">WaveStream 2 Gbps</data>
      <data key="d40">WaveStream  </data>
      <data key="d41">2000000000.0</data>
      <data key="d42">0</data>
    </edge>
    <edge source="19" target="25">
      <data key="d37">2</data>
      <data key="d38">M</data>
      <data key="d39">Megastream 2Mbps</data>
      <data key="d40">egastream </data>
      <data key="d41">2000000.0</data>
      <data key="d42">0</data>
    </edge>
    <edge source="21" target="22">
      <data key="d37">2</data>
      <data key="d38">G</data>
      <data key="d39">WaveStream 2 Gbps</data>
      <data key="d40">WaveStream  </data>
      <data key="d41">2000000000.0</data>
      <data key="d42">0</data>
    </edge>
    <edge source="22" target="23">
      <data key="d37">100</data>
      <data key="d38">M</data>
      <data key="d39">LES/EES/WSES 100 Mbps</data>
      <data key="d40">LES/EES/WSES  </data>
      <data key="d41">100000000.0</data>
      <data key="d42">0</data>
    </edge>
  </graph>
</graphml>
