<?xml version="1.0" encoding="utf-8"?><graphml xmlns="http://graphml.graphdrawing.org/xmlns" xmlns:xsi="http://www.w3.org/2001/XMLSchema-instance" xsi:schemaLocation="http://graphml.graphdrawing.org/xmlns http://graphml.graphdrawing.org/xmlns/1.0/graphml.xsd">
  <key attr.name="key" attr.type="int" for="edge" id="d39" />
  <key attr.name="LinkSpeedRaw" attr.type="double" for="edge" id="d38" />
  <key attr.name="LinkSpeedUnits" attr.type="string" for="edge" id="d37" />
  <key attr.name="LinkLabel" attr.type="string" for="edge" id="d36" />
  <key attr.name="LinkSpeed" attr.type="string" for="edge" id="d35" />
  <key attr.name="label" attr.type="string" for="node" id="d34" />
  <key attr.name="Longitude" attr.type="double" for="node" id="d33" />
  <key attr.name="id" attr.type="int" for="node" id="d32" />
  <key attr.name="Country" attr.type="string" for="node" id="d31" />
  <key attr.name="Latitude" attr.type="double" for="node" id="d30" />
  <key attr.name="Internal" attr.type="int" for="node" id="d29" />
  <key attr.name="Testbed" attr.type="int" for="graph" id="d28" />
  <key attr.name="LastProcessed" attr.type="string" for="graph" id="d27" />
  <key attr.name="DateYear" attr.type="string" for="graph" id="d26" />
  <key attr.name="NetworkDate" attr.type="string" for="graph" id="d25" />
  <key attr.name="Transit" attr.type="int" for="graph" id="d24" />
  <key attr.name="Developed" attr.type="int" for="graph" id="d23" />
  <key attr.name="Creator" attr.type="string" for="graph" id="d22" />
  <key attr.name="Layer" attr.type="string" for="graph" id="d21" />
  <key attr.name="Access" attr.type="int" for="graph" id="d20" />
  <key attr.name="LastAccess" attr.type="string" for="graph" id="d19" />
  <key attr.name="DateMonth" attr.type="string" for="graph" id="d18" />
  <key attr.name="DateModifier" attr.type="string" for="graph" id="d17" />
  <key attr.name="SourceGitVersion" attr.type="string" for="graph" id="d16" />
  <key attr.name="IX" attr.type="int" for="graph" id="d15" />
  <key attr.name="Customer" attr.type="int" for="graph" id="d14" />
  <key attr.name="ToolsetVersion" attr.type="string" for="graph" id="d13" />
  <key attr.name="label" attr.type="string" for="graph" id="d12" />
  <key attr.name="Commercial" attr.type="int" for="graph" id="d11" />
  <key attr.name="Backbone" attr.type="int" for="graph" id="d10" />
  <key attr.name="DateType" attr.type="string" for="graph" id="d9" />
  <key attr.name="Type" attr.type="string" for="graph" id="d8" />
  <key attr.name="Version" attr.type="string" for="graph" id="d7" />
  <key attr.name="Source" attr.type="string" for="graph" id="d6" />
  <key attr.name="Note" attr.type="string" for="graph" id="d5" />
  <key attr.name="Provenance" attr.type="string" for="graph" id="d4" />
  <key attr.name="Network" attr.type="string" for="graph" id="d3" />
  <key attr.name="GeoExtent" attr.type="string" for="graph" id="d2" />
  <key attr.name="GeoLocation" attr.type="string" for="graph" id="d1" />
  <key attr.name="DateObtained" attr.type="string" for="graph" id="d0" />
  <graph edgedefault="undirected">
    <data key="d0">2/12/10</data>
    <data key="d1">South Korea</data>
    <data key="d2">Country</data>
    <data key="d3">KREONET</data>
    <data key="d4">Secondary</data>
    <data key="d5">Ochang found as Chungbuk from http://noc.kreonet.net/english/sub02/s03_7.htm and checked with map on http://noc.kreonet.net/english/sub02/s01_3.htm Massey is Massey University in Palmerston North (in suburb of Turitea  http://weathermap.karen.net.nz/index.php?src=anx16-mup )</data>
    <data key="d6">http://www.nren.nasa.gov/workshops/pdfs9/PanelB_KREONet2-Lee.pdf</data>
    <data key="d7">1.0</data>
    <data key="d8">REN</data>
    <data key="d9">Historic</data>
    <data key="d10">1</data>
    <data key="d11">0</data>
    <data key="d12">Kreonet</data>
    <data key="d13">0.3.34dev-20120328</data>
    <data key="d14">0</data>
    <data key="d15">0</data>
    <data key="d16">e278b1b</data>
    <data key="d17">=</data>
    <data key="d18">09</data>
    <data key="d19">3/08/10</data>
    <data key="d20">0</data>
    <data key="d21">IP</data>
    <data key="d22">Topology Zoo Toolset</data>
    <data key="d23">1</data>
    <data key="d24">0</data>
    <data key="d25">2006_09</data>
    <data key="d26">2006</data>
    <data key="d27">2011_09_01</data>
    <data key="d28">0</data>
    <node id="0">
      <data key="d29">1</data>
      <data key="d30">35.82194</data>
      <data key="d31">South Korea</data>
      <data key="d32">0</data>
      <data key="d33">127.14889</data>
      <data key="d34">Jeonju</data>
    </node>
    <node id="1">
      <data key="d29">1</data>
      <data key="d30">33.50972</data>
      <data key="d31">South Korea</data>
      <data key="d32">1</data>
      <data key="d33">126.52194</data>
      <data key="d34">Jeju</data>
    </node>
    <node id="2">
      <data key="d29">1</data>
      <data key="d30">35.15472</data>
      <data key="d31">South Korea</data>
      <data key="d32">2</data>
      <data key="d33">126.91556</data>
      <data key="d34">Kwangju</data>
    </node>
    <node id="3">
      <data key="d29">1</data>
      <data key="d30">35.10278</data>
      <data key="d31">South Korea</data>
      <data key="d32">3</data>
      <data key="d33">129.04028</data>
      <data key="d34">Busan</data>
    </node>
    <node id="4">
      <data key="d29">1</data>
      <data key="d30">35.22806</data>
      <data key="d31">South Korea</data>
      <data key="d32">4</data>
      <data key="d33">128.68111</data>
      <data key="d34">Changwon</data>
    </node>
    <node id="5">
      <data key="d29">1</data>
      <data key="d30">37.56826</data>
      <data key="d31">South Korea</data>
      <data key="d32">5</data>
      <data key="d33">126.97783</data>
      <data key="d34">Seoul</data>
    </node>
    <node id="6">
      <data key="d29">1</data>
      <data key="d30">37.45361</data>
      <data key="d31">South Korea</data>
      <data key="d32">6</data>
      <data key="d33">126.73167</data>
      <data key="d34">Incheon</data>
    </node>
    <node id="7">
      <data key="d29">1</data>
      <data key="d30">37.29111</data>
      <data key="d31">South Korea</data>
      <data key="d32">7</data>
      <data key="d33">127.00889</data>
      <data key="d34">Suwon</data>
    </node>
    <node id="8">
      <data key="d29">1</data>
      <data key="d30">36.8065</data>
      <data key="d31">South Korea</data>
      <data key="d32">8</data>
      <data key="d33">127.1522</data>
      <data key="d34">Cheonan</data>
    </node>
    <node id="9">
      <data key="d29">1</data>
      <data key="d30">35.55292</data>
      <data key="d31">South Korea</data>
      <data key="d32">9</data>
      <data key="d33">127.49042</data>
      <data key="d34">Ochang</data>
    </node>
    <node id="10">
      <data key="d29">1</data>
      <data key="d30">36.32139</data>
      <data key="d31">South Korea</data>
      <data key="d32">10</data>
      <data key="d33">127.41972</data>
      <data key="d34">Daejeon</data>
    </node>
    <node id="11">
      <data key="d29">1</data>
      <data key="d30">36.03222</data>
      <data key="d31">South Korea</data>
      <data key="d32">11</data>
      <data key="d33">129.365</data>
      <data key="d34">Pohang</data>
    </node>
    <node id="12">
      <data key="d29">1</data>
      <data key="d30">35.87028</data>
      <data key="d31">South Korea</data>
      <data key="d32">12</data>
      <data key="d33">128.59111</data>
      <data key="d34">Daegu</data>
    </node>
    <edge source="0" target="10">
      <data key="d35">5</data>
      <data key="d36">5Gb/s</data>
      <data key="d37">G</data>
      <data key="d38">5000000000.0</data>
      <data key="d39">0</data>
    </edge>
    <edge source="1" target="2">
      <data key="d35">2.5</data>
      <data key="d36">2.5Gb/s</data>
      <data key="d37">G</data>
      <data key="d38">2500000000.0</data>
      <data key="d39">0</data>
    </edge>
    <edge source="2" target="10">
      <data key="d35">10</data>
      <data key="d36">10Gb/s</data>
      <data key="d37">G</data>
      <data key="d38">10000000000.0</data>
      <data key="d39">0</data>
    </edge>
    <edge source="3" target="10">
      <data key="d35">10</data>
      <data key="d36">10Gb/s</data>
      <data key="d37">G</data>
      <data key="d38">10000000000.0</data>
      <data key="d39">0</data>
    </edge>
    <edge source="4" target="10">
      <data key="d35">5</data>
      <data key="d36">5Gb/s</data>
      <data key="d37">G</data>
      <data key="d38">5000000000.0</data>
      <data key="d39">0</data>
    </edge>
    <edge source="5" target="10">
      <data key="d35">20</data>
      <data key="d36">20Gb/s</data>
      <data key="d37">G</data>
      <data key="d38">20000000000.0</data>
      <data key="d39">0</data>
    </edge>
    <edge source="5" target="6">
      <data key="d35">5</data>
      <data key="d36">5Gb/s</data>
      <data key="d37">G</data>
      <data key="d38">5000000000.0</data>
      <data key="d39">0</data>
    </edge>
    <edge source="5" target="7">
      <data key="d35">5</data>
      <data key="d36">5Gb/s</data>
      <data key="d37">G</data>
      <data key="d38">5000000000.0</data>
      <data key="d39">0</data>
    </edge>
    <edge source="8" target="10">
      <data key="d35">5</data>
      <data key="d36">5Gb/s</data>
      <data key="d37">G</data>
      <data key="d38">5000000000.0</data>
      <data key="d39">0</data>
    </edge>
    <edge source="9" target="10">
      <data key="d35">5</data>
      <data key="d36">5Gb/s</data>
      <data key="d37">G</data>
      <data key="d38">5000000000.0</data>
      <data key="d39">0</data>
    </edge>
    <edge source="10" target="11">
      <data key="d35">5</data>
      <data key="d36">5Gb/s</data>
      <data key="d37">G</data>
      <data key="d38">5000000000.0</data>
      <data key="d39">0</data>
    </edge>
    <edge source="10" target="12">
      <data key="d35">10</data>
      <data key="d36">10Gb/s</data>
      <data key="d37">G</data>
      <data key="d38">10000000000.0</data>
      <data key="d39">0</data>
    </edge>
  </graph>
</graphml>
