<?xml version="1.0" encoding="utf-8"?><graphml xmlns="http://graphml.graphdrawing.org/xmlns" xmlns:xsi="http://www.w3.org/2001/XMLSchema-instance" xsi:schemaLocation="http://graphml.graphdrawing.org/xmlns http://graphml.graphdrawing.org/xmlns/1.0/graphml.xsd">
  <key attr.name="key" attr.type="int" for="edge" id="d36" />
  <key attr.name="id" attr.type="string" for="edge" id="d35" />
  <key attr.name="hyperedge" attr.type="int" for="node" id="d34" />
  <key attr.name="label" attr.type="string" for="node" id="d33" />
  <key attr.name="Longitude" attr.type="double" for="node" id="d32" />
  <key attr.name="id" attr.type="int" for="node" id="d31" />
  <key attr.name="Country" attr.type="string" for="node" id="d30" />
  <key attr.name="Latitude" attr.type="double" for="node" id="d29" />
  <key attr.name="Internal" attr.type="int" for="node" id="d28" />
  <key attr.name="Testbed" attr.type="int" for="graph" id="d27" />
  <key attr.name="LastProcessed" attr.type="string" for="graph" id="d26" />
  <key attr.name="DateYear" attr.type="string" for="graph" id="d25" />
  <key attr.name="NetworkDate" attr.type="string" for="graph" id="d24" />
  <key attr.name="Transit" attr.type="int" for="graph" id="d23" />
  <key attr.name="Developed" attr.type="int" for="graph" id="d22" />
  <key attr.name="Creator" attr.type="string" for="graph" id="d21" />
  <key attr.name="Layer" attr.type="string" for="graph" id="d20" />
  <key attr.name="LastAccess" attr.type="string" for="graph" id="d19" />
  <key attr.name="DateMonth" attr.type="string" for="graph" id="d18" />
  <key attr.name="DateModifier" attr.type="string" for="graph" id="d17" />
  <key attr.name="SourceGitVersion" attr.type="string" for="graph" id="d16" />
  <key attr.name="IX" attr.type="int" for="graph" id="d15" />
  <key attr.name="Customer" attr.type="int" for="graph" id="d14" />
  <key attr.name="ToolsetVersion" attr.type="string" for="graph" id="d13" />
  <key attr.name="label" attr.type="string" for="graph" id="d12" />
  <key attr.name="Commercial" attr.type="int" for="graph" id="d11" />
  <key attr.name="Backbone" attr.type="int" for="graph" id="d10" />
  <key attr.name="DateType" attr.type="string" for="graph" id="d9" />
  <key attr.name="Type" attr.type="string" for="graph" id="d8" />
  <key attr.name="Version" attr.type="string" for="graph" id="d7" />
  <key attr.name="Source" attr.type="string" for="graph" id="d6" />
  <key attr.name="Access" attr.type="int" for="graph" id="d5" />
  <key attr.name="Provenance" attr.type="string" for="graph" id="d4" />
  <key attr.name="Network" attr.type="string" for="graph" id="d3" />
  <key attr.name="GeoExtent" attr.type="string" for="graph" id="d2" />
  <key attr.name="GeoLocation" attr.type="string" for="graph" id="d1" />
  <key attr.name="DateObtained" attr.type="string" for="graph" id="d0" />
  <graph edgedefault="undirected">
    <data key="d0">24/10/10</data>
    <data key="d1">Germany</data>
    <data key="d2">Country</data>
    <data key="d3">Lambdanet </data>
    <data key="d4">Primary</data>
    <data key="d5">0</data>
    <data key="d6">http://www.lambdanet.de/index.php?p=72&amp;amp;l=2&amp;amp;sid=f944ec21433eadf24cc67a6488e72d20</data>
    <data key="d7">1.0</data>
    <data key="d8">COM</data>
    <data key="d9">Current</data>
    <data key="d10">1</data>
    <data key="d11">0</data>
    <data key="d12">LambdaNet</data>
    <data key="d13">0.3.34dev-20120328</data>
    <data key="d14">1</data>
    <data key="d15">0</data>
    <data key="d16">e278b1b</data>
    <data key="d17">=</data>
    <data key="d18">08</data>
    <data key="d19">3/08/10</data>
    <data key="d20">Fibre</data>
    <data key="d21">Topology Zoo Toolset</data>
    <data key="d22">1</data>
    <data key="d23">1</data>
    <data key="d24">2010_08</data>
    <data key="d25">2010</data>
    <data key="d26">2011_09_01</data>
    <data key="d27">0</data>
    <node id="0">
      <data key="d28">1</data>
      <data key="d29">52.16667</data>
      <data key="d30">Germany</data>
      <data key="d31">0</data>
      <data key="d32">11.66667</data>
      <data key="d33">Magdeburg</data>
    </node>
    <node id="1">
      <data key="d28">1</data>
      <data key="d29">52.26667</data>
      <data key="d30">Germany</data>
      <data key="d31">1</data>
      <data key="d32">10.53333</data>
      <data key="d33">Brunswick</data>
    </node>
    <node id="2">
      <data key="d28">1</data>
      <data key="d29">54.0887</data>
      <data key="d30">Germany</data>
      <data key="d31">2</data>
      <data key="d32">12.14049</data>
      <data key="d33">Rostock</data>
    </node>
    <node id="3">
      <data key="d28">1</data>
      <data key="d29">52.52437</data>
      <data key="d30">Germany</data>
      <data key="d31">3</data>
      <data key="d32">13.41053</data>
      <data key="d33">Berlin</data>
    </node>
    <node id="4">
      <data key="d28">1</data>
      <data key="d29">51.33962</data>
      <data key="d30">Germany</data>
      <data key="d31">4</data>
      <data key="d32">12.37129</data>
      <data key="d33">Leipzig</data>
    </node>
    <node id="5">
      <data key="d28">1</data>
      <data key="d29">51.05089</data>
      <data key="d30">Germany</data>
      <data key="d31">5</data>
      <data key="d32">13.73832</data>
      <data key="d33">Dresden</data>
    </node>
    <node id="6">
      <data key="d28">1</data>
      <data key="d29">50.98333</data>
      <data key="d30">Germany</data>
      <data key="d31">6</data>
      <data key="d32">11.03333</data>
      <data key="d33">Erfurt</data>
    </node>
    <node id="7">
      <data key="d28">1</data>
      <data key="d29">50.26667</data>
      <data key="d30">Germany</data>
      <data key="d31">7</data>
      <data key="d32">10.96667</data>
      <data key="d33">Coburg</data>
    </node>
    <node id="8">
      <data key="d28">1</data>
      <data key="d29">49.44778</data>
      <data key="d30">Germany</data>
      <data key="d31">8</data>
      <data key="d32">11.06833</data>
      <data key="d33">Nuremberg</data>
    </node>
    <node id="9">
      <data key="d28">1</data>
      <data key="d31">9</data>
      <data key="d33">Prague</data>
    </node>
    <node id="10">
      <data key="d28">1</data>
      <data key="d31">10</data>
      <data key="d33">Stockholm</data>
    </node>
    <node id="11">
      <data key="d34">1</data>
      <data key="d28">1</data>
      <data key="d31">11</data>
      <data key="d33">None</data>
    </node>
    <node id="12">
      <data key="d28">1</data>
      <data key="d29">50.8</data>
      <data key="d30">Germany</data>
      <data key="d31">12</data>
      <data key="d32">6.48333</data>
      <data key="d33">Duren</data>
    </node>
    <node id="13">
      <data key="d28">1</data>
      <data key="d29">51.22172</data>
      <data key="d30">Germany</data>
      <data key="d31">13</data>
      <data key="d32">6.77616</data>
      <data key="d33">Dusseldorf</data>
    </node>
    <node id="14">
      <data key="d28">1</data>
      <data key="d29">50.93333</data>
      <data key="d30">Germany</data>
      <data key="d31">14</data>
      <data key="d32">6.95</data>
      <data key="d33">Cologne</data>
    </node>
    <node id="15">
      <data key="d28">1</data>
      <data key="d29">50.73333</data>
      <data key="d30">Germany</data>
      <data key="d31">15</data>
      <data key="d32">7.1</data>
      <data key="d33">Bonn</data>
    </node>
    <node id="16">
      <data key="d28">1</data>
      <data key="d29">51.45</data>
      <data key="d30">Germany</data>
      <data key="d31">16</data>
      <data key="d32">7.01667</data>
      <data key="d33">Essen</data>
    </node>
    <node id="17">
      <data key="d28">1</data>
      <data key="d31">17</data>
      <data key="d33">Brno</data>
    </node>
    <node id="18">
      <data key="d28">1</data>
      <data key="d31">18</data>
      <data key="d33">Vienna</data>
    </node>
    <node id="19">
      <data key="d28">1</data>
      <data key="d31">19</data>
      <data key="d33">Bratislava</data>
    </node>
    <node id="20">
      <data key="d28">1</data>
      <data key="d29">50.104</data>
      <data key="d30">Germany</data>
      <data key="d31">20</data>
      <data key="d32">8.66432</data>
      <data key="d33">Paris</data>
    </node>
    <node id="21">
      <data key="d28">1</data>
      <data key="d29">48.36667</data>
      <data key="d30">Germany</data>
      <data key="d31">21</data>
      <data key="d32">10.88333</data>
      <data key="d33">Augsburg</data>
    </node>
    <node id="22">
      <data key="d28">1</data>
      <data key="d29">50.77664</data>
      <data key="d30">Germany</data>
      <data key="d31">22</data>
      <data key="d32">6.08342</data>
      <data key="d33">Aachen</data>
    </node>
    <node id="23">
      <data key="d28">1</data>
      <data key="d31">23</data>
      <data key="d33">London</data>
    </node>
    <node id="24">
      <data key="d28">1</data>
      <data key="d29">49.00472</data>
      <data key="d30">Germany</data>
      <data key="d31">24</data>
      <data key="d32">8.38583</data>
      <data key="d33">Karlsruhe</data>
    </node>
    <node id="25">
      <data key="d28">1</data>
      <data key="d29">48.78232</data>
      <data key="d30">Germany</data>
      <data key="d31">25</data>
      <data key="d32">9.17702</data>
      <data key="d33">Stuttgart</data>
    </node>
    <node id="26">
      <data key="d28">1</data>
      <data key="d29">48.76667</data>
      <data key="d30">Germany</data>
      <data key="d31">26</data>
      <data key="d32">11.43333</data>
      <data key="d33">Ingolstadt</data>
    </node>
    <node id="27">
      <data key="d28">1</data>
      <data key="d29">48.13743</data>
      <data key="d30">Germany</data>
      <data key="d31">27</data>
      <data key="d32">11.57549</data>
      <data key="d33">Munich</data>
    </node>
    <node id="28">
      <data key="d28">1</data>
      <data key="d31">28</data>
      <data key="d33">Zurich</data>
    </node>
    <node id="29">
      <data key="d28">1</data>
      <data key="d29">49.78778</data>
      <data key="d30">Germany</data>
      <data key="d31">29</data>
      <data key="d32">9.93611</data>
      <data key="d33">Wurzburg</data>
    </node>
    <node id="30">
      <data key="d28">1</data>
      <data key="d29">50.11667</data>
      <data key="d30">Germany</data>
      <data key="d31">30</data>
      <data key="d32">8.68333</data>
      <data key="d33">Frankfurt</data>
    </node>
    <node id="31">
      <data key="d28">1</data>
      <data key="d29">49.48833</data>
      <data key="d30">Germany</data>
      <data key="d31">31</data>
      <data key="d32">8.46472</data>
      <data key="d33">Mannheim</data>
    </node>
    <node id="32">
      <data key="d28">1</data>
      <data key="d29">54.32133</data>
      <data key="d30">Germany</data>
      <data key="d31">32</data>
      <data key="d32">10.13489</data>
      <data key="d33">Kiel</data>
    </node>
    <node id="33">
      <data key="d28">1</data>
      <data key="d31">33</data>
      <data key="d33">Copenhagen</data>
    </node>
    <node id="34">
      <data key="d28">1</data>
      <data key="d29">50.9449</data>
      <data key="d30">Germany</data>
      <data key="d31">34</data>
      <data key="d32">6.9553</data>
      <data key="d33">Amsterdam</data>
    </node>
    <node id="35">
      <data key="d28">1</data>
      <data key="d29">51.51667</data>
      <data key="d30">Germany</data>
      <data key="d31">35</data>
      <data key="d32">7.45</data>
      <data key="d33">Dortmund</data>
    </node>
    <node id="36">
      <data key="d28">1</data>
      <data key="d29">51.9</data>
      <data key="d30">Germany</data>
      <data key="d31">36</data>
      <data key="d32">8.38333</data>
      <data key="d33">Gutersloh</data>
    </node>
    <node id="37">
      <data key="d28">1</data>
      <data key="d29">52.03333</data>
      <data key="d30">Germany</data>
      <data key="d31">37</data>
      <data key="d32">8.53333</data>
      <data key="d33">Bielefeld</data>
    </node>
    <node id="38">
      <data key="d28">1</data>
      <data key="d29">52.13333</data>
      <data key="d30">Germany</data>
      <data key="d31">38</data>
      <data key="d32">8.68333</data>
      <data key="d33">Hertford</data>
    </node>
    <node id="39">
      <data key="d28">1</data>
      <data key="d29">53.07516</data>
      <data key="d30">Germany</data>
      <data key="d31">39</data>
      <data key="d32">8.80777</data>
      <data key="d33">Bremen</data>
    </node>
    <node id="40">
      <data key="d28">1</data>
      <data key="d29">52.37052</data>
      <data key="d30">Germany</data>
      <data key="d31">40</data>
      <data key="d32">9.73322</data>
      <data key="d33">Hanover</data>
    </node>
    <node id="41">
      <data key="d28">1</data>
      <data key="d29">53.55</data>
      <data key="d30">Germany</data>
      <data key="d31">41</data>
      <data key="d32">10.0</data>
      <data key="d33">Hamburg</data>
    </node>
    <edge source="0" target="1">
      <data key="d35">e19</data>
      <data key="d36">0</data>
    </edge>
    <edge source="0" target="3">
      <data key="d35">e17</data>
      <data key="d36">0</data>
    </edge>
    <edge source="1" target="40">
      <data key="d35">e9</data>
      <data key="d36">0</data>
    </edge>
    <edge source="2" target="33">
      <data key="d35">e13</data>
      <data key="d36">0</data>
    </edge>
    <edge source="2" target="11">
      <data key="d35">e15</data>
      <data key="d36">0</data>
    </edge>
    <edge source="3" target="11">
      <data key="d35">e18</data>
      <data key="d36">0</data>
    </edge>
    <edge source="3" target="5">
      <data key="d35">e16</data>
      <data key="d36">0</data>
    </edge>
    <edge source="4" target="5">
      <data key="d35">e23</data>
      <data key="d36">0</data>
    </edge>
    <edge source="4" target="6">
      <data key="d35">e20</data>
      <data key="d36">0</data>
    </edge>
    <edge source="6" target="7">
      <data key="d35">e21</data>
      <data key="d36">0</data>
    </edge>
    <edge source="7" target="8">
      <data key="d35">e22</data>
      <data key="d36">0</data>
    </edge>
    <edge source="8" target="9">
      <data key="d35">e25</data>
      <data key="d36">0</data>
    </edge>
    <edge source="8" target="26">
      <data key="d35">e26</data>
      <data key="d36">0</data>
    </edge>
    <edge source="8" target="29">
      <data key="d35">e24</data>
      <data key="d36">0</data>
    </edge>
    <edge source="9" target="17">
      <data key="d35">e27</data>
      <data key="d36">0</data>
    </edge>
    <edge source="10" target="33">
      <data key="d35">e14</data>
      <data key="d36">0</data>
    </edge>
    <edge source="11" target="41">
      <data key="d35">e11</data>
      <data key="d36">0</data>
    </edge>
    <edge source="12" target="13">
      <data key="d35">e40</data>
      <data key="d36">0</data>
    </edge>
    <edge source="13" target="16">
      <data key="d35">e42</data>
      <data key="d36">0</data>
    </edge>
    <edge source="13" target="34">
      <data key="d35">e1</data>
      <data key="d36">0</data>
    </edge>
    <edge source="13" target="22">
      <data key="d35">e39</data>
      <data key="d36">0</data>
    </edge>
    <edge source="13" target="14">
      <data key="d35">e41</data>
      <data key="d36">0</data>
    </edge>
    <edge source="14" target="15">
      <data key="d35">e43</data>
      <data key="d36">0</data>
    </edge>
    <edge source="15" target="30">
      <data key="d35">e38</data>
      <data key="d36">0</data>
    </edge>
    <edge source="16" target="35">
      <data key="d35">e3</data>
      <data key="d36">0</data>
    </edge>
    <edge source="17" target="19">
      <data key="d35">e44</data>
      <data key="d36">0</data>
    </edge>
    <edge source="18" target="19">
      <data key="d35">e45</data>
      <data key="d36">0</data>
    </edge>
    <edge source="18" target="27">
      <data key="d35">e29</data>
      <data key="d36">0</data>
    </edge>
    <edge source="20" target="30">
      <data key="d35">e35</data>
      <data key="d36">0</data>
    </edge>
    <edge source="21" target="25">
      <data key="d35">e31</data>
      <data key="d36">0</data>
    </edge>
    <edge source="21" target="27">
      <data key="d35">e28</data>
      <data key="d36">0</data>
    </edge>
    <edge source="23" target="34">
      <data key="d35">e0</data>
      <data key="d36">0</data>
    </edge>
    <edge source="24" target="25">
      <data key="d35">e32</data>
      <data key="d36">0</data>
    </edge>
    <edge source="24" target="31">
      <data key="d35">e33</data>
      <data key="d36">0</data>
    </edge>
    <edge source="26" target="27">
      <data key="d35">e30</data>
      <data key="d36">0</data>
    </edge>
    <edge source="28" target="30">
      <data key="d35">e37</data>
      <data key="d36">0</data>
    </edge>
    <edge source="29" target="30">
      <data key="d35">e36</data>
      <data key="d36">0</data>
    </edge>
    <edge source="30" target="31">
      <data key="d35">e34</data>
      <data key="d36">0</data>
    </edge>
    <edge source="32" target="33">
      <data key="d35">e12</data>
      <data key="d36">0</data>
    </edge>
    <edge source="32" target="41">
      <data key="d35">e10</data>
      <data key="d36">0</data>
    </edge>
    <edge source="35" target="36">
      <data key="d35">e2</data>
      <data key="d36">0</data>
    </edge>
    <edge source="36" target="37">
      <data key="d35">e4</data>
      <data key="d36">0</data>
    </edge>
    <edge source="37" target="38">
      <data key="d35">e5</data>
      <data key="d36">0</data>
    </edge>
    <edge source="38" target="40">
      <data key="d35">e6</data>
      <data key="d36">0</data>
    </edge>
    <edge source="39" target="40">
      <data key="d35">e7</data>
      <data key="d36">0</data>
    </edge>
    <edge source="39" target="41">
      <data key="d35">e8</data>
      <data key="d36">0</data>
    </edge>
  </graph>
</graphml>
