<?xml version="1.0" encoding="utf-8"?><graphml xmlns="http://graphml.graphdrawing.org/xmlns" xmlns:xsi="http://www.w3.org/2001/XMLSchema-instance" xsi:schemaLocation="http://graphml.graphdrawing.org/xmlns http://graphml.graphdrawing.org/xmlns/1.0/graphml.xsd">
  <key attr.name="LinkType" attr.type="string" for="edge" id="d41" />
  <key attr.name="key" attr.type="int" for="edge" id="d40" />
  <key attr.name="LinkSpeedRaw" attr.type="double" for="edge" id="d39" />
  <key attr.name="LinkNote" attr.type="string" for="edge" id="d38" />
  <key attr.name="LinkLabel" attr.type="string" for="edge" id="d37" />
  <key attr.name="LinkSpeedUnits" attr.type="string" for="edge" id="d36" />
  <key attr.name="LinkSpeed" attr.type="string" for="edge" id="d35" />
  <key attr.name="label" attr.type="string" for="node" id="d34" />
  <key attr.name="Longitude" attr.type="double" for="node" id="d33" />
  <key attr.name="id" attr.type="int" for="node" id="d32" />
  <key attr.name="type" attr.type="string" for="node" id="d31" />
  <key attr.name="Country" attr.type="string" for="node" id="d30" />
  <key attr.name="Latitude" attr.type="double" for="node" id="d29" />
  <key attr.name="Internal" attr.type="int" for="node" id="d28" />
  <key attr.name="Testbed" attr.type="int" for="graph" id="d27" />
  <key attr.name="LastProcessed" attr.type="string" for="graph" id="d26" />
  <key attr.name="DateYear" attr.type="string" for="graph" id="d25" />
  <key attr.name="NetworkDate" attr.type="string" for="graph" id="d24" />
  <key attr.name="Transit" attr.type="int" for="graph" id="d23" />
  <key attr.name="Developed" attr.type="int" for="graph" id="d22" />
  <key attr.name="Creator" attr.type="string" for="graph" id="d21" />
  <key attr.name="Layer" attr.type="string" for="graph" id="d20" />
  <key attr.name="LastAccess" attr.type="string" for="graph" id="d19" />
  <key attr.name="DateMonth" attr.type="int" for="graph" id="d18" />
  <key attr.name="DateModifier" attr.type="string" for="graph" id="d17" />
  <key attr.name="SourceGitVersion" attr.type="string" for="graph" id="d16" />
  <key attr.name="IX" attr.type="int" for="graph" id="d15" />
  <key attr.name="Customer" attr.type="int" for="graph" id="d14" />
  <key attr.name="ToolsetVersion" attr.type="string" for="graph" id="d13" />
  <key attr.name="label" attr.type="string" for="graph" id="d12" />
  <key attr.name="Commercial" attr.type="int" for="graph" id="d11" />
  <key attr.name="Backbone" attr.type="int" for="graph" id="d10" />
  <key attr.name="DateType" attr.type="string" for="graph" id="d9" />
  <key attr.name="Type" attr.type="string" for="graph" id="d8" />
  <key attr.name="Version" attr.type="string" for="graph" id="d7" />
  <key attr.name="Source" attr.type="string" for="graph" id="d6" />
  <key attr.name="Access" attr.type="int" for="graph" id="d5" />
  <key attr.name="Provenance" attr.type="string" for="graph" id="d4" />
  <key attr.name="Network" attr.type="string" for="graph" id="d3" />
  <key attr.name="GeoExtent" attr.type="string" for="graph" id="d2" />
  <key attr.name="GeoLocation" attr.type="string" for="graph" id="d1" />
  <key attr.name="DateObtained" attr.type="string" for="graph" id="d0" />
  <graph edgedefault="undirected">
    <data key="d0">20/07/11</data>
    <data key="d1">Latvia</data>
    <data key="d2">Country</data>
    <data key="d3">LATNET</data>
    <data key="d4">Secondary</data>
    <data key="d5">0</data>
    <data key="d6">http://www.porta-optica.org/publications/POS-Deliverable1.2v3_NREN_status_and_development_plans.pdf</data>
    <data key="d7">1.0</data>
    <data key="d8">REN</data>
    <data key="d9">Historic</data>
    <data key="d10">0</data>
    <data key="d11">0</data>
    <data key="d12">Latnet</data>
    <data key="d13">0.3.34dev-20120328</data>
    <data key="d14">0</data>
    <data key="d15">0</data>
    <data key="d16">e278b1b</data>
    <data key="d17">=</data>
    <data key="d18">0</data>
    <data key="d19">20/07/11</data>
    <data key="d20">IP</data>
    <data key="d21">Topology Zoo Toolset</data>
    <data key="d22">0</data>
    <data key="d23">0</data>
    <data key="d24">2007</data>
    <data key="d25">2007</data>
    <data key="d26">2011_09_01</data>
    <data key="d27">0</data>
    <node id="0">
      <data key="d28">1</data>
      <data key="d29">56.59861</data>
      <data key="d30">Latvia</data>
      <data key="d31">Large Orange Node</data>
      <data key="d32">0</data>
      <data key="d33">24.20222</data>
      <data key="d34">Iecava</data>
    </node>
    <node id="1">
      <data key="d28">1</data>
      <data key="d29">56.55972</data>
      <data key="d30">Latvia</data>
      <data key="d31">Large Orange Node</data>
      <data key="d32">1</data>
      <data key="d33">23.77194</data>
      <data key="d34">Vircava</data>
    </node>
    <node id="2">
      <data key="d28">1</data>
      <data key="d29">55.89514</data>
      <data key="d30">Latvia</data>
      <data key="d31">Large Orange Node</data>
      <data key="d32">2</data>
      <data key="d33">27.16799</data>
      <data key="d34">Kraslava</data>
    </node>
    <node id="3">
      <data key="d28">1</data>
      <data key="d29">56.70694</data>
      <data key="d30">Latvia</data>
      <data key="d31">Large Orange Node</data>
      <data key="d32">3</data>
      <data key="d33">24.35194</data>
      <data key="d34">Baldone</data>
    </node>
    <node id="4">
      <data key="d28">1</data>
      <data key="d29">56.45981</data>
      <data key="d30">Latvia</data>
      <data key="d31">Large Orange Node</data>
      <data key="d32">4</data>
      <data key="d33">22.90169</data>
      <data key="d34">Auce</data>
    </node>
    <node id="5">
      <data key="d28">1</data>
      <data key="d29">56.7</data>
      <data key="d30">Latvia</data>
      <data key="d31">Large Orange Node</data>
      <data key="d32">5</data>
      <data key="d33">22.53333</data>
      <data key="d34">Broceni</data>
    </node>
    <node id="6">
      <data key="d28">1</data>
      <data key="d29">56.53722</data>
      <data key="d30">Latvia</data>
      <data key="d31">Large Orange Node</data>
      <data key="d32">6</data>
      <data key="d33">23.69639</data>
      <data key="d34">Platone</data>
    </node>
    <node id="7">
      <data key="d28">1</data>
      <data key="d29">56.625</data>
      <data key="d30">Latvia</data>
      <data key="d31">Large Orange Node</data>
      <data key="d32">7</data>
      <data key="d33">23.27861</data>
      <data key="d34">Dobele</data>
    </node>
    <node id="8">
      <data key="d28">1</data>
      <data key="d29">57.15861</data>
      <data key="d30">Latvia</data>
      <data key="d31">Large Blue Node</data>
      <data key="d32">8</data>
      <data key="d33">24.70278</data>
      <data key="d34">Krimulda</data>
    </node>
    <node id="9">
      <data key="d28">1</data>
      <data key="d29">57.60861</data>
      <data key="d30">Latvia</data>
      <data key="d31">Large Blue Node</data>
      <data key="d32">9</data>
      <data key="d33">24.60722</data>
      <data key="d34">Vijkene</data>
    </node>
    <node id="10">
      <data key="d28">1</data>
      <data key="d29">56.66363</data>
      <data key="d30">Latvia</data>
      <data key="d31">Large Orange Node</data>
      <data key="d32">10</data>
      <data key="d33">22.48807</data>
      <data key="d34">Saldus</data>
    </node>
    <node id="11">
      <data key="d28">1</data>
      <data key="d29">56.59</data>
      <data key="d30">Latvia</data>
      <data key="d31">Large Orange Node</data>
      <data key="d32">11</data>
      <data key="d33">21.13862</data>
      <data key="d34">Kapsede</data>
    </node>
    <node id="12">
      <data key="d28">1</data>
      <data key="d29">56.34751</data>
      <data key="d30">Latvia</data>
      <data key="d31">Large Blue Node</data>
      <data key="d32">12</data>
      <data key="d33">25.55514</data>
      <data key="d34">Viesite</data>
    </node>
    <node id="13">
      <data key="d28">1</data>
      <data key="d29">56.60477</data>
      <data key="d30">Latvia</data>
      <data key="d31">Large Blue Node</data>
      <data key="d32">13</data>
      <data key="d33">25.25534</data>
      <data key="d34">Aizkroukle</data>
    </node>
    <node id="14">
      <data key="d28">1</data>
      <data key="d29">56.55253</data>
      <data key="d30">Latvia</data>
      <data key="d31">Large Blue Node</data>
      <data key="d32">14</data>
      <data key="d33">26.92449</data>
      <data key="d34">Vilani</data>
    </node>
    <node id="15">
      <data key="d28">1</data>
      <data key="d29">57.17767</data>
      <data key="d30">Latvia</data>
      <data key="d31">Large Blue Node</data>
      <data key="d32">15</data>
      <data key="d33">26.75291</data>
      <data key="d34">Gulbene</data>
    </node>
    <node id="16">
      <data key="d28">1</data>
      <data key="d29">57.89752</data>
      <data key="d30">Latvia</data>
      <data key="d31">Large Blue Node</data>
      <data key="d32">16</data>
      <data key="d33">25.33155</data>
      <data key="d34">Rujiena</data>
    </node>
    <node id="17">
      <data key="d28">1</data>
      <data key="d29">57.75361</data>
      <data key="d30">Latvia</data>
      <data key="d31">Large Blue Node</data>
      <data key="d32">17</data>
      <data key="d33">24.35806</data>
      <data key="d34">Salagriva</data>
    </node>
    <node id="18">
      <data key="d28">1</data>
      <data key="d29">57.76694</data>
      <data key="d30">Latvia</data>
      <data key="d31">Large Orange Node</data>
      <data key="d32">18</data>
      <data key="d33">24.8825</data>
      <data key="d34">Aloja</data>
    </node>
    <node id="19">
      <data key="d28">1</data>
      <data key="d29">57.86329</data>
      <data key="d30">Latvia</data>
      <data key="d31">Large Orange Node</data>
      <data key="d32">19</data>
      <data key="d33">25.05475</data>
      <data key="d34">Mazsalaca</data>
    </node>
    <node id="20">
      <data key="d28">1</data>
      <data key="d29">57.62574</data>
      <data key="d30">Latvia</data>
      <data key="d31">Large Orange Node</data>
      <data key="d32">20</data>
      <data key="d33">25.68535</data>
      <data key="d34">Strenci</data>
    </node>
    <node id="21">
      <data key="d28">1</data>
      <data key="d29">57.59639</data>
      <data key="d30">Latvia</data>
      <data key="d31">Large Orange Node</data>
      <data key="d32">21</data>
      <data key="d33">24.85139</data>
      <data key="d34">Pociems</data>
    </node>
    <node id="22">
      <data key="d28">1</data>
      <data key="d29">57.51287</data>
      <data key="d30">Latvia</data>
      <data key="d31">Large Orange Node</data>
      <data key="d32">22</data>
      <data key="d33">24.71941</data>
      <data key="d34">Limbazi</data>
    </node>
    <node id="23">
      <data key="d28">1</data>
      <data key="d29">57.46389</data>
      <data key="d30">Latvia</data>
      <data key="d31">Large Orange Node</data>
      <data key="d32">23</data>
      <data key="d33">24.46778</data>
      <data key="d34">Liepupe</data>
    </node>
    <node id="24">
      <data key="d28">1</data>
      <data key="d29">56.645</data>
      <data key="d30">Latvia</data>
      <data key="d31">Large Blue Node</data>
      <data key="d32">24</data>
      <data key="d33">25.12058</data>
      <data key="d34">Skriveri</data>
    </node>
    <node id="25">
      <data key="d28">1</data>
      <data key="d29">57.54108</data>
      <data key="d30">Latvia</data>
      <data key="d31">Large Blue Node</data>
      <data key="d32">25</data>
      <data key="d33">25.42751</data>
      <data key="d34">Valmiera</data>
    </node>
    <node id="26">
      <data key="d28">1</data>
      <data key="d29">56.5</data>
      <data key="d30">Latvia</data>
      <data key="d31">Large Blue Node</data>
      <data key="d32">26</data>
      <data key="d33">27.31667</data>
      <data key="d34">Rezekne</data>
    </node>
    <node id="27">
      <data key="d28">1</data>
      <data key="d29">57.12944</data>
      <data key="d30">Latvia</data>
      <data key="d31">Large Blue Node</data>
      <data key="d32">27</data>
      <data key="d33">24.27444</data>
      <data key="d34">Carnikava</data>
    </node>
    <node id="28">
      <data key="d28">1</data>
      <data key="d29">56.6425</data>
      <data key="d30">Latvia</data>
      <data key="d31">Small Red Node</data>
      <data key="d32">28</data>
      <data key="d33">24.92056</data>
      <data key="d34">Jumprava</data>
    </node>
    <node id="29">
      <data key="d28">1</data>
      <data key="d29">56.7451</data>
      <data key="d30">Latvia</data>
      <data key="d31">Large Blue Node</data>
      <data key="d32">29</data>
      <data key="d33">24.72439</data>
      <data key="d34">Kegums</data>
    </node>
    <node id="30">
      <data key="d28">1</data>
      <data key="d29">56.946</data>
      <data key="d30">Latvia</data>
      <data key="d31">GEANT2 PoP</data>
      <data key="d32">30</data>
      <data key="d33">24.10589</data>
      <data key="d34">Riga</data>
    </node>
    <node id="31">
      <data key="d28">1</data>
      <data key="d29">55.88333</data>
      <data key="d30">Latvia</data>
      <data key="d31">Large Blue Node</data>
      <data key="d32">31</data>
      <data key="d33">26.53333</data>
      <data key="d34">Daugapils</data>
    </node>
    <node id="32">
      <data key="d28">1</data>
      <data key="d29">57.38944</data>
      <data key="d30">Latvia</data>
      <data key="d31">Large Blue Node</data>
      <data key="d32">32</data>
      <data key="d33">21.56056</data>
      <data key="d34">Ventspits</data>
    </node>
    <node id="33">
      <data key="d28">1</data>
      <data key="d29">56.53521</data>
      <data key="d30">Latvia</data>
      <data key="d31">Large Blue Node</data>
      <data key="d32">33</data>
      <data key="d33">21.16782</data>
      <data key="d34">Grobina</data>
    </node>
    <node id="34">
      <data key="d28">1</data>
      <data key="d29">56.51667</data>
      <data key="d30">Latvia</data>
      <data key="d31">Large Blue Node</data>
      <data key="d32">34</data>
      <data key="d33">21.01667</data>
      <data key="d34">Liepaja</data>
    </node>
    <node id="35">
      <data key="d28">1</data>
      <data key="d29">56.94111</data>
      <data key="d30">Latvia</data>
      <data key="d31">Small Red Node</data>
      <data key="d32">35</data>
      <data key="d33">24.28972</data>
      <data key="d34">Ulbroka</data>
    </node>
    <node id="36">
      <data key="d28">1</data>
      <data key="d29">56.78528</data>
      <data key="d30">Latvia</data>
      <data key="d31">Small Red Node</data>
      <data key="d32">36</data>
      <data key="d33">23.93806</data>
      <data key="d34">Olaine</data>
    </node>
    <node id="37">
      <data key="d28">1</data>
      <data key="d29">56.72066</data>
      <data key="d30">Latvia</data>
      <data key="d31">Small Red Node</data>
      <data key="d32">37</data>
      <data key="d33">24.80743</data>
      <data key="d34">Lielvarde</data>
    </node>
    <node id="38">
      <data key="d28">1</data>
      <data key="d29">56.83333</data>
      <data key="d30">Latvia</data>
      <data key="d31">Large Blue Node</data>
      <data key="d32">38</data>
      <data key="d33">24.5</data>
      <data key="d34">Ikskile</data>
    </node>
    <node id="39">
      <data key="d28">1</data>
      <data key="d29">56.86014</data>
      <data key="d30">Latvia</data>
      <data key="d31">Large Blue Node</data>
      <data key="d32">39</data>
      <data key="d33">24.36544</data>
      <data key="d34">Salaspils</data>
    </node>
    <node id="40">
      <data key="d28">1</data>
      <data key="d29">56.4075</data>
      <data key="d30">Latvia</data>
      <data key="d31">Large Blue Node</data>
      <data key="d32">40</data>
      <data key="d33">24.19056</data>
      <data key="d34">Bauska</data>
    </node>
    <node id="41">
      <data key="d28">1</data>
      <data key="d29">56.49903</data>
      <data key="d30">Latvia</data>
      <data key="d31">Large Blue Node</data>
      <data key="d32">41</data>
      <data key="d33">25.85735</data>
      <data key="d34">Jekabpils</data>
    </node>
    <node id="42">
      <data key="d28">1</data>
      <data key="d29">56.65</data>
      <data key="d30">Latvia</data>
      <data key="d31">Large Blue Node</data>
      <data key="d32">42</data>
      <data key="d33">23.71278</data>
      <data key="d34">Jelgava</data>
    </node>
    <node id="43">
      <data key="d28">1</data>
      <data key="d29">56.83991</data>
      <data key="d30">Latvia</data>
      <data key="d31">Large Blue Node</data>
      <data key="d32">43</data>
      <data key="d33">23.58902</data>
      <data key="d34">Kalnciems</data>
    </node>
    <node id="44">
      <data key="d28">1</data>
      <data key="d29">56.82662</data>
      <data key="d30">Latvia</data>
      <data key="d31">Large Blue Node</data>
      <data key="d32">44</data>
      <data key="d33">24.23</data>
      <data key="d34">Kekava</data>
    </node>
    <node id="45">
      <data key="d28">0</data>
      <data key="d32">45</data>
      <data key="d34">GEANT2</data>
    </node>
    <node id="46">
      <data key="d28">1</data>
      <data key="d29">56.68833</data>
      <data key="d30">Latvia</data>
      <data key="d31">Large Blue Node</data>
      <data key="d32">46</data>
      <data key="d33">23.5</data>
      <data key="d34">Livberze</data>
    </node>
    <node id="47">
      <data key="d28">1</data>
      <data key="d29">57.3224</data>
      <data key="d30">Latvia</data>
      <data key="d31">Large Orange Node</data>
      <data key="d32">47</data>
      <data key="d33">24.74301</data>
      <data key="d34">Ledurga</data>
    </node>
    <node id="48">
      <data key="d28">1</data>
      <data key="d29">57.15194</data>
      <data key="d30">Latvia</data>
      <data key="d31">Large Orange Node</data>
      <data key="d32">48</data>
      <data key="d33">24.86472</data>
      <data key="d34">Sigulda</data>
    </node>
    <node id="49">
      <data key="d28">1</data>
      <data key="d29">56.968</data>
      <data key="d30">Latvia</data>
      <data key="d31">Large Orange Node</data>
      <data key="d32">49</data>
      <data key="d33">23.77038</data>
      <data key="d34">Jurmala</data>
    </node>
    <node id="50">
      <data key="d28">1</data>
      <data key="d29">56.96694</data>
      <data key="d30">Latvia</data>
      <data key="d31">Large Orange Node</data>
      <data key="d32">50</data>
      <data key="d33">23.15528</data>
      <data key="d34">Tukums</data>
    </node>
    <node id="51">
      <data key="d28">1</data>
      <data key="d29">57.24562</data>
      <data key="d30">Latvia</data>
      <data key="d31">Large Orange Node</data>
      <data key="d32">51</data>
      <data key="d33">22.58137</data>
      <data key="d34">Talsi</data>
    </node>
    <node id="52">
      <data key="d28">1</data>
      <data key="d29">56.71667</data>
      <data key="d30">Latvia</data>
      <data key="d31">Large Orange Node</data>
      <data key="d32">52</data>
      <data key="d33">21.6</data>
      <data key="d34">Aizpute</data>
    </node>
    <node id="53">
      <data key="d28">1</data>
      <data key="d29">57.18074</data>
      <data key="d30">Latvia</data>
      <data key="d31">Large Orange Node</data>
      <data key="d32">53</data>
      <data key="d33">24.70731</data>
      <data key="d34">Ragona</data>
    </node>
    <node id="54">
      <data key="d28">1</data>
      <data key="d29">57.09361</data>
      <data key="d30">Latvia</data>
      <data key="d31">Large Orange Node</data>
      <data key="d32">54</data>
      <data key="d33">24.54861</data>
      <data key="d34">Vangazi</data>
    </node>
    <node id="55">
      <data key="d28">1</data>
      <data key="d29">57.07583</data>
      <data key="d30">Latvia</data>
      <data key="d31">Large Orange Node</data>
      <data key="d32">55</data>
      <data key="d33">24.32139</data>
      <data key="d34">Adazi</data>
    </node>
    <node id="56">
      <data key="d28">1</data>
      <data key="d29">56.68639</data>
      <data key="d30">Latvia</data>
      <data key="d31">Large Orange Node</data>
      <data key="d32">56</data>
      <data key="d33">23.78778</data>
      <data key="d34">Ozolnieki</data>
    </node>
    <node id="57">
      <data key="d28">1</data>
      <data key="d29">56.41588</data>
      <data key="d30">Latvia</data>
      <data key="d31">Large Blue Node</data>
      <data key="d32">57</data>
      <data key="d33">23.68335</data>
      <data key="d34">Eleja</data>
    </node>
    <node id="58">
      <data key="d28">1</data>
      <data key="d29">56.8162</data>
      <data key="d30">Latvia</data>
      <data key="d31">Large Orange Node</data>
      <data key="d32">58</data>
      <data key="d33">24.61401</data>
      <data key="d34">Ogre</data>
    </node>
    <node id="59">
      <data key="d28">1</data>
      <data key="d29">56.29444</data>
      <data key="d30">Latvia</data>
      <data key="d31">Large Orange Node</data>
      <data key="d32">59</data>
      <data key="d33">26.72459</data>
      <data key="d34">Preili</data>
    </node>
    <node id="60">
      <data key="d28">1</data>
      <data key="d29">56.35431</data>
      <data key="d30">Latvia</data>
      <data key="d31">Large Orange Node</data>
      <data key="d32">60</data>
      <data key="d33">26.17579</data>
      <data key="d34">Livani</data>
    </node>
    <node id="61">
      <data key="d28">1</data>
      <data key="d29">57.1313</data>
      <data key="d30">Latvia</data>
      <data key="d31">Large Orange Node</data>
      <data key="d32">61</data>
      <data key="d33">27.26583</data>
      <data key="d34">Balvi</data>
    </node>
    <node id="62">
      <data key="d28">1</data>
      <data key="d29">56.78405</data>
      <data key="d30">Latvia</data>
      <data key="d31">Large Orange Node</data>
      <data key="d32">62</data>
      <data key="d33">27.68829</data>
      <data key="d34">Karsava</data>
    </node>
    <node id="63">
      <data key="d28">1</data>
      <data key="d29">56.77535</data>
      <data key="d30">Latvia</data>
      <data key="d31">Large Orange Node</data>
      <data key="d32">63</data>
      <data key="d33">27.71902</data>
      <data key="d34">Malnava</data>
    </node>
    <node id="64">
      <data key="d28">1</data>
      <data key="d29">56.63333</data>
      <data key="d30">Latvia</data>
      <data key="d31">Large Orange Node</data>
      <data key="d32">64</data>
      <data key="d33">27.71667</data>
      <data key="d34">Pusmucova</data>
    </node>
    <node id="65">
      <data key="d28">1</data>
      <data key="d29">56.56667</data>
      <data key="d30">Latvia</data>
      <data key="d31">Large Orange Node</data>
      <data key="d32">65</data>
      <data key="d33">27.66667</data>
      <data key="d34">Zvigzdene</data>
    </node>
    <node id="66">
      <data key="d28">1</data>
      <data key="d29">56.55</data>
      <data key="d30">Latvia</data>
      <data key="d31">Large Orange Node</data>
      <data key="d32">66</data>
      <data key="d33">27.71667</data>
      <data key="d34">Ludza</data>
    </node>
    <node id="67">
      <data key="d28">1</data>
      <data key="d29">56.55</data>
      <data key="d30">Latvia</data>
      <data key="d31">Large Orange Node</data>
      <data key="d32">67</data>
      <data key="d33">27.88333</data>
      <data key="d34">Cibla</data>
    </node>
    <node id="68">
      <data key="d28">1</data>
      <data key="d29">56.38616</data>
      <data key="d30">Latvia</data>
      <data key="d31">Large Orange Node</data>
      <data key="d32">68</data>
      <data key="d33">28.12165</data>
      <data key="d34">Zilupe</data>
    </node>
    <edge source="0" target="30">
      <data key="d35">100</data>
      <data key="d36">M</data>
      <data key="d37">less than 100 Mbps</data>
      <data key="d38">less than  </data>
      <data key="d39">100000000.0</data>
      <data key="d40">0</data>
    </edge>
    <edge source="1" target="6">
      <data key="d35">100</data>
      <data key="d36">M</data>
      <data key="d37">less than 100 Mbps</data>
      <data key="d38">less than  </data>
      <data key="d39">100000000.0</data>
      <data key="d40">0</data>
    </edge>
    <edge source="2" target="30">
      <data key="d35">100</data>
      <data key="d36">M</data>
      <data key="d37">less than 100 Mbps</data>
      <data key="d38">less than  </data>
      <data key="d39">100000000.0</data>
      <data key="d40">0</data>
    </edge>
    <edge source="3" target="30">
      <data key="d35">100</data>
      <data key="d36">M</data>
      <data key="d37">less than 100 Mbps</data>
      <data key="d38">less than  </data>
      <data key="d39">100000000.0</data>
      <data key="d40">0</data>
    </edge>
    <edge source="4" target="7">
      <data key="d35">100</data>
      <data key="d36">M</data>
      <data key="d37">less than 100 Mbps</data>
      <data key="d38">less than  </data>
      <data key="d39">100000000.0</data>
      <data key="d40">0</data>
    </edge>
    <edge source="5" target="10">
      <data key="d35">100</data>
      <data key="d36">M</data>
      <data key="d37">less than 100 Mbps</data>
      <data key="d38">less than  </data>
      <data key="d39">100000000.0</data>
      <data key="d40">0</data>
    </edge>
    <edge source="6" target="42">
      <data key="d35">100</data>
      <data key="d36">M</data>
      <data key="d37">less than 100 Mbps</data>
      <data key="d38">less than  </data>
      <data key="d39">100000000.0</data>
      <data key="d40">0</data>
    </edge>
    <edge source="6" target="57">
      <data key="d35">100</data>
      <data key="d36">M</data>
      <data key="d37">less than 100 Mbps</data>
      <data key="d38">less than  </data>
      <data key="d39">100000000.0</data>
      <data key="d40">0</data>
    </edge>
    <edge source="7" target="42">
      <data key="d35">100</data>
      <data key="d36">M</data>
      <data key="d37">less than 100 Mbps</data>
      <data key="d38">less than  </data>
      <data key="d39">100000000.0</data>
      <data key="d40">0</data>
    </edge>
    <edge source="8" target="48">
      <data key="d35">100</data>
      <data key="d36">M</data>
      <data key="d37">less than 100 Mbps</data>
      <data key="d38">less than  </data>
      <data key="d39">100000000.0</data>
      <data key="d40">0</data>
    </edge>
    <edge source="9" target="22">
      <data key="d35">100</data>
      <data key="d36">M</data>
      <data key="d37">less than 100 Mbps</data>
      <data key="d38">less than  </data>
      <data key="d39">100000000.0</data>
      <data key="d40">0</data>
    </edge>
    <edge source="10" target="30">
      <data key="d35">100</data>
      <data key="d36">M</data>
      <data key="d37">less than 100 Mbps</data>
      <data key="d38">less than  </data>
      <data key="d39">100000000.0</data>
      <data key="d40">0</data>
    </edge>
    <edge source="11" target="34">
      <data key="d35">100</data>
      <data key="d36">M</data>
      <data key="d37">less than 100 Mbps</data>
      <data key="d38">less than  </data>
      <data key="d39">100000000.0</data>
      <data key="d40">0</data>
    </edge>
    <edge source="12" target="41">
      <data key="d35">100</data>
      <data key="d36">M</data>
      <data key="d37">less than 100 Mbps</data>
      <data key="d38">less than  </data>
      <data key="d39">100000000.0</data>
      <data key="d40">0</data>
    </edge>
    <edge source="12" target="13">
      <data key="d35">100</data>
      <data key="d36">M</data>
      <data key="d37">less than 100 Mbps</data>
      <data key="d38">less than  </data>
      <data key="d39">100000000.0</data>
      <data key="d40">0</data>
    </edge>
    <edge source="13" target="28">
      <data key="d35">100</data>
      <data key="d36">M</data>
      <data key="d37">less than 100 Mbps</data>
      <data key="d38">less than  </data>
      <data key="d39">100000000.0</data>
      <data key="d40">0</data>
    </edge>
    <edge source="14" target="30">
      <data key="d35">100</data>
      <data key="d36">M</data>
      <data key="d37">less than 100 Mbps</data>
      <data key="d38">less than  </data>
      <data key="d39">100000000.0</data>
      <data key="d40">0</data>
    </edge>
    <edge source="15" target="30">
      <data key="d35">100</data>
      <data key="d36">M</data>
      <data key="d37">less than 100 Mbps</data>
      <data key="d38">less than  </data>
      <data key="d39">100000000.0</data>
      <data key="d40">0</data>
    </edge>
    <edge source="16" target="19">
      <data key="d35">100</data>
      <data key="d36">M</data>
      <data key="d37">less than 100 Mbps</data>
      <data key="d38">less than  </data>
      <data key="d39">100000000.0</data>
      <data key="d40">0</data>
    </edge>
    <edge source="16" target="30">
      <data key="d35">100</data>
      <data key="d36">M</data>
      <data key="d37">less than 100 Mbps</data>
      <data key="d38">less than  </data>
      <data key="d39">100000000.0</data>
      <data key="d40">0</data>
    </edge>
    <edge source="17" target="23">
      <data key="d35">100</data>
      <data key="d36">M</data>
      <data key="d37">less than 100 Mbps</data>
      <data key="d38">less than  </data>
      <data key="d39">100000000.0</data>
      <data key="d40">0</data>
    </edge>
    <edge source="18" target="19">
      <data key="d35">100</data>
      <data key="d36">M</data>
      <data key="d37">less than 100 Mbps</data>
      <data key="d38">less than  </data>
      <data key="d39">100000000.0</data>
      <data key="d40">0</data>
    </edge>
    <edge source="18" target="21">
      <data key="d35">100</data>
      <data key="d36">M</data>
      <data key="d37">less than 100 Mbps</data>
      <data key="d38">less than  </data>
      <data key="d39">100000000.0</data>
      <data key="d40">0</data>
    </edge>
    <edge source="18" target="22">
      <data key="d35">100</data>
      <data key="d36">M</data>
      <data key="d37">less than 100 Mbps</data>
      <data key="d38">less than  </data>
      <data key="d39">100000000.0</data>
      <data key="d40">0</data>
    </edge>
    <edge source="20" target="25">
      <data key="d35">100</data>
      <data key="d36">M</data>
      <data key="d37">less than 100 Mbps</data>
      <data key="d38">less than  </data>
      <data key="d39">100000000.0</data>
      <data key="d40">0</data>
    </edge>
    <edge source="22" target="30">
      <data key="d35">100</data>
      <data key="d36">M</data>
      <data key="d37">100 Mbps and more</data>
      <data key="d38">  and more</data>
      <data key="d39">100000000.0</data>
      <data key="d40">0</data>
    </edge>
    <edge source="22" target="23">
      <data key="d35">100</data>
      <data key="d36">M</data>
      <data key="d37">less than 100 Mbps</data>
      <data key="d38">less than  </data>
      <data key="d39">100000000.0</data>
      <data key="d40">0</data>
    </edge>
    <edge source="23" target="48">
      <data key="d35">100</data>
      <data key="d36">M</data>
      <data key="d37">less than 100 Mbps</data>
      <data key="d38">less than  </data>
      <data key="d39">100000000.0</data>
      <data key="d40">0</data>
    </edge>
    <edge source="24" target="30">
      <data key="d35">100</data>
      <data key="d36">M</data>
      <data key="d37">less than 100 Mbps</data>
      <data key="d38">less than  </data>
      <data key="d39">100000000.0</data>
      <data key="d40">0</data>
    </edge>
    <edge source="25" target="30">
      <data key="d35">100</data>
      <data key="d36">M</data>
      <data key="d37">100 Mbps and more</data>
      <data key="d38">  and more</data>
      <data key="d39">100000000.0</data>
      <data key="d40">0</data>
    </edge>
    <edge source="26" target="66">
      <data key="d35">100</data>
      <data key="d36">M</data>
      <data key="d37">less than 100 Mbps</data>
      <data key="d38">less than  </data>
      <data key="d39">100000000.0</data>
      <data key="d40">0</data>
    </edge>
    <edge source="26" target="30">
      <data key="d35">100</data>
      <data key="d36">M</data>
      <data key="d37">100 Mbps and more</data>
      <data key="d38">  and more</data>
      <data key="d39">100000000.0</data>
      <data key="d40">0</data>
    </edge>
    <edge source="26" target="31">
      <data key="d35">100</data>
      <data key="d36">M</data>
      <data key="d37">less than 100 Mbps</data>
      <data key="d38">less than  </data>
      <data key="d39">100000000.0</data>
      <data key="d40">0</data>
    </edge>
    <edge source="27" target="30">
      <data key="d35">100</data>
      <data key="d36">M</data>
      <data key="d37">less than 100 Mbps</data>
      <data key="d38">less than  </data>
      <data key="d39">100000000.0</data>
      <data key="d40">0</data>
    </edge>
    <edge source="27" target="55">
      <data key="d35">100</data>
      <data key="d36">M</data>
      <data key="d37">less than 100 Mbps</data>
      <data key="d38">less than  </data>
      <data key="d39">100000000.0</data>
      <data key="d40">0</data>
    </edge>
    <edge source="28" target="37">
      <data key="d35">100</data>
      <data key="d36">M</data>
      <data key="d37">less than 100 Mbps</data>
      <data key="d38">less than  </data>
      <data key="d39">100000000.0</data>
      <data key="d40">0</data>
    </edge>
    <edge source="29" target="37">
      <data key="d35">100</data>
      <data key="d36">M</data>
      <data key="d37">less than 100 Mbps</data>
      <data key="d38">less than  </data>
      <data key="d39">100000000.0</data>
      <data key="d40">0</data>
    </edge>
    <edge source="29" target="38">
      <data key="d35">100</data>
      <data key="d36">M</data>
      <data key="d37">less than 100 Mbps</data>
      <data key="d38">less than  </data>
      <data key="d39">100000000.0</data>
      <data key="d40">0</data>
    </edge>
    <edge source="30" target="31">
      <data key="d35">100</data>
      <data key="d36">M</data>
      <data key="d37">100 Mbps and more</data>
      <data key="d38">  and more</data>
      <data key="d39">100000000.0</data>
      <data key="d40">0</data>
    </edge>
    <edge source="30" target="34">
      <data key="d35">100</data>
      <data key="d36">M</data>
      <data key="d37">100 Mbps and more</data>
      <data key="d38">  and more</data>
      <data key="d39">100000000.0</data>
      <data key="d40">0</data>
    </edge>
    <edge source="30" target="35">
      <data key="d35">100</data>
      <data key="d36">M</data>
      <data key="d37">less than 100 Mbps</data>
      <data key="d38">less than  </data>
      <data key="d39">100000000.0</data>
      <data key="d40">0</data>
    </edge>
    <edge source="30" target="36">
      <data key="d35">100</data>
      <data key="d36">M</data>
      <data key="d37">less than 100 Mbps</data>
      <data key="d38">less than  </data>
      <data key="d39">100000000.0</data>
      <data key="d40">0</data>
    </edge>
    <edge source="30" target="39">
      <data key="d35">100</data>
      <data key="d36">M</data>
      <data key="d37">less than 100 Mbps</data>
      <data key="d38">less than  </data>
      <data key="d39">100000000.0</data>
      <data key="d40">0</data>
    </edge>
    <edge source="30" target="40">
      <data key="d35">100</data>
      <data key="d36">M</data>
      <data key="d37">less than 100 Mbps</data>
      <data key="d38">less than  </data>
      <data key="d39">100000000.0</data>
      <data key="d40">0</data>
    </edge>
    <edge source="30" target="42">
      <data key="d35">100</data>
      <data key="d36">M</data>
      <data key="d37">100 Mbps and more</data>
      <data key="d38">  and more</data>
      <data key="d39">100000000.0</data>
      <data key="d40">0</data>
    </edge>
    <edge source="30" target="44">
      <data key="d35">100</data>
      <data key="d36">M</data>
      <data key="d37">less than 100 Mbps</data>
      <data key="d38">less than  </data>
      <data key="d39">100000000.0</data>
      <data key="d40">0</data>
    </edge>
    <edge source="30" target="45">
      <data key="d41">T2</data>
      <data key="d37">International connectivity to GEANT2</data>
      <data key="d38">International connectivity to GEAN</data>
      <data key="d40">0</data>
    </edge>
    <edge source="30" target="48">
      <data key="d35">100</data>
      <data key="d36">M</data>
      <data key="d37">100 Mbps and more</data>
      <data key="d38">  and more</data>
      <data key="d39">100000000.0</data>
      <data key="d40">0</data>
    </edge>
    <edge source="30" target="49">
      <data key="d35">100</data>
      <data key="d36">M</data>
      <data key="d37">less than 100 Mbps</data>
      <data key="d38">less than  </data>
      <data key="d39">100000000.0</data>
      <data key="d40">0</data>
    </edge>
    <edge source="30" target="50">
      <data key="d35">100</data>
      <data key="d36">M</data>
      <data key="d37">less than 100 Mbps</data>
      <data key="d38">less than  </data>
      <data key="d39">100000000.0</data>
      <data key="d40">0</data>
    </edge>
    <edge source="30" target="51">
      <data key="d35">100</data>
      <data key="d36">M</data>
      <data key="d37">100 Mbps and more</data>
      <data key="d38">  and more</data>
      <data key="d39">100000000.0</data>
      <data key="d40">0</data>
    </edge>
    <edge source="30" target="52">
      <data key="d35">100</data>
      <data key="d36">M</data>
      <data key="d37">less than 100 Mbps</data>
      <data key="d38">less than  </data>
      <data key="d39">100000000.0</data>
      <data key="d40">0</data>
    </edge>
    <edge source="30" target="55">
      <data key="d35">100</data>
      <data key="d36">M</data>
      <data key="d37">less than 100 Mbps</data>
      <data key="d38">less than  </data>
      <data key="d39">100000000.0</data>
      <data key="d40">0</data>
    </edge>
    <edge source="30" target="59">
      <data key="d35">100</data>
      <data key="d36">M</data>
      <data key="d37">less than 100 Mbps</data>
      <data key="d38">less than  </data>
      <data key="d39">100000000.0</data>
      <data key="d40">0</data>
    </edge>
    <edge source="30" target="61">
      <data key="d35">100</data>
      <data key="d36">M</data>
      <data key="d37">less than 100 Mbps</data>
      <data key="d38">less than  </data>
      <data key="d39">100000000.0</data>
      <data key="d40">0</data>
    </edge>
    <edge source="30" target="62">
      <data key="d35">100</data>
      <data key="d36">M</data>
      <data key="d37">less than 100 Mbps</data>
      <data key="d38">less than  </data>
      <data key="d39">100000000.0</data>
      <data key="d40">0</data>
    </edge>
    <edge source="31" target="59">
      <data key="d35">100</data>
      <data key="d36">M</data>
      <data key="d37">less than 100 Mbps</data>
      <data key="d38">less than  </data>
      <data key="d39">100000000.0</data>
      <data key="d40">0</data>
    </edge>
    <edge source="32" target="50">
      <data key="d35">100</data>
      <data key="d36">M</data>
      <data key="d37">less than 100 Mbps</data>
      <data key="d38">less than  </data>
      <data key="d39">100000000.0</data>
      <data key="d40">0</data>
    </edge>
    <edge source="33" target="34">
      <data key="d35">100</data>
      <data key="d36">M</data>
      <data key="d37">less than 100 Mbps</data>
      <data key="d38">less than  </data>
      <data key="d39">100000000.0</data>
      <data key="d40">0</data>
    </edge>
    <edge source="36" target="56">
      <data key="d35">100</data>
      <data key="d36">M</data>
      <data key="d37">less than 100 Mbps</data>
      <data key="d38">less than  </data>
      <data key="d39">100000000.0</data>
      <data key="d40">0</data>
    </edge>
    <edge source="38" target="58">
      <data key="d35">100</data>
      <data key="d36">M</data>
      <data key="d37">less than 100 Mbps</data>
      <data key="d38">less than  </data>
      <data key="d39">100000000.0</data>
      <data key="d40">0</data>
    </edge>
    <edge source="38" target="39">
      <data key="d35">100</data>
      <data key="d36">M</data>
      <data key="d37">less than 100 Mbps</data>
      <data key="d38">less than  </data>
      <data key="d39">100000000.0</data>
      <data key="d40">0</data>
    </edge>
    <edge source="41" target="60">
      <data key="d35">100</data>
      <data key="d36">M</data>
      <data key="d37">less than 100 Mbps</data>
      <data key="d38">less than  </data>
      <data key="d39">100000000.0</data>
      <data key="d40">0</data>
    </edge>
    <edge source="42" target="43">
      <data key="d35">100</data>
      <data key="d36">M</data>
      <data key="d37">less than 100 Mbps</data>
      <data key="d38">less than  </data>
      <data key="d39">100000000.0</data>
      <data key="d40">0</data>
    </edge>
    <edge source="42" target="46">
      <data key="d35">100</data>
      <data key="d36">M</data>
      <data key="d37">less than 100 Mbps</data>
      <data key="d38">less than  </data>
      <data key="d39">100000000.0</data>
      <data key="d40">0</data>
    </edge>
    <edge source="42" target="56">
      <data key="d35">100</data>
      <data key="d36">M</data>
      <data key="d37">less than 100 Mbps</data>
      <data key="d38">less than  </data>
      <data key="d39">100000000.0</data>
      <data key="d40">0</data>
    </edge>
    <edge source="47" target="48">
      <data key="d35">100</data>
      <data key="d36">M</data>
      <data key="d37">less than 100 Mbps</data>
      <data key="d38">less than  </data>
      <data key="d39">100000000.0</data>
      <data key="d40">0</data>
    </edge>
    <edge source="48" target="53">
      <data key="d35">100</data>
      <data key="d36">M</data>
      <data key="d37">less than 100 Mbps</data>
      <data key="d38">less than  </data>
      <data key="d39">100000000.0</data>
      <data key="d40">0</data>
    </edge>
    <edge source="48" target="54">
      <data key="d35">100</data>
      <data key="d36">M</data>
      <data key="d37">less than 100 Mbps</data>
      <data key="d38">less than  </data>
      <data key="d39">100000000.0</data>
      <data key="d40">0</data>
    </edge>
    <edge source="62" target="63">
      <data key="d35">100</data>
      <data key="d36">M</data>
      <data key="d37">less than 100 Mbps</data>
      <data key="d38">less than  </data>
      <data key="d39">100000000.0</data>
      <data key="d40">0</data>
    </edge>
    <edge source="63" target="64">
      <data key="d35">100</data>
      <data key="d36">M</data>
      <data key="d37">less than 100 Mbps</data>
      <data key="d38">less than  </data>
      <data key="d39">100000000.0</data>
      <data key="d40">0</data>
    </edge>
    <edge source="65" target="66">
      <data key="d35">100</data>
      <data key="d36">M</data>
      <data key="d37">less than 100 Mbps</data>
      <data key="d38">less than  </data>
      <data key="d39">100000000.0</data>
      <data key="d40">0</data>
    </edge>
    <edge source="66" target="67">
      <data key="d35">100</data>
      <data key="d36">M</data>
      <data key="d37">less than 100 Mbps</data>
      <data key="d38">less than  </data>
      <data key="d39">100000000.0</data>
      <data key="d40">0</data>
    </edge>
    <edge source="66" target="68">
      <data key="d35">100</data>
      <data key="d36">M</data>
      <data key="d37">less than 100 Mbps</data>
      <data key="d38">less than  </data>
      <data key="d39">100000000.0</data>
      <data key="d40">0</data>
    </edge>
  </graph>
</graphml>
