<?xml version="1.0" encoding="utf-8"?><graphml xmlns="http://graphml.graphdrawing.org/xmlns" xmlns:xsi="http://www.w3.org/2001/XMLSchema-instance" xsi:schemaLocation="http://graphml.graphdrawing.org/xmlns http://graphml.graphdrawing.org/xmlns/1.0/graphml.xsd">
  <key attr.name="LinkSpeedRaw" attr.type="double" for="edge" id="d39" />
  <key attr.name="LinkSpeedUnits" attr.type="string" for="edge" id="d38" />
  <key attr.name="LinkSpeed" attr.type="string" for="edge" id="d37" />
  <key attr.name="key" attr.type="int" for="edge" id="d36" />
  <key attr.name="LinkLabel" attr.type="string" for="edge" id="d35" />
  <key attr.name="LinkType" attr.type="string" for="edge" id="d34" />
  <key attr.name="label" attr.type="string" for="node" id="d33" />
  <key attr.name="Longitude" attr.type="double" for="node" id="d32" />
  <key attr.name="id" attr.type="int" for="node" id="d31" />
  <key attr.name="Country" attr.type="string" for="node" id="d30" />
  <key attr.name="Latitude" attr.type="double" for="node" id="d29" />
  <key attr.name="Internal" attr.type="int" for="node" id="d28" />
  <key attr.name="Testbed" attr.type="int" for="graph" id="d27" />
  <key attr.name="LastProcessed" attr.type="string" for="graph" id="d26" />
  <key attr.name="DateYear" attr.type="string" for="graph" id="d25" />
  <key attr.name="NetworkDate" attr.type="string" for="graph" id="d24" />
  <key attr.name="Transit" attr.type="int" for="graph" id="d23" />
  <key attr.name="Developed" attr.type="int" for="graph" id="d22" />
  <key attr.name="Creator" attr.type="string" for="graph" id="d21" />
  <key attr.name="Layer" attr.type="string" for="graph" id="d20" />
  <key attr.name="LastAccess" attr.type="string" for="graph" id="d19" />
  <key attr.name="DateMonth" attr.type="string" for="graph" id="d18" />
  <key attr.name="DateModifier" attr.type="string" for="graph" id="d17" />
  <key attr.name="SourceGitVersion" attr.type="string" for="graph" id="d16" />
  <key attr.name="IX" attr.type="int" for="graph" id="d15" />
  <key attr.name="Customer" attr.type="int" for="graph" id="d14" />
  <key attr.name="ToolsetVersion" attr.type="string" for="graph" id="d13" />
  <key attr.name="label" attr.type="string" for="graph" id="d12" />
  <key attr.name="Commercial" attr.type="int" for="graph" id="d11" />
  <key attr.name="Backbone" attr.type="int" for="graph" id="d10" />
  <key attr.name="Type" attr.type="string" for="graph" id="d9" />
  <key attr.name="DateType" attr.type="string" for="graph" id="d8" />
  <key attr.name="Version" attr.type="string" for="graph" id="d7" />
  <key attr.name="Source" attr.type="string" for="graph" id="d6" />
  <key attr.name="Access" attr.type="int" for="graph" id="d5" />
  <key attr.name="Provenance" attr.type="string" for="graph" id="d4" />
  <key attr.name="Network" attr.type="string" for="graph" id="d3" />
  <key attr.name="GeoExtent" attr.type="string" for="graph" id="d2" />
  <key attr.name="GeoLocation" attr.type="string" for="graph" id="d1" />
  <key attr.name="DateObtained" attr.type="string" for="graph" id="d0" />
  <graph edgedefault="undirected">
    <data key="d0">22/10/10</data>
    <data key="d1">Morocco</data>
    <data key="d2">Country</data>
    <data key="d3">MARWAN</data>
    <data key="d4">Primary</data>
    <data key="d5">0</data>
    <data key="d6">http://www.marwan.ma/forms/network.htm</data>
    <data key="d7">1.0</data>
    <data key="d8">Current</data>
    <data key="d9">REN</data>
    <data key="d10">1</data>
    <data key="d11">0</data>
    <data key="d12">Marwan</data>
    <data key="d13">0.3.34dev-20120328</data>
    <data key="d14">1</data>
    <data key="d15">0</data>
    <data key="d16">e278b1b</data>
    <data key="d17">=</data>
    <data key="d18">10</data>
    <data key="d19">21/10/10</data>
    <data key="d20">ATM</data>
    <data key="d21">Topology Zoo Toolset</data>
    <data key="d22">0</data>
    <data key="d23">0</data>
    <data key="d24">2010_10</data>
    <data key="d25">2010</data>
    <data key="d26">2011_09_01</data>
    <data key="d27">0</data>
    <node id="0">
      <data key="d28">1</data>
      <data key="d29">31.63148</data>
      <data key="d30">Morocco</data>
      <data key="d31">0</data>
      <data key="d32">-8.00828</data>
      <data key="d33">Marrkech</data>
    </node>
    <node id="1">
      <data key="d28">1</data>
      <data key="d29">34.03715</data>
      <data key="d30">Morocco</data>
      <data key="d31">1</data>
      <data key="d32">-4.9998</data>
      <data key="d33">Fes</data>
    </node>
    <node id="2">
      <data key="d28">1</data>
      <data key="d29">34.01325</data>
      <data key="d30">Morocco</data>
      <data key="d31">2</data>
      <data key="d32">-6.83255</data>
      <data key="d33">Rabat</data>
    </node>
    <node id="3">
      <data key="d28">1</data>
      <data key="d29">30.42018</data>
      <data key="d30">Morocco</data>
      <data key="d31">3</data>
      <data key="d32">-9.59815</data>
      <data key="d33">Agadir</data>
    </node>
    <node id="4">
      <data key="d28">1</data>
      <data key="d29">35.78058</data>
      <data key="d30">Morocco</data>
      <data key="d31">4</data>
      <data key="d32">-5.81365</data>
      <data key="d33">Tanger</data>
    </node>
    <node id="5">
      <data key="d28">1</data>
      <data key="d31">5</data>
      <data key="d33">University 2</data>
    </node>
    <node id="6">
      <data key="d28">1</data>
      <data key="d31">6</data>
      <data key="d33">None</data>
    </node>
    <node id="7">
      <data key="d28">1</data>
      <data key="d29">33.59278</data>
      <data key="d30">Morocco</data>
      <data key="d31">7</data>
      <data key="d32">-7.61916</data>
      <data key="d33">Casa</data>
    </node>
    <node id="8">
      <data key="d28">1</data>
      <data key="d31">8</data>
      <data key="d33">Institution 1</data>
    </node>
    <node id="9">
      <data key="d28">1</data>
      <data key="d31">9</data>
      <data key="d33">University 3</data>
    </node>
    <node id="10">
      <data key="d28">1</data>
      <data key="d31">10</data>
      <data key="d33">University 1</data>
    </node>
    <node id="11">
      <data key="d28">0</data>
      <data key="d31">11</data>
      <data key="d33">GEANT</data>
    </node>
    <node id="12">
      <data key="d28">0</data>
      <data key="d31">12</data>
      <data key="d33">Internet</data>
    </node>
    <node id="13">
      <data key="d28">1</data>
      <data key="d31">13</data>
      <data key="d33">None</data>
    </node>
    <node id="14">
      <data key="d28">1</data>
      <data key="d31">14</data>
      <data key="d33">University 4</data>
    </node>
    <node id="15">
      <data key="d28">1</data>
      <data key="d31">15</data>
      <data key="d33">None</data>
    </node>
    <edge source="0" target="1">
      <data key="d34">ATM</data>
      <data key="d35">ATM</data>
      <data key="d36">0</data>
    </edge>
    <edge source="0" target="3">
      <data key="d34">ATM</data>
      <data key="d35">ATM</data>
      <data key="d36">0</data>
    </edge>
    <edge source="1" target="4">
      <data key="d34">ATM</data>
      <data key="d35">ATM</data>
      <data key="d36">0</data>
    </edge>
    <edge source="2" target="7">
      <data key="d34">ATM</data>
      <data key="d35">ATM</data>
      <data key="d36">0</data>
    </edge>
    <edge source="2" target="3">
      <data key="d34">ATM</data>
      <data key="d35">ATM</data>
      <data key="d36">0</data>
    </edge>
    <edge source="2" target="15">
      <data key="d37">155</data>
      <data key="d35">155Mb/s</data>
      <data key="d38">M</data>
      <data key="d39">155000000.0</data>
      <data key="d36">0</data>
    </edge>
    <edge source="3" target="5">
      <data key="d37">34</data>
      <data key="d35">34Mb/s</data>
      <data key="d38">M</data>
      <data key="d39">34000000.0</data>
      <data key="d36">0</data>
    </edge>
    <edge source="4" target="10">
      <data key="d37">34</data>
      <data key="d35">34Mb/s</data>
      <data key="d38">M</data>
      <data key="d39">34000000.0</data>
      <data key="d36">0</data>
    </edge>
    <edge source="4" target="7">
      <data key="d34">ATM</data>
      <data key="d35">ATM</data>
      <data key="d36">0</data>
    </edge>
    <edge source="6" target="8">
      <data key="d37">2</data>
      <data key="d35">2Mb/s</data>
      <data key="d38">M</data>
      <data key="d39">2000000.0</data>
      <data key="d36">0</data>
    </edge>
    <edge source="6" target="9">
      <data key="d37">2</data>
      <data key="d35">2Mb/s</data>
      <data key="d38">M</data>
      <data key="d39">2000000.0</data>
      <data key="d36">0</data>
    </edge>
    <edge source="6" target="7">
      <data key="d37">155</data>
      <data key="d35">155Mb/s</data>
      <data key="d38">M</data>
      <data key="d39">155000000.0</data>
      <data key="d36">0</data>
    </edge>
    <edge source="6" target="15">
      <data key="d34">MPLS</data>
      <data key="d35">MPLS</data>
      <data key="d36">0</data>
    </edge>
    <edge source="6" target="15">
      <data key="d34">MPLS</data>
      <data key="d35">MPLS</data>
      <data key="d36">1</data>
    </edge>
    <edge source="11" target="13">
      <data key="d37">34</data>
      <data key="d35">34Mb/s</data>
      <data key="d38">M</data>
      <data key="d39">34000000.0</data>
      <data key="d36">0</data>
    </edge>
    <edge source="12" target="13">
      <data key="d37">34</data>
      <data key="d35">34Mb/s</data>
      <data key="d38">M</data>
      <data key="d39">34000000.0</data>
      <data key="d36">0</data>
    </edge>
    <edge source="13" target="15">
      <data key="d37">155</data>
      <data key="d35">155 Mb/s</data>
      <data key="d38">M</data>
      <data key="d39">155000000.0</data>
      <data key="d36">0</data>
    </edge>
    <edge source="14" target="15">
      <data key="d37">2</data>
      <data key="d35">2Mb/s</data>
      <data key="d38">M</data>
      <data key="d39">2000000.0</data>
      <data key="d36">0</data>
    </edge>
  </graph>
</graphml>
