<?xml version="1.0" encoding="utf-8"?><graphml xmlns="http://graphml.graphdrawing.org/xmlns" xmlns:xsi="http://www.w3.org/2001/XMLSchema-instance" xsi:schemaLocation="http://graphml.graphdrawing.org/xmlns http://graphml.graphdrawing.org/xmlns/1.0/graphml.xsd">
  <key attr.name="key" attr.type="int" for="edge" id="d35" />
  <key attr.name="id" attr.type="string" for="edge" id="d34" />
  <key attr.name="label" attr.type="string" for="node" id="d33" />
  <key attr.name="Longitude" attr.type="double" for="node" id="d32" />
  <key attr.name="id" attr.type="int" for="node" id="d31" />
  <key attr.name="Country" attr.type="string" for="node" id="d30" />
  <key attr.name="Latitude" attr.type="double" for="node" id="d29" />
  <key attr.name="Internal" attr.type="int" for="node" id="d28" />
  <key attr.name="Testbed" attr.type="int" for="graph" id="d27" />
  <key attr.name="LastProcessed" attr.type="string" for="graph" id="d26" />
  <key attr.name="DateYear" attr.type="string" for="graph" id="d25" />
  <key attr.name="NetworkDate" attr.type="string" for="graph" id="d24" />
  <key attr.name="Transit" attr.type="int" for="graph" id="d23" />
  <key attr.name="Developed" attr.type="int" for="graph" id="d22" />
  <key attr.name="Creator" attr.type="string" for="graph" id="d21" />
  <key attr.name="Layer" attr.type="string" for="graph" id="d20" />
  <key attr.name="LastAccess" attr.type="string" for="graph" id="d19" />
  <key attr.name="DateMonth" attr.type="int" for="graph" id="d18" />
  <key attr.name="DateModifier" attr.type="string" for="graph" id="d17" />
  <key attr.name="SourceGitVersion" attr.type="string" for="graph" id="d16" />
  <key attr.name="IX" attr.type="int" for="graph" id="d15" />
  <key attr.name="Customer" attr.type="int" for="graph" id="d14" />
  <key attr.name="ToolsetVersion" attr.type="string" for="graph" id="d13" />
  <key attr.name="label" attr.type="string" for="graph" id="d12" />
  <key attr.name="Commercial" attr.type="int" for="graph" id="d11" />
  <key attr.name="Backbone" attr.type="int" for="graph" id="d10" />
  <key attr.name="DateType" attr.type="string" for="graph" id="d9" />
  <key attr.name="Type" attr.type="string" for="graph" id="d8" />
  <key attr.name="Version" attr.type="string" for="graph" id="d7" />
  <key attr.name="Source" attr.type="string" for="graph" id="d6" />
  <key attr.name="Access" attr.type="int" for="graph" id="d5" />
  <key attr.name="Provenance" attr.type="string" for="graph" id="d4" />
  <key attr.name="Network" attr.type="string" for="graph" id="d3" />
  <key attr.name="GeoExtent" attr.type="string" for="graph" id="d2" />
  <key attr.name="GeoLocation" attr.type="string" for="graph" id="d1" />
  <key attr.name="DateObtained" attr.type="string" for="graph" id="d0" />
  <graph edgedefault="undirected">
    <data key="d0">20/07/11</data>
    <data key="d1">Montenegro</data>
    <data key="d2">Country</data>
    <data key="d3">MREN</data>
    <data key="d4">Secondary</data>
    <data key="d5">0</data>
    <data key="d6">Page 18 of http://www.seeren.org//content/modules/downloads/SEEREN2-WP3-BG-005-D07bNetworkTopology-e-2007-03-20.pdf</data>
    <data key="d7">1.0</data>
    <data key="d8">REN</data>
    <data key="d9">Historic</data>
    <data key="d10">0</data>
    <data key="d11">0</data>
    <data key="d12">Mren</data>
    <data key="d13">0.3.34dev-20120328</data>
    <data key="d14">0</data>
    <data key="d15">0</data>
    <data key="d16">e278b1b</data>
    <data key="d17">=</data>
    <data key="d18">0</data>
    <data key="d19">20/07/11</data>
    <data key="d20">IP</data>
    <data key="d21">Topology Zoo Toolset</data>
    <data key="d22">0</data>
    <data key="d23">0</data>
    <data key="d24">2007</data>
    <data key="d25">2007</data>
    <data key="d26">2011_09_01</data>
    <data key="d27">0</data>
    <node id="0">
      <data key="d28">1</data>
      <data key="d29">43.03834</data>
      <data key="d30">Montenegro</data>
      <data key="d31">0</data>
      <data key="d32">19.74758</data>
      <data key="d33">Bijelo Polje</data>
    </node>
    <node id="1">
      <data key="d28">1</data>
      <data key="d29">42.7731</data>
      <data key="d30">Montenegro</data>
      <data key="d31">1</data>
      <data key="d32">18.94446</data>
      <data key="d33">Niksic</data>
    </node>
    <node id="2">
      <data key="d28">1</data>
      <data key="d29">42.44111</data>
      <data key="d30">Montenegro</data>
      <data key="d31">2</data>
      <data key="d32">19.26361</data>
      <data key="d33">Podgorica</data>
    </node>
    <node id="3">
      <data key="d28">1</data>
      <data key="d29">42.43306</data>
      <data key="d30">Montenegro</data>
      <data key="d31">3</data>
      <data key="d32">18.82833</data>
      <data key="d33">Njegusi</data>
    </node>
    <node id="4">
      <data key="d28">1</data>
      <data key="d29">42.42067</data>
      <data key="d30">Montenegro</data>
      <data key="d31">4</data>
      <data key="d32">18.76825</data>
      <data key="d33">Kotor</data>
    </node>
    <node id="5">
      <data key="d28">1</data>
      <data key="d29">42.45306</data>
      <data key="d30">Montenegro</data>
      <data key="d31">5</data>
      <data key="d32">18.5375</data>
      <data key="d33">Herceg Novi</data>
    </node>
    <edge source="0" target="2">
      <data key="d34">e0</data>
      <data key="d35">0</data>
    </edge>
    <edge source="1" target="2">
      <data key="d34">e1</data>
      <data key="d35">0</data>
    </edge>
    <edge source="2" target="3">
      <data key="d34">e2</data>
      <data key="d35">0</data>
    </edge>
    <edge source="2" target="4">
      <data key="d34">e3</data>
      <data key="d35">0</data>
    </edge>
    <edge source="2" target="5">
      <data key="d34">e4</data>
      <data key="d35">0</data>
    </edge>
  </graph>
</graphml>
