<?xml version="1.0" encoding="utf-8"?><graphml xmlns="http://graphml.graphdrawing.org/xmlns" xmlns:xsi="http://www.w3.org/2001/XMLSchema-instance" xsi:schemaLocation="http://graphml.graphdrawing.org/xmlns http://graphml.graphdrawing.org/xmlns/1.0/graphml.xsd">
  <key attr.name="key" attr.type="int" for="edge" id="d35" />
  <key attr.name="id" attr.type="string" for="edge" id="d34" />
  <key attr.name="label" attr.type="string" for="node" id="d33" />
  <key attr.name="Longitude" attr.type="double" for="node" id="d32" />
  <key attr.name="id" attr.type="int" for="node" id="d31" />
  <key attr.name="Country" attr.type="string" for="node" id="d30" />
  <key attr.name="Latitude" attr.type="double" for="node" id="d29" />
  <key attr.name="Internal" attr.type="int" for="node" id="d28" />
  <key attr.name="Testbed" attr.type="int" for="graph" id="d27" />
  <key attr.name="LastProcessed" attr.type="string" for="graph" id="d26" />
  <key attr.name="DateYear" attr.type="string" for="graph" id="d25" />
  <key attr.name="NetworkDate" attr.type="string" for="graph" id="d24" />
  <key attr.name="Transit" attr.type="int" for="graph" id="d23" />
  <key attr.name="Developed" attr.type="int" for="graph" id="d22" />
  <key attr.name="Creator" attr.type="string" for="graph" id="d21" />
  <key attr.name="Layer" attr.type="string" for="graph" id="d20" />
  <key attr.name="LastAccess" attr.type="string" for="graph" id="d19" />
  <key attr.name="DateMonth" attr.type="string" for="graph" id="d18" />
  <key attr.name="DateModifier" attr.type="string" for="graph" id="d17" />
  <key attr.name="SourceGitVersion" attr.type="string" for="graph" id="d16" />
  <key attr.name="IX" attr.type="int" for="graph" id="d15" />
  <key attr.name="Customer" attr.type="int" for="graph" id="d14" />
  <key attr.name="ToolsetVersion" attr.type="string" for="graph" id="d13" />
  <key attr.name="label" attr.type="string" for="graph" id="d12" />
  <key attr.name="Commercial" attr.type="int" for="graph" id="d11" />
  <key attr.name="Backbone" attr.type="int" for="graph" id="d10" />
  <key attr.name="DateType" attr.type="string" for="graph" id="d9" />
  <key attr.name="Type" attr.type="string" for="graph" id="d8" />
  <key attr.name="Version" attr.type="string" for="graph" id="d7" />
  <key attr.name="Source" attr.type="string" for="graph" id="d6" />
  <key attr.name="Access" attr.type="int" for="graph" id="d5" />
  <key attr.name="Provenance" attr.type="string" for="graph" id="d4" />
  <key attr.name="Network" attr.type="string" for="graph" id="d3" />
  <key attr.name="GeoExtent" attr.type="string" for="graph" id="d2" />
  <key attr.name="GeoLocation" attr.type="string" for="graph" id="d1" />
  <key attr.name="DateObtained" attr.type="string" for="graph" id="d0" />
  <graph edgedefault="undirected">
    <data key="d0">18/10/10</data>
    <data key="d1">Canada</data>
    <data key="d2">Country</data>
    <data key="d3">Navigata </data>
    <data key="d4">Primary</data>
    <data key="d5">0</data>
    <data key="d6">http://www.navigata.ca/about-us/our-network/map_national_network.pdf</data>
    <data key="d7">1.0</data>
    <data key="d8">COM</data>
    <data key="d9">Current</data>
    <data key="d10">1</data>
    <data key="d11">0</data>
    <data key="d12">Navigata</data>
    <data key="d13">0.3.34dev-20120328</data>
    <data key="d14">1</data>
    <data key="d15">0</data>
    <data key="d16">e278b1b</data>
    <data key="d17">=</data>
    <data key="d18">10</data>
    <data key="d19">18/10/10</data>
    <data key="d20">IP</data>
    <data key="d21">Topology Zoo Toolset</data>
    <data key="d22">1</data>
    <data key="d23">0</data>
    <data key="d24">2010_10</data>
    <data key="d25">2010</data>
    <data key="d26">2011_09_01</data>
    <data key="d27">0</data>
    <node id="0">
      <data key="d28">1</data>
      <data key="d29">43.08342</data>
      <data key="d30">Canada</data>
      <data key="d31">0</data>
      <data key="d32">-79.06627</data>
      <data key="d33">New York</data>
    </node>
    <node id="1">
      <data key="d28">1</data>
      <data key="d29">45.50884</data>
      <data key="d30">Canada</data>
      <data key="d31">1</data>
      <data key="d32">-73.58781</data>
      <data key="d33">Montreal</data>
    </node>
    <node id="2">
      <data key="d28">1</data>
      <data key="d29">44.646</data>
      <data key="d30">Canada</data>
      <data key="d31">2</data>
      <data key="d32">-63.57333</data>
      <data key="d33">Halifax</data>
    </node>
    <node id="3">
      <data key="d28">1</data>
      <data key="d29">63.05082</data>
      <data key="d30">Canada</data>
      <data key="d31">3</data>
      <data key="d32">-139.52642</data>
      <data key="d33">Los Angeles</data>
    </node>
    <node id="4">
      <data key="d28">1</data>
      <data key="d29">43.70011</data>
      <data key="d30">Canada</data>
      <data key="d31">4</data>
      <data key="d32">-79.4163</data>
      <data key="d33">Toronto</data>
    </node>
    <node id="5">
      <data key="d28">1</data>
      <data key="d29">49.24966</data>
      <data key="d30">Canada</data>
      <data key="d31">5</data>
      <data key="d32">-123.11934</data>
      <data key="d33">Vancouver</data>
    </node>
    <node id="6">
      <data key="d28">1</data>
      <data key="d29">48.43294</data>
      <data key="d30">Canada</data>
      <data key="d31">6</data>
      <data key="d32">-123.3693</data>
      <data key="d33">Victoria</data>
    </node>
    <node id="7">
      <data key="d28">1</data>
      <data key="d29">60.08677</data>
      <data key="d30">Canada</data>
      <data key="d31">7</data>
      <data key="d32">-139.20265</data>
      <data key="d33">Seattle</data>
    </node>
    <node id="8">
      <data key="d28">1</data>
      <data key="d29">51.05011</data>
      <data key="d30">Canada</data>
      <data key="d31">8</data>
      <data key="d32">-114.08529</data>
      <data key="d33">Calgary</data>
    </node>
    <node id="9">
      <data key="d28">1</data>
      <data key="d29">53.55014</data>
      <data key="d30">Canada</data>
      <data key="d31">9</data>
      <data key="d32">-113.46871</data>
      <data key="d33">Edmonton</data>
    </node>
    <node id="10">
      <data key="d28">1</data>
      <data key="d29">52.11679</data>
      <data key="d30">Canada</data>
      <data key="d31">10</data>
      <data key="d32">-106.63452</data>
      <data key="d33">Saskatoon</data>
    </node>
    <node id="11">
      <data key="d28">1</data>
      <data key="d29">50.45008</data>
      <data key="d30">Canada</data>
      <data key="d31">11</data>
      <data key="d32">-104.6178</data>
      <data key="d33">Regina</data>
    </node>
    <node id="12">
      <data key="d28">1</data>
      <data key="d29">49.8844</data>
      <data key="d30">Canada</data>
      <data key="d31">12</data>
      <data key="d32">-97.14704</data>
      <data key="d33">Winnipeg</data>
    </node>
    <edge source="0" target="4">
      <data key="d34">e16</data>
      <data key="d35">0</data>
    </edge>
    <edge source="1" target="4">
      <data key="d34">e14</data>
      <data key="d35">0</data>
    </edge>
    <edge source="2" target="4">
      <data key="d34">e15</data>
      <data key="d35">0</data>
    </edge>
    <edge source="3" target="5">
      <data key="d34">e6</data>
      <data key="d35">0</data>
    </edge>
    <edge source="4" target="11">
      <data key="d34">e12</data>
      <data key="d35">0</data>
    </edge>
    <edge source="4" target="10">
      <data key="d34">e10</data>
      <data key="d35">0</data>
    </edge>
    <edge source="5" target="6">
      <data key="d34">e0</data>
      <data key="d35">0</data>
    </edge>
    <edge source="5" target="7">
      <data key="d34">e1</data>
      <data key="d35">0</data>
    </edge>
    <edge source="5" target="8">
      <data key="d34">e2</data>
      <data key="d35">0</data>
    </edge>
    <edge source="5" target="9">
      <data key="d34">e3</data>
      <data key="d35">0</data>
    </edge>
    <edge source="5" target="10">
      <data key="d34">e4</data>
      <data key="d35">0</data>
    </edge>
    <edge source="5" target="11">
      <data key="d34">e5</data>
      <data key="d35">0</data>
    </edge>
    <edge source="8" target="9">
      <data key="d34">e7</data>
      <data key="d35">0</data>
    </edge>
    <edge source="8" target="10">
      <data key="d34">e8</data>
      <data key="d35">0</data>
    </edge>
    <edge source="8" target="11">
      <data key="d34">e9</data>
      <data key="d35">0</data>
    </edge>
    <edge source="10" target="12">
      <data key="d34">e11</data>
      <data key="d35">0</data>
    </edge>
    <edge source="11" target="12">
      <data key="d34">e13</data>
      <data key="d35">0</data>
    </edge>
  </graph>
</graphml>
