<?xml version="1.0" encoding="utf-8"?><graphml xmlns="http://graphml.graphdrawing.org/xmlns" xmlns:xsi="http://www.w3.org/2001/XMLSchema-instance" xsi:schemaLocation="http://graphml.graphdrawing.org/xmlns http://graphml.graphdrawing.org/xmlns/1.0/graphml.xsd">
  <key attr.name="key" attr.type="int" for="edge" id="d35" />
  <key attr.name="id" attr.type="string" for="edge" id="d34" />
  <key attr.name="label" attr.type="string" for="node" id="d33" />
  <key attr.name="Longitude" attr.type="double" for="node" id="d32" />
  <key attr.name="id" attr.type="int" for="node" id="d31" />
  <key attr.name="Country" attr.type="string" for="node" id="d30" />
  <key attr.name="Latitude" attr.type="double" for="node" id="d29" />
  <key attr.name="Internal" attr.type="int" for="node" id="d28" />
  <key attr.name="Testbed" attr.type="int" for="graph" id="d27" />
  <key attr.name="LastProcessed" attr.type="string" for="graph" id="d26" />
  <key attr.name="DateYear" attr.type="string" for="graph" id="d25" />
  <key attr.name="NetworkDate" attr.type="string" for="graph" id="d24" />
  <key attr.name="Transit" attr.type="int" for="graph" id="d23" />
  <key attr.name="Developed" attr.type="int" for="graph" id="d22" />
  <key attr.name="Creator" attr.type="string" for="graph" id="d21" />
  <key attr.name="Layer" attr.type="string" for="graph" id="d20" />
  <key attr.name="LastAccess" attr.type="string" for="graph" id="d19" />
  <key attr.name="DateMonth" attr.type="string" for="graph" id="d18" />
  <key attr.name="DateModifier" attr.type="string" for="graph" id="d17" />
  <key attr.name="SourceGitVersion" attr.type="string" for="graph" id="d16" />
  <key attr.name="IX" attr.type="int" for="graph" id="d15" />
  <key attr.name="Customer" attr.type="int" for="graph" id="d14" />
  <key attr.name="ToolsetVersion" attr.type="string" for="graph" id="d13" />
  <key attr.name="label" attr.type="string" for="graph" id="d12" />
  <key attr.name="Commercial" attr.type="int" for="graph" id="d11" />
  <key attr.name="Backbone" attr.type="int" for="graph" id="d10" />
  <key attr.name="DateType" attr.type="string" for="graph" id="d9" />
  <key attr.name="Type" attr.type="string" for="graph" id="d8" />
  <key attr.name="Version" attr.type="string" for="graph" id="d7" />
  <key attr.name="Source" attr.type="string" for="graph" id="d6" />
  <key attr.name="Access" attr.type="int" for="graph" id="d5" />
  <key attr.name="Provenance" attr.type="string" for="graph" id="d4" />
  <key attr.name="Network" attr.type="string" for="graph" id="d3" />
  <key attr.name="GeoExtent" attr.type="string" for="graph" id="d2" />
  <key attr.name="GeoLocation" attr.type="string" for="graph" id="d1" />
  <key attr.name="DateObtained" attr.type="string" for="graph" id="d0" />
  <graph edgedefault="undirected">
    <data key="d0">15/11/10</data>
    <data key="d1">Louisiana, Texas, USA</data>
    <data key="d2">Region</data>
    <data key="d3">Network USA </data>
    <data key="d4">Primary</data>
    <data key="d5">0</data>
    <data key="d6">http://www.networkusa.com/network.html</data>
    <data key="d7">1.0</data>
    <data key="d8">COM</data>
    <data key="d9">Current</data>
    <data key="d10">1</data>
    <data key="d11">0</data>
    <data key="d12">NetworkUsa</data>
    <data key="d13">0.3.34dev-20120328</data>
    <data key="d14">0</data>
    <data key="d15">0</data>
    <data key="d16">e278b1b</data>
    <data key="d17">=</data>
    <data key="d18">08</data>
    <data key="d19">3/08/10</data>
    <data key="d20">Fibre</data>
    <data key="d21">Topology Zoo Toolset</data>
    <data key="d22">1</data>
    <data key="d23">0</data>
    <data key="d24">2010_08</data>
    <data key="d25">2010</data>
    <data key="d26">2011_09_01</data>
    <data key="d27">0</data>
    <node id="0">
      <data key="d28">1</data>
      <data key="d29">29.95465</data>
      <data key="d30">United States</data>
      <data key="d31">0</data>
      <data key="d32">-90.07507</data>
      <data key="d33">New Orleans</data>
    </node>
    <node id="1">
      <data key="d28">1</data>
      <data key="d29">29.79576</data>
      <data key="d30">United States</data>
      <data key="d31">1</data>
      <data key="d32">-90.82287</data>
      <data key="d33">Thi'bodaux</data>
    </node>
    <node id="2">
      <data key="d28">1</data>
      <data key="d29">30.47547</data>
      <data key="d30">United States</data>
      <data key="d31">2</data>
      <data key="d32">-90.10091</data>
      <data key="d33">Covington</data>
    </node>
    <node id="3">
      <data key="d28">1</data>
      <data key="d29">30.36742</data>
      <data key="d30">United States</data>
      <data key="d31">3</data>
      <data key="d32">-89.09282</data>
      <data key="d33">Gulfport</data>
    </node>
    <node id="4">
      <data key="d28">1</data>
      <data key="d29">30.45075</data>
      <data key="d30">United States</data>
      <data key="d31">4</data>
      <data key="d32">-91.15455</data>
      <data key="d33">Baton Rouge</data>
    </node>
    <node id="5">
      <data key="d28">1</data>
      <data key="d29">30.22409</data>
      <data key="d30">United States</data>
      <data key="d31">5</data>
      <data key="d32">-92.01984</data>
      <data key="d33">Lafayette</data>
    </node>
    <node id="6">
      <data key="d28">1</data>
      <data key="d29">29.69937</data>
      <data key="d30">United States</data>
      <data key="d31">6</data>
      <data key="d32">-91.20677</data>
      <data key="d33">Morgan City</data>
    </node>
    <node id="7">
      <data key="d28">1</data>
      <data key="d29">30.50436</data>
      <data key="d30">United States</data>
      <data key="d31">7</data>
      <data key="d32">-90.4612</data>
      <data key="d33">Hammond</data>
    </node>
    <node id="8">
      <data key="d28">1</data>
      <data key="d29">31.31129</data>
      <data key="d30">United States</data>
      <data key="d31">8</data>
      <data key="d32">-92.44514</data>
      <data key="d33">Alexandria</data>
    </node>
    <node id="9">
      <data key="d28">1</data>
      <data key="d29">31.53406</data>
      <data key="d30">United States</data>
      <data key="d31">9</data>
      <data key="d32">-92.94766</data>
      <data key="d33">Derry</data>
    </node>
    <node id="10">
      <data key="d28">1</data>
      <data key="d29">29.42412</data>
      <data key="d30">United States</data>
      <data key="d31">10</data>
      <data key="d32">-98.49363</data>
      <data key="d33">San Antonio</data>
    </node>
    <node id="11">
      <data key="d28">1</data>
      <data key="d29">30.26715</data>
      <data key="d30">United States</data>
      <data key="d31">11</data>
      <data key="d32">-97.74306</data>
      <data key="d33">Austin</data>
    </node>
    <node id="12">
      <data key="d28">1</data>
      <data key="d29">30.62798</data>
      <data key="d30">United States</data>
      <data key="d31">12</data>
      <data key="d32">-96.33441</data>
      <data key="d33">College Station</data>
    </node>
    <node id="13">
      <data key="d28">1</data>
      <data key="d29">31.54933</data>
      <data key="d30">United States</data>
      <data key="d31">13</data>
      <data key="d32">-97.14667</data>
      <data key="d33">Waco</data>
    </node>
    <node id="14">
      <data key="d28">1</data>
      <data key="d29">31.76072</data>
      <data key="d30">United States</data>
      <data key="d31">14</data>
      <data key="d32">-93.08627</data>
      <data key="d33">Natchitoches</data>
    </node>
    <node id="15">
      <data key="d28">1</data>
      <data key="d29">29.76328</data>
      <data key="d30">United States</data>
      <data key="d31">15</data>
      <data key="d32">-95.36327</data>
      <data key="d33">Houston</data>
    </node>
    <node id="16">
      <data key="d28">1</data>
      <data key="d29">30.05799</data>
      <data key="d30">United States</data>
      <data key="d31">16</data>
      <data key="d32">-94.79548</data>
      <data key="d33">Liberty</data>
    </node>
    <node id="17">
      <data key="d28">1</data>
      <data key="d29">30.53353</data>
      <data key="d30">United States</data>
      <data key="d31">17</data>
      <data key="d32">-92.08151</data>
      <data key="d33">Opelousas</data>
    </node>
    <node id="18">
      <data key="d28">1</data>
      <data key="d29">30.84436</data>
      <data key="d30">United States</data>
      <data key="d31">18</data>
      <data key="d32">-92.2579</data>
      <data key="d33">St Landry</data>
    </node>
    <node id="19">
      <data key="d28">1</data>
      <data key="d29">31.04658</data>
      <data key="d30">United States</data>
      <data key="d31">19</data>
      <data key="d32">-93.20544</data>
      <data key="d33">Fort Polk</data>
    </node>
    <node id="20">
      <data key="d28">1</data>
      <data key="d29">32.01488</data>
      <data key="d30">United States</data>
      <data key="d31">20</data>
      <data key="d32">-93.34212</data>
      <data key="d33">Coushatta</data>
    </node>
    <node id="21">
      <data key="d28">1</data>
      <data key="d29">30.03577</data>
      <data key="d30">United States</data>
      <data key="d31">21</data>
      <data key="d32">-94.42436</data>
      <data key="d33">Nome</data>
    </node>
    <node id="22">
      <data key="d28">1</data>
      <data key="d29">30.08605</data>
      <data key="d30">United States</data>
      <data key="d31">22</data>
      <data key="d32">-94.10185</data>
      <data key="d33">Beaumont</data>
    </node>
    <node id="23">
      <data key="d28">1</data>
      <data key="d29">30.21309</data>
      <data key="d30">United States</data>
      <data key="d31">23</data>
      <data key="d32">-93.2044</data>
      <data key="d33">Lake Charles</data>
    </node>
    <node id="24">
      <data key="d28">1</data>
      <data key="d29">30.84631</data>
      <data key="d30">United States</data>
      <data key="d31">24</data>
      <data key="d32">-93.28905</data>
      <data key="d33">Deridder</data>
    </node>
    <node id="25">
      <data key="d28">1</data>
      <data key="d29">32.29876</data>
      <data key="d30">United States</data>
      <data key="d31">25</data>
      <data key="d32">-90.18481</data>
      <data key="d33">Jackson</data>
    </node>
    <node id="26">
      <data key="d28">1</data>
      <data key="d29">30.27519</data>
      <data key="d30">United States</data>
      <data key="d31">26</data>
      <data key="d32">-89.78117</data>
      <data key="d33">Slidell</data>
    </node>
    <node id="27">
      <data key="d28">1</data>
      <data key="d29">32.78306</data>
      <data key="d30">United States</data>
      <data key="d31">27</data>
      <data key="d32">-96.80667</data>
      <data key="d33">Dallas</data>
    </node>
    <node id="28">
      <data key="d28">1</data>
      <data key="d29">32.35126</data>
      <data key="d30">United States</data>
      <data key="d31">28</data>
      <data key="d32">-95.30106</data>
      <data key="d33">Tyler</data>
    </node>
    <node id="29">
      <data key="d28">1</data>
      <data key="d29">32.5007</data>
      <data key="d30">United States</data>
      <data key="d31">29</data>
      <data key="d32">-94.74049</data>
      <data key="d33">Longview</data>
    </node>
    <node id="30">
      <data key="d28">1</data>
      <data key="d29">32.52515</data>
      <data key="d30">United States</data>
      <data key="d31">30</data>
      <data key="d32">-93.75018</data>
      <data key="d33">Shreveport</data>
    </node>
    <node id="31">
      <data key="d28">1</data>
      <data key="d29">32.51599</data>
      <data key="d30">United States</data>
      <data key="d31">31</data>
      <data key="d32">-93.73212</data>
      <data key="d33">Bossier City</data>
    </node>
    <node id="32">
      <data key="d28">1</data>
      <data key="d29">32.61543</data>
      <data key="d30">United States</data>
      <data key="d31">32</data>
      <data key="d32">-93.28684</data>
      <data key="d33">Minden</data>
    </node>
    <node id="33">
      <data key="d28">1</data>
      <data key="d29">32.52321</data>
      <data key="d30">United States</data>
      <data key="d31">33</data>
      <data key="d32">-92.63793</data>
      <data key="d33">Ruston</data>
    </node>
    <node id="34">
      <data key="d28">1</data>
      <data key="d29">32.50931</data>
      <data key="d30">United States</data>
      <data key="d31">34</data>
      <data key="d32">-92.1193</data>
      <data key="d33">Monroe</data>
    </node>
    <edge source="0" target="1">
      <data key="d34">e16</data>
      <data key="d35">0</data>
    </edge>
    <edge source="0" target="3">
      <data key="d34">e15</data>
      <data key="d35">0</data>
    </edge>
    <edge source="0" target="7">
      <data key="d34">e17</data>
      <data key="d35">0</data>
    </edge>
    <edge source="1" target="6">
      <data key="d34">e18</data>
      <data key="d35">0</data>
    </edge>
    <edge source="2" target="26">
      <data key="d34">e12</data>
      <data key="d35">0</data>
    </edge>
    <edge source="2" target="7">
      <data key="d34">e14</data>
      <data key="d35">0</data>
    </edge>
    <edge source="3" target="26">
      <data key="d34">e13</data>
      <data key="d35">0</data>
    </edge>
    <edge source="4" target="5">
      <data key="d34">e21</data>
      <data key="d35">0</data>
    </edge>
    <edge source="4" target="7">
      <data key="d34">e20</data>
      <data key="d35">0</data>
    </edge>
    <edge source="5" target="17">
      <data key="d34">e23</data>
      <data key="d35">0</data>
    </edge>
    <edge source="5" target="6">
      <data key="d34">e19</data>
      <data key="d35">0</data>
    </edge>
    <edge source="5" target="23">
      <data key="d34">e22</data>
      <data key="d35">0</data>
    </edge>
    <edge source="7" target="25">
      <data key="d34">e11</data>
      <data key="d35">0</data>
    </edge>
    <edge source="8" target="9">
      <data key="d34">e24</data>
      <data key="d35">0</data>
    </edge>
    <edge source="8" target="18">
      <data key="d34">e25</data>
      <data key="d35">0</data>
    </edge>
    <edge source="9" target="14">
      <data key="d34">e26</data>
      <data key="d35">0</data>
    </edge>
    <edge source="10" target="11">
      <data key="d34">e36</data>
      <data key="d35">0</data>
    </edge>
    <edge source="10" target="15">
      <data key="d34">e35</data>
      <data key="d35">0</data>
    </edge>
    <edge source="11" target="12">
      <data key="d34">e37</data>
      <data key="d35">0</data>
    </edge>
    <edge source="12" target="13">
      <data key="d34">e38</data>
      <data key="d35">0</data>
    </edge>
    <edge source="13" target="27">
      <data key="d34">e1</data>
      <data key="d35">0</data>
    </edge>
    <edge source="14" target="20">
      <data key="d34">e27</data>
      <data key="d35">0</data>
    </edge>
    <edge source="15" target="16">
      <data key="d34">e34</data>
      <data key="d35">0</data>
    </edge>
    <edge source="16" target="21">
      <data key="d34">e33</data>
      <data key="d35">0</data>
    </edge>
    <edge source="17" target="18">
      <data key="d34">e29</data>
      <data key="d35">0</data>
    </edge>
    <edge source="19" target="24">
      <data key="d34">e28</data>
      <data key="d35">0</data>
    </edge>
    <edge source="20" target="30">
      <data key="d34">e5</data>
      <data key="d35">0</data>
    </edge>
    <edge source="21" target="22">
      <data key="d34">e32</data>
      <data key="d35">0</data>
    </edge>
    <edge source="22" target="23">
      <data key="d34">e31</data>
      <data key="d35">0</data>
    </edge>
    <edge source="23" target="24">
      <data key="d34">e30</data>
      <data key="d35">0</data>
    </edge>
    <edge source="25" target="30">
      <data key="d34">e4</data>
      <data key="d35">0</data>
    </edge>
    <edge source="27" target="28">
      <data key="d34">e0</data>
      <data key="d35">0</data>
    </edge>
    <edge source="28" target="29">
      <data key="d34">e2</data>
      <data key="d35">0</data>
    </edge>
    <edge source="29" target="30">
      <data key="d34">e3</data>
      <data key="d35">0</data>
    </edge>
    <edge source="30" target="34">
      <data key="d34">e7</data>
      <data key="d35">0</data>
    </edge>
    <edge source="30" target="31">
      <data key="d34">e6</data>
      <data key="d35">0</data>
    </edge>
    <edge source="31" target="32">
      <data key="d34">e8</data>
      <data key="d35">0</data>
    </edge>
    <edge source="32" target="33">
      <data key="d34">e9</data>
      <data key="d35">0</data>
    </edge>
    <edge source="33" target="34">
      <data key="d34">e10</data>
      <data key="d35">0</data>
    </edge>
  </graph>
</graphml>
