<?xml version="1.0" encoding="utf-8"?><graphml xmlns="http://graphml.graphdrawing.org/xmlns" xmlns:xsi="http://www.w3.org/2001/XMLSchema-instance" xsi:schemaLocation="http://graphml.graphdrawing.org/xmlns http://graphml.graphdrawing.org/xmlns/1.0/graphml.xsd">
  <key attr.name="key" attr.type="int" for="edge" id="d38" />
  <key attr.name="LinkSpeedRaw" attr.type="double" for="edge" id="d37" />
  <key attr.name="LinkSpeedUnits" attr.type="string" for="edge" id="d36" />
  <key attr.name="LinkLabel" attr.type="string" for="edge" id="d35" />
  <key attr.name="LinkSpeed" attr.type="string" for="edge" id="d34" />
  <key attr.name="label" attr.type="string" for="node" id="d33" />
  <key attr.name="Longitude" attr.type="double" for="node" id="d32" />
  <key attr.name="id" attr.type="int" for="node" id="d31" />
  <key attr.name="Country" attr.type="string" for="node" id="d30" />
  <key attr.name="Latitude" attr.type="double" for="node" id="d29" />
  <key attr.name="Internal" attr.type="int" for="node" id="d28" />
  <key attr.name="Testbed" attr.type="int" for="graph" id="d27" />
  <key attr.name="LastProcessed" attr.type="string" for="graph" id="d26" />
  <key attr.name="DateYear" attr.type="string" for="graph" id="d25" />
  <key attr.name="NetworkDate" attr.type="string" for="graph" id="d24" />
  <key attr.name="Transit" attr.type="int" for="graph" id="d23" />
  <key attr.name="Developed" attr.type="int" for="graph" id="d22" />
  <key attr.name="Creator" attr.type="string" for="graph" id="d21" />
  <key attr.name="Layer" attr.type="string" for="graph" id="d20" />
  <key attr.name="LastAccess" attr.type="string" for="graph" id="d19" />
  <key attr.name="DateMonth" attr.type="string" for="graph" id="d18" />
  <key attr.name="DateModifier" attr.type="string" for="graph" id="d17" />
  <key attr.name="SourceGitVersion" attr.type="string" for="graph" id="d16" />
  <key attr.name="IX" attr.type="int" for="graph" id="d15" />
  <key attr.name="Customer" attr.type="int" for="graph" id="d14" />
  <key attr.name="ToolsetVersion" attr.type="string" for="graph" id="d13" />
  <key attr.name="label" attr.type="string" for="graph" id="d12" />
  <key attr.name="Commercial" attr.type="int" for="graph" id="d11" />
  <key attr.name="Backbone" attr.type="int" for="graph" id="d10" />
  <key attr.name="DateType" attr.type="string" for="graph" id="d9" />
  <key attr.name="Type" attr.type="string" for="graph" id="d8" />
  <key attr.name="Version" attr.type="string" for="graph" id="d7" />
  <key attr.name="Source" attr.type="string" for="graph" id="d6" />
  <key attr.name="Access" attr.type="int" for="graph" id="d5" />
  <key attr.name="Provenance" attr.type="string" for="graph" id="d4" />
  <key attr.name="Network" attr.type="string" for="graph" id="d3" />
  <key attr.name="GeoExtent" attr.type="string" for="graph" id="d2" />
  <key attr.name="GeoLocation" attr.type="string" for="graph" id="d1" />
  <key attr.name="DateObtained" attr.type="string" for="graph" id="d0" />
  <graph edgedefault="undirected">
    <data key="d0">22/10/10</data>
    <data key="d1">Hungary</data>
    <data key="d2">Country</data>
    <data key="d3">NIIF</data>
    <data key="d4">Primary</data>
    <data key="d5">0</data>
    <data key="d6">http://www.niif.hu/en/datanetwork/hbone/hbone</data>
    <data key="d7">1.0</data>
    <data key="d8">REN</data>
    <data key="d9">Historic</data>
    <data key="d10">1</data>
    <data key="d11">0</data>
    <data key="d12">Niif</data>
    <data key="d13">0.3.34dev-20120328</data>
    <data key="d14">1</data>
    <data key="d15">0</data>
    <data key="d16">e278b1b</data>
    <data key="d17">=</data>
    <data key="d18">05</data>
    <data key="d19">21/10/10</data>
    <data key="d20">IP</data>
    <data key="d21">Topology Zoo Toolset</data>
    <data key="d22">0</data>
    <data key="d23">0</data>
    <data key="d24">2009_05</data>
    <data key="d25">2009</data>
    <data key="d26">2011_09_01</data>
    <data key="d27">0</data>
    <node id="0">
      <data key="d28">1</data>
      <data key="d29">48.1</data>
      <data key="d30">Hungary</data>
      <data key="d31">0</data>
      <data key="d32">20.78333</data>
      <data key="d33">Miskolc</data>
    </node>
    <node id="1">
      <data key="d28">1</data>
      <data key="d29">48.31667</data>
      <data key="d30">Hungary</data>
      <data key="d31">1</data>
      <data key="d32">21.58333</data>
      <data key="d33">Sarospatak</data>
    </node>
    <node id="2">
      <data key="d28">1</data>
      <data key="d29">47.78333</data>
      <data key="d30">Hungary</data>
      <data key="d31">2</data>
      <data key="d32">19.93333</data>
      <data key="d33">Gyongyos</data>
    </node>
    <node id="3">
      <data key="d28">1</data>
      <data key="d29">47.90265</data>
      <data key="d30">Hungary</data>
      <data key="d31">3</data>
      <data key="d32">20.37329</data>
      <data key="d33">Eger</data>
    </node>
    <node id="4">
      <data key="d28">1</data>
      <data key="d29">47.6</data>
      <data key="d30">Hungary</data>
      <data key="d31">4</data>
      <data key="d32">19.36667</data>
      <data key="d33">Godollo</data>
    </node>
    <node id="5">
      <data key="d28">1</data>
      <data key="d29">47.5</data>
      <data key="d30">Hungary</data>
      <data key="d31">5</data>
      <data key="d32">19.91667</data>
      <data key="d33">Jaszbereny</data>
    </node>
    <node id="6">
      <data key="d28">1</data>
      <data key="d29">47.95539</data>
      <data key="d30">Hungary</data>
      <data key="d31">6</data>
      <data key="d32">21.71671</data>
      <data key="d33">Nyiregyhaza</data>
    </node>
    <node id="7">
      <data key="d28">1</data>
      <data key="d29">47.53333</data>
      <data key="d30">Hungary</data>
      <data key="d31">7</data>
      <data key="d32">21.63333</data>
      <data key="d33">Debrecen</data>
    </node>
    <node id="8">
      <data key="d28">1</data>
      <data key="d29">47.18333</data>
      <data key="d30">Hungary</data>
      <data key="d31">8</data>
      <data key="d32">20.2</data>
      <data key="d33">Szolnok</data>
    </node>
    <node id="9">
      <data key="d28">1</data>
      <data key="d29">46.90618</data>
      <data key="d30">Hungary</data>
      <data key="d31">9</data>
      <data key="d32">19.69128</data>
      <data key="d33">Kecskemet</data>
    </node>
    <node id="10">
      <data key="d28">1</data>
      <data key="d29">47.18995</data>
      <data key="d30">Hungary</data>
      <data key="d31">10</data>
      <data key="d32">18.41034</data>
      <data key="d33">Szekesfahervar</data>
    </node>
    <node id="11">
      <data key="d28">1</data>
      <data key="d29">47.09327</data>
      <data key="d30">Hungary</data>
      <data key="d31">11</data>
      <data key="d32">17.91149</data>
      <data key="d33">Veszprem</data>
    </node>
    <node id="12">
      <data key="d28">1</data>
      <data key="d29">46.76667</data>
      <data key="d30">Hungary</data>
      <data key="d31">12</data>
      <data key="d32">17.25</data>
      <data key="d33">Keszthely</data>
    </node>
    <node id="13">
      <data key="d28">1</data>
      <data key="d29">46.45347</data>
      <data key="d30">Hungary</data>
      <data key="d31">13</data>
      <data key="d32">16.99104</data>
      <data key="d33">Nagykanizsa</data>
    </node>
    <node id="14">
      <data key="d28">1</data>
      <data key="d29">46.84</data>
      <data key="d30">Hungary</data>
      <data key="d31">14</data>
      <data key="d32">16.84389</data>
      <data key="d33">Zalaegerszeg</data>
    </node>
    <node id="15">
      <data key="d28">1</data>
      <data key="d29">47.23088</data>
      <data key="d30">Hungary</data>
      <data key="d31">15</data>
      <data key="d32">16.62155</data>
      <data key="d33">Szombathely</data>
    </node>
    <node id="16">
      <data key="d28">1</data>
      <data key="d29">46.36667</data>
      <data key="d30">Hungary</data>
      <data key="d31">16</data>
      <data key="d32">17.8</data>
      <data key="d33">Kaposvar</data>
    </node>
    <node id="17">
      <data key="d28">1</data>
      <data key="d29">46.35</data>
      <data key="d30">Hungary</data>
      <data key="d31">17</data>
      <data key="d32">18.71667</data>
      <data key="d33">Szekszard</data>
    </node>
    <node id="18">
      <data key="d28">1</data>
      <data key="d29">46.41667</data>
      <data key="d30">Hungary</data>
      <data key="d31">18</data>
      <data key="d32">20.33333</data>
      <data key="d33">Hodmazovasarhely</data>
    </node>
    <node id="19">
      <data key="d28">1</data>
      <data key="d29">46.68333</data>
      <data key="d30">Hungary</data>
      <data key="d31">19</data>
      <data key="d32">21.1</data>
      <data key="d33">Bekescsaba</data>
    </node>
    <node id="20">
      <data key="d28">1</data>
      <data key="d29">46.86667</data>
      <data key="d30">Hungary</data>
      <data key="d31">20</data>
      <data key="d32">20.55</data>
      <data key="d33">Szavas</data>
    </node>
    <node id="21">
      <data key="d28">1</data>
      <data key="d29">46.98333</data>
      <data key="d30">Hungary</data>
      <data key="d31">21</data>
      <data key="d32">18.93333</data>
      <data key="d33">Dunaujvaros</data>
    </node>
    <node id="22">
      <data key="d28">1</data>
      <data key="d29">46.18333</data>
      <data key="d30">Hungary</data>
      <data key="d31">22</data>
      <data key="d32">18.96667</data>
      <data key="d33">Baja</data>
    </node>
    <node id="23">
      <data key="d28">1</data>
      <data key="d29">46.08333</data>
      <data key="d30">Hungary</data>
      <data key="d31">23</data>
      <data key="d32">18.23333</data>
      <data key="d33">Pecs</data>
    </node>
    <node id="24">
      <data key="d28">1</data>
      <data key="d29">46.58333</data>
      <data key="d30">Hungary</data>
      <data key="d31">24</data>
      <data key="d32">21.18333</data>
      <data key="d33">Szabadka</data>
    </node>
    <node id="25">
      <data key="d28">1</data>
      <data key="d29">46.253</data>
      <data key="d30">Hungary</data>
      <data key="d31">25</data>
      <data key="d32">20.14824</data>
      <data key="d33">Szeged</data>
    </node>
    <node id="26">
      <data key="d28">1</data>
      <data key="d29">47.86667</data>
      <data key="d30">Hungary</data>
      <data key="d31">26</data>
      <data key="d32">17.28333</data>
      <data key="d33">Mosonmagyarovar</data>
    </node>
    <node id="27">
      <data key="d28">1</data>
      <data key="d29">47.68333</data>
      <data key="d30">Hungary</data>
      <data key="d31">27</data>
      <data key="d32">16.6</data>
      <data key="d33">Sopron</data>
    </node>
    <node id="28">
      <data key="d28">0</data>
      <data key="d31">28</data>
      <data key="d33">GEANT</data>
    </node>
    <node id="29">
      <data key="d28">1</data>
      <data key="d29">48.09872</data>
      <data key="d30">Hungary</data>
      <data key="d31">29</data>
      <data key="d32">19.80303</data>
      <data key="d33">Salgotarjan</data>
    </node>
    <node id="30">
      <data key="d28">1</data>
      <data key="d29">47.78333</data>
      <data key="d30">Hungary</data>
      <data key="d31">30</data>
      <data key="d32">19.13333</data>
      <data key="d33">Vac</data>
    </node>
    <node id="31">
      <data key="d28">1</data>
      <data key="d29">47.8</data>
      <data key="d30">Hungary</data>
      <data key="d31">31</data>
      <data key="d32">18.75</data>
      <data key="d33">Esztergom</data>
    </node>
    <node id="32">
      <data key="d28">1</data>
      <data key="d29">47.49801</data>
      <data key="d30">Hungary</data>
      <data key="d31">32</data>
      <data key="d32">19.03991</data>
      <data key="d33">Budapest</data>
    </node>
    <node id="33">
      <data key="d28">1</data>
      <data key="d29">47.73333</data>
      <data key="d30">Hungary</data>
      <data key="d31">33</data>
      <data key="d32">18.11667</data>
      <data key="d33">Revkomarom</data>
    </node>
    <node id="34">
      <data key="d28">1</data>
      <data key="d29">47.61667</data>
      <data key="d30">Hungary</data>
      <data key="d31">34</data>
      <data key="d32">18.83333</data>
      <data key="d33">Piliscsaba</data>
    </node>
    <node id="35">
      <data key="d28">1</data>
      <data key="d29">47.68333</data>
      <data key="d30">Hungary</data>
      <data key="d31">35</data>
      <data key="d32">17.63512</data>
      <data key="d33">Gyor</data>
    </node>
    <edge source="0" target="32">
      <data key="d34">10</data>
      <data key="d35">10Gb/s</data>
      <data key="d36">G</data>
      <data key="d37">10000000000.0</data>
      <data key="d38">0</data>
    </edge>
    <edge source="0" target="1">
      <data key="d34">1</data>
      <data key="d35">1Gb/s</data>
      <data key="d36">G</data>
      <data key="d37">1000000000.0</data>
      <data key="d38">0</data>
    </edge>
    <edge source="0" target="3">
      <data key="d34">1</data>
      <data key="d35">1Gb/s</data>
      <data key="d36">G</data>
      <data key="d37">1000000000.0</data>
      <data key="d38">0</data>
    </edge>
    <edge source="0" target="7">
      <data key="d34">2.5</data>
      <data key="d35">2.5Gb/s</data>
      <data key="d36">G</data>
      <data key="d37">2500000000.0</data>
      <data key="d38">0</data>
    </edge>
    <edge source="2" target="4">
      <data key="d34">1</data>
      <data key="d35">1Gb/s</data>
      <data key="d36">G</data>
      <data key="d37">1000000000.0</data>
      <data key="d38">0</data>
    </edge>
    <edge source="4" target="32">
      <data key="d34">1</data>
      <data key="d35">1Gb/s</data>
      <data key="d36">G</data>
      <data key="d37">1000000000.0</data>
      <data key="d38">0</data>
    </edge>
    <edge source="4" target="5">
      <data key="d34">1</data>
      <data key="d35">1Gb/s</data>
      <data key="d36">G</data>
      <data key="d37">1000000000.0</data>
      <data key="d38">0</data>
    </edge>
    <edge source="5" target="8">
      <data key="d34">155</data>
      <data key="d35">155Mb/s</data>
      <data key="d36">M</data>
      <data key="d37">155000000.0</data>
      <data key="d38">0</data>
    </edge>
    <edge source="6" target="7">
      <data key="d34">1</data>
      <data key="d35">1Gb/s</data>
      <data key="d36">G</data>
      <data key="d37">1000000000.0</data>
      <data key="d38">0</data>
    </edge>
    <edge source="7" target="32">
      <data key="d34">10</data>
      <data key="d35">10Gb/s</data>
      <data key="d36">G</data>
      <data key="d37">10000000000.0</data>
      <data key="d38">0</data>
    </edge>
    <edge source="7" target="19">
      <data key="d34">1</data>
      <data key="d35">1Gb/s</data>
      <data key="d36">G</data>
      <data key="d37">1000000000.0</data>
      <data key="d38">0</data>
    </edge>
    <edge source="8" target="9">
      <data key="d34">1</data>
      <data key="d35">1Gb/s</data>
      <data key="d36">G</data>
      <data key="d37">1000000000.0</data>
      <data key="d38">0</data>
    </edge>
    <edge source="9" target="21">
      <data key="d34">1</data>
      <data key="d35">1Gb/s</data>
      <data key="d36">G</data>
      <data key="d37">1000000000.0</data>
      <data key="d38">0</data>
    </edge>
    <edge source="10" target="11">
      <data key="d34">1</data>
      <data key="d35">1gb/s</data>
      <data key="d36">G</data>
      <data key="d37">1000000000.0</data>
      <data key="d38">0</data>
    </edge>
    <edge source="11" target="32">
      <data key="d34">10</data>
      <data key="d35">10Gb/s</data>
      <data key="d36">G</data>
      <data key="d37">10000000000.0</data>
      <data key="d38">0</data>
    </edge>
    <edge source="11" target="27">
      <data key="d34">2.5</data>
      <data key="d35">2.5Gb/s</data>
      <data key="d36">G</data>
      <data key="d37">2500000000.0</data>
      <data key="d38">0</data>
    </edge>
    <edge source="11" target="12">
      <data key="d34">1</data>
      <data key="d35">1Gb/s</data>
      <data key="d36">G</data>
      <data key="d37">1000000000.0</data>
      <data key="d38">0</data>
    </edge>
    <edge source="13" target="16">
      <data key="d34">155</data>
      <data key="d35">155Mb/s</data>
      <data key="d36">M</data>
      <data key="d37">155000000.0</data>
      <data key="d38">0</data>
    </edge>
    <edge source="13" target="14">
      <data key="d34">1</data>
      <data key="d35">1gb/s</data>
      <data key="d36">G</data>
      <data key="d37">1000000000.0</data>
      <data key="d38">0</data>
    </edge>
    <edge source="14" target="15">
      <data key="d34">1</data>
      <data key="d35">1Gb/s</data>
      <data key="d36">G</data>
      <data key="d37">1000000000.0</data>
      <data key="d38">0</data>
    </edge>
    <edge source="15" target="27">
      <data key="d34">1</data>
      <data key="d35">1Gb/s</data>
      <data key="d36">G</data>
      <data key="d37">1000000000.0</data>
      <data key="d38">0</data>
    </edge>
    <edge source="16" target="23">
      <data key="d34">1</data>
      <data key="d35">1Gb/s</data>
      <data key="d36">G</data>
      <data key="d37">1000000000.0</data>
      <data key="d38">0</data>
    </edge>
    <edge source="17" target="23">
      <data key="d34">1</data>
      <data key="d35">1Gb/s</data>
      <data key="d36">G</data>
      <data key="d37">1000000000.0</data>
      <data key="d38">0</data>
    </edge>
    <edge source="18" target="25">
      <data key="d34">1</data>
      <data key="d35">1Gb/s</data>
      <data key="d36">G</data>
      <data key="d37">1000000000.0</data>
      <data key="d38">0</data>
    </edge>
    <edge source="18" target="19">
      <data key="d34">1</data>
      <data key="d35">1Gb/s</data>
      <data key="d36">G</data>
      <data key="d37">1000000000.0</data>
      <data key="d38">0</data>
    </edge>
    <edge source="19" target="20">
      <data key="d34">1</data>
      <data key="d35">1gb/s</data>
      <data key="d36">G</data>
      <data key="d37">1000000000.0</data>
      <data key="d38">0</data>
    </edge>
    <edge source="21" target="32">
      <data key="d34">1</data>
      <data key="d35">1Gb/s</data>
      <data key="d36">G</data>
      <data key="d37">1000000000.0</data>
      <data key="d38">0</data>
    </edge>
    <edge source="22" target="23">
      <data key="d34">155</data>
      <data key="d35">155Mb/s</data>
      <data key="d36">M</data>
      <data key="d37">155000000.0</data>
      <data key="d38">0</data>
    </edge>
    <edge source="23" target="25">
      <data key="d34">2.5</data>
      <data key="d35">2.5Gb/s</data>
      <data key="d36">G</data>
      <data key="d37">2500000000.0</data>
      <data key="d38">0</data>
    </edge>
    <edge source="23" target="32">
      <data key="d34">10</data>
      <data key="d35">10Gb/s</data>
      <data key="d36">G</data>
      <data key="d37">10000000000.0</data>
      <data key="d38">0</data>
    </edge>
    <edge source="24" target="25">
      <data key="d34">1</data>
      <data key="d35">1Gb/s</data>
      <data key="d36">G</data>
      <data key="d37">1000000000.0</data>
      <data key="d38">0</data>
    </edge>
    <edge source="25" target="32">
      <data key="d34">10</data>
      <data key="d35">10Gb/s</data>
      <data key="d36">G</data>
      <data key="d37">10000000000.0</data>
      <data key="d38">0</data>
    </edge>
    <edge source="26" target="35">
      <data key="d34">1</data>
      <data key="d35">1Gb/s</data>
      <data key="d36">G</data>
      <data key="d37">1000000000.0</data>
      <data key="d38">0</data>
    </edge>
    <edge source="27" target="35">
      <data key="d34">1</data>
      <data key="d35">1Gb/s</data>
      <data key="d36">G</data>
      <data key="d37">1000000000.0</data>
      <data key="d38">0</data>
    </edge>
    <edge source="28" target="32">
      <data key="d34">10</data>
      <data key="d35">10Gb/s</data>
      <data key="d36">G</data>
      <data key="d37">10000000000.0</data>
      <data key="d38">0</data>
    </edge>
    <edge source="29" target="32">
      <data key="d34">1</data>
      <data key="d35">1Gb/s</data>
      <data key="d36">G</data>
      <data key="d37">1000000000.0</data>
      <data key="d38">0</data>
    </edge>
    <edge source="30" target="32">
      <data key="d34">1</data>
      <data key="d35">1Gb/s</data>
      <data key="d36">G</data>
      <data key="d37">1000000000.0</data>
      <data key="d38">0</data>
    </edge>
    <edge source="31" target="32">
      <data key="d34">1</data>
      <data key="d35">1Gb/s</data>
      <data key="d36">G</data>
      <data key="d37">1000000000.0</data>
      <data key="d38">0</data>
    </edge>
    <edge source="32" target="33">
      <data key="d34">34</data>
      <data key="d35">34Mb/s</data>
      <data key="d36">M</data>
      <data key="d37">34000000.0</data>
      <data key="d38">0</data>
    </edge>
    <edge source="32" target="34">
      <data key="d34">1</data>
      <data key="d35">1Gb/s</data>
      <data key="d36">G</data>
      <data key="d37">1000000000.0</data>
      <data key="d38">0</data>
    </edge>
    <edge source="32" target="35">
      <data key="d34">10</data>
      <data key="d35">10Gb/s</data>
      <data key="d36">G</data>
      <data key="d37">10000000000.0</data>
      <data key="d38">0</data>
    </edge>
  </graph>
</graphml>
