<?xml version="1.0" encoding="utf-8"?><graphml xmlns="http://graphml.graphdrawing.org/xmlns" xmlns:xsi="http://www.w3.org/2001/XMLSchema-instance" xsi:schemaLocation="http://graphml.graphdrawing.org/xmlns http://graphml.graphdrawing.org/xmlns/1.0/graphml.xsd">
  <key attr.name="key" attr.type="int" for="edge" id="d35" />
  <key attr.name="id" attr.type="string" for="edge" id="d34" />
  <key attr.name="label" attr.type="string" for="node" id="d33" />
  <key attr.name="Longitude" attr.type="double" for="node" id="d32" />
  <key attr.name="id" attr.type="int" for="node" id="d31" />
  <key attr.name="Country" attr.type="string" for="node" id="d30" />
  <key attr.name="Latitude" attr.type="double" for="node" id="d29" />
  <key attr.name="Internal" attr.type="int" for="node" id="d28" />
  <key attr.name="Testbed" attr.type="int" for="graph" id="d27" />
  <key attr.name="LastProcessed" attr.type="string" for="graph" id="d26" />
  <key attr.name="DateYear" attr.type="string" for="graph" id="d25" />
  <key attr.name="NetworkDate" attr.type="string" for="graph" id="d24" />
  <key attr.name="Transit" attr.type="int" for="graph" id="d23" />
  <key attr.name="Developed" attr.type="int" for="graph" id="d22" />
  <key attr.name="Creator" attr.type="string" for="graph" id="d21" />
  <key attr.name="Layer" attr.type="string" for="graph" id="d20" />
  <key attr.name="LastAccess" attr.type="string" for="graph" id="d19" />
  <key attr.name="DateMonth" attr.type="string" for="graph" id="d18" />
  <key attr.name="DateModifier" attr.type="string" for="graph" id="d17" />
  <key attr.name="SourceGitVersion" attr.type="string" for="graph" id="d16" />
  <key attr.name="IX" attr.type="int" for="graph" id="d15" />
  <key attr.name="Customer" attr.type="int" for="graph" id="d14" />
  <key attr.name="ToolsetVersion" attr.type="string" for="graph" id="d13" />
  <key attr.name="label" attr.type="string" for="graph" id="d12" />
  <key attr.name="Commercial" attr.type="int" for="graph" id="d11" />
  <key attr.name="Backbone" attr.type="int" for="graph" id="d10" />
  <key attr.name="DateType" attr.type="string" for="graph" id="d9" />
  <key attr.name="Type" attr.type="string" for="graph" id="d8" />
  <key attr.name="Version" attr.type="string" for="graph" id="d7" />
  <key attr.name="Source" attr.type="string" for="graph" id="d6" />
  <key attr.name="Access" attr.type="int" for="graph" id="d5" />
  <key attr.name="Provenance" attr.type="string" for="graph" id="d4" />
  <key attr.name="Network" attr.type="string" for="graph" id="d3" />
  <key attr.name="GeoExtent" attr.type="string" for="graph" id="d2" />
  <key attr.name="GeoLocation" attr.type="string" for="graph" id="d1" />
  <key attr.name="DateObtained" attr.type="string" for="graph" id="d0" />
  <graph edgedefault="undirected">
    <data key="d0">19/10/10</data>
    <data key="d1">Washington State, USA</data>
    <data key="d2">Region</data>
    <data key="d3">Noel Communications </data>
    <data key="d4">Primary</data>
    <data key="d5">0</data>
    <data key="d6">http://noelcommunications.com/network.html</data>
    <data key="d7">1.0</data>
    <data key="d8">COM</data>
    <data key="d9">Dynamic</data>
    <data key="d10">1</data>
    <data key="d11">0</data>
    <data key="d12">Noel</data>
    <data key="d13">0.3.34dev-20120328</data>
    <data key="d14">0</data>
    <data key="d15">0</data>
    <data key="d16">e278b1b</data>
    <data key="d17">=</data>
    <data key="d18">08</data>
    <data key="d19">3/08/10</data>
    <data key="d20">IP</data>
    <data key="d21">Topology Zoo Toolset</data>
    <data key="d22">1</data>
    <data key="d23">0</data>
    <data key="d24">2010_08</data>
    <data key="d25">2010</data>
    <data key="d26">2011_09_01</data>
    <data key="d27">0</data>
    <node id="0">
      <data key="d28">1</data>
      <data key="d29">47.65878</data>
      <data key="d30">United States</data>
      <data key="d31">0</data>
      <data key="d32">-117.42605</data>
      <data key="d33">Spokane</data>
    </node>
    <node id="1">
      <data key="d28">1</data>
      <data key="d29">47.67768</data>
      <data key="d30">United States</data>
      <data key="d31">1</data>
      <data key="d32">-116.78047</data>
      <data key="d33">Coeur d'Alene</data>
    </node>
    <node id="2">
      <data key="d28">1</data>
      <data key="d29">47.42346</data>
      <data key="d30">United States</data>
      <data key="d31">2</data>
      <data key="d32">-120.31035</data>
      <data key="d33">Wenatchee</data>
    </node>
    <node id="3">
      <data key="d28">1</data>
      <data key="d29">46.82597</data>
      <data key="d30">United States</data>
      <data key="d31">3</data>
      <data key="d32">-119.17529</data>
      <data key="d33">Othello</data>
    </node>
    <node id="4">
      <data key="d28">1</data>
      <data key="d29">46.06458</data>
      <data key="d30">United States</data>
      <data key="d31">4</data>
      <data key="d32">-118.34302</data>
      <data key="d33">Walla Walla</data>
    </node>
    <node id="5">
      <data key="d28">1</data>
      <data key="d29">46.23958</data>
      <data key="d30">United States</data>
      <data key="d31">5</data>
      <data key="d32">-119.10057</data>
      <data key="d33">Pasco</data>
    </node>
    <node id="6">
      <data key="d28">1</data>
      <data key="d29">46.73127</data>
      <data key="d30">United States</data>
      <data key="d31">6</data>
      <data key="d32">-117.17962</data>
      <data key="d33">Pullman</data>
    </node>
    <node id="7">
      <data key="d28">1</data>
      <data key="d29">46.41655</data>
      <data key="d30">United States</data>
      <data key="d31">7</data>
      <data key="d32">-117.01766</data>
      <data key="d33">Lewiston</data>
    </node>
    <node id="8">
      <data key="d28">1</data>
      <data key="d29">46.21125</data>
      <data key="d30">United States</data>
      <data key="d31">8</data>
      <data key="d32">-119.13723</data>
      <data key="d33">Kennewick</data>
    </node>
    <node id="9">
      <data key="d28">1</data>
      <data key="d29">46.60207</data>
      <data key="d30">United States</data>
      <data key="d31">9</data>
      <data key="d32">-120.5059</data>
      <data key="d33">Yakima</data>
    </node>
    <node id="10">
      <data key="d28">1</data>
      <data key="d29">46.99651</data>
      <data key="d30">United States</data>
      <data key="d31">10</data>
      <data key="d32">-120.54785</data>
      <data key="d33">Ellensburg</data>
    </node>
    <node id="11">
      <data key="d28">1</data>
      <data key="d29">49.24966</data>
      <data key="d30">Canada</data>
      <data key="d31">11</data>
      <data key="d32">-123.11934</data>
      <data key="d33">Vancouver</data>
    </node>
    <node id="12">
      <data key="d28">1</data>
      <data key="d29">48.75955</data>
      <data key="d30">United States</data>
      <data key="d31">12</data>
      <data key="d32">-122.48822</data>
      <data key="d33">Bellingham</data>
    </node>
    <node id="13">
      <data key="d28">1</data>
      <data key="d29">48.42122</data>
      <data key="d30">United States</data>
      <data key="d31">13</data>
      <data key="d32">-122.33405</data>
      <data key="d33">Mt Vernon</data>
    </node>
    <node id="14">
      <data key="d28">1</data>
      <data key="d29">47.97898</data>
      <data key="d30">United States</data>
      <data key="d31">14</data>
      <data key="d32">-122.20208</data>
      <data key="d33">Everett</data>
    </node>
    <node id="15">
      <data key="d28">1</data>
      <data key="d29">47.6129</data>
      <data key="d30">United States</data>
      <data key="d31">15</data>
      <data key="d32">-122.3377</data>
      <data key="d33">Westin - Seattle</data>
    </node>
    <node id="16">
      <data key="d28">1</data>
      <data key="d29">47.25288</data>
      <data key="d30">United States</data>
      <data key="d31">16</data>
      <data key="d32">-122.44429</data>
      <data key="d33">Tacoma</data>
    </node>
    <node id="17">
      <data key="d28">1</data>
      <data key="d29">47.03787</data>
      <data key="d30">United States</data>
      <data key="d31">17</data>
      <data key="d32">-122.9007</data>
      <data key="d33">Olympia</data>
    </node>
    <node id="18">
      <data key="d28">1</data>
      <data key="d29">45.52345</data>
      <data key="d30">United States</data>
      <data key="d31">18</data>
      <data key="d32">-122.67621</data>
      <data key="d33">Portland</data>
    </node>
    <edge source="0" target="1">
      <data key="d34">e19</data>
      <data key="d35">0</data>
    </edge>
    <edge source="0" target="2">
      <data key="d34">e17</data>
      <data key="d35">0</data>
    </edge>
    <edge source="0" target="3">
      <data key="d34">e18</data>
      <data key="d35">0</data>
    </edge>
    <edge source="0" target="6">
      <data key="d34">e20</data>
      <data key="d35">0</data>
    </edge>
    <edge source="2" target="10">
      <data key="d34">e16</data>
      <data key="d35">0</data>
    </edge>
    <edge source="2" target="15">
      <data key="d34">e8</data>
      <data key="d35">0</data>
    </edge>
    <edge source="3" target="9">
      <data key="d34">e14</data>
      <data key="d35">0</data>
    </edge>
    <edge source="4" target="8">
      <data key="d34">e23</data>
      <data key="d35">0</data>
    </edge>
    <edge source="4" target="5">
      <data key="d34">e22</data>
      <data key="d35">0</data>
    </edge>
    <edge source="5" target="8">
      <data key="d34">e24</data>
      <data key="d35">0</data>
    </edge>
    <edge source="5" target="9">
      <data key="d34">e12</data>
      <data key="d35">0</data>
    </edge>
    <edge source="6" target="7">
      <data key="d34">e21</data>
      <data key="d35">0</data>
    </edge>
    <edge source="8" target="9">
      <data key="d34">e13</data>
      <data key="d35">0</data>
    </edge>
    <edge source="8" target="18">
      <data key="d34">e11</data>
      <data key="d35">0</data>
    </edge>
    <edge source="9" target="10">
      <data key="d34">e15</data>
      <data key="d35">0</data>
    </edge>
    <edge source="9" target="15">
      <data key="d34">e7</data>
      <data key="d35">0</data>
    </edge>
    <edge source="11" target="12">
      <data key="d34">e0</data>
      <data key="d35">0</data>
    </edge>
    <edge source="11" target="15">
      <data key="d34">e1</data>
      <data key="d35">0</data>
    </edge>
    <edge source="12" target="13">
      <data key="d34">e2</data>
      <data key="d35">0</data>
    </edge>
    <edge source="13" target="14">
      <data key="d34">e3</data>
      <data key="d35">0</data>
    </edge>
    <edge source="14" target="15">
      <data key="d34">e4</data>
      <data key="d35">0</data>
    </edge>
    <edge source="15" target="16">
      <data key="d34">e5</data>
      <data key="d35">0</data>
    </edge>
    <edge source="15" target="18">
      <data key="d34">e6</data>
      <data key="d35">0</data>
    </edge>
    <edge source="16" target="17">
      <data key="d34">e9</data>
      <data key="d35">0</data>
    </edge>
    <edge source="17" target="18">
      <data key="d34">e10</data>
      <data key="d35">0</data>
    </edge>
  </graph>
</graphml>
