<?xml version="1.0" encoding="utf-8"?><graphml xmlns="http://graphml.graphdrawing.org/xmlns" xmlns:xsi="http://www.w3.org/2001/XMLSchema-instance" xsi:schemaLocation="http://graphml.graphdrawing.org/xmlns http://graphml.graphdrawing.org/xmlns/1.0/graphml.xsd">
  <key attr.name="LinkLabel" attr.type="string" for="edge" id="d37" />
  <key attr.name="LinkType" attr.type="string" for="edge" id="d36" />
  <key attr.name="key" attr.type="int" for="edge" id="d35" />
  <key attr.name="id" attr.type="string" for="edge" id="d34" />
  <key attr.name="label" attr.type="string" for="node" id="d33" />
  <key attr.name="Longitude" attr.type="double" for="node" id="d32" />
  <key attr.name="id" attr.type="int" for="node" id="d31" />
  <key attr.name="Country" attr.type="string" for="node" id="d30" />
  <key attr.name="Latitude" attr.type="double" for="node" id="d29" />
  <key attr.name="Internal" attr.type="int" for="node" id="d28" />
  <key attr.name="Testbed" attr.type="int" for="graph" id="d27" />
  <key attr.name="LastProcessed" attr.type="string" for="graph" id="d26" />
  <key attr.name="DateYear" attr.type="string" for="graph" id="d25" />
  <key attr.name="NetworkDate" attr.type="string" for="graph" id="d24" />
  <key attr.name="Transit" attr.type="int" for="graph" id="d23" />
  <key attr.name="Developed" attr.type="int" for="graph" id="d22" />
  <key attr.name="Creator" attr.type="string" for="graph" id="d21" />
  <key attr.name="Layer" attr.type="string" for="graph" id="d20" />
  <key attr.name="LastAccess" attr.type="string" for="graph" id="d19" />
  <key attr.name="DateMonth" attr.type="string" for="graph" id="d18" />
  <key attr.name="DateModifier" attr.type="string" for="graph" id="d17" />
  <key attr.name="SourceGitVersion" attr.type="string" for="graph" id="d16" />
  <key attr.name="IX" attr.type="int" for="graph" id="d15" />
  <key attr.name="Customer" attr.type="int" for="graph" id="d14" />
  <key attr.name="ToolsetVersion" attr.type="string" for="graph" id="d13" />
  <key attr.name="label" attr.type="string" for="graph" id="d12" />
  <key attr.name="Commercial" attr.type="int" for="graph" id="d11" />
  <key attr.name="Backbone" attr.type="int" for="graph" id="d10" />
  <key attr.name="DateType" attr.type="string" for="graph" id="d9" />
  <key attr.name="Type" attr.type="string" for="graph" id="d8" />
  <key attr.name="Version" attr.type="string" for="graph" id="d7" />
  <key attr.name="Source" attr.type="string" for="graph" id="d6" />
  <key attr.name="Access" attr.type="int" for="graph" id="d5" />
  <key attr.name="Provenance" attr.type="string" for="graph" id="d4" />
  <key attr.name="Network" attr.type="string" for="graph" id="d3" />
  <key attr.name="GeoExtent" attr.type="string" for="graph" id="d2" />
  <key attr.name="GeoLocation" attr.type="string" for="graph" id="d1" />
  <key attr.name="DateObtained" attr.type="string" for="graph" id="d0" />
  <graph edgedefault="undirected">
    <data key="d0">14/01/11</data>
    <data key="d1">USA</data>
    <data key="d2">Country</data>
    <data key="d3">NSF</data>
    <data key="d4">Secondary</data>
    <data key="d5">0</data>
    <data key="d6">http://www.nthelp.com/images/nsf.jpg</data>
    <data key="d7">1.0</data>
    <data key="d8">REN</data>
    <data key="d9">Current</data>
    <data key="d10">1</data>
    <data key="d11">0</data>
    <data key="d12">Nsfnet</data>
    <data key="d13">0.3.34dev-20120328</data>
    <data key="d14">1</data>
    <data key="d15">0</data>
    <data key="d16">e278b1b</data>
    <data key="d17">=</data>
    <data key="d18">01</data>
    <data key="d19">14/01/11</data>
    <data key="d20">IP</data>
    <data key="d21">Topology Zoo Toolset</data>
    <data key="d22">1</data>
    <data key="d23">1</data>
    <data key="d24">2011_01</data>
    <data key="d25">2011</data>
    <data key="d26">2011_09_01</data>
    <data key="d27">0</data>
    <node id="0">
      <data key="d28">1</data>
      <data key="d29">29.76328</data>
      <data key="d30">United States</data>
      <data key="d31">0</data>
      <data key="d32">-95.36327</data>
      <data key="d33">SEQSUINET, Rice University, Houston</data>
    </node>
    <node id="1">
      <data key="d28">1</data>
      <data key="d29">40.34872</data>
      <data key="d30">United States</data>
      <data key="d31">1</data>
      <data key="d32">-74.65905</data>
      <data key="d33">Jon Von Neumann Center, Princeton, NJ</data>
    </node>
    <node id="2">
      <data key="d28">1</data>
      <data key="d29">33.749</data>
      <data key="d30">United States</data>
      <data key="d31">2</data>
      <data key="d32">-84.38798</data>
      <data key="d33">SURANET, Georgia Tech, Atlanta</data>
    </node>
    <node id="3">
      <data key="d28">1</data>
      <data key="d29">40.44062</data>
      <data key="d30">United States</data>
      <data key="d31">3</data>
      <data key="d32">-79.99589</data>
      <data key="d33">Pittsburgh Supercomputer Center</data>
    </node>
    <node id="4">
      <data key="d28">1</data>
      <data key="d29">42.44063</data>
      <data key="d30">United States</data>
      <data key="d31">4</data>
      <data key="d32">-76.49661</data>
      <data key="d33">Cornell Theory Center, Ithaca NY</data>
    </node>
    <node id="5">
      <data key="d28">1</data>
      <data key="d29">47.60621</data>
      <data key="d30">United States</data>
      <data key="d31">5</data>
      <data key="d32">-122.33207</data>
      <data key="d33">NorthWestNet, Seattle</data>
    </node>
    <node id="6">
      <data key="d28">1</data>
      <data key="d29">37.44188</data>
      <data key="d30">United States</data>
      <data key="d31">6</data>
      <data key="d32">-122.14302</data>
      <data key="d33">BARRnet, Palo Alto</data>
    </node>
    <node id="7">
      <data key="d28">1</data>
      <data key="d29">32.71533</data>
      <data key="d30">United States</data>
      <data key="d31">7</data>
      <data key="d32">-117.15726</data>
      <data key="d33">San Diego Supercomputer Center</data>
    </node>
    <node id="8">
      <data key="d28">1</data>
      <data key="d29">40.76078</data>
      <data key="d30">United States</data>
      <data key="d31">8</data>
      <data key="d32">-111.89105</data>
      <data key="d33">Westnet, Salt Lake City</data>
    </node>
    <node id="9">
      <data key="d28">1</data>
      <data key="d29">40.01499</data>
      <data key="d30">United States</data>
      <data key="d31">9</data>
      <data key="d32">-105.27055</data>
      <data key="d33">NCAR, Boulder</data>
    </node>
    <node id="10">
      <data key="d28">1</data>
      <data key="d29">40.8</data>
      <data key="d30">United States</data>
      <data key="d31">10</data>
      <data key="d32">-96.66696</data>
      <data key="d33">MIDnet, Lincoln, NE</data>
    </node>
    <node id="11">
      <data key="d28">1</data>
      <data key="d29">40.11642</data>
      <data key="d30">United States</data>
      <data key="d31">11</data>
      <data key="d32">-88.24338</data>
      <data key="d33">NCSA, University of Illinois, Champaign</data>
    </node>
    <node id="12">
      <data key="d28">1</data>
      <data key="d29">42.27756</data>
      <data key="d30">United States</data>
      <data key="d31">12</data>
      <data key="d32">-83.74088</data>
      <data key="d33">Merit Univ of Michigan, Ann Arbor</data>
    </node>
    <edge source="0" target="2">
      <data key="d34">e14</data>
      <data key="d35">0</data>
    </edge>
    <edge source="0" target="11">
      <data key="d34">e8</data>
      <data key="d35">0</data>
    </edge>
    <edge source="0" target="7">
      <data key="d34">e4</data>
      <data key="d35">0</data>
    </edge>
    <edge source="1" target="2">
      <data key="d34">e13</data>
      <data key="d35">0</data>
    </edge>
    <edge source="1" target="4">
      <data key="d34">e12</data>
      <data key="d35">0</data>
    </edge>
    <edge source="3" target="12">
      <data key="d34">e10</data>
      <data key="d35">0</data>
    </edge>
    <edge source="4" target="12">
      <data key="d34">e11</data>
      <data key="d35">0</data>
    </edge>
    <edge source="5" target="9">
      <data key="d34">e1</data>
      <data key="d35">0</data>
    </edge>
    <edge source="5" target="6">
      <data key="d34">e0</data>
      <data key="d35">0</data>
    </edge>
    <edge source="6" target="12">
      <data key="d36">T1</data>
      <data key="d37">T1</data>
      <data key="d35">0</data>
    </edge>
    <edge source="6" target="7">
      <data key="d34">e2</data>
      <data key="d35">0</data>
    </edge>
    <edge source="8" target="9">
      <data key="d34">e5</data>
      <data key="d35">0</data>
    </edge>
    <edge source="9" target="11">
      <data key="d34">e6</data>
      <data key="d35">0</data>
    </edge>
    <edge source="10" target="11">
      <data key="d34">e7</data>
      <data key="d35">0</data>
    </edge>
    <edge source="11" target="12">
      <data key="d34">e9</data>
      <data key="d35">0</data>
    </edge>
  </graph>
</graphml>
