<?xml version="1.0" encoding="utf-8"?><graphml xmlns="http://graphml.graphdrawing.org/xmlns" xmlns:xsi="http://www.w3.org/2001/XMLSchema-instance" xsi:schemaLocation="http://graphml.graphdrawing.org/xmlns http://graphml.graphdrawing.org/xmlns/1.0/graphml.xsd">
  <key attr.name="LinkStatus" attr.type="string" for="edge" id="d39" />
  <key attr.name="key" attr.type="int" for="edge" id="d38" />
  <key attr.name="LinkNote" attr.type="string" for="edge" id="d37" />
  <key attr.name="LinkLabel" attr.type="string" for="edge" id="d36" />
  <key attr.name="LinkType" attr.type="string" for="edge" id="d35" />
  <key attr.name="label" attr.type="string" for="node" id="d34" />
  <key attr.name="Longitude" attr.type="double" for="node" id="d33" />
  <key attr.name="id" attr.type="int" for="node" id="d32" />
  <key attr.name="type" attr.type="string" for="node" id="d31" />
  <key attr.name="Country" attr.type="string" for="node" id="d30" />
  <key attr.name="Latitude" attr.type="double" for="node" id="d29" />
  <key attr.name="Internal" attr.type="int" for="node" id="d28" />
  <key attr.name="Testbed" attr.type="int" for="graph" id="d27" />
  <key attr.name="LastProcessed" attr.type="string" for="graph" id="d26" />
  <key attr.name="DateYear" attr.type="string" for="graph" id="d25" />
  <key attr.name="NetworkDate" attr.type="string" for="graph" id="d24" />
  <key attr.name="Transit" attr.type="int" for="graph" id="d23" />
  <key attr.name="Developed" attr.type="int" for="graph" id="d22" />
  <key attr.name="Creator" attr.type="string" for="graph" id="d21" />
  <key attr.name="Layer" attr.type="string" for="graph" id="d20" />
  <key attr.name="LastAccess" attr.type="string" for="graph" id="d19" />
  <key attr.name="DateMonth" attr.type="string" for="graph" id="d18" />
  <key attr.name="DateModifier" attr.type="string" for="graph" id="d17" />
  <key attr.name="SourceGitVersion" attr.type="string" for="graph" id="d16" />
  <key attr.name="IX" attr.type="int" for="graph" id="d15" />
  <key attr.name="Customer" attr.type="int" for="graph" id="d14" />
  <key attr.name="ToolsetVersion" attr.type="string" for="graph" id="d13" />
  <key attr.name="label" attr.type="string" for="graph" id="d12" />
  <key attr.name="Commercial" attr.type="int" for="graph" id="d11" />
  <key attr.name="Backbone" attr.type="int" for="graph" id="d10" />
  <key attr.name="Type" attr.type="string" for="graph" id="d9" />
  <key attr.name="DateType" attr.type="string" for="graph" id="d8" />
  <key attr.name="Version" attr.type="string" for="graph" id="d7" />
  <key attr.name="Source" attr.type="string" for="graph" id="d6" />
  <key attr.name="Access" attr.type="int" for="graph" id="d5" />
  <key attr.name="Provenance" attr.type="string" for="graph" id="d4" />
  <key attr.name="Network" attr.type="string" for="graph" id="d3" />
  <key attr.name="GeoExtent" attr.type="string" for="graph" id="d2" />
  <key attr.name="GeoLocation" attr.type="string" for="graph" id="d1" />
  <key attr.name="DateObtained" attr.type="string" for="graph" id="d0" />
  <graph edgedefault="undirected">
    <data key="d0">19/10/10</data>
    <data key="d1">West Virginia, Virginia, USA</data>
    <data key="d2">Region</data>
    <data key="d3">NTELOS </data>
    <data key="d4">Primary</data>
    <data key="d5">1</data>
    <data key="d6">http://www.ntelos.com/1pdfs/wireline/MapFiber21908.pdf</data>
    <data key="d7">1.0</data>
    <data key="d8">Historic</data>
    <data key="d9">COM</data>
    <data key="d10">1</data>
    <data key="d11">0</data>
    <data key="d12">Ntelos</data>
    <data key="d13">0.3.34dev-20120328</data>
    <data key="d14">1</data>
    <data key="d15">0</data>
    <data key="d16">e278b1b</data>
    <data key="d17">=</data>
    <data key="d18">08</data>
    <data key="d19">3/08/10</data>
    <data key="d20">Fibre</data>
    <data key="d21">Topology Zoo Toolset</data>
    <data key="d22">0</data>
    <data key="d23">0</data>
    <data key="d24">2009_08</data>
    <data key="d25">2009</data>
    <data key="d26">2011_09_01</data>
    <data key="d27">0</data>
    <node id="0">
      <data key="d28">1</data>
      <data key="d29">38.01903</data>
      <data key="d30">United States</data>
      <data key="d31">POP Location</data>
      <data key="d32">0</data>
      <data key="d33">-78.49279</data>
      <data key="d34">Charlottesville</data>
    </node>
    <node id="1">
      <data key="d28">1</data>
      <data key="d29">38.51679</data>
      <data key="d30">United States</data>
      <data key="d31">POP Location</data>
      <data key="d32">1</data>
      <data key="d33">-78.02083</data>
      <data key="d34">Culpeper</data>
    </node>
    <node id="2">
      <data key="d28">1</data>
      <data key="d29">38.06847</data>
      <data key="d30">United States</data>
      <data key="d31">POP Location</data>
      <data key="d32">2</data>
      <data key="d33">-78.88947</data>
      <data key="d34">Waynesboro</data>
    </node>
    <node id="3">
      <data key="d28">1</data>
      <data key="d29">38.38041</data>
      <data key="d30">United States</data>
      <data key="d31">POP Location</data>
      <data key="d32">3</data>
      <data key="d33">-78.2575</data>
      <data key="d34">Madison</data>
    </node>
    <node id="4">
      <data key="d28">1</data>
      <data key="d29">37.3021</data>
      <data key="d30">United States</data>
      <data key="d31">POP Location</data>
      <data key="d32">4</data>
      <data key="d33">-78.39194</data>
      <data key="d34">Farmville</data>
    </node>
    <node id="5">
      <data key="d28">1</data>
      <data key="d29">37.4032</data>
      <data key="d30">United States</data>
      <data key="d31">POP Location</data>
      <data key="d32">5</data>
      <data key="d33">-79.17808</data>
      <data key="d34">Lynchburg</data>
    </node>
    <node id="6">
      <data key="d28">1</data>
      <data key="d29">38.71345</data>
      <data key="d30">United States</data>
      <data key="d31">POP Location</data>
      <data key="d32">6</data>
      <data key="d33">-77.79527</data>
      <data key="d34">Warrenton</data>
    </node>
    <node id="7">
      <data key="d28">1</data>
      <data key="d29">37.55376</data>
      <data key="d30">United States</data>
      <data key="d31">Node</data>
      <data key="d32">7</data>
      <data key="d33">-77.46026</data>
      <data key="d34">Richmond</data>
    </node>
    <node id="8">
      <data key="d28">1</data>
      <data key="d29">37.41819</data>
      <data key="d30">United States</data>
      <data key="d31">POP Location</data>
      <data key="d32">8</data>
      <data key="d33">-79.87476</data>
      <data key="d34">Troutville</data>
    </node>
    <node id="9">
      <data key="d28">1</data>
      <data key="d29">37.81624</data>
      <data key="d30">United States</data>
      <data key="d31">POP Location</data>
      <data key="d32">9</data>
      <data key="d33">-79.82449</data>
      <data key="d34">Clifton Forge</data>
    </node>
    <node id="10">
      <data key="d28">1</data>
      <data key="d29">37.29347</data>
      <data key="d30">United States</data>
      <data key="d31">POP Location</data>
      <data key="d32">10</data>
      <data key="d33">-80.05476</data>
      <data key="d34">Salem</data>
    </node>
    <node id="11">
      <data key="d28">1</data>
      <data key="d29">37.2418</data>
      <data key="d30">United States</data>
      <data key="d31">POP Location</data>
      <data key="d32">11</data>
      <data key="d33">-80.01559</data>
      <data key="d34">Roanoke</data>
    </node>
    <node id="12">
      <data key="d28">1</data>
      <data key="d29">36.59511</data>
      <data key="d30">United States</data>
      <data key="d31">Node</data>
      <data key="d32">12</data>
      <data key="d33">-82.18874</data>
      <data key="d34">Bristol</data>
    </node>
    <node id="13">
      <data key="d28">1</data>
      <data key="d29">36.70983</data>
      <data key="d30">United States</data>
      <data key="d31">POP Location</data>
      <data key="d32">13</data>
      <data key="d33">-81.97735</data>
      <data key="d34">Abingdon</data>
    </node>
    <node id="14">
      <data key="d28">1</data>
      <data key="d29">37.24734</data>
      <data key="d30">United States</data>
      <data key="d31">Node</data>
      <data key="d32">14</data>
      <data key="d33">-81.30343</data>
      <data key="d34">Tazewell</data>
    </node>
    <node id="15">
      <data key="d28">1</data>
      <data key="d29">37.26984</data>
      <data key="d30">United States</data>
      <data key="d31">POP Location</data>
      <data key="d32">15</data>
      <data key="d33">-81.22232</data>
      <data key="d34">Bluefield</data>
    </node>
    <node id="16">
      <data key="d28">1</data>
      <data key="d29">36.94845</data>
      <data key="d30">United States</data>
      <data key="d31">POP Location</data>
      <data key="d32">16</data>
      <data key="d33">-81.08481</data>
      <data key="d34">Wytheville</data>
    </node>
    <node id="17">
      <data key="d28">1</data>
      <data key="d29">37.13179</data>
      <data key="d30">United States</data>
      <data key="d31">POP Location</data>
      <data key="d32">17</data>
      <data key="d33">-80.57645</data>
      <data key="d34">Radford</data>
    </node>
    <node id="18">
      <data key="d28">1</data>
      <data key="d29">37.22957</data>
      <data key="d30">United States</data>
      <data key="d31">POP Location</data>
      <data key="d32">18</data>
      <data key="d33">-80.41394</data>
      <data key="d34">Blacksburg</data>
    </node>
    <node id="19">
      <data key="d28">1</data>
      <data key="d29">37.12985</data>
      <data key="d30">United States</data>
      <data key="d31">POP Location</data>
      <data key="d32">19</data>
      <data key="d33">-80.40894</data>
      <data key="d34">Christiansburg</data>
    </node>
    <node id="20">
      <data key="d28">1</data>
      <data key="d29">36.69153</data>
      <data key="d30">United States</data>
      <data key="d31">POP Location</data>
      <data key="d32">20</data>
      <data key="d33">-79.87254</data>
      <data key="d34">Martinsville</data>
    </node>
    <node id="21">
      <data key="d28">1</data>
      <data key="d29">36.99764</data>
      <data key="d30">United States</data>
      <data key="d31">POP Location</data>
      <data key="d32">21</data>
      <data key="d33">-79.89198</data>
      <data key="d34">Rocky Mount</data>
    </node>
    <node id="22">
      <data key="d28">1</data>
      <data key="d29">36.58597</data>
      <data key="d30">United States</data>
      <data key="d31">POP Location</data>
      <data key="d32">22</data>
      <data key="d33">-79.39502</data>
      <data key="d34">Danville</data>
    </node>
    <node id="23">
      <data key="d28">1</data>
      <data key="d29">36.07264</data>
      <data key="d30">United States</data>
      <data key="d31">POP Location</data>
      <data key="d32">23</data>
      <data key="d33">-79.79198</data>
      <data key="d34">Greensboro</data>
    </node>
    <node id="24">
      <data key="d28">1</data>
      <data key="d29">37.78902</data>
      <data key="d30">United States</data>
      <data key="d31">POP Location</data>
      <data key="d32">24</data>
      <data key="d33">-79.45726</data>
      <data key="d34">Lexington</data>
    </node>
    <node id="25">
      <data key="d28">1</data>
      <data key="d29">36.69875</data>
      <data key="d30">United States</data>
      <data key="d31">POP Location</data>
      <data key="d32">25</data>
      <data key="d33">-78.9014</data>
      <data key="d34">South Boston</data>
    </node>
    <node id="26">
      <data key="d28">1</data>
      <data key="d29">38.89511</data>
      <data key="d30">United States</data>
      <data key="d31">Node</data>
      <data key="d32">26</data>
      <data key="d33">-77.03637</data>
      <data key="d34">Washington DC</data>
    </node>
    <node id="27">
      <data key="d28">1</data>
      <data key="d29">38.18038</data>
      <data key="d30">United States</data>
      <data key="d31">Node</data>
      <data key="d32">27</data>
      <data key="d33">-81.32845</data>
      <data key="d34">Montgomery</data>
    </node>
    <node id="28">
      <data key="d28">1</data>
      <data key="d29">36.54843</data>
      <data key="d30">United States</data>
      <data key="d31">Node</data>
      <data key="d32">28</data>
      <data key="d33">-82.56182</data>
      <data key="d34">Kingsport</data>
    </node>
    <node id="29">
      <data key="d28">1</data>
      <data key="d29">36.31344</data>
      <data key="d30">United States</data>
      <data key="d31">Node</data>
      <data key="d32">29</data>
      <data key="d33">-82.35347</data>
      <data key="d34">Johnson City</data>
    </node>
    <node id="30">
      <data key="d28">1</data>
      <data key="d29">38.28122</data>
      <data key="d30">United States</data>
      <data key="d31">Node</data>
      <data key="d32">30</data>
      <data key="d33">-80.8526</data>
      <data key="d34">Summersville</data>
    </node>
    <node id="31">
      <data key="d28">1</data>
      <data key="d29">37.80179</data>
      <data key="d30">United States</data>
      <data key="d31">POP Location</data>
      <data key="d32">31</data>
      <data key="d33">-80.44563</data>
      <data key="d34">Lewisburg</data>
    </node>
    <node id="32">
      <data key="d28">1</data>
      <data key="d29">37.79651</data>
      <data key="d30">United States</data>
      <data key="d31">POP Location</data>
      <data key="d32">32</data>
      <data key="d33">-80.29757</data>
      <data key="d34">White Sulphur Springs</data>
    </node>
    <node id="33">
      <data key="d28">1</data>
      <data key="d29">37.79346</data>
      <data key="d30">United States</data>
      <data key="d31">POP Location</data>
      <data key="d32">33</data>
      <data key="d33">-79.99395</data>
      <data key="d34">Covington</data>
    </node>
    <node id="34">
      <data key="d28">1</data>
      <data key="d29">37.77817</data>
      <data key="d30">United States</data>
      <data key="d31">POP Location</data>
      <data key="d32">34</data>
      <data key="d33">-81.18816</data>
      <data key="d34">Beckley</data>
    </node>
    <node id="35">
      <data key="d28">1</data>
      <data key="d29">38.47841</data>
      <data key="d30">United States</data>
      <data key="d31">POP Location</data>
      <data key="d32">35</data>
      <data key="d33">-82.63794</data>
      <data key="d34">Ashland</data>
    </node>
    <node id="36">
      <data key="d28">1</data>
      <data key="d29">38.41925</data>
      <data key="d30">United States</data>
      <data key="d31">POP Location</data>
      <data key="d32">36</data>
      <data key="d33">-82.44515</data>
      <data key="d34">Huntington</data>
    </node>
    <node id="37">
      <data key="d28">1</data>
      <data key="d29">38.34982</data>
      <data key="d30">United States</data>
      <data key="d31">POP Location</data>
      <data key="d32">37</data>
      <data key="d33">-81.63262</data>
      <data key="d34">Charleston</data>
    </node>
    <node id="38">
      <data key="d28">1</data>
      <data key="d29">38.44957</data>
      <data key="d30">United States</data>
      <data key="d31">POP Location</data>
      <data key="d32">38</data>
      <data key="d33">-78.86892</data>
      <data key="d34">Harrisonburg</data>
    </node>
    <node id="39">
      <data key="d28">1</data>
      <data key="d29">38.14596</data>
      <data key="d30">United States</data>
      <data key="d31">POP Location</data>
      <data key="d32">39</data>
      <data key="d33">-79.07725</data>
      <data key="d34">Staunton</data>
    </node>
    <node id="40">
      <data key="d28">1</data>
      <data key="d29">39.96118</data>
      <data key="d30">United States</data>
      <data key="d31">Node</data>
      <data key="d32">40</data>
      <data key="d33">-82.99879</data>
      <data key="d34">Columbus</data>
    </node>
    <node id="41">
      <data key="d28">1</data>
      <data key="d29">39.62953</data>
      <data key="d30">United States</data>
      <data key="d31">POP Location</data>
      <data key="d32">41</data>
      <data key="d33">-79.9559</data>
      <data key="d34">Morgantown</data>
    </node>
    <node id="42">
      <data key="d28">1</data>
      <data key="d29">39.28065</data>
      <data key="d30">United States</data>
      <data key="d31">POP Location</data>
      <data key="d32">42</data>
      <data key="d33">-80.34453</data>
      <data key="d34">Clarksburg</data>
    </node>
    <node id="43">
      <data key="d28">1</data>
      <data key="d29">38.66454</data>
      <data key="d30">United States</data>
      <data key="d31">Node</data>
      <data key="d32">43</data>
      <data key="d33">-80.70982</data>
      <data key="d34">Sutton</data>
    </node>
    <node id="44">
      <data key="d28">1</data>
      <data key="d29">38.94814</data>
      <data key="d30">United States</data>
      <data key="d31">Node</data>
      <data key="d32">44</data>
      <data key="d33">-81.76096</data>
      <data key="d34">Ravenswood</data>
    </node>
    <node id="45">
      <data key="d28">1</data>
      <data key="d29">40.44062</data>
      <data key="d30">United States</data>
      <data key="d31">Node</data>
      <data key="d32">45</data>
      <data key="d33">-79.99589</data>
      <data key="d34">Pittsburgh</data>
    </node>
    <node id="46">
      <data key="d28">1</data>
      <data key="d29">39.04372</data>
      <data key="d30">United States</data>
      <data key="d31">Node</data>
      <data key="d32">46</data>
      <data key="d33">-77.48749</data>
      <data key="d34">Ashburn</data>
    </node>
    <node id="47">
      <data key="d28">1</data>
      <data key="d29">39.18566</data>
      <data key="d30">United States</data>
      <data key="d31">POP Location</data>
      <data key="d32">47</data>
      <data key="d33">-78.16333</data>
      <data key="d34">Winchester</data>
    </node>
    <edge source="0" target="2">
      <data key="d35">Fiber</data>
      <data key="d36">Existing nTelos Fiber Network</data>
      <data key="d37">Existing nTelos  Network</data>
      <data key="d38">0</data>
    </edge>
    <edge source="0" target="3">
      <data key="d35">Fiber</data>
      <data key="d36">Existing nTelos Fiber Network</data>
      <data key="d37">Existing nTelos  Network</data>
      <data key="d38">0</data>
    </edge>
    <edge source="0" target="5">
      <data key="d35">Fiber</data>
      <data key="d36">Existing nTelos Fiber Network</data>
      <data key="d37">Existing nTelos  Network</data>
      <data key="d38">0</data>
    </edge>
    <edge source="0" target="7">
      <data key="d36">Network Partner</data>
      <data key="d38">0</data>
    </edge>
    <edge source="1" target="3">
      <data key="d35">Fiber</data>
      <data key="d36">Existing nTelos Fiber Network</data>
      <data key="d37">Existing nTelos  Network</data>
      <data key="d38">0</data>
    </edge>
    <edge source="1" target="6">
      <data key="d35">Fiber</data>
      <data key="d36">Existing nTelos Fiber Network</data>
      <data key="d37">Existing nTelos  Network</data>
      <data key="d38">0</data>
    </edge>
    <edge source="2" target="38">
      <data key="d35">Fiber</data>
      <data key="d36">Existing nTelos Fiber Network</data>
      <data key="d37">Existing nTelos  Network</data>
      <data key="d38">0</data>
    </edge>
    <edge source="2" target="39">
      <data key="d35">Fiber</data>
      <data key="d36">Existing nTelos Fiber Network</data>
      <data key="d37">Existing nTelos  Network</data>
      <data key="d38">0</data>
    </edge>
    <edge source="4" target="25">
      <data key="d35">Fiber</data>
      <data key="d36">Existing nTelos Fiber Network</data>
      <data key="d37">Existing nTelos  Network</data>
      <data key="d38">0</data>
    </edge>
    <edge source="4" target="5">
      <data key="d35">Fiber</data>
      <data key="d36">Existing nTelos Fiber Network</data>
      <data key="d37">Existing nTelos  Network</data>
      <data key="d38">0</data>
    </edge>
    <edge source="4" target="7">
      <data key="d36">Network Partner</data>
      <data key="d38">0</data>
    </edge>
    <edge source="5" target="11">
      <data key="d35">Fiber</data>
      <data key="d36">Existing nTelos Fiber Network</data>
      <data key="d37">Existing nTelos  Network</data>
      <data key="d38">0</data>
    </edge>
    <edge source="5" target="22">
      <data key="d35">Fiber</data>
      <data key="d36">Existing nTelos Fiber Network</data>
      <data key="d37">Existing nTelos  Network</data>
      <data key="d38">0</data>
    </edge>
    <edge source="6" target="46">
      <data key="d35">Fiber</data>
      <data key="d36">Existing nTelos Fiber Network</data>
      <data key="d37">Existing nTelos  Network</data>
      <data key="d38">0</data>
    </edge>
    <edge source="7" target="46">
      <data key="d36">Network Partner</data>
      <data key="d38">0</data>
    </edge>
    <edge source="8" target="24">
      <data key="d35">Fiber</data>
      <data key="d36">Existing nTelos Fiber Network</data>
      <data key="d37">Existing nTelos  Network</data>
      <data key="d38">0</data>
    </edge>
    <edge source="8" target="9">
      <data key="d35">Fiber</data>
      <data key="d36">Existing nTelos Fiber Network</data>
      <data key="d37">Existing nTelos  Network</data>
      <data key="d38">0</data>
    </edge>
    <edge source="8" target="10">
      <data key="d35">Fiber</data>
      <data key="d36">Existing nTelos Fiber Network</data>
      <data key="d37">Existing nTelos  Network</data>
      <data key="d38">0</data>
    </edge>
    <edge source="9" target="33">
      <data key="d35">Fiber</data>
      <data key="d36">Existing nTelos Fiber Network</data>
      <data key="d37">Existing nTelos  Network</data>
      <data key="d38">0</data>
    </edge>
    <edge source="9" target="33">
      <data key="d35">Fiber</data>
      <data key="d36">Existing nTelos Fiber Network</data>
      <data key="d37">Existing nTelos  Network</data>
      <data key="d38">1</data>
    </edge>
    <edge source="9" target="39">
      <data key="d35">Fiber</data>
      <data key="d36">Existing nTelos Fiber Network</data>
      <data key="d37">Existing nTelos  Network</data>
      <data key="d38">0</data>
    </edge>
    <edge source="10" target="11">
      <data key="d35">Fiber</data>
      <data key="d36">Existing nTelos Fiber Network</data>
      <data key="d37">Existing nTelos  Network</data>
      <data key="d38">0</data>
    </edge>
    <edge source="10" target="18">
      <data key="d35">Fiber</data>
      <data key="d36">Existing nTelos Fiber Network</data>
      <data key="d37">Existing nTelos  Network</data>
      <data key="d38">0</data>
    </edge>
    <edge source="10" target="19">
      <data key="d35">Fiber</data>
      <data key="d36">Existing nTelos Fiber Network</data>
      <data key="d37">Existing nTelos  Network</data>
      <data key="d38">0</data>
    </edge>
    <edge source="11" target="21">
      <data key="d35">Fiber</data>
      <data key="d36">Existing nTelos Fiber Network</data>
      <data key="d37">Existing nTelos  Network</data>
      <data key="d38">0</data>
    </edge>
    <edge source="12" target="28">
      <data key="d35">Fiber</data>
      <data key="d36">Available nTelos Fiber Network</data>
      <data key="d37">Available nTelos  Network</data>
      <data key="d38">0</data>
    </edge>
    <edge source="12" target="13">
      <data key="d35">Fiber</data>
      <data key="d36">Available nTelos Fiber Network</data>
      <data key="d37">Available nTelos  Network</data>
      <data key="d38">0</data>
    </edge>
    <edge source="13" target="16">
      <data key="d35">Fiber</data>
      <data key="d36">Existing nTelos Fiber Network</data>
      <data key="d37">Existing nTelos  Network</data>
      <data key="d38">0</data>
    </edge>
    <edge source="13" target="14">
      <data key="d35">Fiber</data>
      <data key="d36">Available nTelos Fiber Network</data>
      <data key="d37">Available nTelos  Network</data>
      <data key="d38">0</data>
    </edge>
    <edge source="14" target="15">
      <data key="d35">Fiber</data>
      <data key="d36">Available nTelos Fiber Network</data>
      <data key="d37">Available nTelos  Network</data>
      <data key="d38">0</data>
    </edge>
    <edge source="15" target="16">
      <data key="d35">Fiber</data>
      <data key="d36">Existing nTelos Fiber Network</data>
      <data key="d37">Existing nTelos  Network</data>
      <data key="d38">0</data>
    </edge>
    <edge source="16" target="17">
      <data key="d35">Fiber</data>
      <data key="d36">Existing nTelos Fiber Network</data>
      <data key="d37">Existing nTelos  Network</data>
      <data key="d38">0</data>
    </edge>
    <edge source="17" target="18">
      <data key="d35">Fiber</data>
      <data key="d36">Existing nTelos Fiber Network</data>
      <data key="d37">Existing nTelos  Network</data>
      <data key="d38">0</data>
    </edge>
    <edge source="17" target="19">
      <data key="d35">Fiber</data>
      <data key="d36">Existing nTelos Fiber Network</data>
      <data key="d37">Existing nTelos  Network</data>
      <data key="d38">0</data>
    </edge>
    <edge source="20" target="21">
      <data key="d35">Fiber</data>
      <data key="d36">Existing nTelos Fiber Network</data>
      <data key="d37">Existing nTelos  Network</data>
      <data key="d38">0</data>
    </edge>
    <edge source="20" target="22">
      <data key="d35">Fiber</data>
      <data key="d36">Existing nTelos Fiber Network</data>
      <data key="d37">Existing nTelos  Network</data>
      <data key="d38">0</data>
    </edge>
    <edge source="22" target="25">
      <data key="d35">Fiber</data>
      <data key="d36">Existing nTelos Fiber Network</data>
      <data key="d37">Existing nTelos  Network</data>
      <data key="d38">0</data>
    </edge>
    <edge source="22" target="23">
      <data key="d35">Fiber</data>
      <data key="d36">Existing nTelos Fiber Network</data>
      <data key="d37">Existing nTelos  Network</data>
      <data key="d38">0</data>
    </edge>
    <edge source="24" target="39">
      <data key="d35">Fiber</data>
      <data key="d36">Existing nTelos Fiber Network</data>
      <data key="d37">Existing nTelos  Network</data>
      <data key="d38">0</data>
    </edge>
    <edge source="27" target="34">
      <data key="d35">Fiber</data>
      <data key="d39">Future</data>
      <data key="d36">Future nTelos Fiber Network</data>
      <data key="d37"> nTelos  Network</data>
      <data key="d38">0</data>
    </edge>
    <edge source="27" target="37">
      <data key="d35">Fiber</data>
      <data key="d39">Future</data>
      <data key="d36">Future nTelos Fiber Network</data>
      <data key="d37"> nTelos  Network</data>
      <data key="d38">0</data>
    </edge>
    <edge source="28" target="29">
      <data key="d35">Fiber</data>
      <data key="d36">Available nTelos Fiber Network</data>
      <data key="d37">Available nTelos  Network</data>
      <data key="d38">0</data>
    </edge>
    <edge source="30" target="43">
      <data key="d35">Fiber</data>
      <data key="d36">Available nTelos Fiber Network</data>
      <data key="d37">Available nTelos  Network</data>
      <data key="d38">0</data>
    </edge>
    <edge source="31" target="32">
      <data key="d35">Fiber</data>
      <data key="d36">Existing nTelos Fiber Network</data>
      <data key="d37">Existing nTelos  Network</data>
      <data key="d38">0</data>
    </edge>
    <edge source="31" target="34">
      <data key="d35">Fiber</data>
      <data key="d39">Future</data>
      <data key="d36">Future nTelos Fiber Network</data>
      <data key="d37"> nTelos  Network</data>
      <data key="d38">0</data>
    </edge>
    <edge source="32" target="33">
      <data key="d35">Fiber</data>
      <data key="d36">Existing nTelos Fiber Network</data>
      <data key="d37">Existing nTelos  Network</data>
      <data key="d38">0</data>
    </edge>
    <edge source="34" target="37">
      <data key="d35">Fiber</data>
      <data key="d36">Existing nTelos Fiber Network</data>
      <data key="d37">Existing nTelos  Network</data>
      <data key="d38">0</data>
    </edge>
    <edge source="35" target="36">
      <data key="d35">Fiber</data>
      <data key="d36">Existing nTelos Fiber Network</data>
      <data key="d37">Existing nTelos  Network</data>
      <data key="d38">0</data>
    </edge>
    <edge source="35" target="36">
      <data key="d35">Fiber</data>
      <data key="d36">Existing nTelos Fiber Network</data>
      <data key="d37">Existing nTelos  Network</data>
      <data key="d38">1</data>
    </edge>
    <edge source="36" target="37">
      <data key="d35">Fiber</data>
      <data key="d36">Existing nTelos Fiber Network</data>
      <data key="d37">Existing nTelos  Network</data>
      <data key="d38">0</data>
    </edge>
    <edge source="36" target="37">
      <data key="d35">Fiber</data>
      <data key="d36">Existing nTelos Fiber Network</data>
      <data key="d37">Existing nTelos  Network</data>
      <data key="d38">1</data>
    </edge>
    <edge source="37" target="44">
      <data key="d35">Fiber</data>
      <data key="d36">Existing nTelos Fiber Network</data>
      <data key="d37">Existing nTelos  Network</data>
      <data key="d38">0</data>
    </edge>
    <edge source="38" target="39">
      <data key="d35">Fiber</data>
      <data key="d36">Existing nTelos Fiber Network</data>
      <data key="d37">Existing nTelos  Network</data>
      <data key="d38">0</data>
    </edge>
    <edge source="38" target="47">
      <data key="d35">Fiber</data>
      <data key="d36">Existing nTelos Fiber Network</data>
      <data key="d37">Existing nTelos  Network</data>
      <data key="d38">0</data>
    </edge>
    <edge source="40" target="44">
      <data key="d35">Fiber</data>
      <data key="d36">Available nTelos Fiber Network</data>
      <data key="d37">Available nTelos  Network</data>
      <data key="d38">0</data>
    </edge>
    <edge source="41" target="42">
      <data key="d36">Network Partner</data>
      <data key="d38">0</data>
    </edge>
    <edge source="41" target="45">
      <data key="d36">Network Partner</data>
      <data key="d38">0</data>
    </edge>
    <edge source="42" target="43">
      <data key="d35">Fiber</data>
      <data key="d36">Available nTelos Fiber Network</data>
      <data key="d37">Available nTelos  Network</data>
      <data key="d38">0</data>
    </edge>
    <edge source="42" target="44">
      <data key="d36">Network Partner</data>
      <data key="d38">0</data>
    </edge>
    <edge source="45" target="46">
      <data key="d36">Network Partner</data>
      <data key="d38">0</data>
    </edge>
    <edge source="46" target="47">
      <data key="d35">Fiber</data>
      <data key="d36">Existing nTelos Fiber Network</data>
      <data key="d37">Existing nTelos  Network</data>
      <data key="d38">0</data>
    </edge>
  </graph>
</graphml>
