<?xml version="1.0" encoding="utf-8"?><graphml xmlns="http://graphml.graphdrawing.org/xmlns" xmlns:xsi="http://www.w3.org/2001/XMLSchema-instance" xsi:schemaLocation="http://graphml.graphdrawing.org/xmlns http://graphml.graphdrawing.org/xmlns/1.0/graphml.xsd">
  <key attr.name="key" attr.type="int" for="edge" id="d36" />
  <key attr.name="LinkLabel" attr.type="string" for="edge" id="d35" />
  <key attr.name="label" attr.type="string" for="node" id="d34" />
  <key attr.name="Longitude" attr.type="double" for="node" id="d33" />
  <key attr.name="id" attr.type="int" for="node" id="d32" />
  <key attr.name="type" attr.type="string" for="node" id="d31" />
  <key attr.name="Country" attr.type="string" for="node" id="d30" />
  <key attr.name="Latitude" attr.type="double" for="node" id="d29" />
  <key attr.name="Internal" attr.type="int" for="node" id="d28" />
  <key attr.name="Testbed" attr.type="int" for="graph" id="d27" />
  <key attr.name="LastProcessed" attr.type="string" for="graph" id="d26" />
  <key attr.name="DateYear" attr.type="string" for="graph" id="d25" />
  <key attr.name="NetworkDate" attr.type="string" for="graph" id="d24" />
  <key attr.name="Transit" attr.type="int" for="graph" id="d23" />
  <key attr.name="Developed" attr.type="int" for="graph" id="d22" />
  <key attr.name="Creator" attr.type="string" for="graph" id="d21" />
  <key attr.name="Layer" attr.type="string" for="graph" id="d20" />
  <key attr.name="LastAccess" attr.type="string" for="graph" id="d19" />
  <key attr.name="DateMonth" attr.type="string" for="graph" id="d18" />
  <key attr.name="DateModifier" attr.type="string" for="graph" id="d17" />
  <key attr.name="SourceGitVersion" attr.type="string" for="graph" id="d16" />
  <key attr.name="IX" attr.type="int" for="graph" id="d15" />
  <key attr.name="Customer" attr.type="int" for="graph" id="d14" />
  <key attr.name="ToolsetVersion" attr.type="string" for="graph" id="d13" />
  <key attr.name="label" attr.type="string" for="graph" id="d12" />
  <key attr.name="Commercial" attr.type="int" for="graph" id="d11" />
  <key attr.name="Backbone" attr.type="int" for="graph" id="d10" />
  <key attr.name="Type" attr.type="string" for="graph" id="d9" />
  <key attr.name="DateType" attr.type="string" for="graph" id="d8" />
  <key attr.name="Version" attr.type="string" for="graph" id="d7" />
  <key attr.name="Source" attr.type="string" for="graph" id="d6" />
  <key attr.name="Access" attr.type="int" for="graph" id="d5" />
  <key attr.name="Provenance" attr.type="string" for="graph" id="d4" />
  <key attr.name="Network" attr.type="string" for="graph" id="d3" />
  <key attr.name="GeoExtent" attr.type="string" for="graph" id="d2" />
  <key attr.name="GeoLocation" attr.type="string" for="graph" id="d1" />
  <key attr.name="DateObtained" attr.type="string" for="graph" id="d0" />
  <graph edgedefault="undirected">
    <data key="d0">31/03/11</data>
    <data key="d1">Global</data>
    <data key="d2">Global</data>
    <data key="d3">NTT</data>
    <data key="d4">Primary</data>
    <data key="d5">0</data>
    <data key="d6">http://www.ntt.net/english/about/network_map.cfm</data>
    <data key="d7">1.0</data>
    <data key="d8">Current</data>
    <data key="d9">COM</data>
    <data key="d10">1</data>
    <data key="d11">0</data>
    <data key="d12">Ntt</data>
    <data key="d13">0.3.34dev-20120328</data>
    <data key="d14">1</data>
    <data key="d15">0</data>
    <data key="d16">e278b1b</data>
    <data key="d17">=</data>
    <data key="d18">03</data>
    <data key="d19">31/03/11</data>
    <data key="d20">IP</data>
    <data key="d21">Topology Zoo Toolset</data>
    <data key="d22">0</data>
    <data key="d23">1</data>
    <data key="d24">2011_03</data>
    <data key="d25">2011</data>
    <data key="d26">2011_09_01</data>
    <data key="d27">0</data>
    <node id="0">
      <data key="d28">1</data>
      <data key="d29">38.89511</data>
      <data key="d30">United States</data>
      <data key="d31">Core IP Network POP</data>
      <data key="d32">0</data>
      <data key="d33">-77.03637</data>
      <data key="d34">Washington DC</data>
    </node>
    <node id="1">
      <data key="d28">1</data>
      <data key="d29">25.77427</data>
      <data key="d30">United States</data>
      <data key="d31">Core IP Network POP</data>
      <data key="d32">1</data>
      <data key="d33">-80.19366</data>
      <data key="d34">Miami</data>
    </node>
    <node id="2">
      <data key="d28">1</data>
      <data key="d29">33.749</data>
      <data key="d30">United States</data>
      <data key="d31">Core IP Network POP</data>
      <data key="d32">2</data>
      <data key="d33">-84.38798</data>
      <data key="d34">Atlanta</data>
    </node>
    <node id="3">
      <data key="d28">1</data>
      <data key="d29">40.71427</data>
      <data key="d30">United States</data>
      <data key="d31">Core IP Network POP</data>
      <data key="d32">3</data>
      <data key="d33">-74.00597</data>
      <data key="d34">New York City</data>
    </node>
    <node id="4">
      <data key="d28">1</data>
      <data key="d29">46.20222</data>
      <data key="d30">Switzerland</data>
      <data key="d31">Core IP Network POP</data>
      <data key="d32">4</data>
      <data key="d33">6.14569</data>
      <data key="d34">Geneva</data>
    </node>
    <node id="5">
      <data key="d28">1</data>
      <data key="d29">50.11667</data>
      <data key="d30">Germany</data>
      <data key="d31">Core IP Network POP</data>
      <data key="d32">5</data>
      <data key="d33">8.68333</data>
      <data key="d34">Frankfurt</data>
    </node>
    <node id="6">
      <data key="d28">1</data>
      <data key="d29">48.85341</data>
      <data key="d30">France</data>
      <data key="d31">Core IP Network POP</data>
      <data key="d32">6</data>
      <data key="d33">2.3488</data>
      <data key="d34">Paris</data>
    </node>
    <node id="7">
      <data key="d28">1</data>
      <data key="d29">40.4165</data>
      <data key="d30">Spain</data>
      <data key="d31">Core IP Network POP</data>
      <data key="d32">7</data>
      <data key="d33">-3.70256</data>
      <data key="d34">Madrid</data>
    </node>
    <node id="8">
      <data key="d28">1</data>
      <data key="d29">51.22172</data>
      <data key="d30">Germany</data>
      <data key="d31">Core IP Network POP</data>
      <data key="d32">8</data>
      <data key="d33">6.77616</data>
      <data key="d34">Dusseldorf</data>
    </node>
    <node id="9">
      <data key="d28">1</data>
      <data key="d29">52.37403</data>
      <data key="d30">Netherlands</data>
      <data key="d31">Core IP Network POP</data>
      <data key="d32">9</data>
      <data key="d33">4.88969</data>
      <data key="d34">Amsterdam</data>
    </node>
    <node id="10">
      <data key="d28">1</data>
      <data key="d29">30.06263</data>
      <data key="d30">Egypt</data>
      <data key="d31">Partner POP</data>
      <data key="d32">10</data>
      <data key="d33">31.24967</data>
      <data key="d34">Cairo</data>
    </node>
    <node id="11">
      <data key="d28">1</data>
      <data key="d29">24.68773</data>
      <data key="d30">Saudi Arabia</data>
      <data key="d31">Partner POP</data>
      <data key="d32">11</data>
      <data key="d33">46.72185</data>
      <data key="d34">Ar Riyad</data>
    </node>
    <node id="12">
      <data key="d28">1</data>
      <data key="d29">13.08784</data>
      <data key="d30">India</data>
      <data key="d31">Partner POP</data>
      <data key="d32">12</data>
      <data key="d33">80.27847</data>
      <data key="d34">Chennai</data>
    </node>
    <node id="13">
      <data key="d28">1</data>
      <data key="d29">6.93194</data>
      <data key="d30">Sri Lanka</data>
      <data key="d31">Partner POP</data>
      <data key="d32">13</data>
      <data key="d33">79.84778</data>
      <data key="d34">Colombo</data>
    </node>
    <node id="14">
      <data key="d28">1</data>
      <data key="d29">13.75</data>
      <data key="d30">Thailand</data>
      <data key="d31">Partner POP</data>
      <data key="d32">14</data>
      <data key="d33">100.51667</data>
      <data key="d34">Bangkok</data>
    </node>
    <node id="15">
      <data key="d28">1</data>
      <data key="d29">10.75</data>
      <data key="d30">Vietnam</data>
      <data key="d31">Partner POP</data>
      <data key="d32">15</data>
      <data key="d33">106.66667</data>
      <data key="d34">Ho Chi Minh</data>
    </node>
    <node id="16">
      <data key="d28">1</data>
      <data key="d29">4.94029</data>
      <data key="d30">Brunei</data>
      <data key="d31">Partner POP</data>
      <data key="d32">16</data>
      <data key="d33">114.94806</data>
      <data key="d34">Brunei</data>
    </node>
    <node id="17">
      <data key="d28">1</data>
      <data key="d29">6.45306</data>
      <data key="d30">Nigeria</data>
      <data key="d31">Partner POP</data>
      <data key="d32">17</data>
      <data key="d33">3.39583</data>
      <data key="d34">Lagos</data>
    </node>
    <node id="18">
      <data key="d28">1</data>
      <data key="d29">-26.20227</data>
      <data key="d30">South Africa</data>
      <data key="d31">Partner POP</data>
      <data key="d32">18</data>
      <data key="d33">28.04363</data>
      <data key="d34">Johannesburg</data>
    </node>
    <node id="19">
      <data key="d28">1</data>
      <data key="d29">-33.91667</data>
      <data key="d30">South Africa</data>
      <data key="d31">Partner POP</data>
      <data key="d32">19</data>
      <data key="d33">18.41667</data>
      <data key="d34">Cape Town</data>
    </node>
    <node id="20">
      <data key="d28">1</data>
      <data key="d29">37.56826</data>
      <data key="d30">South Korea</data>
      <data key="d31">Core IP Network POP</data>
      <data key="d32">20</data>
      <data key="d33">126.97783</data>
      <data key="d34">Seoul</data>
    </node>
    <node id="21">
      <data key="d28">1</data>
      <data key="d29">25.25222</data>
      <data key="d30">United Arab Emirates</data>
      <data key="d31">Partner POP</data>
      <data key="d32">21</data>
      <data key="d33">55.28</data>
      <data key="d34">Dubai</data>
    </node>
    <node id="22">
      <data key="d28">1</data>
      <data key="d29">39.9075</data>
      <data key="d30">China</data>
      <data key="d31">Partner POP</data>
      <data key="d32">22</data>
      <data key="d33">116.39723</data>
      <data key="d34">Beijing</data>
    </node>
    <node id="23">
      <data key="d28">1</data>
      <data key="d29">31.22222</data>
      <data key="d30">China</data>
      <data key="d31">Partner POP</data>
      <data key="d32">23</data>
      <data key="d33">121.45806</data>
      <data key="d34">Shanghai</data>
    </node>
    <node id="24">
      <data key="d28">1</data>
      <data key="d29">51.50853</data>
      <data key="d30">United Kingdom</data>
      <data key="d31">Core IP Network POP</data>
      <data key="d32">24</data>
      <data key="d33">-0.12574</data>
      <data key="d34">London</data>
    </node>
    <node id="25">
      <data key="d28">1</data>
      <data key="d29">-41.28664</data>
      <data key="d30">New Zealand</data>
      <data key="d31">Partner POP</data>
      <data key="d32">25</data>
      <data key="d33">174.77557</data>
      <data key="d34">Wellington</data>
    </node>
    <node id="26">
      <data key="d28">1</data>
      <data key="d29">37.38605</data>
      <data key="d30">United States</data>
      <data key="d31">Private Peering Point</data>
      <data key="d32">26</data>
      <data key="d33">-122.08385</data>
      <data key="d34">Mountain View</data>
    </node>
    <node id="27">
      <data key="d28">1</data>
      <data key="d29">19.01441</data>
      <data key="d30">India</data>
      <data key="d31">Partner POP</data>
      <data key="d32">27</data>
      <data key="d33">72.84794</data>
      <data key="d34">Mumbai</data>
    </node>
    <node id="28">
      <data key="d28">1</data>
      <data key="d29">16.80528</data>
      <data key="d30">Myanmar [Burma]</data>
      <data key="d31">Partner POP</data>
      <data key="d32">28</data>
      <data key="d33">96.15611</data>
      <data key="d34">Rangoon</data>
    </node>
    <node id="29">
      <data key="d28">1</data>
      <data key="d29">22.28552</data>
      <data key="d30">Hong Kong</data>
      <data key="d31">Core IP Network POP</data>
      <data key="d32">29</data>
      <data key="d33">114.15769</data>
      <data key="d34">Hong Kong</data>
    </node>
    <node id="30">
      <data key="d28">1</data>
      <data key="d29">35.61488</data>
      <data key="d30">Japan</data>
      <data key="d31">Core IP Network POP</data>
      <data key="d32">30</data>
      <data key="d33">139.5813</data>
      <data key="d34">Tokyo</data>
    </node>
    <node id="31">
      <data key="d28">1</data>
      <data key="d29">34.69374</data>
      <data key="d30">Japan</data>
      <data key="d31">Core IP Network POP</data>
      <data key="d32">31</data>
      <data key="d33">135.50218</data>
      <data key="d34">Osaka</data>
    </node>
    <node id="32">
      <data key="d28">1</data>
      <data key="d29">52.22977</data>
      <data key="d30">Poland</data>
      <data key="d31">Core IP Network POP</data>
      <data key="d32">32</data>
      <data key="d33">21.01178</data>
      <data key="d34">Warsaw</data>
    </node>
    <node id="33">
      <data key="d28">1</data>
      <data key="d29">22.20056</data>
      <data key="d30">Macau</data>
      <data key="d31">Partner POP</data>
      <data key="d32">33</data>
      <data key="d33">113.54611</data>
      <data key="d34">Macau</data>
    </node>
    <node id="34">
      <data key="d28">1</data>
      <data key="d29">21.0245</data>
      <data key="d30">Vietnam</data>
      <data key="d31">Partner POP</data>
      <data key="d32">34</data>
      <data key="d33">105.84117</data>
      <data key="d34">Hanoi</data>
    </node>
    <node id="35">
      <data key="d28">1</data>
      <data key="d29">14.6042</data>
      <data key="d30">Philippines</data>
      <data key="d31">Partner POP</data>
      <data key="d32">35</data>
      <data key="d33">120.9822</data>
      <data key="d34">Manila</data>
    </node>
    <node id="36">
      <data key="d28">1</data>
      <data key="d29">46.31667</data>
      <data key="d30">Hungary</data>
      <data key="d31">Core IP Network POP</data>
      <data key="d32">36</data>
      <data key="d33">20.11667</data>
      <data key="d34">Tapei</data>
    </node>
    <node id="37">
      <data key="d28">1</data>
      <data key="d29">32.78306</data>
      <data key="d30">United States</data>
      <data key="d31">Core IP Network POP</data>
      <data key="d32">37</data>
      <data key="d33">-96.80667</data>
      <data key="d34">Dallas</data>
    </node>
    <node id="38">
      <data key="d28">1</data>
      <data key="d29">29.76328</data>
      <data key="d30">United States</data>
      <data key="d31">Core IP Network POP</data>
      <data key="d32">38</data>
      <data key="d33">-95.36327</data>
      <data key="d34">Houston</data>
    </node>
    <node id="39">
      <data key="d28">1</data>
      <data key="d29">3.1412</data>
      <data key="d30">Malaysia</data>
      <data key="d31">Core IP Network POP</data>
      <data key="d32">39</data>
      <data key="d33">101.68653</data>
      <data key="d34">Kuala Lumpur</data>
    </node>
    <node id="40">
      <data key="d28">1</data>
      <data key="d29">1.28967</data>
      <data key="d30">Singapore</data>
      <data key="d31">Core IP Network POP</data>
      <data key="d32">40</data>
      <data key="d33">103.85007</data>
      <data key="d34">Singapore</data>
    </node>
    <node id="41">
      <data key="d28">1</data>
      <data key="d29">-6.21462</data>
      <data key="d30">Indonesia</data>
      <data key="d31">Partner POP</data>
      <data key="d32">41</data>
      <data key="d33">106.84513</data>
      <data key="d34">Jakarta</data>
    </node>
    <node id="42">
      <data key="d28">1</data>
      <data key="d29">-33.86785</data>
      <data key="d30">Australia</data>
      <data key="d31">Core IP Network POP</data>
      <data key="d32">42</data>
      <data key="d33">151.20732</data>
      <data key="d34">Sydney</data>
    </node>
    <node id="43">
      <data key="d28">1</data>
      <data key="d29">37.33939</data>
      <data key="d30">United States</data>
      <data key="d31">Core IP Network POP</data>
      <data key="d32">43</data>
      <data key="d33">-121.89496</data>
      <data key="d34">San Jose</data>
    </node>
    <node id="44">
      <data key="d28">1</data>
      <data key="d29">34.05223</data>
      <data key="d30">United States</data>
      <data key="d31">Core IP Network POP</data>
      <data key="d32">44</data>
      <data key="d33">-118.24368</data>
      <data key="d34">Los Angeles</data>
    </node>
    <node id="45">
      <data key="d28">1</data>
      <data key="d29">47.60621</data>
      <data key="d30">United States</data>
      <data key="d31">Core IP Network POP</data>
      <data key="d32">45</data>
      <data key="d33">-122.33207</data>
      <data key="d34">Seattle</data>
    </node>
    <node id="46">
      <data key="d28">1</data>
      <data key="d29">41.85003</data>
      <data key="d30">United States</data>
      <data key="d31">Core IP Network POP</data>
      <data key="d32">46</data>
      <data key="d33">-87.65005</data>
      <data key="d34">Chicago</data>
    </node>
    <edge source="0" target="1">
      <data key="d35">OC192/STM64</data>
      <data key="d36">0</data>
    </edge>
    <edge source="0" target="1">
      <data key="d35">OC192/STM64</data>
      <data key="d36">1</data>
    </edge>
    <edge source="0" target="1">
      <data key="d35">OC192/STM64</data>
      <data key="d36">2</data>
    </edge>
    <edge source="0" target="1">
      <data key="d35">OC192/STM64</data>
      <data key="d36">3</data>
    </edge>
    <edge source="0" target="2">
      <data key="d35">OC192/STM64</data>
      <data key="d36">0</data>
    </edge>
    <edge source="0" target="2">
      <data key="d35">OC192/STM64</data>
      <data key="d36">1</data>
    </edge>
    <edge source="0" target="3">
      <data key="d35">OC192/STM64</data>
      <data key="d36">0</data>
    </edge>
    <edge source="0" target="3">
      <data key="d35">OC192/STM64</data>
      <data key="d36">1</data>
    </edge>
    <edge source="0" target="3">
      <data key="d35">OC192/STM64</data>
      <data key="d36">2</data>
    </edge>
    <edge source="0" target="3">
      <data key="d35">OC192/STM64</data>
      <data key="d36">3</data>
    </edge>
    <edge source="0" target="3">
      <data key="d35">OC192/STM64</data>
      <data key="d36">4</data>
    </edge>
    <edge source="0" target="3">
      <data key="d35">OC192/STM64</data>
      <data key="d36">5</data>
    </edge>
    <edge source="0" target="37">
      <data key="d35">OC192/STM64</data>
      <data key="d36">0</data>
    </edge>
    <edge source="0" target="37">
      <data key="d35">OC192/STM64</data>
      <data key="d36">1</data>
    </edge>
    <edge source="0" target="37">
      <data key="d35">OC192/STM64</data>
      <data key="d36">2</data>
    </edge>
    <edge source="0" target="37">
      <data key="d35">OC192/STM64</data>
      <data key="d36">3</data>
    </edge>
    <edge source="0" target="9">
      <data key="d35">OC192/STM64</data>
      <data key="d36">0</data>
    </edge>
    <edge source="0" target="9">
      <data key="d35">OC192/STM64</data>
      <data key="d36">1</data>
    </edge>
    <edge source="0" target="9">
      <data key="d35">OC192/STM64</data>
      <data key="d36">2</data>
    </edge>
    <edge source="0" target="43">
      <data key="d35">OC192/STM64</data>
      <data key="d36">0</data>
    </edge>
    <edge source="0" target="43">
      <data key="d35">OC192/STM64</data>
      <data key="d36">1</data>
    </edge>
    <edge source="0" target="43">
      <data key="d35">OC192/STM64</data>
      <data key="d36">2</data>
    </edge>
    <edge source="0" target="43">
      <data key="d35">OC192/STM64</data>
      <data key="d36">3</data>
    </edge>
    <edge source="0" target="43">
      <data key="d35">OC192/STM64</data>
      <data key="d36">4</data>
    </edge>
    <edge source="0" target="44">
      <data key="d35">OC192/STM64</data>
      <data key="d36">0</data>
    </edge>
    <edge source="0" target="44">
      <data key="d35">OC192/STM64</data>
      <data key="d36">1</data>
    </edge>
    <edge source="0" target="44">
      <data key="d35">OC192/STM64</data>
      <data key="d36">2</data>
    </edge>
    <edge source="0" target="44">
      <data key="d35">OC192/STM64</data>
      <data key="d36">3</data>
    </edge>
    <edge source="0" target="44">
      <data key="d35">OC192/STM64</data>
      <data key="d36">4</data>
    </edge>
    <edge source="0" target="45">
      <data key="d35">OC192/STM64</data>
      <data key="d36">0</data>
    </edge>
    <edge source="0" target="45">
      <data key="d35">OC192/STM64</data>
      <data key="d36">1</data>
    </edge>
    <edge source="1" target="2">
      <data key="d35">OC192/STM64</data>
      <data key="d36">0</data>
    </edge>
    <edge source="1" target="2">
      <data key="d35">OC192/STM64</data>
      <data key="d36">1</data>
    </edge>
    <edge source="1" target="37">
      <data key="d35">OC192/STM64</data>
      <data key="d36">0</data>
    </edge>
    <edge source="1" target="37">
      <data key="d35">OC192/STM64</data>
      <data key="d36">1</data>
    </edge>
    <edge source="1" target="37">
      <data key="d35">OC192/STM64</data>
      <data key="d36">2</data>
    </edge>
    <edge source="2" target="37">
      <data key="d35">OC192/STM64</data>
      <data key="d36">0</data>
    </edge>
    <edge source="2" target="37">
      <data key="d35">OC192/STM64</data>
      <data key="d36">1</data>
    </edge>
    <edge source="3" target="24">
      <data key="d35">OC192/STM64</data>
      <data key="d36">0</data>
    </edge>
    <edge source="3" target="24">
      <data key="d35">OC192/STM64</data>
      <data key="d36">1</data>
    </edge>
    <edge source="3" target="24">
      <data key="d35">OC192/STM64</data>
      <data key="d36">2</data>
    </edge>
    <edge source="3" target="45">
      <data key="d35">OC192/STM64</data>
      <data key="d36">0</data>
    </edge>
    <edge source="3" target="45">
      <data key="d35">OC192/STM64</data>
      <data key="d36">1</data>
    </edge>
    <edge source="3" target="46">
      <data key="d35">OC192/STM64</data>
      <data key="d36">0</data>
    </edge>
    <edge source="3" target="46">
      <data key="d35">OC192/STM64</data>
      <data key="d36">1</data>
    </edge>
    <edge source="3" target="46">
      <data key="d35">OC192/STM64</data>
      <data key="d36">2</data>
    </edge>
    <edge source="4" target="5">
      <data key="d35">OC12/STM4</data>
      <data key="d36">0</data>
    </edge>
    <edge source="4" target="5">
      <data key="d35">OC12/STM4</data>
      <data key="d36">1</data>
    </edge>
    <edge source="4" target="6">
      <data key="d35">OC12/STM4</data>
      <data key="d36">0</data>
    </edge>
    <edge source="4" target="6">
      <data key="d35">OC12/STM4</data>
      <data key="d36">1</data>
    </edge>
    <edge source="5" target="24">
      <data key="d35">OC192/STM64</data>
      <data key="d36">0</data>
    </edge>
    <edge source="5" target="24">
      <data key="d35">OC192/STM64</data>
      <data key="d36">1</data>
    </edge>
    <edge source="5" target="24">
      <data key="d35">OC192/STM64</data>
      <data key="d36">2</data>
    </edge>
    <edge source="5" target="8">
      <data key="d35">OC12/STM4</data>
      <data key="d36">0</data>
    </edge>
    <edge source="5" target="8">
      <data key="d35">OC12/STM4</data>
      <data key="d36">1</data>
    </edge>
    <edge source="5" target="9">
      <data key="d35">OC192/STM64</data>
      <data key="d36">0</data>
    </edge>
    <edge source="5" target="9">
      <data key="d35">OC192/STM64</data>
      <data key="d36">1</data>
    </edge>
    <edge source="5" target="9">
      <data key="d35">OC192/STM64</data>
      <data key="d36">2</data>
    </edge>
    <edge source="5" target="32">
      <data key="d35">OC192/STM64</data>
      <data key="d36">0</data>
    </edge>
    <edge source="5" target="32">
      <data key="d35">OC192/STM64</data>
      <data key="d36">1</data>
    </edge>
    <edge source="6" target="24">
      <data key="d35">OC192/STM64</data>
      <data key="d36">0</data>
    </edge>
    <edge source="6" target="24">
      <data key="d35">OC192/STM64</data>
      <data key="d36">1</data>
    </edge>
    <edge source="6" target="9">
      <data key="d35">OC192/STM64</data>
      <data key="d36">0</data>
    </edge>
    <edge source="6" target="9">
      <data key="d35">OC192/STM64</data>
      <data key="d36">1</data>
    </edge>
    <edge source="7" target="24">
      <data key="d35">OC192/STM64</data>
      <data key="d36">0</data>
    </edge>
    <edge source="7" target="9">
      <data key="d35">OC192/STM64</data>
      <data key="d36">0</data>
    </edge>
    <edge source="8" target="9">
      <data key="d35">OC12/STM4</data>
      <data key="d36">0</data>
    </edge>
    <edge source="8" target="9">
      <data key="d35">OC12/STM4</data>
      <data key="d36">1</data>
    </edge>
    <edge source="9" target="30">
      <data key="d35">OC192/STM64</data>
      <data key="d36">0</data>
    </edge>
    <edge source="9" target="30">
      <data key="d35">OC48/STM16</data>
      <data key="d36">1</data>
    </edge>
    <edge source="9" target="30">
      <data key="d35">OC48/STM16</data>
      <data key="d36">2</data>
    </edge>
    <edge source="9" target="30">
      <data key="d35">OC192/STM64</data>
      <data key="d36">3</data>
    </edge>
    <edge source="9" target="30">
      <data key="d35">OC48/STM16</data>
      <data key="d36">4</data>
    </edge>
    <edge source="9" target="30">
      <data key="d35">OC192/STM64</data>
      <data key="d36">5</data>
    </edge>
    <edge source="13" target="40">
      <data key="d35">OC12/STM4</data>
      <data key="d36">0</data>
    </edge>
    <edge source="20" target="30">
      <data key="d35">OC12/STM4</data>
      <data key="d36">0</data>
    </edge>
    <edge source="20" target="30">
      <data key="d35">OC12/STM4</data>
      <data key="d36">1</data>
    </edge>
    <edge source="20" target="30">
      <data key="d35">OC48/STM16</data>
      <data key="d36">2</data>
    </edge>
    <edge source="20" target="31">
      <data key="d35">OC48/STM16</data>
      <data key="d36">0</data>
    </edge>
    <edge source="24" target="40">
      <data key="d35">OC3 and below/STM1</data>
      <data key="d36">0</data>
    </edge>
    <edge source="24" target="31">
      <data key="d35">OC192/STM64</data>
      <data key="d36">0</data>
    </edge>
    <edge source="24" target="31">
      <data key="d35">OC192/STM64</data>
      <data key="d36">1</data>
    </edge>
    <edge source="24" target="31">
      <data key="d35">OC192/STM64</data>
      <data key="d36">2</data>
    </edge>
    <edge source="26" target="43">
      <data key="d35">OC3 and below/STM1</data>
      <data key="d36">0</data>
    </edge>
    <edge source="28" target="39">
      <data key="d35">OC3 and below/STM1</data>
      <data key="d36">0</data>
    </edge>
    <edge source="29" target="40">
      <data key="d35">OC12/STM4</data>
      <data key="d36">0</data>
    </edge>
    <edge source="29" target="40">
      <data key="d35">OC12/STM4</data>
      <data key="d36">1</data>
    </edge>
    <edge source="29" target="35">
      <data key="d35">OC48/STM16</data>
      <data key="d36">0</data>
    </edge>
    <edge source="29" target="36">
      <data key="d35">OC48/STM16</data>
      <data key="d36">0</data>
    </edge>
    <edge source="29" target="36">
      <data key="d35">OC48/STM16</data>
      <data key="d36">1</data>
    </edge>
    <edge source="29" target="36">
      <data key="d35">OC192/STM64</data>
      <data key="d36">2</data>
    </edge>
    <edge source="29" target="30">
      <data key="d35">OC192/STM64</data>
      <data key="d36">0</data>
    </edge>
    <edge source="29" target="30">
      <data key="d35">OC192/STM64</data>
      <data key="d36">1</data>
    </edge>
    <edge source="29" target="30">
      <data key="d35">OC48/STM16</data>
      <data key="d36">2</data>
    </edge>
    <edge source="29" target="30">
      <data key="d35">OC192/STM64</data>
      <data key="d36">3</data>
    </edge>
    <edge source="29" target="30">
      <data key="d35">OC48/STM16</data>
      <data key="d36">4</data>
    </edge>
    <edge source="29" target="31">
      <data key="d35">OC192/STM64</data>
      <data key="d36">0</data>
    </edge>
    <edge source="29" target="31">
      <data key="d35">OC192/STM64</data>
      <data key="d36">1</data>
    </edge>
    <edge source="29" target="31">
      <data key="d35">OC48/STM16</data>
      <data key="d36">2</data>
    </edge>
    <edge source="29" target="31">
      <data key="d35">OC192/STM64</data>
      <data key="d36">3</data>
    </edge>
    <edge source="29" target="31">
      <data key="d35">OC48/STM16</data>
      <data key="d36">4</data>
    </edge>
    <edge source="30" target="34">
      <data key="d35">OC48/STM16</data>
      <data key="d36">0</data>
    </edge>
    <edge source="30" target="35">
      <data key="d35">OC48/STM16</data>
      <data key="d36">0</data>
    </edge>
    <edge source="30" target="36">
      <data key="d35">OC48/STM16</data>
      <data key="d36">0</data>
    </edge>
    <edge source="30" target="36">
      <data key="d35">OC192/STM64</data>
      <data key="d36">1</data>
    </edge>
    <edge source="30" target="36">
      <data key="d35">OC48/STM16</data>
      <data key="d36">2</data>
    </edge>
    <edge source="30" target="40">
      <data key="d35">OC12/STM4</data>
      <data key="d36">0</data>
    </edge>
    <edge source="30" target="40">
      <data key="d35">OC192/STM64</data>
      <data key="d36">1</data>
    </edge>
    <edge source="30" target="40">
      <data key="d35">OC192/STM64</data>
      <data key="d36">2</data>
    </edge>
    <edge source="30" target="40">
      <data key="d35">OC192/STM64</data>
      <data key="d36">3</data>
    </edge>
    <edge source="30" target="40">
      <data key="d35">OC12/STM4</data>
      <data key="d36">4</data>
    </edge>
    <edge source="30" target="40">
      <data key="d35">OC192/STM64</data>
      <data key="d36">5</data>
    </edge>
    <edge source="30" target="40">
      <data key="d35">OC192/STM64</data>
      <data key="d36">6</data>
    </edge>
    <edge source="30" target="42">
      <data key="d35">OC48/STM16</data>
      <data key="d36">0</data>
    </edge>
    <edge source="30" target="42">
      <data key="d35">OC48/STM16</data>
      <data key="d36">1</data>
    </edge>
    <edge source="30" target="43">
      <data key="d35">OC192/STM64</data>
      <data key="d36">0</data>
    </edge>
    <edge source="30" target="43">
      <data key="d35">OC192/STM64</data>
      <data key="d36">1</data>
    </edge>
    <edge source="30" target="43">
      <data key="d35">OC192/STM64</data>
      <data key="d36">2</data>
    </edge>
    <edge source="30" target="43">
      <data key="d35">OC192/STM64</data>
      <data key="d36">3</data>
    </edge>
    <edge source="30" target="43">
      <data key="d35">OC192/STM64</data>
      <data key="d36">4</data>
    </edge>
    <edge source="30" target="43">
      <data key="d35">OC192/STM64</data>
      <data key="d36">5</data>
    </edge>
    <edge source="30" target="43">
      <data key="d35">OC192/STM64</data>
      <data key="d36">6</data>
    </edge>
    <edge source="30" target="43">
      <data key="d35">OC192/STM64</data>
      <data key="d36">7</data>
    </edge>
    <edge source="30" target="43">
      <data key="d35">OC192/STM64</data>
      <data key="d36">8</data>
    </edge>
    <edge source="30" target="44">
      <data key="d35">OC192/STM64</data>
      <data key="d36">0</data>
    </edge>
    <edge source="30" target="44">
      <data key="d35">OC192/STM64</data>
      <data key="d36">1</data>
    </edge>
    <edge source="30" target="44">
      <data key="d35">OC192/STM64</data>
      <data key="d36">2</data>
    </edge>
    <edge source="30" target="44">
      <data key="d35">OC192/STM64</data>
      <data key="d36">3</data>
    </edge>
    <edge source="30" target="44">
      <data key="d35">OC192/STM64</data>
      <data key="d36">4</data>
    </edge>
    <edge source="30" target="44">
      <data key="d35">OC192/STM64</data>
      <data key="d36">5</data>
    </edge>
    <edge source="30" target="44">
      <data key="d35">OC192/STM64</data>
      <data key="d36">6</data>
    </edge>
    <edge source="30" target="44">
      <data key="d35">OC192/STM64</data>
      <data key="d36">7</data>
    </edge>
    <edge source="30" target="44">
      <data key="d35">OC192/STM64</data>
      <data key="d36">8</data>
    </edge>
    <edge source="30" target="44">
      <data key="d35">OC192/STM64</data>
      <data key="d36">9</data>
    </edge>
    <edge source="30" target="44">
      <data key="d35">OC192/STM64</data>
      <data key="d36">10</data>
    </edge>
    <edge source="30" target="45">
      <data key="d35">OC192/STM64</data>
      <data key="d36">0</data>
    </edge>
    <edge source="30" target="45">
      <data key="d35">OC192/STM64</data>
      <data key="d36">1</data>
    </edge>
    <edge source="30" target="45">
      <data key="d35">OC192/STM64</data>
      <data key="d36">2</data>
    </edge>
    <edge source="30" target="45">
      <data key="d35">OC192/STM64</data>
      <data key="d36">3</data>
    </edge>
    <edge source="30" target="45">
      <data key="d35">OC192/STM64</data>
      <data key="d36">4</data>
    </edge>
    <edge source="30" target="31">
      <data key="d35">OC192/STM64</data>
      <data key="d36">0</data>
    </edge>
    <edge source="30" target="31">
      <data key="d35">OC192/STM64</data>
      <data key="d36">1</data>
    </edge>
    <edge source="30" target="31">
      <data key="d35">OC192/STM64</data>
      <data key="d36">2</data>
    </edge>
    <edge source="30" target="31">
      <data key="d35">OC192/STM64</data>
      <data key="d36">3</data>
    </edge>
    <edge source="30" target="31">
      <data key="d35">OC192/STM64</data>
      <data key="d36">4</data>
    </edge>
    <edge source="30" target="31">
      <data key="d35">OC192/STM64</data>
      <data key="d36">5</data>
    </edge>
    <edge source="30" target="31">
      <data key="d35">OC192/STM64</data>
      <data key="d36">6</data>
    </edge>
    <edge source="30" target="31">
      <data key="d35">OC192/STM64</data>
      <data key="d36">7</data>
    </edge>
    <edge source="30" target="31">
      <data key="d35">OC192/STM64</data>
      <data key="d36">8</data>
    </edge>
    <edge source="30" target="31">
      <data key="d35">OC192/STM64</data>
      <data key="d36">9</data>
    </edge>
    <edge source="30" target="31">
      <data key="d35">OC192/STM64</data>
      <data key="d36">10</data>
    </edge>
    <edge source="30" target="31">
      <data key="d35">OC192/STM64</data>
      <data key="d36">11</data>
    </edge>
    <edge source="30" target="31">
      <data key="d35">OC192/STM64</data>
      <data key="d36">12</data>
    </edge>
    <edge source="30" target="31">
      <data key="d35">OC192/STM64</data>
      <data key="d36">13</data>
    </edge>
    <edge source="31" target="40">
      <data key="d35">OC192/STM64</data>
      <data key="d36">0</data>
    </edge>
    <edge source="31" target="40">
      <data key="d35">OC192/STM64</data>
      <data key="d36">1</data>
    </edge>
    <edge source="31" target="40">
      <data key="d35">OC192/STM64</data>
      <data key="d36">2</data>
    </edge>
    <edge source="31" target="43">
      <data key="d35">OC192/STM64</data>
      <data key="d36">0</data>
    </edge>
    <edge source="31" target="43">
      <data key="d35">OC192/STM64</data>
      <data key="d36">1</data>
    </edge>
    <edge source="31" target="43">
      <data key="d35">OC192/STM64</data>
      <data key="d36">2</data>
    </edge>
    <edge source="31" target="43">
      <data key="d35">OC192/STM64</data>
      <data key="d36">3</data>
    </edge>
    <edge source="31" target="43">
      <data key="d35">OC192/STM64</data>
      <data key="d36">4</data>
    </edge>
    <edge source="31" target="43">
      <data key="d35">OC192/STM64</data>
      <data key="d36">5</data>
    </edge>
    <edge source="31" target="43">
      <data key="d35">OC192/STM64</data>
      <data key="d36">6</data>
    </edge>
    <edge source="31" target="43">
      <data key="d35">OC192/STM64</data>
      <data key="d36">7</data>
    </edge>
    <edge source="31" target="44">
      <data key="d35">OC192/STM64</data>
      <data key="d36">0</data>
    </edge>
    <edge source="31" target="44">
      <data key="d35">OC192/STM64</data>
      <data key="d36">1</data>
    </edge>
    <edge source="31" target="44">
      <data key="d35">OC192/STM64</data>
      <data key="d36">2</data>
    </edge>
    <edge source="31" target="44">
      <data key="d35">OC192/STM64</data>
      <data key="d36">3</data>
    </edge>
    <edge source="31" target="44">
      <data key="d35">OC192/STM64</data>
      <data key="d36">4</data>
    </edge>
    <edge source="31" target="44">
      <data key="d35">OC192/STM64</data>
      <data key="d36">5</data>
    </edge>
    <edge source="31" target="44">
      <data key="d35">OC192/STM64</data>
      <data key="d36">6</data>
    </edge>
    <edge source="31" target="45">
      <data key="d35">OC192/STM64</data>
      <data key="d36">0</data>
    </edge>
    <edge source="31" target="45">
      <data key="d35">OC192/STM64</data>
      <data key="d36">1</data>
    </edge>
    <edge source="31" target="45">
      <data key="d35">OC192/STM64</data>
      <data key="d36">2</data>
    </edge>
    <edge source="31" target="45">
      <data key="d35">OC192/STM64</data>
      <data key="d36">3</data>
    </edge>
    <edge source="31" target="45">
      <data key="d35">OC192/STM64</data>
      <data key="d36">4</data>
    </edge>
    <edge source="37" target="38">
      <data key="d35">OC192/STM64</data>
      <data key="d36">0</data>
    </edge>
    <edge source="37" target="43">
      <data key="d35">OC192/STM64</data>
      <data key="d36">0</data>
    </edge>
    <edge source="37" target="43">
      <data key="d35">OC192/STM64</data>
      <data key="d36">1</data>
    </edge>
    <edge source="37" target="43">
      <data key="d35">OC192/STM64</data>
      <data key="d36">2</data>
    </edge>
    <edge source="37" target="43">
      <data key="d35">OC192/STM64</data>
      <data key="d36">3</data>
    </edge>
    <edge source="37" target="43">
      <data key="d35">OC192/STM64</data>
      <data key="d36">4</data>
    </edge>
    <edge source="37" target="44">
      <data key="d35">OC192/STM64</data>
      <data key="d36">0</data>
    </edge>
    <edge source="37" target="44">
      <data key="d35">OC192/STM64</data>
      <data key="d36">1</data>
    </edge>
    <edge source="37" target="44">
      <data key="d35">OC192/STM64</data>
      <data key="d36">2</data>
    </edge>
    <edge source="37" target="44">
      <data key="d35">OC192/STM64</data>
      <data key="d36">3</data>
    </edge>
    <edge source="37" target="44">
      <data key="d35">OC192/STM64</data>
      <data key="d36">4</data>
    </edge>
    <edge source="37" target="46">
      <data key="d35">OC192/STM64</data>
      <data key="d36">0</data>
    </edge>
    <edge source="37" target="46">
      <data key="d35">OC192/STM64</data>
      <data key="d36">1</data>
    </edge>
    <edge source="37" target="46">
      <data key="d35">OC192/STM64</data>
      <data key="d36">2</data>
    </edge>
    <edge source="38" target="44">
      <data key="d35">OC192/STM64</data>
      <data key="d36">0</data>
    </edge>
    <edge source="39" target="40">
      <data key="d35">OC48/STM16</data>
      <data key="d36">0</data>
    </edge>
    <edge source="39" target="40">
      <data key="d35">OC48/STM16</data>
      <data key="d36">1</data>
    </edge>
    <edge source="40" target="41">
      <data key="d35">OC3 and below/STM1</data>
      <data key="d36">0</data>
    </edge>
    <edge source="40" target="41">
      <data key="d35">OC3 and below/STM1</data>
      <data key="d36">1</data>
    </edge>
    <edge source="40" target="41">
      <data key="d35">OC12/STM4</data>
      <data key="d36">2</data>
    </edge>
    <edge source="40" target="41">
      <data key="d35">OC3 and below/STM1</data>
      <data key="d36">3</data>
    </edge>
    <edge source="40" target="41">
      <data key="d35">OC12/STM4</data>
      <data key="d36">4</data>
    </edge>
    <edge source="42" target="43">
      <data key="d35">OC3 and below/STM1</data>
      <data key="d36">0</data>
    </edge>
    <edge source="42" target="43">
      <data key="d35">OC12/STM4</data>
      <data key="d36">1</data>
    </edge>
    <edge source="42" target="43">
      <data key="d35">OC3 and below/STM1</data>
      <data key="d36">2</data>
    </edge>
    <edge source="43" target="44">
      <data key="d35">OC192/STM64</data>
      <data key="d36">0</data>
    </edge>
    <edge source="43" target="44">
      <data key="d35">OC192/STM64</data>
      <data key="d36">1</data>
    </edge>
    <edge source="43" target="44">
      <data key="d35">OC192/STM64</data>
      <data key="d36">2</data>
    </edge>
    <edge source="43" target="44">
      <data key="d35">OC192/STM64</data>
      <data key="d36">3</data>
    </edge>
    <edge source="43" target="45">
      <data key="d35">OC192/STM64</data>
      <data key="d36">0</data>
    </edge>
    <edge source="43" target="45">
      <data key="d35">OC192/STM64</data>
      <data key="d36">1</data>
    </edge>
    <edge source="43" target="45">
      <data key="d35">OC192/STM64</data>
      <data key="d36">2</data>
    </edge>
    <edge source="43" target="45">
      <data key="d35">OC192/STM64</data>
      <data key="d36">3</data>
    </edge>
    <edge source="43" target="46">
      <data key="d35">OC192/STM64</data>
      <data key="d36">0</data>
    </edge>
    <edge source="43" target="46">
      <data key="d35">OC192/STM64</data>
      <data key="d36">1</data>
    </edge>
    <edge source="43" target="46">
      <data key="d35">OC192/STM64</data>
      <data key="d36">2</data>
    </edge>
    <edge source="45" target="46">
      <data key="d35">OC192/STM64</data>
      <data key="d36">0</data>
    </edge>
    <edge source="45" target="46">
      <data key="d35">OC192/STM64</data>
      <data key="d36">1</data>
    </edge>
    <edge source="45" target="46">
      <data key="d35">OC192/STM64</data>
      <data key="d36">2</data>
    </edge>
  </graph>
</graphml>
