<?xml version="1.0" encoding="utf-8"?><graphml xmlns="http://graphml.graphdrawing.org/xmlns" xmlns:xsi="http://www.w3.org/2001/XMLSchema-instance" xsi:schemaLocation="http://graphml.graphdrawing.org/xmlns http://graphml.graphdrawing.org/xmlns/1.0/graphml.xsd">
  <key attr.name="LinkStatus" attr.type="string" for="edge" id="d41" />
  <key attr.name="key" attr.type="int" for="edge" id="d40" />
  <key attr.name="LinkSpeedRaw" attr.type="double" for="edge" id="d39" />
  <key attr.name="LinkSpeedUnits" attr.type="string" for="edge" id="d38" />
  <key attr.name="LinkLabel" attr.type="string" for="edge" id="d37" />
  <key attr.name="LinkSpeed" attr.type="string" for="edge" id="d36" />
  <key attr.name="Longitude" attr.type="double" for="node" id="d35" />
  <key attr.name="Country" attr.type="string" for="node" id="d34" />
  <key attr.name="Latitude" attr.type="double" for="node" id="d33" />
  <key attr.name="label" attr.type="string" for="node" id="d32" />
  <key attr.name="id" attr.type="int" for="node" id="d31" />
  <key attr.name="type" attr.type="string" for="node" id="d30" />
  <key attr.name="Internal" attr.type="int" for="node" id="d29" />
  <key attr.name="Testbed" attr.type="int" for="graph" id="d28" />
  <key attr.name="LastProcessed" attr.type="string" for="graph" id="d27" />
  <key attr.name="DateYear" attr.type="string" for="graph" id="d26" />
  <key attr.name="NetworkDate" attr.type="string" for="graph" id="d25" />
  <key attr.name="Transit" attr.type="int" for="graph" id="d24" />
  <key attr.name="Developed" attr.type="int" for="graph" id="d23" />
  <key attr.name="Creator" attr.type="string" for="graph" id="d22" />
  <key attr.name="Layer" attr.type="string" for="graph" id="d21" />
  <key attr.name="Access" attr.type="int" for="graph" id="d20" />
  <key attr.name="LastAccess" attr.type="string" for="graph" id="d19" />
  <key attr.name="DateMonth" attr.type="string" for="graph" id="d18" />
  <key attr.name="DateModifier" attr.type="string" for="graph" id="d17" />
  <key attr.name="SourceGitVersion" attr.type="string" for="graph" id="d16" />
  <key attr.name="IX" attr.type="int" for="graph" id="d15" />
  <key attr.name="Customer" attr.type="int" for="graph" id="d14" />
  <key attr.name="ToolsetVersion" attr.type="string" for="graph" id="d13" />
  <key attr.name="label" attr.type="string" for="graph" id="d12" />
  <key attr.name="Commercial" attr.type="int" for="graph" id="d11" />
  <key attr.name="Backbone" attr.type="int" for="graph" id="d10" />
  <key attr.name="DateType" attr.type="string" for="graph" id="d9" />
  <key attr.name="Type" attr.type="string" for="graph" id="d8" />
  <key attr.name="Version" attr.type="string" for="graph" id="d7" />
  <key attr.name="Source" attr.type="string" for="graph" id="d6" />
  <key attr.name="Note" attr.type="string" for="graph" id="d5" />
  <key attr.name="Provenance" attr.type="string" for="graph" id="d4" />
  <key attr.name="Network" attr.type="string" for="graph" id="d3" />
  <key attr.name="GeoExtent" attr.type="string" for="graph" id="d2" />
  <key attr.name="GeoLocation" attr.type="string" for="graph" id="d1" />
  <key attr.name="DateObtained" attr.type="string" for="graph" id="d0" />
  <graph edgedefault="undirected">
    <data key="d0">22/10/10</data>
    <data key="d1">Palestine</data>
    <data key="d2">Country</data>
    <data key="d3">PADI2</data>
    <data key="d4">Primary</data>
    <data key="d5">3 nodes</data>
    <data key="d6">http://web.archive.org/web/20081206174517/http://www.padi2.ps/maps.php</data>
    <data key="d7">1.0</data>
    <data key="d8">REN</data>
    <data key="d9">Historic</data>
    <data key="d10">1</data>
    <data key="d11">0</data>
    <data key="d12">Padi</data>
    <data key="d13">0.3.34dev-20120328</data>
    <data key="d14">0</data>
    <data key="d15">0</data>
    <data key="d16">e278b1b</data>
    <data key="d17">=</data>
    <data key="d18">01</data>
    <data key="d19">21/10/10</data>
    <data key="d20">0</data>
    <data key="d21">IP</data>
    <data key="d22">Topology Zoo Toolset</data>
    <data key="d23">0</data>
    <data key="d24">0</data>
    <data key="d25">2007_01</data>
    <data key="d26">2007</data>
    <data key="d27">2011_09_01</data>
    <data key="d28">0</data>
    <node id="0">
      <data key="d29">1</data>
      <data key="d30">University</data>
      <data key="d31">0</data>
      <data key="d32">AQSA</data>
    </node>
    <node id="1">
      <data key="d29">1</data>
      <data key="d30">University</data>
      <data key="d31">1</data>
      <data key="d32">IUG</data>
    </node>
    <node id="2">
      <data key="d29">1</data>
      <data key="d30">University</data>
      <data key="d31">2</data>
      <data key="d32">HU</data>
    </node>
    <node id="3">
      <data key="d29">1</data>
      <data key="d30">University</data>
      <data key="d31">3</data>
      <data key="d32">PPU</data>
    </node>
    <node id="4">
      <data key="d29">1</data>
      <data key="d30">University</data>
      <data key="d31">4</data>
      <data key="d32">AZHR</data>
    </node>
    <node id="5">
      <data key="d29">1</data>
      <data key="d30">Research Center</data>
      <data key="d31">5</data>
      <data key="d32">ARIJ</data>
    </node>
    <node id="6">
      <data key="d29">1</data>
      <data key="d30">Research Center</data>
      <data key="d31">6</data>
      <data key="d32">ICB</data>
    </node>
    <node id="7">
      <data key="d29">0</data>
      <data key="d31">7</data>
      <data key="d32">GEANT</data>
    </node>
    <node id="8">
      <data key="d29">1</data>
      <data key="d30">University</data>
      <data key="d31">8</data>
      <data key="d32">Annajah National Univeristy</data>
    </node>
    <node id="9">
      <data key="d29">1</data>
      <data key="d30">University</data>
      <data key="d31">9</data>
      <data key="d32">AAUJ</data>
    </node>
    <node id="10">
      <data key="d29">1</data>
      <data key="d30">University</data>
      <data key="d31">10</data>
      <data key="d32">BZU</data>
    </node>
    <node id="11">
      <data key="d29">1</data>
      <data key="d33">4.3238</data>
      <data key="d34">Malaysia</data>
      <data key="d30">University</data>
      <data key="d31">11</data>
      <data key="d35">100.9299</data>
      <data key="d32">PADI2</data>
    </node>
    <node id="12">
      <data key="d29">1</data>
      <data key="d30">University</data>
      <data key="d31">12</data>
      <data key="d32">QOU</data>
    </node>
    <node id="13">
      <data key="d29">1</data>
      <data key="d30">University</data>
      <data key="d31">13</data>
      <data key="d32">AQU</data>
    </node>
    <node id="14">
      <data key="d29">1</data>
      <data key="d30">University</data>
      <data key="d31">14</data>
      <data key="d32">BU</data>
    </node>
    <edge source="3" target="11">
      <data key="d36">2</data>
      <data key="d37">2Mb/s</data>
      <data key="d38">M</data>
      <data key="d39">2000000.0</data>
      <data key="d40">0</data>
    </edge>
    <edge source="7" target="11">
      <data key="d36">45</data>
      <data key="d37">45Mb/s</data>
      <data key="d38">M</data>
      <data key="d39">45000000.0</data>
      <data key="d40">0</data>
    </edge>
    <edge source="10" target="11">
      <data key="d36">100</data>
      <data key="d37">100Mb/s</data>
      <data key="d38">M</data>
      <data key="d39">100000000.0</data>
      <data key="d40">0</data>
    </edge>
    <edge source="11" target="12">
      <data key="d36">100</data>
      <data key="d37">100Mb/s</data>
      <data key="d38">M</data>
      <data key="d39">100000000.0</data>
      <data key="d40">0</data>
    </edge>
    <edge source="11" target="13">
      <data key="d36">2</data>
      <data key="d37">2Mb/s</data>
      <data key="d38">M</data>
      <data key="d39">2000000.0</data>
      <data key="d40">0</data>
    </edge>
    <edge source="11" target="14">
      <data key="d37">planned</data>
      <data key="d41">Planned</data>
      <data key="d40">0</data>
    </edge>
  </graph>
</graphml>
