<?xml version="1.0" encoding="utf-8"?><graphml xmlns="http://graphml.graphdrawing.org/xmlns" xmlns:xsi="http://www.w3.org/2001/XMLSchema-instance" xsi:schemaLocation="http://graphml.graphdrawing.org/xmlns http://graphml.graphdrawing.org/xmlns/1.0/graphml.xsd">
  <key attr.name="key" attr.type="int" for="edge" id="d35" />
  <key attr.name="id" attr.type="string" for="edge" id="d34" />
  <key attr.name="label" attr.type="string" for="node" id="d33" />
  <key attr.name="Longitude" attr.type="double" for="node" id="d32" />
  <key attr.name="id" attr.type="int" for="node" id="d31" />
  <key attr.name="Country" attr.type="string" for="node" id="d30" />
  <key attr.name="Latitude" attr.type="double" for="node" id="d29" />
  <key attr.name="Internal" attr.type="int" for="node" id="d28" />
  <key attr.name="Testbed" attr.type="int" for="graph" id="d27" />
  <key attr.name="LastProcessed" attr.type="string" for="graph" id="d26" />
  <key attr.name="DateYear" attr.type="string" for="graph" id="d25" />
  <key attr.name="NetworkDate" attr.type="string" for="graph" id="d24" />
  <key attr.name="Transit" attr.type="int" for="graph" id="d23" />
  <key attr.name="Developed" attr.type="int" for="graph" id="d22" />
  <key attr.name="Creator" attr.type="string" for="graph" id="d21" />
  <key attr.name="Layer" attr.type="string" for="graph" id="d20" />
  <key attr.name="LastAccess" attr.type="string" for="graph" id="d19" />
  <key attr.name="DateMonth" attr.type="int" for="graph" id="d18" />
  <key attr.name="DateModifier" attr.type="string" for="graph" id="d17" />
  <key attr.name="SourceGitVersion" attr.type="string" for="graph" id="d16" />
  <key attr.name="IX" attr.type="int" for="graph" id="d15" />
  <key attr.name="Customer" attr.type="int" for="graph" id="d14" />
  <key attr.name="ToolsetVersion" attr.type="string" for="graph" id="d13" />
  <key attr.name="label" attr.type="string" for="graph" id="d12" />
  <key attr.name="Commercial" attr.type="int" for="graph" id="d11" />
  <key attr.name="Backbone" attr.type="int" for="graph" id="d10" />
  <key attr.name="Type" attr.type="string" for="graph" id="d9" />
  <key attr.name="DateType" attr.type="string" for="graph" id="d8" />
  <key attr.name="Version" attr.type="string" for="graph" id="d7" />
  <key attr.name="Source" attr.type="string" for="graph" id="d6" />
  <key attr.name="Access" attr.type="int" for="graph" id="d5" />
  <key attr.name="Provenance" attr.type="string" for="graph" id="d4" />
  <key attr.name="Network" attr.type="string" for="graph" id="d3" />
  <key attr.name="GeoExtent" attr.type="string" for="graph" id="d2" />
  <key attr.name="GeoLocation" attr.type="string" for="graph" id="d1" />
  <key attr.name="DateObtained" attr.type="string" for="graph" id="d0" />
  <graph edgedefault="undirected">
    <data key="d0">19/10/10</data>
    <data key="d1">North Carolina, South Carolina, USA</data>
    <data key="d2">Region</data>
    <data key="d3">PalmettoNet </data>
    <data key="d4">Primary</data>
    <data key="d5">0</data>
    <data key="d6">http://www.palmettonet.com/page_corenetwork.php</data>
    <data key="d7">1.0</data>
    <data key="d8">Historic</data>
    <data key="d9">COM</data>
    <data key="d10">1</data>
    <data key="d11">0</data>
    <data key="d12">Palmetto</data>
    <data key="d13">0.3.34dev-20120328</data>
    <data key="d14">0</data>
    <data key="d15">0</data>
    <data key="d16">e278b1b</data>
    <data key="d17">=</data>
    <data key="d18">0</data>
    <data key="d19">3/08/10</data>
    <data key="d20">Fibre</data>
    <data key="d21">Topology Zoo Toolset</data>
    <data key="d22">1</data>
    <data key="d23">0</data>
    <data key="d24">2006</data>
    <data key="d25">2006</data>
    <data key="d26">2011_09_01</data>
    <data key="d27">0</data>
    <node id="0">
      <data key="d28">1</data>
      <data key="d29">34.92487</data>
      <data key="d30">United States</data>
      <data key="d31">0</data>
      <data key="d32">-81.02508</data>
      <data key="d33">Rock Hill</data>
    </node>
    <node id="1">
      <data key="d28">1</data>
      <data key="d29">35.22709</data>
      <data key="d30">United States</data>
      <data key="d31">1</data>
      <data key="d32">-80.84313</data>
      <data key="d33">Charlotte</data>
    </node>
    <node id="2">
      <data key="d28">1</data>
      <data key="d29">34.41488</data>
      <data key="d30">United States</data>
      <data key="d31">2</data>
      <data key="d32">-80.34868</data>
      <data key="d33">Bethune</data>
    </node>
    <node id="3">
      <data key="d28">1</data>
      <data key="d29">34.72043</data>
      <data key="d30">United States</data>
      <data key="d31">3</data>
      <data key="d32">-80.7709</data>
      <data key="d33">Lancaster</data>
    </node>
    <node id="4">
      <data key="d28">1</data>
      <data key="d29">36.06014</data>
      <data key="d30">United States</data>
      <data key="d31">4</data>
      <data key="d32">-80.62062</data>
      <data key="d33">Courtney</data>
    </node>
    <node id="5">
      <data key="d28">1</data>
      <data key="d29">35.82403</data>
      <data key="d30">United States</data>
      <data key="d31">5</data>
      <data key="d32">-80.25338</data>
      <data key="d33">Lexington</data>
    </node>
    <node id="6">
      <data key="d28">1</data>
      <data key="d29">35.40875</data>
      <data key="d30">United States</data>
      <data key="d31">6</data>
      <data key="d32">-80.57951</data>
      <data key="d33">Concord</data>
    </node>
    <node id="7">
      <data key="d28">1</data>
      <data key="d29">35.64375</data>
      <data key="d30">United States</data>
      <data key="d31">7</data>
      <data key="d32">-80.46256</data>
      <data key="d33">Salisbury</data>
    </node>
    <node id="8">
      <data key="d28">1</data>
      <data key="d29">35.95569</data>
      <data key="d30">United States</data>
      <data key="d31">8</data>
      <data key="d32">-80.00532</data>
      <data key="d33">High Point</data>
    </node>
    <node id="9">
      <data key="d28">1</data>
      <data key="d29">35.70791</data>
      <data key="d30">United States</data>
      <data key="d31">9</data>
      <data key="d32">-79.81364</data>
      <data key="d33">Asheboro</data>
    </node>
    <node id="10">
      <data key="d28">1</data>
      <data key="d29">33.49182</data>
      <data key="d30">United States</data>
      <data key="d31">10</data>
      <data key="d32">-80.85565</data>
      <data key="d33">Orangeburg</data>
    </node>
    <node id="11">
      <data key="d28">1</data>
      <data key="d29">33.56042</data>
      <data key="d30">United States</data>
      <data key="d31">11</data>
      <data key="d32">-81.71955</data>
      <data key="d33">Aiken</data>
    </node>
    <node id="12">
      <data key="d28">1</data>
      <data key="d29">34.70486</data>
      <data key="d30">United States</data>
      <data key="d31">12</data>
      <data key="d32">-81.21426</data>
      <data key="d33">Chester</data>
    </node>
    <node id="13">
      <data key="d28">1</data>
      <data key="d29">34.00071</data>
      <data key="d30">United States</data>
      <data key="d31">13</data>
      <data key="d32">-81.03481</data>
      <data key="d33">Columbia</data>
    </node>
    <node id="14">
      <data key="d28">1</data>
      <data key="d29">33.92044</data>
      <data key="d30">United States</data>
      <data key="d31">14</data>
      <data key="d32">-80.34147</data>
      <data key="d33">Sumter</data>
    </node>
    <node id="15">
      <data key="d28">1</data>
      <data key="d29">33.37683</data>
      <data key="d30">United States</data>
      <data key="d31">15</data>
      <data key="d32">-79.2945</data>
      <data key="d33">Georgetown</data>
    </node>
    <node id="16">
      <data key="d28">1</data>
      <data key="d29">33.196</data>
      <data key="d30">United States</data>
      <data key="d31">16</data>
      <data key="d32">-80.01314</data>
      <data key="d33">Moncks Corner</data>
    </node>
    <node id="17">
      <data key="d28">1</data>
      <data key="d29">32.77657</data>
      <data key="d30">United States</data>
      <data key="d31">17</data>
      <data key="d32">-79.93092</data>
      <data key="d33">Charleston</data>
    </node>
    <node id="18">
      <data key="d28">1</data>
      <data key="d29">33.186</data>
      <data key="d30">United States</data>
      <data key="d31">18</data>
      <data key="d32">-80.57565</data>
      <data key="d33">St George</data>
    </node>
    <node id="19">
      <data key="d28">1</data>
      <data key="d29">32.90517</data>
      <data key="d30">United States</data>
      <data key="d31">19</data>
      <data key="d32">-80.66677</data>
      <data key="d33">Walterboro</data>
    </node>
    <node id="20">
      <data key="d28">1</data>
      <data key="d29">32.69018</data>
      <data key="d30">United States</data>
      <data key="d31">20</data>
      <data key="d32">-80.85066</data>
      <data key="d33">Yemassee</data>
    </node>
    <node id="21">
      <data key="d28">1</data>
      <data key="d29">33.5018</data>
      <data key="d30">United States</data>
      <data key="d31">21</data>
      <data key="d32">-81.96512</data>
      <data key="d33">Augusta</data>
    </node>
    <node id="22">
      <data key="d28">1</data>
      <data key="d29">32.21632</data>
      <data key="d30">United States</data>
      <data key="d31">22</data>
      <data key="d32">-80.75261</data>
      <data key="d33">Hilton Head</data>
    </node>
    <node id="23">
      <data key="d28">1</data>
      <data key="d29">32.43158</data>
      <data key="d30">United States</data>
      <data key="d31">23</data>
      <data key="d32">-80.66983</data>
      <data key="d33">Beaufort</data>
    </node>
    <node id="24">
      <data key="d28">1</data>
      <data key="d29">32.08354</data>
      <data key="d30">United States</data>
      <data key="d31">24</data>
      <data key="d32">-81.09983</data>
      <data key="d33">Savannah</data>
    </node>
    <node id="25">
      <data key="d28">1</data>
      <data key="d29">34.1954</data>
      <data key="d30">United States</data>
      <data key="d31">25</data>
      <data key="d32">-82.16179</data>
      <data key="d33">Greenwood</data>
    </node>
    <node id="26">
      <data key="d28">1</data>
      <data key="d29">34.33345</data>
      <data key="d30">United States</data>
      <data key="d31">26</data>
      <data key="d32">-82.3879</data>
      <data key="d33">Due West</data>
    </node>
    <node id="27">
      <data key="d28">1</data>
      <data key="d29">34.94957</data>
      <data key="d30">United States</data>
      <data key="d31">27</data>
      <data key="d32">-81.93205</data>
      <data key="d33">Spartanburg</data>
    </node>
    <node id="28">
      <data key="d28">1</data>
      <data key="d29">35.60095</data>
      <data key="d30">United States</data>
      <data key="d31">28</data>
      <data key="d32">-82.55402</data>
      <data key="d33">Asheville</data>
    </node>
    <node id="29">
      <data key="d28">1</data>
      <data key="d29">36.2168</data>
      <data key="d30">United States</data>
      <data key="d31">29</data>
      <data key="d32">-81.67455</data>
      <data key="d33">Boone</data>
    </node>
    <node id="30">
      <data key="d28">1</data>
      <data key="d29">35.73319</data>
      <data key="d30">United States</data>
      <data key="d31">30</data>
      <data key="d32">-81.3412</data>
      <data key="d33">Hickory</data>
    </node>
    <node id="31">
      <data key="d28">1</data>
      <data key="d29">34.50344</data>
      <data key="d30">United States</data>
      <data key="d31">31</data>
      <data key="d32">-82.65013</data>
      <data key="d33">Anderson</data>
    </node>
    <node id="32">
      <data key="d28">1</data>
      <data key="d29">34.68344</data>
      <data key="d30">United States</data>
      <data key="d31">32</data>
      <data key="d32">-82.83737</data>
      <data key="d33">Clemson</data>
    </node>
    <node id="33">
      <data key="d28">1</data>
      <data key="d29">34.57732</data>
      <data key="d30">United States</data>
      <data key="d31">33</data>
      <data key="d32">-83.33239</data>
      <data key="d33">Toccoa</data>
    </node>
    <node id="34">
      <data key="d28">1</data>
      <data key="d29">34.85262</data>
      <data key="d30">United States</data>
      <data key="d31">34</data>
      <data key="d32">-82.39401</data>
      <data key="d33">Greenville</data>
    </node>
    <node id="35">
      <data key="d28">1</data>
      <data key="d29">33.68906</data>
      <data key="d30">United States</data>
      <data key="d31">35</data>
      <data key="d32">-78.88669</data>
      <data key="d33">Myrtle Beach</data>
    </node>
    <node id="36">
      <data key="d28">1</data>
      <data key="d29">34.19543</data>
      <data key="d30">United States</data>
      <data key="d31">36</data>
      <data key="d32">-79.76256</data>
      <data key="d33">Florence</data>
    </node>
    <node id="37">
      <data key="d28">1</data>
      <data key="d29">36.34763</data>
      <data key="d30">United States</data>
      <data key="d31">37</data>
      <data key="d32">-81.53288</data>
      <data key="d33">Baldwin</data>
    </node>
    <node id="38">
      <data key="d28">1</data>
      <data key="d29">36.50541</data>
      <data key="d30">United States</data>
      <data key="d31">38</data>
      <data key="d32">-81.12092</data>
      <data key="d33">Sparta</data>
    </node>
    <node id="39">
      <data key="d28">1</data>
      <data key="d29">36.4993</data>
      <data key="d30">United States</data>
      <data key="d31">39</data>
      <data key="d32">-80.60729</data>
      <data key="d33">Level Cross</data>
    </node>
    <node id="40">
      <data key="d28">1</data>
      <data key="d29">36.07264</data>
      <data key="d30">United States</data>
      <data key="d31">40</data>
      <data key="d32">-79.79198</data>
      <data key="d33">Greensboro</data>
    </node>
    <node id="41">
      <data key="d28">1</data>
      <data key="d29">35.7721</data>
      <data key="d30">United States</data>
      <data key="d31">41</data>
      <data key="d32">-78.63861</data>
      <data key="d33">Raleigh</data>
    </node>
    <node id="42">
      <data key="d28">1</data>
      <data key="d29">35.9246</data>
      <data key="d30">United States</data>
      <data key="d31">42</data>
      <data key="d32">-77.79665</data>
      <data key="d33">Rocky Mount</data>
    </node>
    <node id="43">
      <data key="d28">1</data>
      <data key="d29">35.05266</data>
      <data key="d30">United States</data>
      <data key="d31">43</data>
      <data key="d32">-78.87836</data>
      <data key="d33">Fayetteville</data>
    </node>
    <node id="44">
      <data key="d28">1</data>
      <data key="d29">34.22573</data>
      <data key="d30">United States</data>
      <data key="d31">44</data>
      <data key="d32">-77.94471</data>
      <data key="d33">Wilmington</data>
    </node>
    <edge source="0" target="1">
      <data key="d34">e24</data>
      <data key="d35">0</data>
    </edge>
    <edge source="0" target="1">
      <data key="d34">e23</data>
      <data key="d35">1</data>
    </edge>
    <edge source="0" target="3">
      <data key="d34">e22</data>
      <data key="d35">0</data>
    </edge>
    <edge source="0" target="12">
      <data key="d34">e25</data>
      <data key="d35">0</data>
    </edge>
    <edge source="1" target="27">
      <data key="d34">e27</data>
      <data key="d35">0</data>
    </edge>
    <edge source="1" target="6">
      <data key="d34">e26</data>
      <data key="d35">0</data>
    </edge>
    <edge source="2" target="3">
      <data key="d34">e21</data>
      <data key="d35">0</data>
    </edge>
    <edge source="2" target="36">
      <data key="d34">e19</data>
      <data key="d35">0</data>
    </edge>
    <edge source="2" target="14">
      <data key="d34">e20</data>
      <data key="d35">0</data>
    </edge>
    <edge source="4" target="39">
      <data key="d34">e5</data>
      <data key="d35">0</data>
    </edge>
    <edge source="4" target="37">
      <data key="d34">e0</data>
      <data key="d35">0</data>
    </edge>
    <edge source="4" target="5">
      <data key="d34">e32</data>
      <data key="d35">0</data>
    </edge>
    <edge source="4" target="5">
      <data key="d34">e31</data>
      <data key="d35">1</data>
    </edge>
    <edge source="5" target="8">
      <data key="d34">e33</data>
      <data key="d35">0</data>
    </edge>
    <edge source="5" target="9">
      <data key="d34">e34</data>
      <data key="d35">0</data>
    </edge>
    <edge source="5" target="6">
      <data key="d34">e28</data>
      <data key="d35">0</data>
    </edge>
    <edge source="5" target="7">
      <data key="d34">e30</data>
      <data key="d35">0</data>
    </edge>
    <edge source="6" target="7">
      <data key="d34">e29</data>
      <data key="d35">0</data>
    </edge>
    <edge source="8" target="40">
      <data key="d34">e6</data>
      <data key="d35">0</data>
    </edge>
    <edge source="8" target="9">
      <data key="d34">e35</data>
      <data key="d35">0</data>
    </edge>
    <edge source="10" target="18">
      <data key="d34">e61</data>
      <data key="d35">0</data>
    </edge>
    <edge source="10" target="13">
      <data key="d34">e53</data>
      <data key="d35">0</data>
    </edge>
    <edge source="11" target="21">
      <data key="d34">e63</data>
      <data key="d35">0</data>
    </edge>
    <edge source="11" target="13">
      <data key="d34">e54</data>
      <data key="d35">0</data>
    </edge>
    <edge source="12" target="26">
      <data key="d34">e49</data>
      <data key="d35">0</data>
    </edge>
    <edge source="12" target="13">
      <data key="d34">e50</data>
      <data key="d35">0</data>
    </edge>
    <edge source="13" target="21">
      <data key="d34">e52</data>
      <data key="d35">0</data>
    </edge>
    <edge source="13" target="14">
      <data key="d34">e51</data>
      <data key="d35">0</data>
    </edge>
    <edge source="14" target="16">
      <data key="d34">e56</data>
      <data key="d35">0</data>
    </edge>
    <edge source="14" target="36">
      <data key="d34">e18</data>
      <data key="d35">0</data>
    </edge>
    <edge source="14" target="15">
      <data key="d34">e55</data>
      <data key="d35">0</data>
    </edge>
    <edge source="15" target="35">
      <data key="d34">e17</data>
      <data key="d35">0</data>
    </edge>
    <edge source="16" target="17">
      <data key="d34">e57</data>
      <data key="d35">0</data>
    </edge>
    <edge source="17" target="24">
      <data key="d34">e59</data>
      <data key="d35">0</data>
    </edge>
    <edge source="17" target="18">
      <data key="d34">e58</data>
      <data key="d35">0</data>
    </edge>
    <edge source="17" target="35">
      <data key="d34">e16</data>
      <data key="d35">0</data>
    </edge>
    <edge source="18" target="19">
      <data key="d34">e60</data>
      <data key="d35">0</data>
    </edge>
    <edge source="19" target="20">
      <data key="d34">e62</data>
      <data key="d35">0</data>
    </edge>
    <edge source="20" target="24">
      <data key="d34">e68</data>
      <data key="d35">0</data>
    </edge>
    <edge source="20" target="22">
      <data key="d34">e67</data>
      <data key="d35">0</data>
    </edge>
    <edge source="20" target="23">
      <data key="d34">e65</data>
      <data key="d35">0</data>
    </edge>
    <edge source="20" target="23">
      <data key="d34">e66</data>
      <data key="d35">1</data>
    </edge>
    <edge source="21" target="24">
      <data key="d34">e64</data>
      <data key="d35">0</data>
    </edge>
    <edge source="21" target="31">
      <data key="d34">e45</data>
      <data key="d35">0</data>
    </edge>
    <edge source="22" target="24">
      <data key="d34">e69</data>
      <data key="d35">0</data>
    </edge>
    <edge source="25" target="26">
      <data key="d34">e48</data>
      <data key="d35">0</data>
    </edge>
    <edge source="25" target="26">
      <data key="d34">e47</data>
      <data key="d35">1</data>
    </edge>
    <edge source="26" target="31">
      <data key="d34">e46</data>
      <data key="d35">0</data>
    </edge>
    <edge source="27" target="34">
      <data key="d34">e39</data>
      <data key="d35">0</data>
    </edge>
    <edge source="27" target="30">
      <data key="d34">e37</data>
      <data key="d35">0</data>
    </edge>
    <edge source="28" target="34">
      <data key="d34">e38</data>
      <data key="d35">0</data>
    </edge>
    <edge source="28" target="30">
      <data key="d34">e36</data>
      <data key="d35">0</data>
    </edge>
    <edge source="29" target="37">
      <data key="d34">e3</data>
      <data key="d35">0</data>
    </edge>
    <edge source="29" target="37">
      <data key="d34">e2</data>
      <data key="d35">1</data>
    </edge>
    <edge source="31" target="32">
      <data key="d34">e44</data>
      <data key="d35">0</data>
    </edge>
    <edge source="31" target="33">
      <data key="d34">e43</data>
      <data key="d35">0</data>
    </edge>
    <edge source="32" target="33">
      <data key="d34">e42</data>
      <data key="d35">0</data>
    </edge>
    <edge source="32" target="34">
      <data key="d34">e41</data>
      <data key="d35">0</data>
    </edge>
    <edge source="33" target="34">
      <data key="d34">e40</data>
      <data key="d35">0</data>
    </edge>
    <edge source="35" target="36">
      <data key="d34">e15</data>
      <data key="d35">0</data>
    </edge>
    <edge source="35" target="36">
      <data key="d34">e14</data>
      <data key="d35">1</data>
    </edge>
    <edge source="35" target="44">
      <data key="d34">e13</data>
      <data key="d35">0</data>
    </edge>
    <edge source="36" target="43">
      <data key="d34">e11</data>
      <data key="d35">0</data>
    </edge>
    <edge source="37" target="38">
      <data key="d34">e1</data>
      <data key="d35">0</data>
    </edge>
    <edge source="38" target="39">
      <data key="d34">e4</data>
      <data key="d35">0</data>
    </edge>
    <edge source="40" target="41">
      <data key="d34">e7</data>
      <data key="d35">0</data>
    </edge>
    <edge source="41" target="42">
      <data key="d34">e8</data>
      <data key="d35">0</data>
    </edge>
    <edge source="41" target="43">
      <data key="d34">e9</data>
      <data key="d35">0</data>
    </edge>
    <edge source="42" target="43">
      <data key="d34">e10</data>
      <data key="d35">0</data>
    </edge>
    <edge source="43" target="44">
      <data key="d34">e12</data>
      <data key="d35">0</data>
    </edge>
  </graph>
</graphml>
