<?xml version="1.0" encoding="utf-8"?><graphml xmlns="http://graphml.graphdrawing.org/xmlns" xmlns:xsi="http://www.w3.org/2001/XMLSchema-instance" xsi:schemaLocation="http://graphml.graphdrawing.org/xmlns http://graphml.graphdrawing.org/xmlns/1.0/graphml.xsd">
  <key attr.name="key" attr.type="int" for="edge" id="d37" />
  <key attr.name="LinkLabel" attr.type="string" for="edge" id="d36" />
  <key attr.name="Longitude" attr.type="double" for="node" id="d35" />
  <key attr.name="Country" attr.type="string" for="node" id="d34" />
  <key attr.name="Latitude" attr.type="double" for="node" id="d33" />
  <key attr.name="hyperedge" attr.type="int" for="node" id="d32" />
  <key attr.name="label" attr.type="string" for="node" id="d31" />
  <key attr.name="id" attr.type="int" for="node" id="d30" />
  <key attr.name="type" attr.type="string" for="node" id="d29" />
  <key attr.name="Internal" attr.type="int" for="node" id="d28" />
  <key attr.name="Testbed" attr.type="int" for="graph" id="d27" />
  <key attr.name="LastProcessed" attr.type="string" for="graph" id="d26" />
  <key attr.name="DateYear" attr.type="string" for="graph" id="d25" />
  <key attr.name="NetworkDate" attr.type="string" for="graph" id="d24" />
  <key attr.name="Transit" attr.type="int" for="graph" id="d23" />
  <key attr.name="Developed" attr.type="int" for="graph" id="d22" />
  <key attr.name="Creator" attr.type="string" for="graph" id="d21" />
  <key attr.name="Layer" attr.type="string" for="graph" id="d20" />
  <key attr.name="LastAccess" attr.type="string" for="graph" id="d19" />
  <key attr.name="DateMonth" attr.type="string" for="graph" id="d18" />
  <key attr.name="DateModifier" attr.type="string" for="graph" id="d17" />
  <key attr.name="SourceGitVersion" attr.type="string" for="graph" id="d16" />
  <key attr.name="IX" attr.type="int" for="graph" id="d15" />
  <key attr.name="Customer" attr.type="int" for="graph" id="d14" />
  <key attr.name="ToolsetVersion" attr.type="string" for="graph" id="d13" />
  <key attr.name="label" attr.type="string" for="graph" id="d12" />
  <key attr.name="Commercial" attr.type="int" for="graph" id="d11" />
  <key attr.name="Backbone" attr.type="int" for="graph" id="d10" />
  <key attr.name="DateType" attr.type="string" for="graph" id="d9" />
  <key attr.name="Type" attr.type="string" for="graph" id="d8" />
  <key attr.name="Version" attr.type="string" for="graph" id="d7" />
  <key attr.name="Source" attr.type="string" for="graph" id="d6" />
  <key attr.name="Access" attr.type="int" for="graph" id="d5" />
  <key attr.name="Provenance" attr.type="string" for="graph" id="d4" />
  <key attr.name="Network" attr.type="string" for="graph" id="d3" />
  <key attr.name="GeoExtent" attr.type="string" for="graph" id="d2" />
  <key attr.name="GeoLocation" attr.type="string" for="graph" id="d1" />
  <key attr.name="DateObtained" attr.type="string" for="graph" id="d0" />
  <graph edgedefault="undirected">
    <data key="d0">22/10/10</data>
    <data key="d1">Pakistan</data>
    <data key="d2">Country</data>
    <data key="d3">PERN</data>
    <data key="d4">Primary</data>
    <data key="d5">0</data>
    <data key="d6">http://pern.edu.pk/index.php?option=com_content&amp;amp;task=view&amp;amp;id=12&amp;amp;Itemid=75</data>
    <data key="d7">1.0</data>
    <data key="d8">REN</data>
    <data key="d9">Current</data>
    <data key="d10">1</data>
    <data key="d11">0</data>
    <data key="d12">Pern</data>
    <data key="d13">0.3.34dev-20120328</data>
    <data key="d14">0</data>
    <data key="d15">0</data>
    <data key="d16">e278b1b</data>
    <data key="d17">=</data>
    <data key="d18">10</data>
    <data key="d19">21/10/10</data>
    <data key="d20">IP</data>
    <data key="d21">Topology Zoo Toolset</data>
    <data key="d22">0</data>
    <data key="d23">0</data>
    <data key="d24">2010_10</data>
    <data key="d25">2010</data>
    <data key="d26">2011_09_01</data>
    <data key="d27">0</data>
    <node id="0">
      <data key="d28">1</data>
      <data key="d29">University</data>
      <data key="d30">0</data>
      <data key="d31">None</data>
    </node>
    <node id="1">
      <data key="d28">1</data>
      <data key="d29">University</data>
      <data key="d30">1</data>
      <data key="d31">None</data>
    </node>
    <node id="2">
      <data key="d28">1</data>
      <data key="d29">University</data>
      <data key="d30">2</data>
      <data key="d31">None</data>
    </node>
    <node id="3">
      <data key="d28">1</data>
      <data key="d29">University</data>
      <data key="d30">3</data>
      <data key="d31">None</data>
    </node>
    <node id="4">
      <data key="d28">1</data>
      <data key="d29">University</data>
      <data key="d30">4</data>
      <data key="d31">None</data>
    </node>
    <node id="5">
      <data key="d28">1</data>
      <data key="d29">University</data>
      <data key="d30">5</data>
      <data key="d31">None</data>
    </node>
    <node id="6">
      <data key="d28">1</data>
      <data key="d29">University</data>
      <data key="d30">6</data>
      <data key="d31">None</data>
    </node>
    <node id="7">
      <data key="d28">1</data>
      <data key="d29">University</data>
      <data key="d30">7</data>
      <data key="d31">None</data>
    </node>
    <node id="8">
      <data key="d28">1</data>
      <data key="d29">University</data>
      <data key="d30">8</data>
      <data key="d31">None</data>
    </node>
    <node id="9">
      <data key="d28">1</data>
      <data key="d29">University</data>
      <data key="d30">9</data>
      <data key="d31">None</data>
    </node>
    <node id="10">
      <data key="d32">1</data>
      <data key="d28">1</data>
      <data key="d30">10</data>
      <data key="d31">None</data>
    </node>
    <node id="11">
      <data key="d28">1</data>
      <data key="d29">University</data>
      <data key="d30">11</data>
      <data key="d31">None</data>
    </node>
    <node id="12">
      <data key="d28">1</data>
      <data key="d29">University</data>
      <data key="d30">12</data>
      <data key="d31">None</data>
    </node>
    <node id="13">
      <data key="d28">1</data>
      <data key="d33">34.00837</data>
      <data key="d34">Pakistan</data>
      <data key="d29">PoP</data>
      <data key="d30">13</data>
      <data key="d35">71.58018</data>
      <data key="d31">Peshawar</data>
    </node>
    <node id="14">
      <data key="d28">1</data>
      <data key="d29">University</data>
      <data key="d30">14</data>
      <data key="d31">None</data>
    </node>
    <node id="15">
      <data key="d28">1</data>
      <data key="d29">University</data>
      <data key="d30">15</data>
      <data key="d31">None</data>
    </node>
    <node id="16">
      <data key="d28">1</data>
      <data key="d29">University</data>
      <data key="d30">16</data>
      <data key="d31">None</data>
    </node>
    <node id="17">
      <data key="d28">1</data>
      <data key="d29">University</data>
      <data key="d30">17</data>
      <data key="d31">None</data>
    </node>
    <node id="18">
      <data key="d28">1</data>
      <data key="d29">University</data>
      <data key="d30">18</data>
      <data key="d31">None</data>
    </node>
    <node id="19">
      <data key="d28">1</data>
      <data key="d29">University</data>
      <data key="d30">19</data>
      <data key="d31">None</data>
    </node>
    <node id="20">
      <data key="d28">1</data>
      <data key="d29">University</data>
      <data key="d30">20</data>
      <data key="d31">None</data>
    </node>
    <node id="21">
      <data key="d28">1</data>
      <data key="d29">University</data>
      <data key="d30">21</data>
      <data key="d31">None</data>
    </node>
    <node id="22">
      <data key="d28">1</data>
      <data key="d29">University</data>
      <data key="d30">22</data>
      <data key="d31">None</data>
    </node>
    <node id="23">
      <data key="d28">1</data>
      <data key="d29">University</data>
      <data key="d30">23</data>
      <data key="d31">None</data>
    </node>
    <node id="24">
      <data key="d28">1</data>
      <data key="d29">University</data>
      <data key="d30">24</data>
      <data key="d31">None</data>
    </node>
    <node id="25">
      <data key="d28">1</data>
      <data key="d29">University</data>
      <data key="d30">25</data>
      <data key="d31">None</data>
    </node>
    <node id="26">
      <data key="d28">1</data>
      <data key="d29">University</data>
      <data key="d30">26</data>
      <data key="d31">None</data>
    </node>
    <node id="27">
      <data key="d28">1</data>
      <data key="d29">University</data>
      <data key="d30">27</data>
      <data key="d31">None</data>
    </node>
    <node id="28">
      <data key="d28">1</data>
      <data key="d29">University</data>
      <data key="d30">28</data>
      <data key="d31">None</data>
    </node>
    <node id="29">
      <data key="d28">1</data>
      <data key="d29">University</data>
      <data key="d30">29</data>
      <data key="d31">None</data>
    </node>
    <node id="30">
      <data key="d28">1</data>
      <data key="d29">University</data>
      <data key="d30">30</data>
      <data key="d31">None</data>
    </node>
    <node id="31">
      <data key="d28">1</data>
      <data key="d29">University</data>
      <data key="d30">31</data>
      <data key="d31">None</data>
    </node>
    <node id="32">
      <data key="d28">1</data>
      <data key="d29">University</data>
      <data key="d30">32</data>
      <data key="d31">None</data>
    </node>
    <node id="33">
      <data key="d28">1</data>
      <data key="d29">University</data>
      <data key="d30">33</data>
      <data key="d31">None</data>
    </node>
    <node id="34">
      <data key="d28">1</data>
      <data key="d29">University</data>
      <data key="d30">34</data>
      <data key="d31">None</data>
    </node>
    <node id="35">
      <data key="d28">1</data>
      <data key="d29">University</data>
      <data key="d30">35</data>
      <data key="d31">None</data>
    </node>
    <node id="36">
      <data key="d28">1</data>
      <data key="d29">University</data>
      <data key="d30">36</data>
      <data key="d31">None</data>
    </node>
    <node id="37">
      <data key="d28">1</data>
      <data key="d29">University</data>
      <data key="d30">37</data>
      <data key="d31">None</data>
    </node>
    <node id="38">
      <data key="d28">1</data>
      <data key="d29">University</data>
      <data key="d30">38</data>
      <data key="d31">None</data>
    </node>
    <node id="39">
      <data key="d28">1</data>
      <data key="d29">University</data>
      <data key="d30">39</data>
      <data key="d31">None</data>
    </node>
    <node id="40">
      <data key="d28">1</data>
      <data key="d29">University</data>
      <data key="d30">40</data>
      <data key="d31">None</data>
    </node>
    <node id="41">
      <data key="d28">1</data>
      <data key="d29">University</data>
      <data key="d30">41</data>
      <data key="d31">None</data>
    </node>
    <node id="42">
      <data key="d28">1</data>
      <data key="d29">University</data>
      <data key="d30">42</data>
      <data key="d31">None</data>
    </node>
    <node id="43">
      <data key="d28">1</data>
      <data key="d33">24.9056</data>
      <data key="d34">Pakistan</data>
      <data key="d29">PoP</data>
      <data key="d30">43</data>
      <data key="d35">67.0822</data>
      <data key="d31">Karachi</data>
    </node>
    <node id="44">
      <data key="d28">1</data>
      <data key="d29">University</data>
      <data key="d30">44</data>
      <data key="d31">None</data>
    </node>
    <node id="45">
      <data key="d28">1</data>
      <data key="d29">University</data>
      <data key="d30">45</data>
      <data key="d31">None</data>
    </node>
    <node id="46">
      <data key="d32">1</data>
      <data key="d28">1</data>
      <data key="d30">46</data>
      <data key="d31">None</data>
    </node>
    <node id="47">
      <data key="d28">1</data>
      <data key="d29">University</data>
      <data key="d30">47</data>
      <data key="d31">None</data>
    </node>
    <node id="48">
      <data key="d28">1</data>
      <data key="d29">University</data>
      <data key="d30">48</data>
      <data key="d31">None</data>
    </node>
    <node id="49">
      <data key="d28">1</data>
      <data key="d29">University</data>
      <data key="d30">49</data>
      <data key="d31">None</data>
    </node>
    <node id="50">
      <data key="d28">1</data>
      <data key="d33">31.41667</data>
      <data key="d34">Pakistan</data>
      <data key="d29">PoP</data>
      <data key="d30">50</data>
      <data key="d35">73.08333</data>
      <data key="d31">Faisalabad</data>
    </node>
    <node id="51">
      <data key="d28">1</data>
      <data key="d29">University</data>
      <data key="d30">51</data>
      <data key="d31">None</data>
    </node>
    <node id="52">
      <data key="d28">1</data>
      <data key="d29">University</data>
      <data key="d30">52</data>
      <data key="d31">None</data>
    </node>
    <node id="53">
      <data key="d28">1</data>
      <data key="d29">University</data>
      <data key="d30">53</data>
      <data key="d31">None</data>
    </node>
    <node id="54">
      <data key="d28">1</data>
      <data key="d29">University</data>
      <data key="d30">54</data>
      <data key="d31">None</data>
    </node>
    <node id="55">
      <data key="d28">1</data>
      <data key="d29">University</data>
      <data key="d30">55</data>
      <data key="d31">None</data>
    </node>
    <node id="56">
      <data key="d28">1</data>
      <data key="d29">University</data>
      <data key="d30">56</data>
      <data key="d31">None</data>
    </node>
    <node id="57">
      <data key="d28">1</data>
      <data key="d29">University</data>
      <data key="d30">57</data>
      <data key="d31">None</data>
    </node>
    <node id="58">
      <data key="d28">1</data>
      <data key="d29">University</data>
      <data key="d30">58</data>
      <data key="d31">None</data>
    </node>
    <node id="59">
      <data key="d32">1</data>
      <data key="d28">1</data>
      <data key="d30">59</data>
      <data key="d31">None</data>
    </node>
    <node id="60">
      <data key="d32">1</data>
      <data key="d28">1</data>
      <data key="d30">60</data>
      <data key="d31">None</data>
    </node>
    <node id="61">
      <data key="d28">1</data>
      <data key="d29">University</data>
      <data key="d30">61</data>
      <data key="d31">None</data>
    </node>
    <node id="62">
      <data key="d28">1</data>
      <data key="d29">University</data>
      <data key="d30">62</data>
      <data key="d31">None</data>
    </node>
    <node id="63">
      <data key="d28">1</data>
      <data key="d29">University</data>
      <data key="d30">63</data>
      <data key="d31">None</data>
    </node>
    <node id="64">
      <data key="d28">1</data>
      <data key="d29">University</data>
      <data key="d30">64</data>
      <data key="d31">None</data>
    </node>
    <node id="65">
      <data key="d28">1</data>
      <data key="d29">University</data>
      <data key="d30">65</data>
      <data key="d31">None</data>
    </node>
    <node id="66">
      <data key="d28">1</data>
      <data key="d33">30.18722</data>
      <data key="d34">Pakistan</data>
      <data key="d29">PoP</data>
      <data key="d30">66</data>
      <data key="d35">67.0125</data>
      <data key="d31">Quetta</data>
    </node>
    <node id="67">
      <data key="d28">1</data>
      <data key="d29">University</data>
      <data key="d30">67</data>
      <data key="d31">None</data>
    </node>
    <node id="68">
      <data key="d28">1</data>
      <data key="d29">University</data>
      <data key="d30">68</data>
      <data key="d31">None</data>
    </node>
    <node id="69">
      <data key="d28">1</data>
      <data key="d29">University</data>
      <data key="d30">69</data>
      <data key="d31">None</data>
    </node>
    <node id="70">
      <data key="d28">1</data>
      <data key="d29">University</data>
      <data key="d30">70</data>
      <data key="d31">None</data>
    </node>
    <node id="71">
      <data key="d28">1</data>
      <data key="d29">University</data>
      <data key="d30">71</data>
      <data key="d31">None</data>
    </node>
    <node id="72">
      <data key="d28">1</data>
      <data key="d33">31.54972</data>
      <data key="d34">Pakistan</data>
      <data key="d29">PoP</data>
      <data key="d30">72</data>
      <data key="d35">74.34361</data>
      <data key="d31">Lahore</data>
    </node>
    <node id="73">
      <data key="d28">1</data>
      <data key="d29">University</data>
      <data key="d30">73</data>
      <data key="d31">None</data>
    </node>
    <node id="74">
      <data key="d28">1</data>
      <data key="d29">University</data>
      <data key="d30">74</data>
      <data key="d31">None</data>
    </node>
    <node id="75">
      <data key="d28">1</data>
      <data key="d29">University</data>
      <data key="d30">75</data>
      <data key="d31">None</data>
    </node>
    <node id="76">
      <data key="d28">1</data>
      <data key="d29">University</data>
      <data key="d30">76</data>
      <data key="d31">None</data>
    </node>
    <node id="77">
      <data key="d28">1</data>
      <data key="d29">University</data>
      <data key="d30">77</data>
      <data key="d31">None</data>
    </node>
    <node id="78">
      <data key="d28">1</data>
      <data key="d29">University</data>
      <data key="d30">78</data>
      <data key="d31">None</data>
    </node>
    <node id="79">
      <data key="d28">1</data>
      <data key="d29">University</data>
      <data key="d30">79</data>
      <data key="d31">None</data>
    </node>
    <node id="80">
      <data key="d28">1</data>
      <data key="d29">University</data>
      <data key="d30">80</data>
      <data key="d31">None</data>
    </node>
    <node id="81">
      <data key="d28">1</data>
      <data key="d29">University</data>
      <data key="d30">81</data>
      <data key="d31">None</data>
    </node>
    <node id="82">
      <data key="d28">1</data>
      <data key="d29">University</data>
      <data key="d30">82</data>
      <data key="d31">None</data>
    </node>
    <node id="83">
      <data key="d28">1</data>
      <data key="d29">University</data>
      <data key="d30">83</data>
      <data key="d31">None</data>
    </node>
    <node id="84">
      <data key="d28">1</data>
      <data key="d29">University</data>
      <data key="d30">84</data>
      <data key="d31">None</data>
    </node>
    <node id="85">
      <data key="d28">1</data>
      <data key="d29">University</data>
      <data key="d30">85</data>
      <data key="d31">None</data>
    </node>
    <node id="86">
      <data key="d28">1</data>
      <data key="d29">University</data>
      <data key="d30">86</data>
      <data key="d31">None</data>
    </node>
    <node id="87">
      <data key="d28">1</data>
      <data key="d29">University</data>
      <data key="d30">87</data>
      <data key="d31">None</data>
    </node>
    <node id="88">
      <data key="d28">1</data>
      <data key="d29">University</data>
      <data key="d30">88</data>
      <data key="d31">None</data>
    </node>
    <node id="89">
      <data key="d28">1</data>
      <data key="d29">University</data>
      <data key="d30">89</data>
      <data key="d31">None</data>
    </node>
    <node id="90">
      <data key="d28">1</data>
      <data key="d29">University</data>
      <data key="d30">90</data>
      <data key="d31">None</data>
    </node>
    <node id="91">
      <data key="d28">1</data>
      <data key="d29">University</data>
      <data key="d30">91</data>
      <data key="d31">None</data>
    </node>
    <node id="92">
      <data key="d28">1</data>
      <data key="d29">University</data>
      <data key="d30">92</data>
      <data key="d31">None</data>
    </node>
    <node id="93">
      <data key="d28">1</data>
      <data key="d29">University</data>
      <data key="d30">93</data>
      <data key="d31">None</data>
    </node>
    <node id="94">
      <data key="d28">1</data>
      <data key="d29">University</data>
      <data key="d30">94</data>
      <data key="d31">None</data>
    </node>
    <node id="95">
      <data key="d28">1</data>
      <data key="d29">University</data>
      <data key="d30">95</data>
      <data key="d31">None</data>
    </node>
    <node id="96">
      <data key="d28">1</data>
      <data key="d29">University</data>
      <data key="d30">96</data>
      <data key="d31">None</data>
    </node>
    <node id="97">
      <data key="d28">1</data>
      <data key="d29">University</data>
      <data key="d30">97</data>
      <data key="d31">None</data>
    </node>
    <node id="98">
      <data key="d28">1</data>
      <data key="d29">University</data>
      <data key="d30">98</data>
      <data key="d31">None</data>
    </node>
    <node id="99">
      <data key="d28">1</data>
      <data key="d29">University</data>
      <data key="d30">99</data>
      <data key="d31">None</data>
    </node>
    <node id="100">
      <data key="d28">1</data>
      <data key="d29">University</data>
      <data key="d30">100</data>
      <data key="d31">None</data>
    </node>
    <node id="101">
      <data key="d28">1</data>
      <data key="d29">University</data>
      <data key="d30">101</data>
      <data key="d31">None</data>
    </node>
    <node id="102">
      <data key="d28">1</data>
      <data key="d33">34.00837</data>
      <data key="d34">Pakistan</data>
      <data key="d29">PoP</data>
      <data key="d30">102</data>
      <data key="d35">71.58018</data>
      <data key="d31">Peshawar</data>
    </node>
    <node id="103">
      <data key="d28">1</data>
      <data key="d29">University</data>
      <data key="d30">103</data>
      <data key="d31">None</data>
    </node>
    <node id="104">
      <data key="d28">1</data>
      <data key="d29">University</data>
      <data key="d30">104</data>
      <data key="d31">None</data>
    </node>
    <node id="105">
      <data key="d28">1</data>
      <data key="d29">University</data>
      <data key="d30">105</data>
      <data key="d31">None</data>
    </node>
    <node id="106">
      <data key="d28">1</data>
      <data key="d29">University</data>
      <data key="d30">106</data>
      <data key="d31">None</data>
    </node>
    <node id="107">
      <data key="d28">1</data>
      <data key="d29">University</data>
      <data key="d30">107</data>
      <data key="d31">None</data>
    </node>
    <node id="108">
      <data key="d28">1</data>
      <data key="d29">University</data>
      <data key="d30">108</data>
      <data key="d31">None</data>
    </node>
    <node id="109">
      <data key="d28">1</data>
      <data key="d29">University</data>
      <data key="d30">109</data>
      <data key="d31">None</data>
    </node>
    <node id="110">
      <data key="d28">1</data>
      <data key="d29">University</data>
      <data key="d30">110</data>
      <data key="d31">None</data>
    </node>
    <node id="111">
      <data key="d28">1</data>
      <data key="d29">University</data>
      <data key="d30">111</data>
      <data key="d31">None</data>
    </node>
    <node id="112">
      <data key="d28">1</data>
      <data key="d29">University</data>
      <data key="d30">112</data>
      <data key="d31">None</data>
    </node>
    <node id="113">
      <data key="d28">1</data>
      <data key="d29">University</data>
      <data key="d30">113</data>
      <data key="d31">None</data>
    </node>
    <node id="114">
      <data key="d28">1</data>
      <data key="d29">University</data>
      <data key="d30">114</data>
      <data key="d31">None</data>
    </node>
    <node id="115">
      <data key="d28">1</data>
      <data key="d29">University</data>
      <data key="d30">115</data>
      <data key="d31">None</data>
    </node>
    <node id="116">
      <data key="d28">1</data>
      <data key="d29">University</data>
      <data key="d30">116</data>
      <data key="d31">None</data>
    </node>
    <node id="117">
      <data key="d28">1</data>
      <data key="d29">University</data>
      <data key="d30">117</data>
      <data key="d31">None</data>
    </node>
    <node id="118">
      <data key="d28">1</data>
      <data key="d29">University</data>
      <data key="d30">118</data>
      <data key="d31">None</data>
    </node>
    <node id="119">
      <data key="d28">1</data>
      <data key="d33">34.14685</data>
      <data key="d34">Pakistan</data>
      <data key="d29">PoP</data>
      <data key="d30">119</data>
      <data key="d35">73.21449</data>
      <data key="d31">Abbottabad</data>
    </node>
    <node id="120">
      <data key="d28">1</data>
      <data key="d29">University</data>
      <data key="d30">120</data>
      <data key="d31">None</data>
    </node>
    <node id="121">
      <data key="d28">1</data>
      <data key="d29">University</data>
      <data key="d30">121</data>
      <data key="d31">None</data>
    </node>
    <node id="122">
      <data key="d28">1</data>
      <data key="d29">University</data>
      <data key="d30">122</data>
      <data key="d31">None</data>
    </node>
    <node id="123">
      <data key="d28">1</data>
      <data key="d29">University</data>
      <data key="d30">123</data>
      <data key="d31">None</data>
    </node>
    <node id="124">
      <data key="d28">1</data>
      <data key="d29">University</data>
      <data key="d30">124</data>
      <data key="d31">None</data>
    </node>
    <node id="125">
      <data key="d28">1</data>
      <data key="d29">University</data>
      <data key="d30">125</data>
      <data key="d31">None</data>
    </node>
    <node id="126">
      <data key="d28">1</data>
      <data key="d33">33.72148</data>
      <data key="d34">Pakistan</data>
      <data key="d29">PoP</data>
      <data key="d30">126</data>
      <data key="d35">73.04329</data>
      <data key="d31">Islamabad</data>
    </node>
    <edge source="0" target="102">
      <data key="d36">University to PoP Connectivity</data>
      <data key="d37">0</data>
    </edge>
    <edge source="1" target="102">
      <data key="d36">University to PoP Connectivity</data>
      <data key="d37">0</data>
    </edge>
    <edge source="2" target="102">
      <data key="d36">University to PoP Connectivity</data>
      <data key="d37">0</data>
    </edge>
    <edge source="3" target="102">
      <data key="d36">University to PoP Connectivity</data>
      <data key="d37">0</data>
    </edge>
    <edge source="4" target="102">
      <data key="d36">University to PoP Connectivity</data>
      <data key="d37">0</data>
    </edge>
    <edge source="5" target="102">
      <data key="d36">University to PoP Connectivity</data>
      <data key="d37">0</data>
    </edge>
    <edge source="6" target="102">
      <data key="d36">University to PoP Connectivity</data>
      <data key="d37">0</data>
    </edge>
    <edge source="7" target="102">
      <data key="d36">University to PoP Connectivity</data>
      <data key="d37">0</data>
    </edge>
    <edge source="8" target="102">
      <data key="d36">University to PoP Connectivity</data>
      <data key="d37">0</data>
    </edge>
    <edge source="9" target="102">
      <data key="d36">University to PoP Connectivity</data>
      <data key="d37">0</data>
    </edge>
    <edge source="10" target="59">
      <data key="d36">National Optical Fiber Network</data>
      <data key="d37">0</data>
    </edge>
    <edge source="10" target="13">
      <data key="d36">National Optical Fiber Network</data>
      <data key="d37">0</data>
    </edge>
    <edge source="10" target="46">
      <data key="d36">National Optical Fiber Network</data>
      <data key="d37">0</data>
    </edge>
    <edge source="11" target="66">
      <data key="d36">University to PoP Connectivity</data>
      <data key="d37">0</data>
    </edge>
    <edge source="12" target="13">
      <data key="d36">University to PoP Connectivity</data>
      <data key="d37">0</data>
    </edge>
    <edge source="13" target="39">
      <data key="d36">University to PoP Connectivity</data>
      <data key="d37">0</data>
    </edge>
    <edge source="13" target="40">
      <data key="d36">University to PoP Connectivity</data>
      <data key="d37">0</data>
    </edge>
    <edge source="13" target="41">
      <data key="d36">University to PoP Connectivity</data>
      <data key="d37">0</data>
    </edge>
    <edge source="13" target="43">
      <data key="d36">National Optical Fiber Network</data>
      <data key="d37">0</data>
    </edge>
    <edge source="13" target="45">
      <data key="d36">University to PoP Connectivity</data>
      <data key="d37">0</data>
    </edge>
    <edge source="13" target="46">
      <data key="d36">National Optical Fiber Network</data>
      <data key="d37">0</data>
    </edge>
    <edge source="13" target="18">
      <data key="d36">University to PoP Connectivity</data>
      <data key="d37">0</data>
    </edge>
    <edge source="13" target="19">
      <data key="d36">University to PoP Connectivity</data>
      <data key="d37">0</data>
    </edge>
    <edge source="13" target="42">
      <data key="d36">University to PoP Connectivity</data>
      <data key="d37">0</data>
    </edge>
    <edge source="14" target="66">
      <data key="d36">University to PoP Connectivity</data>
      <data key="d37">0</data>
    </edge>
    <edge source="15" target="66">
      <data key="d36">University to PoP Connectivity</data>
      <data key="d37">0</data>
    </edge>
    <edge source="16" target="66">
      <data key="d36">University to PoP Connectivity</data>
      <data key="d37">0</data>
    </edge>
    <edge source="17" target="66">
      <data key="d36">University to PoP Connectivity</data>
      <data key="d37">0</data>
    </edge>
    <edge source="20" target="43">
      <data key="d36">University to PoP Connectivity</data>
      <data key="d37">0</data>
    </edge>
    <edge source="21" target="43">
      <data key="d36">University to PoP Connectivity</data>
      <data key="d37">0</data>
    </edge>
    <edge source="22" target="43">
      <data key="d36">University to PoP Connectivity</data>
      <data key="d37">0</data>
    </edge>
    <edge source="23" target="43">
      <data key="d36">University to PoP Connectivity</data>
      <data key="d37">0</data>
    </edge>
    <edge source="24" target="43">
      <data key="d36">University to PoP Connectivity</data>
      <data key="d37">0</data>
    </edge>
    <edge source="25" target="43">
      <data key="d36">University to PoP Connectivity</data>
      <data key="d37">0</data>
    </edge>
    <edge source="26" target="43">
      <data key="d36">University to PoP Connectivity</data>
      <data key="d37">0</data>
    </edge>
    <edge source="27" target="126">
      <data key="d36">University to PoP Connectivity</data>
      <data key="d37">0</data>
    </edge>
    <edge source="28" target="126">
      <data key="d36">University to PoP Connectivity</data>
      <data key="d37">0</data>
    </edge>
    <edge source="29" target="126">
      <data key="d36">University to PoP Connectivity</data>
      <data key="d37">0</data>
    </edge>
    <edge source="30" target="126">
      <data key="d36">University to PoP Connectivity</data>
      <data key="d37">0</data>
    </edge>
    <edge source="31" target="126">
      <data key="d36">University to PoP Connectivity</data>
      <data key="d37">0</data>
    </edge>
    <edge source="32" target="126">
      <data key="d36">University to PoP Connectivity</data>
      <data key="d37">0</data>
    </edge>
    <edge source="33" target="126">
      <data key="d36">University to PoP Connectivity</data>
      <data key="d37">0</data>
    </edge>
    <edge source="34" target="126">
      <data key="d36">University to PoP Connectivity</data>
      <data key="d37">0</data>
    </edge>
    <edge source="35" target="126">
      <data key="d36">University to PoP Connectivity</data>
      <data key="d37">0</data>
    </edge>
    <edge source="36" target="126">
      <data key="d36">University to PoP Connectivity</data>
      <data key="d37">0</data>
    </edge>
    <edge source="37" target="43">
      <data key="d36">University to PoP Connectivity</data>
      <data key="d37">0</data>
    </edge>
    <edge source="38" target="43">
      <data key="d36">University to PoP Connectivity</data>
      <data key="d37">0</data>
    </edge>
    <edge source="43" target="44">
      <data key="d36">University to PoP Connectivity</data>
      <data key="d37">0</data>
    </edge>
    <edge source="43" target="65">
      <data key="d36">University to PoP Connectivity</data>
      <data key="d37">0</data>
    </edge>
    <edge source="43" target="68">
      <data key="d36">University to PoP Connectivity</data>
      <data key="d37">0</data>
    </edge>
    <edge source="43" target="89">
      <data key="d36">University to PoP Connectivity</data>
      <data key="d37">0</data>
    </edge>
    <edge source="43" target="90">
      <data key="d36">University to PoP Connectivity</data>
      <data key="d37">0</data>
    </edge>
    <edge source="43" target="91">
      <data key="d36">University to PoP Connectivity</data>
      <data key="d37">0</data>
    </edge>
    <edge source="43" target="92">
      <data key="d36">University to PoP Connectivity</data>
      <data key="d37">0</data>
    </edge>
    <edge source="43" target="93">
      <data key="d36">University to PoP Connectivity</data>
      <data key="d37">0</data>
    </edge>
    <edge source="43" target="94">
      <data key="d36">University to PoP Connectivity</data>
      <data key="d37">0</data>
    </edge>
    <edge source="43" target="95">
      <data key="d36">University to PoP Connectivity</data>
      <data key="d37">0</data>
    </edge>
    <edge source="43" target="96">
      <data key="d36">University to PoP Connectivity</data>
      <data key="d37">0</data>
    </edge>
    <edge source="43" target="97">
      <data key="d36">University to PoP Connectivity</data>
      <data key="d37">0</data>
    </edge>
    <edge source="43" target="98">
      <data key="d36">University to PoP Connectivity</data>
      <data key="d37">0</data>
    </edge>
    <edge source="43" target="99">
      <data key="d36">University to PoP Connectivity</data>
      <data key="d37">0</data>
    </edge>
    <edge source="43" target="100">
      <data key="d36">University to PoP Connectivity</data>
      <data key="d37">0</data>
    </edge>
    <edge source="43" target="113">
      <data key="d36">University to PoP Connectivity</data>
      <data key="d37">0</data>
    </edge>
    <edge source="43" target="114">
      <data key="d36">University to PoP Connectivity</data>
      <data key="d37">0</data>
    </edge>
    <edge source="43" target="115">
      <data key="d36">University to PoP Connectivity</data>
      <data key="d37">0</data>
    </edge>
    <edge source="43" target="116">
      <data key="d36">University to PoP Connectivity</data>
      <data key="d37">0</data>
    </edge>
    <edge source="43" target="117">
      <data key="d36">University to PoP Connectivity</data>
      <data key="d37">0</data>
    </edge>
    <edge source="43" target="118">
      <data key="d36">University to PoP Connectivity</data>
      <data key="d37">0</data>
    </edge>
    <edge source="46" target="66">
      <data key="d36">National Optical Fiber Network</data>
      <data key="d37">0</data>
    </edge>
    <edge source="46" target="60">
      <data key="d36">National Optical Fiber Network</data>
      <data key="d37">0</data>
    </edge>
    <edge source="47" target="50">
      <data key="d36">University to PoP Connectivity</data>
      <data key="d37">0</data>
    </edge>
    <edge source="48" target="50">
      <data key="d36">University to PoP Connectivity</data>
      <data key="d37">0</data>
    </edge>
    <edge source="49" target="50">
      <data key="d36">University to PoP Connectivity</data>
      <data key="d37">0</data>
    </edge>
    <edge source="50" target="64">
      <data key="d36">University to PoP Connectivity</data>
      <data key="d37">0</data>
    </edge>
    <edge source="50" target="72">
      <data key="d36">National Optical Fiber Network</data>
      <data key="d37">0</data>
    </edge>
    <edge source="50" target="55">
      <data key="d36">University to PoP Connectivity</data>
      <data key="d37">0</data>
    </edge>
    <edge source="50" target="56">
      <data key="d36">University to PoP Connectivity</data>
      <data key="d37">0</data>
    </edge>
    <edge source="50" target="57">
      <data key="d36">University to PoP Connectivity</data>
      <data key="d37">0</data>
    </edge>
    <edge source="50" target="58">
      <data key="d36">University to PoP Connectivity</data>
      <data key="d37">0</data>
    </edge>
    <edge source="50" target="59">
      <data key="d36">National Optical Fiber Network</data>
      <data key="d37">0</data>
    </edge>
    <edge source="50" target="61">
      <data key="d36">University to PoP Connectivity</data>
      <data key="d37">0</data>
    </edge>
    <edge source="50" target="62">
      <data key="d36">University to PoP Connectivity</data>
      <data key="d37">0</data>
    </edge>
    <edge source="50" target="63">
      <data key="d36">University to PoP Connectivity</data>
      <data key="d37">0</data>
    </edge>
    <edge source="51" target="72">
      <data key="d36">University to PoP Connectivity</data>
      <data key="d37">0</data>
    </edge>
    <edge source="52" target="72">
      <data key="d36">University to PoP Connectivity</data>
      <data key="d37">0</data>
    </edge>
    <edge source="53" target="72">
      <data key="d36">University to PoP Connectivity</data>
      <data key="d37">0</data>
    </edge>
    <edge source="54" target="72">
      <data key="d36">University to PoP Connectivity</data>
      <data key="d37">0</data>
    </edge>
    <edge source="59" target="60">
      <data key="d36">National Optical Fiber Network</data>
      <data key="d37">0</data>
    </edge>
    <edge source="60" target="102">
      <data key="d36">National Optical Fiber Network</data>
      <data key="d37">0</data>
    </edge>
    <edge source="66" target="67">
      <data key="d36">University to PoP Connectivity</data>
      <data key="d37">0</data>
    </edge>
    <edge source="69" target="72">
      <data key="d36">University to PoP Connectivity</data>
      <data key="d37">0</data>
    </edge>
    <edge source="70" target="72">
      <data key="d36">University to PoP Connectivity</data>
      <data key="d37">0</data>
    </edge>
    <edge source="71" target="72">
      <data key="d36">University to PoP Connectivity</data>
      <data key="d37">0</data>
    </edge>
    <edge source="72" target="73">
      <data key="d36">University to PoP Connectivity</data>
      <data key="d37">0</data>
    </edge>
    <edge source="72" target="74">
      <data key="d36">University to PoP Connectivity</data>
      <data key="d37">0</data>
    </edge>
    <edge source="72" target="75">
      <data key="d36">University to PoP Connectivity</data>
      <data key="d37">0</data>
    </edge>
    <edge source="72" target="76">
      <data key="d36">University to PoP Connectivity</data>
      <data key="d37">0</data>
    </edge>
    <edge source="72" target="77">
      <data key="d36">University to PoP Connectivity</data>
      <data key="d37">0</data>
    </edge>
    <edge source="72" target="78">
      <data key="d36">University to PoP Connectivity</data>
      <data key="d37">0</data>
    </edge>
    <edge source="72" target="79">
      <data key="d36">University to PoP Connectivity</data>
      <data key="d37">0</data>
    </edge>
    <edge source="72" target="80">
      <data key="d36">University to PoP Connectivity</data>
      <data key="d37">0</data>
    </edge>
    <edge source="72" target="81">
      <data key="d36">University to PoP Connectivity</data>
      <data key="d37">0</data>
    </edge>
    <edge source="72" target="82">
      <data key="d36">University to PoP Connectivity</data>
      <data key="d37">0</data>
    </edge>
    <edge source="72" target="83">
      <data key="d36">University to PoP Connectivity</data>
      <data key="d37">0</data>
    </edge>
    <edge source="72" target="84">
      <data key="d36">University to PoP Connectivity</data>
      <data key="d37">0</data>
    </edge>
    <edge source="72" target="85">
      <data key="d36">University to PoP Connectivity</data>
      <data key="d37">0</data>
    </edge>
    <edge source="72" target="86">
      <data key="d36">University to PoP Connectivity</data>
      <data key="d37">0</data>
    </edge>
    <edge source="72" target="87">
      <data key="d36">University to PoP Connectivity</data>
      <data key="d37">0</data>
    </edge>
    <edge source="72" target="88">
      <data key="d36">University to PoP Connectivity</data>
      <data key="d37">0</data>
    </edge>
    <edge source="72" target="126">
      <data key="d36">National Optical Fiber Network</data>
      <data key="d37">0</data>
    </edge>
    <edge source="101" target="102">
      <data key="d36">University to PoP Connectivity</data>
      <data key="d37">0</data>
    </edge>
    <edge source="102" target="126">
      <data key="d36">National Optical Fiber Network</data>
      <data key="d37">0</data>
    </edge>
    <edge source="103" target="126">
      <data key="d36">University to PoP Connectivity</data>
      <data key="d37">0</data>
    </edge>
    <edge source="104" target="126">
      <data key="d36">University to PoP Connectivity</data>
      <data key="d37">0</data>
    </edge>
    <edge source="105" target="126">
      <data key="d36">University to PoP Connectivity</data>
      <data key="d37">0</data>
    </edge>
    <edge source="106" target="126">
      <data key="d36">University to PoP Connectivity</data>
      <data key="d37">0</data>
    </edge>
    <edge source="107" target="126">
      <data key="d36">University to PoP Connectivity</data>
      <data key="d37">0</data>
    </edge>
    <edge source="108" target="126">
      <data key="d36">University to PoP Connectivity</data>
      <data key="d37">0</data>
    </edge>
    <edge source="109" target="126">
      <data key="d36">University to PoP Connectivity</data>
      <data key="d37">0</data>
    </edge>
    <edge source="110" target="126">
      <data key="d36">University to PoP Connectivity</data>
      <data key="d37">0</data>
    </edge>
    <edge source="111" target="126">
      <data key="d36">University to PoP Connectivity</data>
      <data key="d37">0</data>
    </edge>
    <edge source="112" target="126">
      <data key="d36">University to PoP Connectivity</data>
      <data key="d37">0</data>
    </edge>
    <edge source="119" target="120">
      <data key="d36">University to PoP Connectivity</data>
      <data key="d37">0</data>
    </edge>
    <edge source="119" target="121">
      <data key="d36">University to PoP Connectivity</data>
      <data key="d37">0</data>
    </edge>
    <edge source="119" target="122">
      <data key="d36">University to PoP Connectivity</data>
      <data key="d37">0</data>
    </edge>
    <edge source="119" target="123">
      <data key="d36">University to PoP Connectivity</data>
      <data key="d37">0</data>
    </edge>
    <edge source="119" target="124">
      <data key="d36">University to PoP Connectivity</data>
      <data key="d37">0</data>
    </edge>
    <edge source="119" target="125">
      <data key="d36">University to PoP Connectivity</data>
      <data key="d37">0</data>
    </edge>
    <edge source="119" target="126">
      <data key="d36">National Optical Fiber Network</data>
      <data key="d37">0</data>
    </edge>
  </graph>
</graphml>
