<?xml version="1.0" encoding="utf-8"?><graphml xmlns="http://graphml.graphdrawing.org/xmlns" xmlns:xsi="http://www.w3.org/2001/XMLSchema-instance" xsi:schemaLocation="http://graphml.graphdrawing.org/xmlns http://graphml.graphdrawing.org/xmlns/1.0/graphml.xsd">
  <key attr.name="LinkSpeedRaw" attr.type="double" for="edge" id="d39" />
  <key attr.name="LinkSpeedUnits" attr.type="string" for="edge" id="d38" />
  <key attr.name="LinkSpeed" attr.type="string" for="edge" id="d37" />
  <key attr.name="key" attr.type="int" for="edge" id="d36" />
  <key attr.name="LinkLabel" attr.type="string" for="edge" id="d35" />
  <key attr.name="label" attr.type="string" for="node" id="d34" />
  <key attr.name="Longitude" attr.type="double" for="node" id="d33" />
  <key attr.name="id" attr.type="int" for="node" id="d32" />
  <key attr.name="Country" attr.type="string" for="node" id="d31" />
  <key attr.name="Latitude" attr.type="double" for="node" id="d30" />
  <key attr.name="Internal" attr.type="int" for="node" id="d29" />
  <key attr.name="Testbed" attr.type="int" for="graph" id="d28" />
  <key attr.name="LastProcessed" attr.type="string" for="graph" id="d27" />
  <key attr.name="DateYear" attr.type="string" for="graph" id="d26" />
  <key attr.name="NetworkDate" attr.type="string" for="graph" id="d25" />
  <key attr.name="Transit" attr.type="int" for="graph" id="d24" />
  <key attr.name="Developed" attr.type="int" for="graph" id="d23" />
  <key attr.name="Creator" attr.type="string" for="graph" id="d22" />
  <key attr.name="Layer" attr.type="string" for="graph" id="d21" />
  <key attr.name="Access" attr.type="int" for="graph" id="d20" />
  <key attr.name="LastAccess" attr.type="string" for="graph" id="d19" />
  <key attr.name="DateMonth" attr.type="string" for="graph" id="d18" />
  <key attr.name="DateModifier" attr.type="string" for="graph" id="d17" />
  <key attr.name="SourceGitVersion" attr.type="string" for="graph" id="d16" />
  <key attr.name="IX" attr.type="int" for="graph" id="d15" />
  <key attr.name="Customer" attr.type="int" for="graph" id="d14" />
  <key attr.name="ToolsetVersion" attr.type="string" for="graph" id="d13" />
  <key attr.name="label" attr.type="string" for="graph" id="d12" />
  <key attr.name="Commercial" attr.type="int" for="graph" id="d11" />
  <key attr.name="Backbone" attr.type="int" for="graph" id="d10" />
  <key attr.name="Type" attr.type="string" for="graph" id="d9" />
  <key attr.name="DateType" attr.type="string" for="graph" id="d8" />
  <key attr.name="Version" attr.type="string" for="graph" id="d7" />
  <key attr.name="Source" attr.type="string" for="graph" id="d6" />
  <key attr.name="Note" attr.type="string" for="graph" id="d5" />
  <key attr.name="Provenance" attr.type="string" for="graph" id="d4" />
  <key attr.name="Network" attr.type="string" for="graph" id="d3" />
  <key attr.name="GeoExtent" attr.type="string" for="graph" id="d2" />
  <key attr.name="GeoLocation" attr.type="string" for="graph" id="d1" />
  <key attr.name="DateObtained" attr.type="string" for="graph" id="d0" />
  <graph edgedefault="undirected">
    <data key="d0">5/07/11</data>
    <data key="d1">Poland</data>
    <data key="d2">Country</data>
    <data key="d3">PIONIER</data>
    <data key="d4">Primary</data>
    <data key="d5">Some external links on left side ambigious</data>
    <data key="d6">http://www.man.poznan.pl/online/en/projects/69/PIONIER_Network.html</data>
    <data key="d7">1.0</data>
    <data key="d8">Current</data>
    <data key="d9">REN</data>
    <data key="d10">0</data>
    <data key="d11">0</data>
    <data key="d12">PionierL3</data>
    <data key="d13">0.3.34dev-20120328</data>
    <data key="d14">0</data>
    <data key="d15">0</data>
    <data key="d16">e278b1b</data>
    <data key="d17">=</data>
    <data key="d18">07</data>
    <data key="d19">5/07/11</data>
    <data key="d20">0</data>
    <data key="d21">IP</data>
    <data key="d22">Topology Zoo Toolset</data>
    <data key="d23">0</data>
    <data key="d24">0</data>
    <data key="d25">2011_07</data>
    <data key="d26">2011</data>
    <data key="d27">2011_09_01</data>
    <data key="d28">0</data>
    <node id="0">
      <data key="d29">1</data>
      <data key="d30">52.22977</data>
      <data key="d31">Poland</data>
      <data key="d32">0</data>
      <data key="d33">21.01178</data>
      <data key="d34">Warszawa</data>
    </node>
    <node id="1">
      <data key="d29">1</data>
      <data key="d30">51.40253</data>
      <data key="d31">Poland</data>
      <data key="d32">1</data>
      <data key="d33">21.14714</data>
      <data key="d34">Radom</data>
    </node>
    <node id="2">
      <data key="d29">0</data>
      <data key="d32">2</data>
      <data key="d34">Belarus</data>
    </node>
    <node id="3">
      <data key="d29">1</data>
      <data key="d30">53.13333</data>
      <data key="d31">Poland</data>
      <data key="d32">3</data>
      <data key="d33">23.15</data>
      <data key="d34">Bialystok</data>
    </node>
    <node id="4">
      <data key="d29">1</data>
      <data key="d30">51.25</data>
      <data key="d31">Poland</data>
      <data key="d32">4</data>
      <data key="d33">22.56667</data>
      <data key="d34">Lublin</data>
    </node>
    <node id="5">
      <data key="d29">0</data>
      <data key="d32">5</data>
      <data key="d34">Ukraine</data>
    </node>
    <node id="6">
      <data key="d29">1</data>
      <data key="d30">51.75</data>
      <data key="d31">Poland</data>
      <data key="d32">6</data>
      <data key="d33">19.46667</data>
      <data key="d34">Lodz</data>
    </node>
    <node id="7">
      <data key="d29">1</data>
      <data key="d30">51.41655</data>
      <data key="d31">Poland</data>
      <data key="d32">7</data>
      <data key="d33">21.96939</data>
      <data key="d34">Pulawy</data>
    </node>
    <node id="8">
      <data key="d29">1</data>
      <data key="d30">50.04132</data>
      <data key="d31">Poland</data>
      <data key="d32">8</data>
      <data key="d33">21.99901</data>
      <data key="d34">Rzeszow</data>
    </node>
    <node id="9">
      <data key="d29">1</data>
      <data key="d30">50.87033</data>
      <data key="d31">Poland</data>
      <data key="d32">9</data>
      <data key="d33">20.62752</data>
      <data key="d34">Kielce</data>
    </node>
    <node id="10">
      <data key="d29">1</data>
      <data key="d30">54.1522</data>
      <data key="d31">Poland</data>
      <data key="d32">10</data>
      <data key="d33">19.40884</data>
      <data key="d34">Elblag</data>
    </node>
    <node id="11">
      <data key="d29">1</data>
      <data key="d30">54.11175</data>
      <data key="d31">Poland</data>
      <data key="d32">11</data>
      <data key="d33">22.93087</data>
      <data key="d34">Suwalki</data>
    </node>
    <node id="12">
      <data key="d29">1</data>
      <data key="d30">52.22944</data>
      <data key="d31">Poland</data>
      <data key="d32">12</data>
      <data key="d33">20.23838</data>
      <data key="d34">Sochaczew</data>
    </node>
    <node id="13">
      <data key="d29">1</data>
      <data key="d30">52.73679</data>
      <data key="d31">Poland</data>
      <data key="d32">13</data>
      <data key="d33">15.22878</data>
      <data key="d34">Gorzow Wlkp</data>
    </node>
    <node id="14">
      <data key="d29">0</data>
      <data key="d32">14</data>
      <data key="d34">SURFnet/NORDUnet</data>
    </node>
    <node id="15">
      <data key="d29">0</data>
      <data key="d32">15</data>
      <data key="d34">DFN</data>
    </node>
    <node id="16">
      <data key="d29">0</data>
      <data key="d32">16</data>
      <data key="d34">GEANT3</data>
    </node>
    <node id="17">
      <data key="d29">0</data>
      <data key="d32">17</data>
      <data key="d34">Internet</data>
    </node>
    <node id="18">
      <data key="d29">1</data>
      <data key="d30">49.82245</data>
      <data key="d31">Poland</data>
      <data key="d32">18</data>
      <data key="d33">19.04686</data>
      <data key="d34">Bielsko-Biala</data>
    </node>
    <node id="19">
      <data key="d29">1</data>
      <data key="d30">50.72314</data>
      <data key="d31">Poland</data>
      <data key="d32">19</data>
      <data key="d33">23.25196</data>
      <data key="d34">Zamosc</data>
    </node>
    <node id="20">
      <data key="d29">1</data>
      <data key="d30">50.79646</data>
      <data key="d31">Poland</data>
      <data key="d32">20</data>
      <data key="d33">19.12409</data>
      <data key="d34">Czechtochowa</data>
    </node>
    <node id="21">
      <data key="d29">0</data>
      <data key="d32">21</data>
      <data key="d34">CESNET</data>
    </node>
    <node id="22">
      <data key="d29">0</data>
      <data key="d32">22</data>
      <data key="d34">SANET</data>
    </node>
    <node id="23">
      <data key="d29">1</data>
      <data key="d30">50.08333</data>
      <data key="d31">Poland</data>
      <data key="d32">23</data>
      <data key="d33">19.91667</data>
      <data key="d34">Krakow</data>
    </node>
    <node id="24">
      <data key="d29">0</data>
      <data key="d32">24</data>
      <data key="d34">Geant2/Internet</data>
    </node>
    <node id="25">
      <data key="d29">1</data>
      <data key="d30">51.1</data>
      <data key="d31">Poland</data>
      <data key="d32">25</data>
      <data key="d33">17.03333</data>
      <data key="d34">Wroclaw</data>
    </node>
    <node id="26">
      <data key="d29">1</data>
      <data key="d30">50.66667</data>
      <data key="d31">Poland</data>
      <data key="d32">26</data>
      <data key="d33">17.95</data>
      <data key="d34">Opole</data>
    </node>
    <node id="27">
      <data key="d29">1</data>
      <data key="d30">50.28333</data>
      <data key="d31">Poland</data>
      <data key="d32">27</data>
      <data key="d33">18.66667</data>
      <data key="d34">Gliwice</data>
    </node>
    <node id="28">
      <data key="d29">1</data>
      <data key="d30">53.78333</data>
      <data key="d31">Poland</data>
      <data key="d32">28</data>
      <data key="d33">20.48333</data>
      <data key="d34">Olsztyn</data>
    </node>
    <node id="29">
      <data key="d29">0</data>
      <data key="d32">29</data>
      <data key="d34">Lithuania</data>
    </node>
    <node id="30">
      <data key="d29">1</data>
      <data key="d30">54.35205</data>
      <data key="d31">Poland</data>
      <data key="d32">30</data>
      <data key="d33">18.64637</data>
      <data key="d34">Gdansk</data>
    </node>
    <node id="31">
      <data key="d29">1</data>
      <data key="d30">54.19438</data>
      <data key="d31">Poland</data>
      <data key="d32">31</data>
      <data key="d33">16.17222</data>
      <data key="d34">Koszalin</data>
    </node>
    <node id="32">
      <data key="d29">1</data>
      <data key="d30">53.42894</data>
      <data key="d31">Poland</data>
      <data key="d32">32</data>
      <data key="d33">14.55302</data>
      <data key="d34">Szczecin</data>
    </node>
    <node id="33">
      <data key="d29">1</data>
      <data key="d30">51.93548</data>
      <data key="d31">Poland</data>
      <data key="d32">33</data>
      <data key="d33">15.50643</data>
      <data key="d34">Zielona gora</data>
    </node>
    <node id="34">
      <data key="d29">1</data>
      <data key="d30">52.41667</data>
      <data key="d31">Poland</data>
      <data key="d32">34</data>
      <data key="d33">16.96667</data>
      <data key="d34">Poznan</data>
    </node>
    <node id="35">
      <data key="d29">1</data>
      <data key="d30">53.1235</data>
      <data key="d31">Poland</data>
      <data key="d32">35</data>
      <data key="d33">18.00762</data>
      <data key="d34">Bydgoszcz</data>
    </node>
    <node id="36">
      <data key="d29">1</data>
      <data key="d30">53.01375</data>
      <data key="d31">Poland</data>
      <data key="d32">36</data>
      <data key="d33">18.59814</data>
      <data key="d34">Torun</data>
    </node>
    <node id="37">
      <data key="d29">0</data>
      <data key="d32">37</data>
      <data key="d34">Russia</data>
    </node>
    <edge source="0" target="1">
      <data key="d35">2x10Gb/s</data>
      <data key="d36">0</data>
    </edge>
    <edge source="0" target="1">
      <data key="d35">2x10Gb/s</data>
      <data key="d36">1</data>
    </edge>
    <edge source="0" target="1">
      <data key="d35">2x10Gb/s</data>
      <data key="d36">2</data>
    </edge>
    <edge source="0" target="34">
      <data key="d35">2x10Gb/s</data>
      <data key="d36">0</data>
    </edge>
    <edge source="0" target="3">
      <data key="d35">2x10Gb/s</data>
      <data key="d36">0</data>
    </edge>
    <edge source="0" target="3">
      <data key="d35">2x10Gb/s</data>
      <data key="d36">1</data>
    </edge>
    <edge source="0" target="6">
      <data key="d35">2x10Gb/s</data>
      <data key="d36">0</data>
    </edge>
    <edge source="1" target="9">
      <data key="d35">2x10Gb/s</data>
      <data key="d36">0</data>
    </edge>
    <edge source="1" target="9">
      <data key="d35">2x10Gb/s</data>
      <data key="d36">1</data>
    </edge>
    <edge source="1" target="7">
      <data key="d35">2x10Gb/s</data>
      <data key="d36">0</data>
    </edge>
    <edge source="1" target="7">
      <data key="d35">2x10Gb/s</data>
      <data key="d36">1</data>
    </edge>
    <edge source="2" target="3">
      <data key="d37">10</data>
      <data key="d35">10Gb/s</data>
      <data key="d38">G</data>
      <data key="d39">10000000000.0</data>
      <data key="d36">0</data>
    </edge>
    <edge source="3" target="11">
      <data key="d35">2x10Gb/s</data>
      <data key="d36">0</data>
    </edge>
    <edge source="4" target="19">
      <data key="d35">2x10Gb/s</data>
      <data key="d36">0</data>
    </edge>
    <edge source="4" target="7">
      <data key="d35">2x10Gb/s</data>
      <data key="d36">0</data>
    </edge>
    <edge source="4" target="7">
      <data key="d35">2x10Gb/s</data>
      <data key="d36">1</data>
    </edge>
    <edge source="5" target="19">
      <data key="d37">10</data>
      <data key="d35">10Gb/s</data>
      <data key="d38">G</data>
      <data key="d39">10000000000.0</data>
      <data key="d36">0</data>
    </edge>
    <edge source="6" target="20">
      <data key="d35">2x10Gb/s</data>
      <data key="d36">0</data>
    </edge>
    <edge source="6" target="34">
      <data key="d35">2x10Gb/s</data>
      <data key="d36">0</data>
    </edge>
    <edge source="6" target="12">
      <data key="d35">2x10Gb/s</data>
      <data key="d36">0</data>
    </edge>
    <edge source="8" target="19">
      <data key="d35">2x10Gb/s</data>
      <data key="d36">0</data>
    </edge>
    <edge source="8" target="23">
      <data key="d35">2x10Gb/s</data>
      <data key="d36">0</data>
    </edge>
    <edge source="9" target="23">
      <data key="d35">2x10Gb/s</data>
      <data key="d36">0</data>
    </edge>
    <edge source="9" target="23">
      <data key="d35">2x10Gb/s</data>
      <data key="d36">1</data>
    </edge>
    <edge source="10" target="28">
      <data key="d35">2x10Gb/s</data>
      <data key="d36">0</data>
    </edge>
    <edge source="10" target="37">
      <data key="d37">10</data>
      <data key="d35">10Gb/s</data>
      <data key="d38">G</data>
      <data key="d39">10000000000.0</data>
      <data key="d36">0</data>
    </edge>
    <edge source="10" target="30">
      <data key="d35">2x10Gb/s</data>
      <data key="d36">0</data>
    </edge>
    <edge source="11" target="28">
      <data key="d35">2x10Gb/s</data>
      <data key="d36">0</data>
    </edge>
    <edge source="11" target="29">
      <data key="d37">10</data>
      <data key="d35">10Gb/s</data>
      <data key="d38">G</data>
      <data key="d39">10000000000.0</data>
      <data key="d36">0</data>
    </edge>
    <edge source="12" target="34">
      <data key="d35">2x10Gb/s</data>
      <data key="d36">0</data>
    </edge>
    <edge source="13" target="32">
      <data key="d35">2x10Gb/s</data>
      <data key="d36">0</data>
    </edge>
    <edge source="13" target="34">
      <data key="d35">2x10Gb/s</data>
      <data key="d36">0</data>
    </edge>
    <edge source="13" target="15">
      <data key="d37">10</data>
      <data key="d35">10Gb/s</data>
      <data key="d38">G</data>
      <data key="d39">10000000000.0</data>
      <data key="d36">0</data>
    </edge>
    <edge source="14" target="34">
      <data key="d35">4*10Gb/s</data>
      <data key="d36">0</data>
    </edge>
    <edge source="15" target="32">
      <data key="d37">10</data>
      <data key="d35">10Gb/s</data>
      <data key="d38">G</data>
      <data key="d39">10000000000.0</data>
      <data key="d36">0</data>
    </edge>
    <edge source="15" target="33">
      <data key="d37">10</data>
      <data key="d35">10Gb/s</data>
      <data key="d38">G</data>
      <data key="d39">10000000000.0</data>
      <data key="d36">0</data>
    </edge>
    <edge source="16" target="34">
      <data key="d35">10*10Gb/s</data>
      <data key="d36">0</data>
    </edge>
    <edge source="17" target="34">
      <data key="d37">10</data>
      <data key="d35">10Gb/s</data>
      <data key="d38">G</data>
      <data key="d39">10000000000.0</data>
      <data key="d36">0</data>
    </edge>
    <edge source="18" target="27">
      <data key="d35">2x10Gb/s</data>
      <data key="d36">0</data>
    </edge>
    <edge source="18" target="21">
      <data key="d35">2x10Gb/s</data>
      <data key="d36">0</data>
    </edge>
    <edge source="18" target="22">
      <data key="d35">2x10Gb/s</data>
      <data key="d36">0</data>
    </edge>
    <edge source="18" target="23">
      <data key="d35">2x10Gb/s</data>
      <data key="d36">0</data>
    </edge>
    <edge source="20" target="27">
      <data key="d35">2x10Gb/s</data>
      <data key="d36">0</data>
    </edge>
    <edge source="24" target="34">
      <data key="d37">10</data>
      <data key="d35">10Gb/s</data>
      <data key="d38">G</data>
      <data key="d39">10000000000.0</data>
      <data key="d36">0</data>
    </edge>
    <edge source="25" target="33">
      <data key="d35">2x10Gb/s</data>
      <data key="d36">0</data>
    </edge>
    <edge source="25" target="26">
      <data key="d35">2x10Gb/s</data>
      <data key="d36">0</data>
    </edge>
    <edge source="26" target="27">
      <data key="d35">2x10Gb/s</data>
      <data key="d36">0</data>
    </edge>
    <edge source="30" target="36">
      <data key="d35">2x10Gb/s</data>
      <data key="d36">0</data>
    </edge>
    <edge source="30" target="31">
      <data key="d35">2x10Gb/s</data>
      <data key="d36">0</data>
    </edge>
    <edge source="31" target="32">
      <data key="d35">2x10Gb/s</data>
      <data key="d36">0</data>
    </edge>
    <edge source="34" target="35">
      <data key="d35">2x10Gb/s</data>
      <data key="d36">0</data>
    </edge>
    <edge source="35" target="36">
      <data key="d35">2x10Gb/s</data>
      <data key="d36">0</data>
    </edge>
  </graph>
</graphml>
