<?xml version="1.0" encoding="utf-8"?><graphml xmlns="http://graphml.graphdrawing.org/xmlns" xmlns:xsi="http://www.w3.org/2001/XMLSchema-instance" xsi:schemaLocation="http://graphml.graphdrawing.org/xmlns http://graphml.graphdrawing.org/xmlns/1.0/graphml.xsd">
  <key attr.name="key" attr.type="int" for="edge" id="d39" />
  <key attr.name="LinkSpeedRaw" attr.type="double" for="edge" id="d38" />
  <key attr.name="LinkSpeedUnits" attr.type="string" for="edge" id="d37" />
  <key attr.name="LinkLabel" attr.type="string" for="edge" id="d36" />
  <key attr.name="LinkSpeed" attr.type="string" for="edge" id="d35" />
  <key attr.name="label" attr.type="string" for="node" id="d34" />
  <key attr.name="Longitude" attr.type="double" for="node" id="d33" />
  <key attr.name="id" attr.type="int" for="node" id="d32" />
  <key attr.name="Country" attr.type="string" for="node" id="d31" />
  <key attr.name="Latitude" attr.type="double" for="node" id="d30" />
  <key attr.name="Internal" attr.type="int" for="node" id="d29" />
  <key attr.name="Testbed" attr.type="int" for="graph" id="d28" />
  <key attr.name="LastProcessed" attr.type="string" for="graph" id="d27" />
  <key attr.name="DateYear" attr.type="string" for="graph" id="d26" />
  <key attr.name="NetworkDate" attr.type="string" for="graph" id="d25" />
  <key attr.name="Transit" attr.type="int" for="graph" id="d24" />
  <key attr.name="Developed" attr.type="int" for="graph" id="d23" />
  <key attr.name="Creator" attr.type="string" for="graph" id="d22" />
  <key attr.name="Layer" attr.type="string" for="graph" id="d21" />
  <key attr.name="Access" attr.type="int" for="graph" id="d20" />
  <key attr.name="LastAccess" attr.type="string" for="graph" id="d19" />
  <key attr.name="DateMonth" attr.type="string" for="graph" id="d18" />
  <key attr.name="DateModifier" attr.type="string" for="graph" id="d17" />
  <key attr.name="SourceGitVersion" attr.type="string" for="graph" id="d16" />
  <key attr.name="IX" attr.type="int" for="graph" id="d15" />
  <key attr.name="Customer" attr.type="int" for="graph" id="d14" />
  <key attr.name="ToolsetVersion" attr.type="string" for="graph" id="d13" />
  <key attr.name="label" attr.type="string" for="graph" id="d12" />
  <key attr.name="Commercial" attr.type="int" for="graph" id="d11" />
  <key attr.name="Backbone" attr.type="int" for="graph" id="d10" />
  <key attr.name="Type" attr.type="string" for="graph" id="d9" />
  <key attr.name="DateType" attr.type="string" for="graph" id="d8" />
  <key attr.name="Version" attr.type="string" for="graph" id="d7" />
  <key attr.name="Source" attr.type="string" for="graph" id="d6" />
  <key attr.name="Note" attr.type="string" for="graph" id="d5" />
  <key attr.name="Provenance" attr.type="string" for="graph" id="d4" />
  <key attr.name="Network" attr.type="string" for="graph" id="d3" />
  <key attr.name="GeoExtent" attr.type="string" for="graph" id="d2" />
  <key attr.name="GeoLocation" attr.type="string" for="graph" id="d1" />
  <key attr.name="DateObtained" attr.type="string" for="graph" id="d0" />
  <graph edgedefault="undirected">
    <data key="d0">3/02/11</data>
    <data key="d1">Spain</data>
    <data key="d2">Country</data>
    <data key="d3">RedIris</data>
    <data key="d4">Primary</data>
    <data key="d5">Names from http://www.rediris.es/servicios/conectividad/pdp.html Assume Nacional is located in Madrid.</data>
    <data key="d6">http://www.rediris.es/lared/mapa.html</data>
    <data key="d7">1.0</data>
    <data key="d8">Current</data>
    <data key="d9">REN</data>
    <data key="d10">1</data>
    <data key="d11">0</data>
    <data key="d12">Rediris</data>
    <data key="d13">0.3.34dev-20120328</data>
    <data key="d14">0</data>
    <data key="d15">0</data>
    <data key="d16">e278b1b</data>
    <data key="d17">=</data>
    <data key="d18">03</data>
    <data key="d19">6/03/11</data>
    <data key="d20">0</data>
    <data key="d21">IP</data>
    <data key="d22">Topology Zoo Toolset</data>
    <data key="d23">0</data>
    <data key="d24">0</data>
    <data key="d25">2011_03</data>
    <data key="d26">2011</data>
    <data key="d27">2011_09_01</data>
    <data key="d28">0</data>
    <node id="0">
      <data key="d29">1</data>
      <data key="d30">42.81687</data>
      <data key="d31">Spain</data>
      <data key="d32">0</data>
      <data key="d33">-1.64323</data>
      <data key="d34">Navarra</data>
    </node>
    <node id="1">
      <data key="d29">1</data>
      <data key="d30">42.46667</data>
      <data key="d31">Spain</data>
      <data key="d32">1</data>
      <data key="d33">-2.45</data>
      <data key="d34">Rioja</data>
    </node>
    <node id="2">
      <data key="d29">1</data>
      <data key="d30">43.46472</data>
      <data key="d31">Spain</data>
      <data key="d32">2</data>
      <data key="d33">-3.80444</data>
      <data key="d34">Cantabria</data>
    </node>
    <node id="3">
      <data key="d29">1</data>
      <data key="d30">43.0</data>
      <data key="d31">Spain</data>
      <data key="d32">3</data>
      <data key="d33">-2.75</data>
      <data key="d34">Pais Vasco</data>
    </node>
    <node id="4">
      <data key="d29">1</data>
      <data key="d30">39.56939</data>
      <data key="d31">Spain</data>
      <data key="d32">4</data>
      <data key="d33">2.65024</data>
      <data key="d34">Baleares</data>
    </node>
    <node id="5">
      <data key="d29">1</data>
      <data key="d30">39.46975</data>
      <data key="d31">Spain</data>
      <data key="d32">5</data>
      <data key="d33">-0.37739</data>
      <data key="d34">Valencia</data>
    </node>
    <node id="6">
      <data key="d29">1</data>
      <data key="d30">41.65606</data>
      <data key="d31">Spain</data>
      <data key="d32">6</data>
      <data key="d33">-0.87734</data>
      <data key="d34">Aragon</data>
    </node>
    <node id="7">
      <data key="d29">1</data>
      <data key="d30">41.38879</data>
      <data key="d31">Spain</data>
      <data key="d32">7</data>
      <data key="d33">2.15899</data>
      <data key="d34">Cataluna</data>
    </node>
    <node id="8">
      <data key="d29">1</data>
      <data key="d30">37.98333</data>
      <data key="d31">Spain</data>
      <data key="d32">8</data>
      <data key="d33">-1.11667</data>
      <data key="d34">Murcia</data>
    </node>
    <node id="9">
      <data key="d29">1</data>
      <data key="d30">42.88052</data>
      <data key="d31">Spain</data>
      <data key="d32">9</data>
      <data key="d33">-8.54569</data>
      <data key="d34">Galacia</data>
    </node>
    <node id="10">
      <data key="d29">1</data>
      <data key="d30">43.36029</data>
      <data key="d31">Spain</data>
      <data key="d32">10</data>
      <data key="d33">-5.84476</data>
      <data key="d34">Asturias</data>
    </node>
    <node id="11">
      <data key="d29">1</data>
      <data key="d30">38.88333</data>
      <data key="d31">Spain</data>
      <data key="d32">11</data>
      <data key="d33">-6.96667</data>
      <data key="d34">Extremadura</data>
    </node>
    <node id="12">
      <data key="d29">1</data>
      <data key="d30">37.37722</data>
      <data key="d31">Spain</data>
      <data key="d32">12</data>
      <data key="d33">-5.98694</data>
      <data key="d34">Andalucia</data>
    </node>
    <node id="13">
      <data key="d29">1</data>
      <data key="d30">28.1</data>
      <data key="d31">Spain</data>
      <data key="d32">13</data>
      <data key="d33">-15.41667</data>
      <data key="d34">Canarias (las palmas)</data>
    </node>
    <node id="14">
      <data key="d29">1</data>
      <data key="d30">28.48333</data>
      <data key="d31">Spain</data>
      <data key="d32">14</data>
      <data key="d33">-16.31667</data>
      <data key="d34">Canarias (tenerife)</data>
    </node>
    <node id="15">
      <data key="d29">1</data>
      <data key="d30">38.98333</data>
      <data key="d31">Spain</data>
      <data key="d32">15</data>
      <data key="d33">-3.93333</data>
      <data key="d34">Castilla La Mancha</data>
    </node>
    <node id="16">
      <data key="d29">1</data>
      <data key="d30">40.4165</data>
      <data key="d31">Spain</data>
      <data key="d32">16</data>
      <data key="d33">-3.70256</data>
      <data key="d34">Nacional</data>
    </node>
    <node id="17">
      <data key="d29">1</data>
      <data key="d30">40.4165</data>
      <data key="d31">Spain</data>
      <data key="d32">17</data>
      <data key="d33">-3.70256</data>
      <data key="d34">Madrid</data>
    </node>
    <node id="18">
      <data key="d29">1</data>
      <data key="d30">41.65</data>
      <data key="d31">Spain</data>
      <data key="d32">18</data>
      <data key="d33">-4.71667</data>
      <data key="d34">Castilla Y Leon</data>
    </node>
    <edge source="0" target="3">
      <data key="d35">622</data>
      <data key="d36">622 Mbps</data>
      <data key="d37">M</data>
      <data key="d38">622000000.0</data>
      <data key="d39">0</data>
    </edge>
    <edge source="0" target="6">
      <data key="d35">622</data>
      <data key="d36">622 Mbps</data>
      <data key="d37">M</data>
      <data key="d38">622000000.0</data>
      <data key="d39">0</data>
    </edge>
    <edge source="1" target="18">
      <data key="d35">155</data>
      <data key="d36">155 Mbps</data>
      <data key="d37">M</data>
      <data key="d38">155000000.0</data>
      <data key="d39">0</data>
    </edge>
    <edge source="1" target="6">
      <data key="d35">155</data>
      <data key="d36">155 Mbps</data>
      <data key="d37">M</data>
      <data key="d38">155000000.0</data>
      <data key="d39">0</data>
    </edge>
    <edge source="2" target="10">
      <data key="d35">2.5</data>
      <data key="d36">2.5 Gbps</data>
      <data key="d37">G</data>
      <data key="d38">2500000000.0</data>
      <data key="d39">0</data>
    </edge>
    <edge source="2" target="3">
      <data key="d35">2.5</data>
      <data key="d36">2.5 Gbps</data>
      <data key="d37">G</data>
      <data key="d38">2500000000.0</data>
      <data key="d39">0</data>
    </edge>
    <edge source="3" target="9">
      <data key="d35">2.5</data>
      <data key="d36">2.5 Gbps</data>
      <data key="d37">G</data>
      <data key="d38">2500000000.0</data>
      <data key="d39">0</data>
    </edge>
    <edge source="3" target="16">
      <data key="d35">2.5</data>
      <data key="d36">2.5 Gbps</data>
      <data key="d37">G</data>
      <data key="d38">2500000000.0</data>
      <data key="d39">0</data>
    </edge>
    <edge source="4" target="5">
      <data key="d35">622</data>
      <data key="d36">622 Mbps</data>
      <data key="d37">M</data>
      <data key="d38">622000000.0</data>
      <data key="d39">0</data>
    </edge>
    <edge source="4" target="7">
      <data key="d35">622</data>
      <data key="d36">622 Mbps</data>
      <data key="d37">M</data>
      <data key="d38">622000000.0</data>
      <data key="d39">0</data>
    </edge>
    <edge source="4" target="7">
      <data key="d35">155</data>
      <data key="d36">155 Mbps</data>
      <data key="d37">M</data>
      <data key="d38">155000000.0</data>
      <data key="d39">1</data>
    </edge>
    <edge source="5" target="8">
      <data key="d35">622</data>
      <data key="d36">622 Mbps</data>
      <data key="d37">M</data>
      <data key="d38">622000000.0</data>
      <data key="d39">0</data>
    </edge>
    <edge source="5" target="12">
      <data key="d35">2.5</data>
      <data key="d36">2.5 Gbps</data>
      <data key="d37">G</data>
      <data key="d38">2500000000.0</data>
      <data key="d39">0</data>
    </edge>
    <edge source="5" target="16">
      <data key="d35">10</data>
      <data key="d36">10 Gbps</data>
      <data key="d37">G</data>
      <data key="d38">10000000000.0</data>
      <data key="d39">0</data>
    </edge>
    <edge source="5" target="7">
      <data key="d35">10</data>
      <data key="d36">10 Gbps</data>
      <data key="d37">G</data>
      <data key="d38">10000000000.0</data>
      <data key="d39">0</data>
    </edge>
    <edge source="6" target="16">
      <data key="d35">622</data>
      <data key="d36">622 Mbps</data>
      <data key="d37">M</data>
      <data key="d38">622000000.0</data>
      <data key="d39">0</data>
    </edge>
    <edge source="6" target="7">
      <data key="d35">622</data>
      <data key="d36">622 Mbps</data>
      <data key="d37">M</data>
      <data key="d38">622000000.0</data>
      <data key="d39">0</data>
    </edge>
    <edge source="7" target="16">
      <data key="d35">10</data>
      <data key="d36">10 Gbps</data>
      <data key="d37">G</data>
      <data key="d38">10000000000.0</data>
      <data key="d39">0</data>
    </edge>
    <edge source="8" target="12">
      <data key="d35">622</data>
      <data key="d36">622 Mbps</data>
      <data key="d37">M</data>
      <data key="d38">622000000.0</data>
      <data key="d39">0</data>
    </edge>
    <edge source="9" target="16">
      <data key="d35">2.5</data>
      <data key="d36">2.5 Gbps</data>
      <data key="d37">G</data>
      <data key="d38">2500000000.0</data>
      <data key="d39">0</data>
    </edge>
    <edge source="9" target="10">
      <data key="d35">2.5</data>
      <data key="d36">2.5 Gbps</data>
      <data key="d37">G</data>
      <data key="d38">2500000000.0</data>
      <data key="d39">0</data>
    </edge>
    <edge source="9" target="18">
      <data key="d35">2.5</data>
      <data key="d36">2.5 Gbps</data>
      <data key="d37">G</data>
      <data key="d38">2500000000.0</data>
      <data key="d39">0</data>
    </edge>
    <edge source="11" target="16">
      <data key="d35">2.5</data>
      <data key="d36">2.5 Gbps</data>
      <data key="d37">G</data>
      <data key="d38">2500000000.0</data>
      <data key="d39">0</data>
    </edge>
    <edge source="11" target="12">
      <data key="d35">2.5</data>
      <data key="d36">2.5 Gbps</data>
      <data key="d37">G</data>
      <data key="d38">2500000000.0</data>
      <data key="d39">0</data>
    </edge>
    <edge source="12" target="13">
      <data key="d35">622</data>
      <data key="d36">622 Mbps</data>
      <data key="d37">M</data>
      <data key="d38">622000000.0</data>
      <data key="d39">0</data>
    </edge>
    <edge source="12" target="15">
      <data key="d35">622</data>
      <data key="d36">622 Mbps</data>
      <data key="d37">M</data>
      <data key="d38">622000000.0</data>
      <data key="d39">0</data>
    </edge>
    <edge source="12" target="16">
      <data key="d35">10</data>
      <data key="d36">10 Gbps</data>
      <data key="d37">G</data>
      <data key="d38">10000000000.0</data>
      <data key="d39">0</data>
    </edge>
    <edge source="13" target="14">
      <data key="d35">100</data>
      <data key="d36">100 Mbps</data>
      <data key="d37">M</data>
      <data key="d38">100000000.0</data>
      <data key="d39">0</data>
    </edge>
    <edge source="14" target="16">
      <data key="d35">622</data>
      <data key="d36">622 Mbps</data>
      <data key="d37">M</data>
      <data key="d38">622000000.0</data>
      <data key="d39">0</data>
    </edge>
    <edge source="15" target="16">
      <data key="d35">622</data>
      <data key="d36">622 Mbps</data>
      <data key="d37">M</data>
      <data key="d38">622000000.0</data>
      <data key="d39">0</data>
    </edge>
    <edge source="16" target="17">
      <data key="d35">10</data>
      <data key="d36">10 Gbps</data>
      <data key="d37">G</data>
      <data key="d38">10000000000.0</data>
      <data key="d39">0</data>
    </edge>
    <edge source="16" target="18">
      <data key="d35">2.5</data>
      <data key="d36">2.5 Gbps</data>
      <data key="d37">G</data>
      <data key="d38">2500000000.0</data>
      <data key="d39">0</data>
    </edge>
  </graph>
</graphml>
