<?xml version="1.0" encoding="utf-8"?><graphml xmlns="http://graphml.graphdrawing.org/xmlns" xmlns:xsi="http://www.w3.org/2001/XMLSchema-instance" xsi:schemaLocation="http://graphml.graphdrawing.org/xmlns http://graphml.graphdrawing.org/xmlns/1.0/graphml.xsd">
  <key attr.name="key" attr.type="int" for="edge" id="d40" />
  <key attr.name="LinkSpeedRaw" attr.type="double" for="edge" id="d39" />
  <key attr.name="LinkNote" attr.type="string" for="edge" id="d38" />
  <key attr.name="LinkLabel" attr.type="string" for="edge" id="d37" />
  <key attr.name="LinkSpeedUnits" attr.type="string" for="edge" id="d36" />
  <key attr.name="LinkSpeed" attr.type="string" for="edge" id="d35" />
  <key attr.name="label" attr.type="string" for="node" id="d34" />
  <key attr.name="Longitude" attr.type="double" for="node" id="d33" />
  <key attr.name="id" attr.type="int" for="node" id="d32" />
  <key attr.name="Country" attr.type="string" for="node" id="d31" />
  <key attr.name="Latitude" attr.type="double" for="node" id="d30" />
  <key attr.name="Internal" attr.type="int" for="node" id="d29" />
  <key attr.name="Testbed" attr.type="int" for="graph" id="d28" />
  <key attr.name="LastProcessed" attr.type="string" for="graph" id="d27" />
  <key attr.name="DateYear" attr.type="string" for="graph" id="d26" />
  <key attr.name="NetworkDate" attr.type="string" for="graph" id="d25" />
  <key attr.name="Transit" attr.type="int" for="graph" id="d24" />
  <key attr.name="Developed" attr.type="int" for="graph" id="d23" />
  <key attr.name="Creator" attr.type="string" for="graph" id="d22" />
  <key attr.name="Layer" attr.type="string" for="graph" id="d21" />
  <key attr.name="Access" attr.type="int" for="graph" id="d20" />
  <key attr.name="LastAccess" attr.type="string" for="graph" id="d19" />
  <key attr.name="DateMonth" attr.type="string" for="graph" id="d18" />
  <key attr.name="DateModifier" attr.type="string" for="graph" id="d17" />
  <key attr.name="SourceGitVersion" attr.type="string" for="graph" id="d16" />
  <key attr.name="IX" attr.type="int" for="graph" id="d15" />
  <key attr.name="Customer" attr.type="int" for="graph" id="d14" />
  <key attr.name="ToolsetVersion" attr.type="string" for="graph" id="d13" />
  <key attr.name="label" attr.type="string" for="graph" id="d12" />
  <key attr.name="Commercial" attr.type="int" for="graph" id="d11" />
  <key attr.name="Backbone" attr.type="int" for="graph" id="d10" />
  <key attr.name="DateType" attr.type="string" for="graph" id="d9" />
  <key attr.name="Type" attr.type="string" for="graph" id="d8" />
  <key attr.name="Version" attr.type="string" for="graph" id="d7" />
  <key attr.name="Source" attr.type="string" for="graph" id="d6" />
  <key attr.name="Note" attr.type="string" for="graph" id="d5" />
  <key attr.name="Provenance" attr.type="string" for="graph" id="d4" />
  <key attr.name="Network" attr.type="string" for="graph" id="d3" />
  <key attr.name="GeoExtent" attr.type="string" for="graph" id="d2" />
  <key attr.name="GeoLocation" attr.type="string" for="graph" id="d1" />
  <key attr.name="DateObtained" attr.type="string" for="graph" id="d0" />
  <graph edgedefault="undirected">
    <data key="d0">1/02/11</data>
    <data key="d1">France</data>
    <data key="d2">Country</data>
    <data key="d3">Renater</data>
    <data key="d4">Secondary</data>
    <data key="d5">Unclear how Paris is connected to NOC</data>
    <data key="d6">http://replay.waybackmachine.org/20050124060409/http://www.renater.fr/Reseau/Renater2/images_R2/CarteRenater2bis.jpg</data>
    <data key="d7">1.0</data>
    <data key="d8">REN</data>
    <data key="d9">Historic</data>
    <data key="d10">1</data>
    <data key="d11">0</data>
    <data key="d12">Renater2001</data>
    <data key="d13">0.3.34dev-20120328</data>
    <data key="d14">1</data>
    <data key="d15">0</data>
    <data key="d16">e278b1b</data>
    <data key="d17">=</data>
    <data key="d18">04</data>
    <data key="d19">1/02/11</data>
    <data key="d20">0</data>
    <data key="d21">IP</data>
    <data key="d22">Topology Zoo Toolset</data>
    <data key="d23">1</data>
    <data key="d24">0</data>
    <data key="d25">2001_04</data>
    <data key="d26">2001</data>
    <data key="d27">2011_09_01</data>
    <data key="d28">0</data>
    <node id="0">
      <data key="d29">1</data>
      <data key="d30">44.83333</data>
      <data key="d31">France</data>
      <data key="d32">0</data>
      <data key="d33">-0.56667</data>
      <data key="d34">Bordeaux</data>
    </node>
    <node id="1">
      <data key="d29">1</data>
      <data key="d30">43.60426</data>
      <data key="d31">France</data>
      <data key="d32">1</data>
      <data key="d33">1.44367</data>
      <data key="d34">Toulouse</data>
    </node>
    <node id="2">
      <data key="d29">1</data>
      <data key="d30">47.91667</data>
      <data key="d31">France</data>
      <data key="d32">2</data>
      <data key="d33">1.9</data>
      <data key="d34">Orleans</data>
    </node>
    <node id="3">
      <data key="d29">1</data>
      <data key="d30">45.83153</data>
      <data key="d31">France</data>
      <data key="d32">3</data>
      <data key="d33">1.2578</data>
      <data key="d34">Limoges</data>
    </node>
    <node id="4">
      <data key="d29">1</data>
      <data key="d30">47.31667</data>
      <data key="d31">France</data>
      <data key="d32">4</data>
      <data key="d33">5.01667</data>
      <data key="d34">Dijon</data>
    </node>
    <node id="5">
      <data key="d29">1</data>
      <data key="d30">47.25</data>
      <data key="d31">France</data>
      <data key="d32">5</data>
      <data key="d33">6.03333</data>
      <data key="d34">Besancon</data>
    </node>
    <node id="6">
      <data key="d29">1</data>
      <data key="d30">43.6</data>
      <data key="d31">France</data>
      <data key="d32">6</data>
      <data key="d33">3.88333</data>
      <data key="d34">Montpellier</data>
    </node>
    <node id="7">
      <data key="d29">1</data>
      <data key="d30">45.78333</data>
      <data key="d31">France</data>
      <data key="d32">7</data>
      <data key="d33">3.08333</data>
      <data key="d34">Clermont-Ferrand</data>
    </node>
    <node id="8">
      <data key="d29">1</data>
      <data key="d30">45.16667</data>
      <data key="d31">France</data>
      <data key="d32">8</data>
      <data key="d33">5.71667</data>
      <data key="d34">Grenoble</data>
    </node>
    <node id="9">
      <data key="d29">1</data>
      <data key="d30">43.62235</data>
      <data key="d31">France</data>
      <data key="d32">9</data>
      <data key="d33">7.04721</data>
      <data key="d34">Sophia</data>
    </node>
    <node id="10">
      <data key="d29">1</data>
      <data key="d30">45.75</data>
      <data key="d31">France</data>
      <data key="d32">10</data>
      <data key="d33">4.85</data>
      <data key="d34">Lyon</data>
    </node>
    <node id="11">
      <data key="d29">1</data>
      <data key="d30">48.85341</data>
      <data key="d31">France</data>
      <data key="d32">11</data>
      <data key="d33">2.3488</data>
      <data key="d34">Paris</data>
    </node>
    <node id="12">
      <data key="d29">1</data>
      <data key="d30">42.3</data>
      <data key="d31">France</data>
      <data key="d32">12</data>
      <data key="d33">9.15</data>
      <data key="d34">Corte</data>
    </node>
    <node id="13">
      <data key="d29">1</data>
      <data key="d30">43.3</data>
      <data key="d31">France</data>
      <data key="d32">13</data>
      <data key="d33">5.4</data>
      <data key="d34">Marseille</data>
    </node>
    <node id="14">
      <data key="d29">1</data>
      <data key="d30">47.21725</data>
      <data key="d31">France</data>
      <data key="d32">14</data>
      <data key="d33">-1.55336</data>
      <data key="d34">Nantes</data>
    </node>
    <node id="15">
      <data key="d29">1</data>
      <data key="d30">46.58333</data>
      <data key="d31">France</data>
      <data key="d32">15</data>
      <data key="d33">0.33333</data>
      <data key="d34">Poiters</data>
    </node>
    <node id="16">
      <data key="d29">1</data>
      <data key="d30">48.58333</data>
      <data key="d31">France</data>
      <data key="d32">16</data>
      <data key="d33">7.75</data>
      <data key="d34">Strasbourg</data>
    </node>
    <node id="17">
      <data key="d29">1</data>
      <data key="d30">48.68333</data>
      <data key="d31">France</data>
      <data key="d32">17</data>
      <data key="d33">6.2</data>
      <data key="d34">Nancy</data>
    </node>
    <node id="18">
      <data key="d29">1</data>
      <data key="d30">49.25</data>
      <data key="d31">France</data>
      <data key="d32">18</data>
      <data key="d33">4.03333</data>
      <data key="d34">Reims</data>
    </node>
    <node id="19">
      <data key="d29">1</data>
      <data key="d30">49.41794</data>
      <data key="d31">France</data>
      <data key="d32">19</data>
      <data key="d33">2.82606</data>
      <data key="d34">Compiegne</data>
    </node>
    <node id="20">
      <data key="d29">1</data>
      <data key="d30">50.63333</data>
      <data key="d31">France</data>
      <data key="d32">20</data>
      <data key="d33">3.06667</data>
      <data key="d34">Lille</data>
    </node>
    <node id="21">
      <data key="d29">1</data>
      <data key="d30">49.44313</data>
      <data key="d31">France</data>
      <data key="d32">21</data>
      <data key="d33">1.09932</data>
      <data key="d34">Rouen</data>
    </node>
    <node id="22">
      <data key="d29">1</data>
      <data key="d30">49.18585</data>
      <data key="d31">France</data>
      <data key="d32">22</data>
      <data key="d33">-0.35912</data>
      <data key="d34">Caen</data>
    </node>
    <node id="23">
      <data key="d29">1</data>
      <data key="d30">48.08333</data>
      <data key="d31">France</data>
      <data key="d32">23</data>
      <data key="d33">-1.68333</data>
      <data key="d34">Rennes</data>
    </node>
    <edge source="0" target="1">
      <data key="d35">34</data>
      <data key="d36">M</data>
      <data key="d37">34 Mbit/s</data>
      <data key="d38"> it/s</data>
      <data key="d39">34000000.0</data>
      <data key="d40">0</data>
    </edge>
    <edge source="0" target="15">
      <data key="d35">155</data>
      <data key="d36">M</data>
      <data key="d37">155 Mbit/s</data>
      <data key="d38"> it/s</data>
      <data key="d39">155000000.0</data>
      <data key="d40">0</data>
    </edge>
    <edge source="1" target="10">
      <data key="d35">155</data>
      <data key="d36">M</data>
      <data key="d37">155 Mbit/s</data>
      <data key="d38"> it/s</data>
      <data key="d39">155000000.0</data>
      <data key="d40">0</data>
    </edge>
    <edge source="1" target="6">
      <data key="d35">155</data>
      <data key="d36">M</data>
      <data key="d37">155 Mbit/s</data>
      <data key="d38"> it/s</data>
      <data key="d39">155000000.0</data>
      <data key="d40">0</data>
    </edge>
    <edge source="2" target="11">
      <data key="d35">155</data>
      <data key="d36">M</data>
      <data key="d37">155 Mbit/s</data>
      <data key="d38"> it/s</data>
      <data key="d39">155000000.0</data>
      <data key="d40">0</data>
    </edge>
    <edge source="3" target="15">
      <data key="d35">34</data>
      <data key="d36">M</data>
      <data key="d37">34 Mbit/s</data>
      <data key="d38"> it/s</data>
      <data key="d39">34000000.0</data>
      <data key="d40">0</data>
    </edge>
    <edge source="4" target="5">
      <data key="d35">34</data>
      <data key="d36">M</data>
      <data key="d37">34 Mbit/s</data>
      <data key="d38"> it/s</data>
      <data key="d39">34000000.0</data>
      <data key="d40">0</data>
    </edge>
    <edge source="5" target="16">
      <data key="d35">155</data>
      <data key="d36">M</data>
      <data key="d37">155 Mbit/s</data>
      <data key="d38"> it/s</data>
      <data key="d39">155000000.0</data>
      <data key="d40">0</data>
    </edge>
    <edge source="5" target="10">
      <data key="d35">155</data>
      <data key="d36">M</data>
      <data key="d37">155 Mbit/s</data>
      <data key="d38"> it/s</data>
      <data key="d39">155000000.0</data>
      <data key="d40">0</data>
    </edge>
    <edge source="6" target="13">
      <data key="d35">155</data>
      <data key="d36">M</data>
      <data key="d37">155 Mbit/s</data>
      <data key="d38"> it/s</data>
      <data key="d39">155000000.0</data>
      <data key="d40">0</data>
    </edge>
    <edge source="7" target="10">
      <data key="d35">34</data>
      <data key="d36">M</data>
      <data key="d37">34 Mbit/s</data>
      <data key="d38"> it/s</data>
      <data key="d39">34000000.0</data>
      <data key="d40">0</data>
    </edge>
    <edge source="8" target="10">
      <data key="d35">622</data>
      <data key="d36">M</data>
      <data key="d37">622 Mbit/s</data>
      <data key="d38"> it/s</data>
      <data key="d39">622000000.0</data>
      <data key="d40">0</data>
    </edge>
    <edge source="9" target="12">
      <data key="d35">8</data>
      <data key="d36">M</data>
      <data key="d37">8 Mbit/s</data>
      <data key="d38"> it/s</data>
      <data key="d39">8000000.0</data>
      <data key="d40">0</data>
    </edge>
    <edge source="9" target="13">
      <data key="d35">155</data>
      <data key="d36">M</data>
      <data key="d37">155 Mbit/s</data>
      <data key="d38"> it/s</data>
      <data key="d39">155000000.0</data>
      <data key="d40">0</data>
    </edge>
    <edge source="10" target="11">
      <data key="d35">2.4</data>
      <data key="d36">G</data>
      <data key="d37">2.4 Gbit/s</data>
      <data key="d38"> it/s</data>
      <data key="d39">2400000000.0</data>
      <data key="d40">0</data>
    </edge>
    <edge source="10" target="13">
      <data key="d35">622</data>
      <data key="d36">M</data>
      <data key="d37">622 Mbit/s</data>
      <data key="d38"> it/s</data>
      <data key="d39">622000000.0</data>
      <data key="d40">0</data>
    </edge>
    <edge source="11" target="15">
      <data key="d35">155</data>
      <data key="d36">M</data>
      <data key="d37">155 Mbit/s</data>
      <data key="d38"> it/s</data>
      <data key="d39">155000000.0</data>
      <data key="d40">0</data>
    </edge>
    <edge source="11" target="17">
      <data key="d35">155</data>
      <data key="d36">M</data>
      <data key="d37">155 Mbit/s</data>
      <data key="d38"> it/s</data>
      <data key="d39">155000000.0</data>
      <data key="d40">0</data>
    </edge>
    <edge source="11" target="18">
      <data key="d35">34</data>
      <data key="d36">M</data>
      <data key="d37">34 Mbit/s</data>
      <data key="d38"> it/s</data>
      <data key="d39">34000000.0</data>
      <data key="d40">0</data>
    </edge>
    <edge source="11" target="19">
      <data key="d35">155</data>
      <data key="d36">M</data>
      <data key="d37">155 Mbit/s</data>
      <data key="d38"> it/s</data>
      <data key="d39">155000000.0</data>
      <data key="d40">0</data>
    </edge>
    <edge source="11" target="20">
      <data key="d35">155</data>
      <data key="d36">M</data>
      <data key="d37">155 Mbit/s</data>
      <data key="d38"> it/s</data>
      <data key="d39">155000000.0</data>
      <data key="d40">0</data>
    </edge>
    <edge source="11" target="21">
      <data key="d35">155</data>
      <data key="d36">M</data>
      <data key="d37">155 Mbit/s</data>
      <data key="d38"> it/s</data>
      <data key="d39">155000000.0</data>
      <data key="d40">0</data>
    </edge>
    <edge source="11" target="23">
      <data key="d35">155</data>
      <data key="d36">M</data>
      <data key="d37">155 Mbit/s</data>
      <data key="d38"> it/s</data>
      <data key="d39">155000000.0</data>
      <data key="d40">0</data>
    </edge>
    <edge source="14" target="23">
      <data key="d35">155</data>
      <data key="d36">M</data>
      <data key="d37">155 Mbit/s</data>
      <data key="d38"> it/s</data>
      <data key="d39">155000000.0</data>
      <data key="d40">0</data>
    </edge>
    <edge source="14" target="15">
      <data key="d35">34</data>
      <data key="d36">M</data>
      <data key="d37">34 Mbit/s</data>
      <data key="d38"> it/s</data>
      <data key="d39">34000000.0</data>
      <data key="d40">0</data>
    </edge>
    <edge source="16" target="17">
      <data key="d35">155</data>
      <data key="d36">M</data>
      <data key="d37">155 Mbit/s</data>
      <data key="d38"> it/s</data>
      <data key="d39">155000000.0</data>
      <data key="d40">0</data>
    </edge>
    <edge source="21" target="22">
      <data key="d35">155</data>
      <data key="d36">M</data>
      <data key="d37">155 Mbit/s</data>
      <data key="d38"> it/s</data>
      <data key="d39">155000000.0</data>
      <data key="d40">0</data>
    </edge>
  </graph>
</graphml>
