<?xml version="1.0" encoding="utf-8"?><graphml xmlns="http://graphml.graphdrawing.org/xmlns" xmlns:xsi="http://www.w3.org/2001/XMLSchema-instance" xsi:schemaLocation="http://graphml.graphdrawing.org/xmlns http://graphml.graphdrawing.org/xmlns/1.0/graphml.xsd">
  <key attr.name="LinkNote" attr.type="string" for="edge" id="d42" />
  <key attr.name="key" attr.type="int" for="edge" id="d41" />
  <key attr.name="LinkSpeedRaw" attr.type="double" for="edge" id="d40" />
  <key attr.name="LinkSpeedUnits" attr.type="string" for="edge" id="d39" />
  <key attr.name="LinkLabel" attr.type="string" for="edge" id="d38" />
  <key attr.name="LinkSpeed" attr.type="string" for="edge" id="d37" />
  <key attr.name="LinkType" attr.type="string" for="edge" id="d36" />
  <key attr.name="label" attr.type="string" for="node" id="d35" />
  <key attr.name="Longitude" attr.type="double" for="node" id="d34" />
  <key attr.name="id" attr.type="int" for="node" id="d33" />
  <key attr.name="type" attr.type="string" for="node" id="d32" />
  <key attr.name="Country" attr.type="string" for="node" id="d31" />
  <key attr.name="Latitude" attr.type="double" for="node" id="d30" />
  <key attr.name="Internal" attr.type="int" for="node" id="d29" />
  <key attr.name="Testbed" attr.type="int" for="graph" id="d28" />
  <key attr.name="LastProcessed" attr.type="string" for="graph" id="d27" />
  <key attr.name="DateYear" attr.type="string" for="graph" id="d26" />
  <key attr.name="NetworkDate" attr.type="string" for="graph" id="d25" />
  <key attr.name="Transit" attr.type="int" for="graph" id="d24" />
  <key attr.name="Developed" attr.type="int" for="graph" id="d23" />
  <key attr.name="Creator" attr.type="string" for="graph" id="d22" />
  <key attr.name="Layer" attr.type="string" for="graph" id="d21" />
  <key attr.name="Access" attr.type="int" for="graph" id="d20" />
  <key attr.name="LastAccess" attr.type="string" for="graph" id="d19" />
  <key attr.name="DateMonth" attr.type="string" for="graph" id="d18" />
  <key attr.name="DateModifier" attr.type="string" for="graph" id="d17" />
  <key attr.name="SourceGitVersion" attr.type="string" for="graph" id="d16" />
  <key attr.name="IX" attr.type="int" for="graph" id="d15" />
  <key attr.name="Customer" attr.type="int" for="graph" id="d14" />
  <key attr.name="ToolsetVersion" attr.type="string" for="graph" id="d13" />
  <key attr.name="label" attr.type="string" for="graph" id="d12" />
  <key attr.name="Commercial" attr.type="int" for="graph" id="d11" />
  <key attr.name="Backbone" attr.type="int" for="graph" id="d10" />
  <key attr.name="DateType" attr.type="string" for="graph" id="d9" />
  <key attr.name="Type" attr.type="string" for="graph" id="d8" />
  <key attr.name="Version" attr.type="string" for="graph" id="d7" />
  <key attr.name="Source" attr.type="string" for="graph" id="d6" />
  <key attr.name="Note" attr.type="string" for="graph" id="d5" />
  <key attr.name="Provenance" attr.type="string" for="graph" id="d4" />
  <key attr.name="Network" attr.type="string" for="graph" id="d3" />
  <key attr.name="GeoExtent" attr.type="string" for="graph" id="d2" />
  <key attr.name="GeoLocation" attr.type="string" for="graph" id="d1" />
  <key attr.name="DateObtained" attr.type="string" for="graph" id="d0" />
  <graph edgedefault="undirected">
    <data key="d0">1/02/11</data>
    <data key="d1">France</data>
    <data key="d2">Country</data>
    <data key="d3">Renater</data>
    <data key="d4">Secondary</data>
    <data key="d5">Very hard to work out but they do appear to have 'customers', rather than acting as an ISP</data>
    <data key="d6">http://replay.waybackmachine.org/20001005152313/http://www.renater.fr/Reseau/Renater2/NRD_Carte.htm</data>
    <data key="d7">1.0</data>
    <data key="d8">REN</data>
    <data key="d9">Historic</data>
    <data key="d10">1</data>
    <data key="d11">0</data>
    <data key="d12">Renater1999</data>
    <data key="d13">0.3.34dev-20120328</data>
    <data key="d14">1</data>
    <data key="d15">0</data>
    <data key="d16">e278b1b</data>
    <data key="d17">=</data>
    <data key="d18">07</data>
    <data key="d19">1/02/11</data>
    <data key="d20">0</data>
    <data key="d21">IP</data>
    <data key="d22">Topology Zoo Toolset</data>
    <data key="d23">1</data>
    <data key="d24">0</data>
    <data key="d25">1999_07</data>
    <data key="d26">1999</data>
    <data key="d27">2011_09_01</data>
    <data key="d28">0</data>
    <node id="0">
      <data key="d29">1</data>
      <data key="d30">44.83333</data>
      <data key="d31">France</data>
      <data key="d32">NRD</data>
      <data key="d33">0</data>
      <data key="d34">-0.56667</data>
      <data key="d35">Bordeaux</data>
    </node>
    <node id="1">
      <data key="d29">1</data>
      <data key="d30">43.60426</data>
      <data key="d31">France</data>
      <data key="d32">NRD</data>
      <data key="d33">1</data>
      <data key="d34">1.44367</data>
      <data key="d35">Toulouse</data>
    </node>
    <node id="2">
      <data key="d29">1</data>
      <data key="d30">47.91667</data>
      <data key="d31">France</data>
      <data key="d32">NRD</data>
      <data key="d33">2</data>
      <data key="d34">1.9</data>
      <data key="d35">Orleans</data>
    </node>
    <node id="3">
      <data key="d29">1</data>
      <data key="d30">45.83153</data>
      <data key="d31">France</data>
      <data key="d32">NRD</data>
      <data key="d33">3</data>
      <data key="d34">1.2578</data>
      <data key="d35">Limoges</data>
    </node>
    <node id="4">
      <data key="d29">1</data>
      <data key="d30">47.31667</data>
      <data key="d31">France</data>
      <data key="d32">NRD</data>
      <data key="d33">4</data>
      <data key="d34">5.01667</data>
      <data key="d35">Dijon</data>
    </node>
    <node id="5">
      <data key="d29">1</data>
      <data key="d30">47.25</data>
      <data key="d31">France</data>
      <data key="d32">NRD</data>
      <data key="d33">5</data>
      <data key="d34">6.03333</data>
      <data key="d35">Besancon</data>
    </node>
    <node id="6">
      <data key="d29">1</data>
      <data key="d30">43.6</data>
      <data key="d31">France</data>
      <data key="d32">NRD</data>
      <data key="d33">6</data>
      <data key="d34">3.88333</data>
      <data key="d35">Montpellier</data>
    </node>
    <node id="7">
      <data key="d29">1</data>
      <data key="d30">45.78333</data>
      <data key="d31">France</data>
      <data key="d32">NRD</data>
      <data key="d33">7</data>
      <data key="d34">3.08333</data>
      <data key="d35">Clermont-Ferrand</data>
    </node>
    <node id="8">
      <data key="d29">1</data>
      <data key="d30">45.16667</data>
      <data key="d31">France</data>
      <data key="d32">NRD</data>
      <data key="d33">8</data>
      <data key="d34">5.71667</data>
      <data key="d35">Grenoble</data>
    </node>
    <node id="9">
      <data key="d29">1</data>
      <data key="d30">43.70313</data>
      <data key="d31">France</data>
      <data key="d32">NRD</data>
      <data key="d33">9</data>
      <data key="d34">7.26608</data>
      <data key="d35">Nice/Sophia</data>
    </node>
    <node id="10">
      <data key="d29">1</data>
      <data key="d30">45.75</data>
      <data key="d31">France</data>
      <data key="d32">NRD</data>
      <data key="d33">10</data>
      <data key="d34">4.85</data>
      <data key="d35">Lyon</data>
    </node>
    <node id="11">
      <data key="d29">1</data>
      <data key="d30">48.85341</data>
      <data key="d31">France</data>
      <data key="d32">NRD</data>
      <data key="d33">11</data>
      <data key="d34">2.3488</data>
      <data key="d35">Paris</data>
    </node>
    <node id="12">
      <data key="d29">1</data>
      <data key="d30">42.3</data>
      <data key="d31">France</data>
      <data key="d32">NRD</data>
      <data key="d33">12</data>
      <data key="d34">9.15</data>
      <data key="d35">Corte</data>
    </node>
    <node id="13">
      <data key="d29">1</data>
      <data key="d30">43.3</data>
      <data key="d31">France</data>
      <data key="d32">NRD</data>
      <data key="d33">13</data>
      <data key="d34">5.4</data>
      <data key="d35">Marseille</data>
    </node>
    <node id="14">
      <data key="d29">1</data>
      <data key="d30">47.21725</data>
      <data key="d31">France</data>
      <data key="d32">NRD</data>
      <data key="d33">14</data>
      <data key="d34">-1.55336</data>
      <data key="d35">Nantes</data>
    </node>
    <node id="15">
      <data key="d29">1</data>
      <data key="d30">46.58333</data>
      <data key="d31">France</data>
      <data key="d32">NRD</data>
      <data key="d33">15</data>
      <data key="d34">0.33333</data>
      <data key="d35">Poiters</data>
    </node>
    <node id="16">
      <data key="d29">1</data>
      <data key="d30">48.58333</data>
      <data key="d31">France</data>
      <data key="d32">NRD</data>
      <data key="d33">16</data>
      <data key="d34">7.75</data>
      <data key="d35">Strasbourg</data>
    </node>
    <node id="17">
      <data key="d29">1</data>
      <data key="d30">48.68333</data>
      <data key="d31">France</data>
      <data key="d32">NRD</data>
      <data key="d33">17</data>
      <data key="d34">6.2</data>
      <data key="d35">Nancy</data>
    </node>
    <node id="18">
      <data key="d29">1</data>
      <data key="d30">49.25</data>
      <data key="d31">France</data>
      <data key="d32">NRD</data>
      <data key="d33">18</data>
      <data key="d34">4.03333</data>
      <data key="d35">Reims</data>
    </node>
    <node id="19">
      <data key="d29">1</data>
      <data key="d30">49.41794</data>
      <data key="d31">France</data>
      <data key="d32">NRD</data>
      <data key="d33">19</data>
      <data key="d34">2.82606</data>
      <data key="d35">Compiegne</data>
    </node>
    <node id="20">
      <data key="d29">1</data>
      <data key="d30">50.63333</data>
      <data key="d31">France</data>
      <data key="d32">NRD</data>
      <data key="d33">20</data>
      <data key="d34">3.06667</data>
      <data key="d35">Lille</data>
    </node>
    <node id="21">
      <data key="d29">1</data>
      <data key="d30">49.44313</data>
      <data key="d31">France</data>
      <data key="d32">NRD</data>
      <data key="d33">21</data>
      <data key="d34">1.09932</data>
      <data key="d35">Rouen</data>
    </node>
    <node id="22">
      <data key="d29">1</data>
      <data key="d30">49.18585</data>
      <data key="d31">France</data>
      <data key="d32">NRD</data>
      <data key="d33">22</data>
      <data key="d34">-0.35912</data>
      <data key="d35">Caen</data>
    </node>
    <node id="23">
      <data key="d29">1</data>
      <data key="d30">48.08333</data>
      <data key="d31">France</data>
      <data key="d32">NRD</data>
      <data key="d33">23</data>
      <data key="d34">-1.68333</data>
      <data key="d35">Rennes</data>
    </node>
    <edge source="0" target="15">
      <data key="d36">SDH</data>
      <data key="d37">155</data>
      <data key="d38">155 Mbps SDH</data>
      <data key="d39">M</data>
      <data key="d40">155000000.0</data>
      <data key="d41">0</data>
    </edge>
    <edge source="1" target="11">
      <data key="d36">SDH</data>
      <data key="d37">155</data>
      <data key="d38">155 Mbps SDH</data>
      <data key="d39">M</data>
      <data key="d40">155000000.0</data>
      <data key="d41">0</data>
    </edge>
    <edge source="1" target="6">
      <data key="d36">SDH</data>
      <data key="d37">155</data>
      <data key="d38">155 Mbps SDH</data>
      <data key="d39">M</data>
      <data key="d40">155000000.0</data>
      <data key="d41">0</data>
    </edge>
    <edge source="2" target="11">
      <data key="d36">SDH</data>
      <data key="d37">155</data>
      <data key="d38">155 Mbps SDH</data>
      <data key="d39">M</data>
      <data key="d40">155000000.0</data>
      <data key="d41">0</data>
    </edge>
    <edge source="2" target="15">
      <data key="d36">SDH</data>
      <data key="d37">155</data>
      <data key="d38">155 Mbps SDH</data>
      <data key="d39">M</data>
      <data key="d40">155000000.0</data>
      <data key="d41">0</data>
    </edge>
    <edge source="3" target="15">
      <data key="d37">34</data>
      <data key="d39">M</data>
      <data key="d38">34 Mbps PDH</data>
      <data key="d42">  PDH</data>
      <data key="d40">34000000.0</data>
      <data key="d41">0</data>
    </edge>
    <edge source="4" target="11">
      <data key="d36">SDH</data>
      <data key="d37">155</data>
      <data key="d38">155 Mbps SDH</data>
      <data key="d39">M</data>
      <data key="d40">155000000.0</data>
      <data key="d41">0</data>
    </edge>
    <edge source="4" target="5">
      <data key="d37">34</data>
      <data key="d39">M</data>
      <data key="d38">34 Mbps PDH</data>
      <data key="d42">  PDH</data>
      <data key="d40">34000000.0</data>
      <data key="d41">0</data>
    </edge>
    <edge source="7" target="10">
      <data key="d37">34</data>
      <data key="d39">M</data>
      <data key="d38">34 Mbps PDH</data>
      <data key="d42">  PDH</data>
      <data key="d40">34000000.0</data>
      <data key="d41">0</data>
    </edge>
    <edge source="8" target="10">
      <data key="d36">SDH</data>
      <data key="d37">155</data>
      <data key="d38">155 Mbps SDH</data>
      <data key="d39">M</data>
      <data key="d40">155000000.0</data>
      <data key="d41">0</data>
    </edge>
    <edge source="9" target="12">
      <data key="d38">4*2 Mbps PDH</data>
      <data key="d41">0</data>
    </edge>
    <edge source="9" target="13">
      <data key="d36">SDH</data>
      <data key="d37">155</data>
      <data key="d38">155 Mbps SDH</data>
      <data key="d39">M</data>
      <data key="d40">155000000.0</data>
      <data key="d41">0</data>
    </edge>
    <edge source="10" target="11">
      <data key="d36">SDH</data>
      <data key="d37">155</data>
      <data key="d38">155 Mbps SDH</data>
      <data key="d39">M</data>
      <data key="d40">155000000.0</data>
      <data key="d41">0</data>
    </edge>
    <edge source="10" target="13">
      <data key="d36">SDH</data>
      <data key="d37">155</data>
      <data key="d38">155 Mbps SDH</data>
      <data key="d39">M</data>
      <data key="d40">155000000.0</data>
      <data key="d41">0</data>
    </edge>
    <edge source="11" target="17">
      <data key="d36">SDH</data>
      <data key="d37">155</data>
      <data key="d38">155 Mbps SDH</data>
      <data key="d39">M</data>
      <data key="d40">155000000.0</data>
      <data key="d41">0</data>
    </edge>
    <edge source="11" target="18">
      <data key="d37">34</data>
      <data key="d39">M</data>
      <data key="d38">34 Mbps PDH</data>
      <data key="d42">  PDH</data>
      <data key="d40">34000000.0</data>
      <data key="d41">0</data>
    </edge>
    <edge source="11" target="19">
      <data key="d37">34</data>
      <data key="d39">M</data>
      <data key="d38">34 Mbps PDH</data>
      <data key="d42">  PDH</data>
      <data key="d40">34000000.0</data>
      <data key="d41">0</data>
    </edge>
    <edge source="11" target="20">
      <data key="d36">SDH</data>
      <data key="d37">155</data>
      <data key="d38">155 Mbps SDH</data>
      <data key="d39">M</data>
      <data key="d40">155000000.0</data>
      <data key="d41">0</data>
    </edge>
    <edge source="11" target="21">
      <data key="d36">SDH</data>
      <data key="d37">155</data>
      <data key="d38">155 Mbps SDH</data>
      <data key="d39">M</data>
      <data key="d40">155000000.0</data>
      <data key="d41">0</data>
    </edge>
    <edge source="11" target="23">
      <data key="d36">SDH</data>
      <data key="d37">155</data>
      <data key="d38">155 Mbps SDH</data>
      <data key="d39">M</data>
      <data key="d40">155000000.0</data>
      <data key="d41">0</data>
    </edge>
    <edge source="14" target="23">
      <data key="d36">SDH</data>
      <data key="d37">155</data>
      <data key="d38">155 Mbps SDH</data>
      <data key="d39">M</data>
      <data key="d40">155000000.0</data>
      <data key="d41">0</data>
    </edge>
    <edge source="16" target="17">
      <data key="d36">SDH</data>
      <data key="d37">155</data>
      <data key="d38">155 Mbps SDH</data>
      <data key="d39">M</data>
      <data key="d40">155000000.0</data>
      <data key="d41">0</data>
    </edge>
    <edge source="21" target="22">
      <data key="d37">34</data>
      <data key="d39">M</data>
      <data key="d38">34 Mbps PDH</data>
      <data key="d42">  PDH</data>
      <data key="d40">34000000.0</data>
      <data key="d41">0</data>
    </edge>
  </graph>
</graphml>
