<?xml version="1.0" encoding="utf-8"?><graphml xmlns="http://graphml.graphdrawing.org/xmlns" xmlns:xsi="http://www.w3.org/2001/XMLSchema-instance" xsi:schemaLocation="http://graphml.graphdrawing.org/xmlns http://graphml.graphdrawing.org/xmlns/1.0/graphml.xsd">
  <key attr.name="id" attr.type="string" for="edge" id="d40" />
  <key attr.name="key" attr.type="int" for="edge" id="d39" />
  <key attr.name="LinkSpeedRaw" attr.type="double" for="edge" id="d38" />
  <key attr.name="LinkSpeedUnits" attr.type="string" for="edge" id="d37" />
  <key attr.name="LinkLabel" attr.type="string" for="edge" id="d36" />
  <key attr.name="LinkSpeed" attr.type="string" for="edge" id="d35" />
  <key attr.name="label" attr.type="string" for="node" id="d34" />
  <key attr.name="Longitude" attr.type="double" for="node" id="d33" />
  <key attr.name="id" attr.type="int" for="node" id="d32" />
  <key attr.name="Country" attr.type="string" for="node" id="d31" />
  <key attr.name="Latitude" attr.type="double" for="node" id="d30" />
  <key attr.name="Internal" attr.type="int" for="node" id="d29" />
  <key attr.name="Testbed" attr.type="int" for="graph" id="d28" />
  <key attr.name="LastProcessed" attr.type="string" for="graph" id="d27" />
  <key attr.name="DateYear" attr.type="string" for="graph" id="d26" />
  <key attr.name="NetworkDate" attr.type="string" for="graph" id="d25" />
  <key attr.name="Transit" attr.type="int" for="graph" id="d24" />
  <key attr.name="Developed" attr.type="int" for="graph" id="d23" />
  <key attr.name="Creator" attr.type="string" for="graph" id="d22" />
  <key attr.name="Layer" attr.type="string" for="graph" id="d21" />
  <key attr.name="Access" attr.type="int" for="graph" id="d20" />
  <key attr.name="LastAccess" attr.type="string" for="graph" id="d19" />
  <key attr.name="DateMonth" attr.type="int" for="graph" id="d18" />
  <key attr.name="DateModifier" attr.type="string" for="graph" id="d17" />
  <key attr.name="SourceGitVersion" attr.type="string" for="graph" id="d16" />
  <key attr.name="IX" attr.type="int" for="graph" id="d15" />
  <key attr.name="Customer" attr.type="int" for="graph" id="d14" />
  <key attr.name="ToolsetVersion" attr.type="string" for="graph" id="d13" />
  <key attr.name="label" attr.type="string" for="graph" id="d12" />
  <key attr.name="Commercial" attr.type="int" for="graph" id="d11" />
  <key attr.name="Backbone" attr.type="int" for="graph" id="d10" />
  <key attr.name="DateType" attr.type="string" for="graph" id="d9" />
  <key attr.name="Type" attr.type="string" for="graph" id="d8" />
  <key attr.name="Version" attr.type="string" for="graph" id="d7" />
  <key attr.name="Source" attr.type="string" for="graph" id="d6" />
  <key attr.name="Note" attr.type="string" for="graph" id="d5" />
  <key attr.name="Provenance" attr.type="string" for="graph" id="d4" />
  <key attr.name="Network" attr.type="string" for="graph" id="d3" />
  <key attr.name="GeoExtent" attr.type="string" for="graph" id="d2" />
  <key attr.name="GeoLocation" attr.type="string" for="graph" id="d1" />
  <key attr.name="DateObtained" attr.type="string" for="graph" id="d0" />
  <graph edgedefault="undirected">
    <data key="d0">12/07/11</data>
    <data key="d1">Moldova</data>
    <data key="d2">Country</data>
    <data key="d3">Renam</data>
    <data key="d4">Primary</data>
    <data key="d5">Information unclear, only links between main towns recorded.</data>
    <data key="d6">http://www.renam.md/index.php?option=com_content&amp;task=view&amp;id=10&amp;Itemid=16</data>
    <data key="d7">1.0</data>
    <data key="d8">REN</data>
    <data key="d9">Historic</data>
    <data key="d10">1</data>
    <data key="d11">0</data>
    <data key="d12">Renam</data>
    <data key="d13">0.3.34dev-20120328</data>
    <data key="d14">1</data>
    <data key="d15">0</data>
    <data key="d16">e278b1b</data>
    <data key="d17">=</data>
    <data key="d18">0</data>
    <data key="d19">12/07/11</data>
    <data key="d20">0</data>
    <data key="d21">IP</data>
    <data key="d22">Topology Zoo Toolset</data>
    <data key="d23">0</data>
    <data key="d24">0</data>
    <data key="d25">2007</data>
    <data key="d26">2007</data>
    <data key="d27">2011_09_01</data>
    <data key="d28">0</data>
    <node id="0">
      <data key="d29">1</data>
      <data key="d30">47.00556</data>
      <data key="d31">Moldova</data>
      <data key="d32">0</data>
      <data key="d33">28.8575</data>
      <data key="d34">Chisinau</data>
    </node>
    <node id="1">
      <data key="d29">1</data>
      <data key="d30">47.76167</data>
      <data key="d31">Moldova</data>
      <data key="d32">1</data>
      <data key="d33">27.92889</data>
      <data key="d34">Balti</data>
    </node>
    <node id="2">
      <data key="d29">1</data>
      <data key="d30">45.9075</data>
      <data key="d31">Moldova</data>
      <data key="d32">2</data>
      <data key="d33">28.19444</data>
      <data key="d34">       Cahul</data>
    </node>
    <node id="3">
      <data key="d29">0</data>
      <data key="d32">3</data>
      <data key="d34">StarNet ISP</data>
    </node>
    <node id="4">
      <data key="d29">0</data>
      <data key="d32">4</data>
      <data key="d34">RoEduNet</data>
    </node>
    <edge source="0" target="1">
      <data key="d35">8</data>
      <data key="d36">8 Mbps</data>
      <data key="d37">M</data>
      <data key="d38">8000000.0</data>
      <data key="d39">0</data>
    </edge>
    <edge source="0" target="2">
      <data key="d35">128</data>
      <data key="d36">128 Kbps</data>
      <data key="d37">K</data>
      <data key="d38">128000.0</data>
      <data key="d39">0</data>
    </edge>
    <edge source="0" target="3">
      <data key="d40">e2</data>
      <data key="d39">0</data>
    </edge>
    <edge source="0" target="4">
      <data key="d35">32</data>
      <data key="d36">32 Mbps</data>
      <data key="d37">M</data>
      <data key="d38">32000000.0</data>
      <data key="d39">0</data>
    </edge>
  </graph>
</graphml>
