<?xml version="1.0" encoding="utf-8"?><graphml xmlns="http://graphml.graphdrawing.org/xmlns" xmlns:xsi="http://www.w3.org/2001/XMLSchema-instance" xsi:schemaLocation="http://graphml.graphdrawing.org/xmlns http://graphml.graphdrawing.org/xmlns/1.0/graphml.xsd">
  <key attr.name="LinkSpeedUnits" attr.type="string" for="edge" id="d40" />
  <key attr.name="LinkSpeedRaw" attr.type="double" for="edge" id="d39" />
  <key attr.name="LinkSpeed" attr.type="string" for="edge" id="d38" />
  <key attr.name="key" attr.type="int" for="edge" id="d37" />
  <key attr.name="LinkNote" attr.type="string" for="edge" id="d36" />
  <key attr.name="LinkLabel" attr.type="string" for="edge" id="d35" />
  <key attr.name="LinkType" attr.type="string" for="edge" id="d34" />
  <key attr.name="label" attr.type="string" for="node" id="d33" />
  <key attr.name="Longitude" attr.type="double" for="node" id="d32" />
  <key attr.name="id" attr.type="int" for="node" id="d31" />
  <key attr.name="Country" attr.type="string" for="node" id="d30" />
  <key attr.name="Latitude" attr.type="double" for="node" id="d29" />
  <key attr.name="Internal" attr.type="int" for="node" id="d28" />
  <key attr.name="Testbed" attr.type="int" for="graph" id="d27" />
  <key attr.name="LastProcessed" attr.type="string" for="graph" id="d26" />
  <key attr.name="DateYear" attr.type="string" for="graph" id="d25" />
  <key attr.name="NetworkDate" attr.type="string" for="graph" id="d24" />
  <key attr.name="Transit" attr.type="int" for="graph" id="d23" />
  <key attr.name="Developed" attr.type="int" for="graph" id="d22" />
  <key attr.name="Creator" attr.type="string" for="graph" id="d21" />
  <key attr.name="Layer" attr.type="string" for="graph" id="d20" />
  <key attr.name="LastAccess" attr.type="string" for="graph" id="d19" />
  <key attr.name="DateMonth" attr.type="string" for="graph" id="d18" />
  <key attr.name="DateModifier" attr.type="string" for="graph" id="d17" />
  <key attr.name="SourceGitVersion" attr.type="string" for="graph" id="d16" />
  <key attr.name="IX" attr.type="int" for="graph" id="d15" />
  <key attr.name="Customer" attr.type="int" for="graph" id="d14" />
  <key attr.name="ToolsetVersion" attr.type="string" for="graph" id="d13" />
  <key attr.name="label" attr.type="string" for="graph" id="d12" />
  <key attr.name="Commercial" attr.type="int" for="graph" id="d11" />
  <key attr.name="Backbone" attr.type="int" for="graph" id="d10" />
  <key attr.name="DateType" attr.type="string" for="graph" id="d9" />
  <key attr.name="Type" attr.type="string" for="graph" id="d8" />
  <key attr.name="Version" attr.type="string" for="graph" id="d7" />
  <key attr.name="Source" attr.type="string" for="graph" id="d6" />
  <key attr.name="Access" attr.type="int" for="graph" id="d5" />
  <key attr.name="Provenance" attr.type="string" for="graph" id="d4" />
  <key attr.name="Network" attr.type="string" for="graph" id="d3" />
  <key attr.name="GeoExtent" attr.type="string" for="graph" id="d2" />
  <key attr.name="GeoLocation" attr.type="string" for="graph" id="d1" />
  <key attr.name="DateObtained" attr.type="string" for="graph" id="d0" />
  <graph edgedefault="undirected">
    <data key="d0">3/02/11</data>
    <data key="d1">Luxembourg</data>
    <data key="d2">Country</data>
    <data key="d3">Restena</data>
    <data key="d4">Primary</data>
    <data key="d5">0</data>
    <data key="d6">http://www.restena.lu/restena/fr/FR-NationalNetwork.html</data>
    <data key="d7">1.0</data>
    <data key="d8">REN</data>
    <data key="d9">Current</data>
    <data key="d10">1</data>
    <data key="d11">0</data>
    <data key="d12">Restena</data>
    <data key="d13">0.3.34dev-20120328</data>
    <data key="d14">1</data>
    <data key="d15">0</data>
    <data key="d16">e278b1b</data>
    <data key="d17">=</data>
    <data key="d18">03</data>
    <data key="d19">6/03/11</data>
    <data key="d20">IP</data>
    <data key="d21">Topology Zoo Toolset</data>
    <data key="d22">0</data>
    <data key="d23">0</data>
    <data key="d24">2011_03</data>
    <data key="d25">2011</data>
    <data key="d26">2011_09_01</data>
    <data key="d27">0</data>
    <node id="0">
      <data key="d28">1</data>
      <data key="d29">49.65833</data>
      <data key="d30">Luxembourg</data>
      <data key="d31">0</data>
      <data key="d32">6.13722</data>
      <data key="d33">Walferdange</data>
    </node>
    <node id="1">
      <data key="d28">1</data>
      <data key="d29">49.61167</data>
      <data key="d30">Luxembourg</data>
      <data key="d31">1</data>
      <data key="d32">6.13</data>
      <data key="d33">CCRN</data>
    </node>
    <node id="2">
      <data key="d28">1</data>
      <data key="d29">49.8475</data>
      <data key="d30">Luxembourg</data>
      <data key="d31">2</data>
      <data key="d32">6.10417</data>
      <data key="d33">Ettelbruck</data>
    </node>
    <node id="3">
      <data key="d28">1</data>
      <data key="d29">49.86778</data>
      <data key="d30">Luxembourg</data>
      <data key="d31">3</data>
      <data key="d32">6.15583</data>
      <data key="d33">Diekirch</data>
    </node>
    <node id="4">
      <data key="d28">0</data>
      <data key="d31">4</data>
      <data key="d33">GEANT Paris (FR)</data>
    </node>
    <node id="5">
      <data key="d28">0</data>
      <data key="d31">5</data>
      <data key="d33">Internet via Bruxelles (BE)</data>
    </node>
    <node id="6">
      <data key="d28">1</data>
      <data key="d31">6</data>
      <data key="d33">ADSL (via EPT)</data>
    </node>
    <node id="7">
      <data key="d28">0</data>
      <data key="d31">7</data>
      <data key="d33">France</data>
    </node>
    <node id="8">
      <data key="d28">0</data>
      <data key="d31">8</data>
      <data key="d33">GEANT Frankfurt (DE)</data>
    </node>
    <node id="9">
      <data key="d28">1</data>
      <data key="d29">49.62389</data>
      <data key="d30">Luxembourg</data>
      <data key="d31">9</data>
      <data key="d32">6.14944</data>
      <data key="d33">RESTENA</data>
    </node>
    <node id="10">
      <data key="d28">1</data>
      <data key="d29">49.62389</data>
      <data key="d30">Luxembourg</data>
      <data key="d31">10</data>
      <data key="d32">6.14944</data>
      <data key="d33">BCE</data>
    </node>
    <node id="11">
      <data key="d28">1</data>
      <data key="d31">11</data>
      <data key="d33">ADSL (via Tango)</data>
    </node>
    <node id="12">
      <data key="d28">1</data>
      <data key="d29">49.62083</data>
      <data key="d30">Luxembourg</data>
      <data key="d31">12</data>
      <data key="d32">6.12167</data>
      <data key="d33">UNI.iu</data>
    </node>
    <node id="13">
      <data key="d28">1</data>
      <data key="d29">49.62278</data>
      <data key="d30">Luxembourg</data>
      <data key="d31">13</data>
      <data key="d32">6.10778</data>
      <data key="d33">Rollingergrund</data>
    </node>
    <node id="14">
      <data key="d28">1</data>
      <data key="d29">49.6025</data>
      <data key="d30">Luxembourg</data>
      <data key="d31">14</data>
      <data key="d32">6.12417</data>
      <data key="d33">Campus Geesseknaeppchen</data>
    </node>
    <node id="15">
      <data key="d28">1</data>
      <data key="d29">49.49583</data>
      <data key="d30">Luxembourg</data>
      <data key="d31">15</data>
      <data key="d32">5.98056</data>
      <data key="d33">Esch-sur-Alzette</data>
    </node>
    <node id="16">
      <data key="d28">1</data>
      <data key="d29">49.51861</data>
      <data key="d30">Luxembourg</data>
      <data key="d31">16</data>
      <data key="d32">6.10278</data>
      <data key="d33">Bettembourg</data>
    </node>
    <node id="17">
      <data key="d28">1</data>
      <data key="d29">49.61167</data>
      <data key="d30">Luxembourg</data>
      <data key="d31">17</data>
      <data key="d32">6.13</data>
      <data key="d33">Luxembourg</data>
    </node>
    <node id="18">
      <data key="d28">1</data>
      <data key="d29">49.62083</data>
      <data key="d30">Luxembourg</data>
      <data key="d31">18</data>
      <data key="d32">6.12167</data>
      <data key="d33">Limpertsberg</data>
    </node>
    <edge source="0" target="9">
      <data key="d34">Fiber</data>
      <data key="d35">Managed Fiber (10Gbps, 100Mbps)</data>
      <data key="d36">Managed  (10Gbps, 100Mbps)</data>
      <data key="d37">0</data>
    </edge>
    <edge source="1" target="9">
      <data key="d34">Fiber</data>
      <data key="d35">Managed Fiber (10Gbps, 100Mbps)</data>
      <data key="d36">Managed  (10Gbps, 100Mbps)</data>
      <data key="d37">0</data>
    </edge>
    <edge source="2" target="10">
      <data key="d34">Fiber</data>
      <data key="d38">1</data>
      <data key="d35">Dark Fiber (1Gbps)</data>
      <data key="d39">1000000000.0</data>
      <data key="d36">Dark  ()</data>
      <data key="d40">G</data>
      <data key="d37">0</data>
    </edge>
    <edge source="2" target="3">
      <data key="d34">Fiber</data>
      <data key="d38">1</data>
      <data key="d35">Dark Fiber (1Gbps)</data>
      <data key="d39">1000000000.0</data>
      <data key="d36">Dark  ()</data>
      <data key="d40">G</data>
      <data key="d37">0</data>
    </edge>
    <edge source="3" target="9">
      <data key="d34">Fiber</data>
      <data key="d35">Managed Fiber (10Gbps, 100Mbps)</data>
      <data key="d36">Managed  (10Gbps, 100Mbps)</data>
      <data key="d37">0</data>
    </edge>
    <edge source="4" target="10">
      <data key="d35">International Connectivity (1-10 Gbps)</data>
      <data key="d37">0</data>
    </edge>
    <edge source="5" target="10">
      <data key="d35">International Connectivity (1-10 Gbps)</data>
      <data key="d37">0</data>
    </edge>
    <edge source="6" target="9">
      <data key="d34">Fiber</data>
      <data key="d35">Managed Fiber (10Gbps, 100Mbps)</data>
      <data key="d36">Managed  (10Gbps, 100Mbps)</data>
      <data key="d37">0</data>
    </edge>
    <edge source="7" target="15">
      <data key="d35">International Connectivity (1-10 Gbps)</data>
      <data key="d37">0</data>
    </edge>
    <edge source="8" target="10">
      <data key="d35">International Connectivity (1-10 Gbps)</data>
      <data key="d37">0</data>
    </edge>
    <edge source="9" target="10">
      <data key="d34">Fiber</data>
      <data key="d35">Dark Fiber (1-10Gbps)</data>
      <data key="d36">Dark  (1-10Gbps)</data>
      <data key="d37">0</data>
    </edge>
    <edge source="9" target="16">
      <data key="d34">Fiber</data>
      <data key="d35">Dark Fiber (1-10Gbps)</data>
      <data key="d36">Dark  (1-10Gbps)</data>
      <data key="d37">0</data>
    </edge>
    <edge source="9" target="17">
      <data key="d34">Fiber</data>
      <data key="d35">Dark Fiber (1-10Gbps)</data>
      <data key="d36">Dark  (1-10Gbps)</data>
      <data key="d37">0</data>
    </edge>
    <edge source="10" target="11">
      <data key="d34">Fiber</data>
      <data key="d35">Managed Fiber (10Gbps, 100Mbps)</data>
      <data key="d36">Managed  (10Gbps, 100Mbps)</data>
      <data key="d37">0</data>
    </edge>
    <edge source="10" target="18">
      <data key="d34">Fiber</data>
      <data key="d38">1</data>
      <data key="d35">Dark Fiber (1Gbps)</data>
      <data key="d39">1000000000.0</data>
      <data key="d36">Dark  ()</data>
      <data key="d40">G</data>
      <data key="d37">0</data>
    </edge>
    <edge source="12" target="18">
      <data key="d34">Fiber</data>
      <data key="d38">1</data>
      <data key="d35">Dark Fiber (1Gbps)</data>
      <data key="d39">1000000000.0</data>
      <data key="d36">Dark  ()</data>
      <data key="d40">G</data>
      <data key="d37">0</data>
    </edge>
    <edge source="12" target="14">
      <data key="d34">Fiber</data>
      <data key="d38">1</data>
      <data key="d35">Dark Fiber (1Gbps)</data>
      <data key="d39">1000000000.0</data>
      <data key="d36">Dark  ()</data>
      <data key="d40">G</data>
      <data key="d37">0</data>
    </edge>
    <edge source="13" target="14">
      <data key="d34">Fiber</data>
      <data key="d38">1</data>
      <data key="d35">Dark Fiber (1Gbps)</data>
      <data key="d39">1000000000.0</data>
      <data key="d36">Dark  ()</data>
      <data key="d40">G</data>
      <data key="d37">0</data>
    </edge>
    <edge source="14" target="17">
      <data key="d34">Fiber</data>
      <data key="d35">Dark Fiber (1-10Gbps)</data>
      <data key="d36">Dark  (1-10Gbps)</data>
      <data key="d37">0</data>
    </edge>
    <edge source="14" target="15">
      <data key="d34">Fiber</data>
      <data key="d35">Dark Fiber (1-10Gbps)</data>
      <data key="d36">Dark  (1-10Gbps)</data>
      <data key="d37">0</data>
    </edge>
    <edge source="15" target="16">
      <data key="d34">Fiber</data>
      <data key="d35">Dark Fiber (1-10Gbps)</data>
      <data key="d36">Dark  (1-10Gbps)</data>
      <data key="d37">0</data>
    </edge>
  </graph>
</graphml>
