<?xml version="1.0" encoding="utf-8"?><graphml xmlns="http://graphml.graphdrawing.org/xmlns" xmlns:xsi="http://www.w3.org/2001/XMLSchema-instance" xsi:schemaLocation="http://graphml.graphdrawing.org/xmlns http://graphml.graphdrawing.org/xmlns/1.0/graphml.xsd">
  <key attr.name="LinkType" attr.type="string" for="edge" id="d38" />
  <key attr.name="key" attr.type="int" for="edge" id="d37" />
  <key attr.name="LinkLabel" attr.type="string" for="edge" id="d36" />
  <key attr.name="geocode_id" attr.type="string" for="node" id="d35" />
  <key attr.name="label" attr.type="string" for="node" id="d34" />
  <key attr.name="Longitude" attr.type="double" for="node" id="d33" />
  <key attr.name="id" attr.type="int" for="node" id="d32" />
  <key attr.name="type" attr.type="string" for="node" id="d31" />
  <key attr.name="Country" attr.type="string" for="node" id="d30" />
  <key attr.name="Latitude" attr.type="double" for="node" id="d29" />
  <key attr.name="Internal" attr.type="int" for="node" id="d28" />
  <key attr.name="Testbed" attr.type="int" for="graph" id="d27" />
  <key attr.name="LastProcessed" attr.type="string" for="graph" id="d26" />
  <key attr.name="DateYear" attr.type="string" for="graph" id="d25" />
  <key attr.name="NetworkDate" attr.type="string" for="graph" id="d24" />
  <key attr.name="Transit" attr.type="int" for="graph" id="d23" />
  <key attr.name="Developed" attr.type="int" for="graph" id="d22" />
  <key attr.name="Creator" attr.type="string" for="graph" id="d21" />
  <key attr.name="Layer" attr.type="string" for="graph" id="d20" />
  <key attr.name="LastAccess" attr.type="string" for="graph" id="d19" />
  <key attr.name="DateMonth" attr.type="int" for="graph" id="d18" />
  <key attr.name="DateModifier" attr.type="string" for="graph" id="d17" />
  <key attr.name="SourceGitVersion" attr.type="string" for="graph" id="d16" />
  <key attr.name="IX" attr.type="int" for="graph" id="d15" />
  <key attr.name="Customer" attr.type="int" for="graph" id="d14" />
  <key attr.name="ToolsetVersion" attr.type="string" for="graph" id="d13" />
  <key attr.name="label" attr.type="string" for="graph" id="d12" />
  <key attr.name="Commercial" attr.type="int" for="graph" id="d11" />
  <key attr.name="Backbone" attr.type="int" for="graph" id="d10" />
  <key attr.name="Type" attr.type="string" for="graph" id="d9" />
  <key attr.name="DateType" attr.type="string" for="graph" id="d8" />
  <key attr.name="Version" attr.type="string" for="graph" id="d7" />
  <key attr.name="Source" attr.type="string" for="graph" id="d6" />
  <key attr.name="Access" attr.type="int" for="graph" id="d5" />
  <key attr.name="Provenance" attr.type="string" for="graph" id="d4" />
  <key attr.name="Network" attr.type="string" for="graph" id="d3" />
  <key attr.name="GeoExtent" attr.type="string" for="graph" id="d2" />
  <key attr.name="GeoLocation" attr.type="string" for="graph" id="d1" />
  <key attr.name="DateObtained" attr.type="string" for="graph" id="d0" />
  <graph edgedefault="undirected">
    <data key="d0">13/07/11</data>
    <data key="d1">Romania</data>
    <data key="d2">Country</data>
    <data key="d3">RoEduNet</data>
    <data key="d4">Primary</data>
    <data key="d5">0</data>
    <data key="d6">http://niham.nipne.ro/events2006/sinaia/Prezentari_ziua5/Octavian_Rusu.pdf</data>
    <data key="d7">1.0</data>
    <data key="d8">Historic</data>
    <data key="d9">REN</data>
    <data key="d10">1</data>
    <data key="d11">0</data>
    <data key="d12">Roedunet</data>
    <data key="d13">0.3.34dev-20120328</data>
    <data key="d14">0</data>
    <data key="d15">0</data>
    <data key="d16">e278b1b</data>
    <data key="d17">=</data>
    <data key="d18">0</data>
    <data key="d19">13/07/11</data>
    <data key="d20">IP</data>
    <data key="d21">Topology Zoo Toolset</data>
    <data key="d22">0</data>
    <data key="d23">0</data>
    <data key="d24">2006</data>
    <data key="d25">2006</data>
    <data key="d26">2011_09_01</data>
    <data key="d27">0</data>
    <node id="0">
      <data key="d28">1</data>
      <data key="d29">44.31667</data>
      <data key="d30">Romania</data>
      <data key="d31">NOC</data>
      <data key="d32">0</data>
      <data key="d33">23.8</data>
      <data key="d34">Dolj</data>
    </node>
    <node id="1">
      <data key="d28">1</data>
      <data key="d29">44.43333</data>
      <data key="d30">Romania</data>
      <data key="d31">PoP</data>
      <data key="d32">1</data>
      <data key="d33">24.36667</data>
      <data key="d34">Olt</data>
    </node>
    <node id="2">
      <data key="d28">1</data>
      <data key="d29">45.05</data>
      <data key="d30">Romania</data>
      <data key="d31">PoP</data>
      <data key="d32">2</data>
      <data key="d33">23.28333</data>
      <data key="d34">Gorj</data>
    </node>
    <node id="3">
      <data key="d28">1</data>
      <data key="d29">45.1</data>
      <data key="d30">Romania</data>
      <data key="d31">PoP</data>
      <data key="d32">3</data>
      <data key="d33">24.36667</data>
      <data key="d34">Valcea</data>
    </node>
    <node id="4">
      <data key="d28">1</data>
      <data key="d29">44.43225</data>
      <data key="d30">Romania</data>
      <data key="d31">NOC</data>
      <data key="d32">4</data>
      <data key="d33">26.10626</data>
      <data key="d34">Bucaresti</data>
    </node>
    <node id="5">
      <data key="d28">1</data>
      <data key="d29">44.71667</data>
      <data key="d30">Romania</data>
      <data key="d31">PoP</data>
      <data key="d32">5</data>
      <data key="d33">26.63333</data>
      <data key="d34">Ialomita</data>
    </node>
    <node id="6">
      <data key="d28">1</data>
      <data key="d29">43.98333</data>
      <data key="d30">Romania</data>
      <data key="d31">PoP</data>
      <data key="d32">6</data>
      <data key="d33">25.33333</data>
      <data key="d34">Teleorman</data>
    </node>
    <node id="7">
      <data key="d28">1</data>
      <data key="d29">43.88333</data>
      <data key="d30">Romania</data>
      <data key="d31">PoP</data>
      <data key="d32">7</data>
      <data key="d33">25.96667</data>
      <data key="d34">Giurgiu</data>
    </node>
    <node id="8">
      <data key="d30">Romania</data>
      <data key="d35">683022</data>
      <data key="d34">Calarasi</data>
      <data key="d28">1</data>
      <data key="d33">27.33333</data>
      <data key="d29">44.2</data>
      <data key="d31">PoP</data>
      <data key="d32">8</data>
    </node>
    <node id="9">
      <data key="d28">1</data>
      <data key="d29">44.18333</data>
      <data key="d30">Romania</data>
      <data key="d31">PoP</data>
      <data key="d32">9</data>
      <data key="d33">28.65</data>
      <data key="d34">Constanta</data>
    </node>
    <node id="10">
      <data key="d28">1</data>
      <data key="d29">45.85</data>
      <data key="d30">Romania</data>
      <data key="d31">PoP</data>
      <data key="d32">10</data>
      <data key="d33">26.18333</data>
      <data key="d34">Covasna</data>
    </node>
    <node id="11">
      <data key="d28">1</data>
      <data key="d29">45.8</data>
      <data key="d30">Romania</data>
      <data key="d31">PoP</data>
      <data key="d32">11</data>
      <data key="d33">24.15</data>
      <data key="d34">Sibiu</data>
    </node>
    <node id="12">
      <data key="d28">1</data>
      <data key="d29">46.06667</data>
      <data key="d30">Romania</data>
      <data key="d31">PoP</data>
      <data key="d32">12</data>
      <data key="d33">23.58333</data>
      <data key="d34">Alba</data>
    </node>
    <node id="13">
      <data key="d28">1</data>
      <data key="d29">44.85</data>
      <data key="d30">Romania</data>
      <data key="d31">PoP</data>
      <data key="d32">13</data>
      <data key="d33">24.86667</data>
      <data key="d34">Arges</data>
    </node>
    <node id="14">
      <data key="d28">1</data>
      <data key="d29">44.93333</data>
      <data key="d30">Romania</data>
      <data key="d31">PoP</data>
      <data key="d32">14</data>
      <data key="d33">25.45</data>
      <data key="d34">Dambovita</data>
    </node>
    <node id="15">
      <data key="d28">1</data>
      <data key="d29">44.95</data>
      <data key="d30">Romania</data>
      <data key="d31">PoP</data>
      <data key="d32">15</data>
      <data key="d33">26.01667</data>
      <data key="d34">Prahova</data>
    </node>
    <node id="16">
      <data key="d28">1</data>
      <data key="d29">45.15</data>
      <data key="d30">Romania</data>
      <data key="d31">PoP</data>
      <data key="d32">16</data>
      <data key="d33">26.83333</data>
      <data key="d34">Buzau</data>
    </node>
    <node id="17">
      <data key="d28">1</data>
      <data key="d29">45.7</data>
      <data key="d30">Romania</data>
      <data key="d31">PoP</data>
      <data key="d32">17</data>
      <data key="d33">27.18333</data>
      <data key="d34">Vrancea</data>
    </node>
    <node id="18">
      <data key="d28">1</data>
      <data key="d29">46.56667</data>
      <data key="d30">Romania</data>
      <data key="d31">PoP</data>
      <data key="d32">18</data>
      <data key="d33">26.9</data>
      <data key="d34">Bacau</data>
    </node>
    <node id="19">
      <data key="d28">1</data>
      <data key="d29">46.3</data>
      <data key="d30">Romania</data>
      <data key="d31">PoP</data>
      <data key="d32">19</data>
      <data key="d33">25.3</data>
      <data key="d34">Harghita</data>
    </node>
    <node id="20">
      <data key="d28">0</data>
      <data key="d32">20</data>
      <data key="d34">GEANT</data>
    </node>
    <node id="21">
      <data key="d28">0</data>
      <data key="d32">21</data>
      <data key="d34">Chisinau RENAM</data>
    </node>
    <node id="22">
      <data key="d28">1</data>
      <data key="d29">46.54245</data>
      <data key="d30">Romania</data>
      <data key="d31">NOC</data>
      <data key="d32">22</data>
      <data key="d33">24.55747</data>
      <data key="d34">Mures</data>
    </node>
    <node id="23">
      <data key="d28">1</data>
      <data key="d29">47.13316</data>
      <data key="d30">Romania</data>
      <data key="d31">PoP</data>
      <data key="d32">23</data>
      <data key="d33">24.50011</data>
      <data key="d34">Bistrita-Nasaud</data>
    </node>
    <node id="24">
      <data key="d28">1</data>
      <data key="d29">46.63333</data>
      <data key="d30">Romania</data>
      <data key="d31">PoP</data>
      <data key="d32">24</data>
      <data key="d33">27.73333</data>
      <data key="d34">Vaslui</data>
    </node>
    <node id="25">
      <data key="d28">1</data>
      <data key="d29">45.45</data>
      <data key="d30">Romania</data>
      <data key="d31">NOC</data>
      <data key="d32">25</data>
      <data key="d33">28.05</data>
      <data key="d34">Galati</data>
    </node>
    <node id="26">
      <data key="d28">1</data>
      <data key="d29">45.16667</data>
      <data key="d30">Romania</data>
      <data key="d31">PoP</data>
      <data key="d32">26</data>
      <data key="d33">28.8</data>
      <data key="d34">Tulcea</data>
    </node>
    <node id="27">
      <data key="d28">1</data>
      <data key="d29">45.26667</data>
      <data key="d30">Romania</data>
      <data key="d31">PoP</data>
      <data key="d32">27</data>
      <data key="d33">27.98333</data>
      <data key="d34">Braila</data>
    </node>
    <node id="28">
      <data key="d28">1</data>
      <data key="d29">46.91667</data>
      <data key="d30">Romania</data>
      <data key="d31">PoP</data>
      <data key="d32">28</data>
      <data key="d33">26.33333</data>
      <data key="d34">Neamt</data>
    </node>
    <node id="29">
      <data key="d28">1</data>
      <data key="d29">47.63333</data>
      <data key="d30">Romania</data>
      <data key="d31">PoP</data>
      <data key="d32">29</data>
      <data key="d33">26.25</data>
      <data key="d34">Suceava</data>
    </node>
    <node id="30">
      <data key="d28">1</data>
      <data key="d29">47.75</data>
      <data key="d30">Romania</data>
      <data key="d31">PoP</data>
      <data key="d32">30</data>
      <data key="d33">26.66667</data>
      <data key="d34">Botosani</data>
    </node>
    <node id="31">
      <data key="d28">1</data>
      <data key="d29">47.16667</data>
      <data key="d30">Romania</data>
      <data key="d31">NOC</data>
      <data key="d32">31</data>
      <data key="d33">27.6</data>
      <data key="d34">Iasi</data>
    </node>
    <node id="32">
      <data key="d28">1</data>
      <data key="d29">45.30083</data>
      <data key="d30">Romania</data>
      <data key="d31">PoP</data>
      <data key="d32">32</data>
      <data key="d33">21.88917</data>
      <data key="d34">Caras-Severin</data>
    </node>
    <node id="33">
      <data key="d28">1</data>
      <data key="d29">44.63194</data>
      <data key="d30">Romania</data>
      <data key="d31">PoP</data>
      <data key="d32">33</data>
      <data key="d33">22.65611</data>
      <data key="d34">Mehedinti</data>
    </node>
    <node id="34">
      <data key="d28">1</data>
      <data key="d29">47.8</data>
      <data key="d30">Romania</data>
      <data key="d31">PoP</data>
      <data key="d32">34</data>
      <data key="d33">22.88333</data>
      <data key="d34">Satu Mare</data>
    </node>
    <node id="35">
      <data key="d28">1</data>
      <data key="d29">47.65729</data>
      <data key="d30">Romania</data>
      <data key="d31">PoP</data>
      <data key="d32">35</data>
      <data key="d33">23.56808</data>
      <data key="d34">Maramures</data>
    </node>
    <node id="36">
      <data key="d28">1</data>
      <data key="d29">46.76667</data>
      <data key="d30">Romania</data>
      <data key="d31">NOC</data>
      <data key="d32">36</data>
      <data key="d33">23.6</data>
      <data key="d34">Cluj</data>
    </node>
    <node id="37">
      <data key="d28">1</data>
      <data key="d29">47.2</data>
      <data key="d30">Romania</data>
      <data key="d31">PoP</data>
      <data key="d32">37</data>
      <data key="d33">23.05</data>
      <data key="d34">Salaj</data>
    </node>
    <node id="38">
      <data key="d28">1</data>
      <data key="d29">47.06667</data>
      <data key="d30">Romania</data>
      <data key="d31">PoP</data>
      <data key="d32">38</data>
      <data key="d33">21.93333</data>
      <data key="d34">Bihor</data>
    </node>
    <node id="39">
      <data key="d28">1</data>
      <data key="d29">46.18333</data>
      <data key="d30">Romania</data>
      <data key="d31">PoP</data>
      <data key="d32">39</data>
      <data key="d33">21.31667</data>
      <data key="d34">Arad</data>
    </node>
    <node id="40">
      <data key="d28">1</data>
      <data key="d29">45.74944</data>
      <data key="d30">Romania</data>
      <data key="d31">NOC</data>
      <data key="d32">40</data>
      <data key="d33">21.22722</data>
      <data key="d34">Timis</data>
    </node>
    <node id="41">
      <data key="d28">1</data>
      <data key="d29">45.75</data>
      <data key="d30">Romania</data>
      <data key="d31">PoP</data>
      <data key="d32">41</data>
      <data key="d33">22.9</data>
      <data key="d34">Hunedora</data>
    </node>
    <edge source="0" target="1">
      <data key="d36">&lt;= 10 Mbps</data>
      <data key="d37">0</data>
    </edge>
    <edge source="0" target="2">
      <data key="d36">&lt;= 10 Mbps</data>
      <data key="d37">0</data>
    </edge>
    <edge source="0" target="3">
      <data key="d36">&lt;= 10 Mbps</data>
      <data key="d37">0</data>
    </edge>
    <edge source="0" target="4">
      <data key="d38">E3</data>
      <data key="d36">E3</data>
      <data key="d37">0</data>
    </edge>
    <edge source="0" target="4">
      <data key="d38">E3</data>
      <data key="d36">E3</data>
      <data key="d37">1</data>
    </edge>
    <edge source="0" target="33">
      <data key="d36">&lt;= 10 Mbps</data>
      <data key="d37">0</data>
    </edge>
    <edge source="0" target="40">
      <data key="d36">&lt;= 10 Mbps backup</data>
      <data key="d37">0</data>
    </edge>
    <edge source="4" target="36">
      <data key="d38">STM-1</data>
      <data key="d36">STM-1</data>
      <data key="d37">0</data>
    </edge>
    <edge source="4" target="5">
      <data key="d36">&lt;= 10 Mbps</data>
      <data key="d37">0</data>
    </edge>
    <edge source="4" target="6">
      <data key="d36">&lt;= 10 Mbps</data>
      <data key="d37">0</data>
    </edge>
    <edge source="4" target="7">
      <data key="d36">&lt;= 10 Mbps</data>
      <data key="d37">0</data>
    </edge>
    <edge source="4" target="8">
      <data key="d36">&lt;= 10 Mbps</data>
      <data key="d37">0</data>
    </edge>
    <edge source="4" target="9">
      <data key="d36">&lt;= 10 Mbps</data>
      <data key="d37">0</data>
    </edge>
    <edge source="4" target="13">
      <data key="d36">&lt;= 10 Mbps</data>
      <data key="d37">0</data>
    </edge>
    <edge source="4" target="14">
      <data key="d36">&lt;= 10 Mbps</data>
      <data key="d37">0</data>
    </edge>
    <edge source="4" target="15">
      <data key="d36">&lt;= 10 Mbps</data>
      <data key="d37">0</data>
    </edge>
    <edge source="4" target="16">
      <data key="d36">&lt;= 10 Mbps</data>
      <data key="d37">0</data>
    </edge>
    <edge source="4" target="40">
      <data key="d38">STM-1</data>
      <data key="d36">STM-1</data>
      <data key="d37">0</data>
    </edge>
    <edge source="4" target="20">
      <data key="d38">STM-4</data>
      <data key="d36">STM-4</data>
      <data key="d37">0</data>
    </edge>
    <edge source="4" target="20">
      <data key="d38">STM-4</data>
      <data key="d36">STM-4</data>
      <data key="d37">1</data>
    </edge>
    <edge source="4" target="22">
      <data key="d38">E3</data>
      <data key="d36">E3</data>
      <data key="d37">0</data>
    </edge>
    <edge source="4" target="22">
      <data key="d38">E3</data>
      <data key="d36">E3</data>
      <data key="d37">1</data>
    </edge>
    <edge source="4" target="25">
      <data key="d38">STM-1</data>
      <data key="d36">STM-1</data>
      <data key="d37">0</data>
    </edge>
    <edge source="4" target="31">
      <data key="d38">STM-1</data>
      <data key="d36">STM-1</data>
      <data key="d37">0</data>
    </edge>
    <edge source="4" target="31">
      <data key="d38">STM-1</data>
      <data key="d36">STM-1</data>
      <data key="d37">1</data>
    </edge>
    <edge source="10" target="22">
      <data key="d36">&lt;= 10 Mbps</data>
      <data key="d37">0</data>
    </edge>
    <edge source="11" target="22">
      <data key="d36">&lt;= 10 Mbps</data>
      <data key="d37">0</data>
    </edge>
    <edge source="12" target="36">
      <data key="d36">&lt;= 10 Mbps</data>
      <data key="d37">0</data>
    </edge>
    <edge source="17" target="25">
      <data key="d36">&lt;= 10 Mbps</data>
      <data key="d37">0</data>
    </edge>
    <edge source="18" target="31">
      <data key="d36">&lt;= 10 Mbps</data>
      <data key="d37">0</data>
    </edge>
    <edge source="19" target="22">
      <data key="d36">&lt;= 10 Mbps</data>
      <data key="d37">0</data>
    </edge>
    <edge source="21" target="31">
      <data key="d38">E3</data>
      <data key="d36">E3</data>
      <data key="d37">0</data>
    </edge>
    <edge source="22" target="36">
      <data key="d36">&lt;= 10 Mbps backup</data>
      <data key="d37">0</data>
    </edge>
    <edge source="22" target="31">
      <data key="d36">&lt;= 10 Mbps backup</data>
      <data key="d37">0</data>
    </edge>
    <edge source="23" target="36">
      <data key="d36">&lt;= 10 Mbps</data>
      <data key="d37">0</data>
    </edge>
    <edge source="24" target="31">
      <data key="d36">&lt;= 10 Mbps</data>
      <data key="d37">0</data>
    </edge>
    <edge source="25" target="26">
      <data key="d36">&lt;= 10 Mbps</data>
      <data key="d37">0</data>
    </edge>
    <edge source="25" target="27">
      <data key="d36">&lt;= 10 Mbps</data>
      <data key="d37">0</data>
    </edge>
    <edge source="25" target="31">
      <data key="d36">&lt;= 10 Mbps backup</data>
      <data key="d37">0</data>
    </edge>
    <edge source="28" target="31">
      <data key="d36">&lt;= 10 Mbps</data>
      <data key="d37">0</data>
    </edge>
    <edge source="29" target="31">
      <data key="d36">&lt;= 10 Mbps</data>
      <data key="d37">0</data>
    </edge>
    <edge source="30" target="31">
      <data key="d36">&lt;= 10 Mbps</data>
      <data key="d37">0</data>
    </edge>
    <edge source="32" target="40">
      <data key="d36">&lt;= 10 Mbps</data>
      <data key="d37">0</data>
    </edge>
    <edge source="34" target="36">
      <data key="d36">&lt;= 10 Mbps</data>
      <data key="d37">0</data>
    </edge>
    <edge source="35" target="36">
      <data key="d36">&lt;= 10 Mbps</data>
      <data key="d37">0</data>
    </edge>
    <edge source="36" target="37">
      <data key="d36">&lt;= 10 Mbps</data>
      <data key="d37">0</data>
    </edge>
    <edge source="36" target="40">
      <data key="d36">&lt;= 10 Mbps backup</data>
      <data key="d37">0</data>
    </edge>
    <edge source="38" target="40">
      <data key="d36">&lt;= 10 Mbps</data>
      <data key="d37">0</data>
    </edge>
    <edge source="39" target="40">
      <data key="d36">&lt;= 10 Mbps</data>
      <data key="d37">0</data>
    </edge>
    <edge source="40" target="41">
      <data key="d36">&lt;= 10 Mbps</data>
      <data key="d37">0</data>
    </edge>
  </graph>
</graphml>
