<?xml version="1.0" encoding="utf-8"?><graphml xmlns="http://graphml.graphdrawing.org/xmlns" xmlns:xsi="http://www.w3.org/2001/XMLSchema-instance" xsi:schemaLocation="http://graphml.graphdrawing.org/xmlns http://graphml.graphdrawing.org/xmlns/1.0/graphml.xsd">
  <key attr.name="id" attr.type="string" for="edge" id="d40" />
  <key attr.name="key" attr.type="int" for="edge" id="d39" />
  <key attr.name="LinkLabel" attr.type="string" for="edge" id="d38" />
  <key attr.name="hyperedge" attr.type="int" for="node" id="d37" />
  <key attr.name="geocode_id" attr.type="string" for="node" id="d36" />
  <key attr.name="label" attr.type="string" for="node" id="d35" />
  <key attr.name="Longitude" attr.type="double" for="node" id="d34" />
  <key attr.name="id" attr.type="int" for="node" id="d33" />
  <key attr.name="type" attr.type="string" for="node" id="d32" />
  <key attr.name="Country" attr.type="string" for="node" id="d31" />
  <key attr.name="Latitude" attr.type="double" for="node" id="d30" />
  <key attr.name="Internal" attr.type="int" for="node" id="d29" />
  <key attr.name="Testbed" attr.type="int" for="graph" id="d28" />
  <key attr.name="LastProcessed" attr.type="string" for="graph" id="d27" />
  <key attr.name="DateYear" attr.type="string" for="graph" id="d26" />
  <key attr.name="NetworkDate" attr.type="string" for="graph" id="d25" />
  <key attr.name="Transit" attr.type="int" for="graph" id="d24" />
  <key attr.name="Developed" attr.type="int" for="graph" id="d23" />
  <key attr.name="Creator" attr.type="string" for="graph" id="d22" />
  <key attr.name="Layer" attr.type="string" for="graph" id="d21" />
  <key attr.name="Access" attr.type="int" for="graph" id="d20" />
  <key attr.name="LastAccess" attr.type="string" for="graph" id="d19" />
  <key attr.name="DateMonth" attr.type="string" for="graph" id="d18" />
  <key attr.name="DateModifier" attr.type="string" for="graph" id="d17" />
  <key attr.name="SourceGitVersion" attr.type="string" for="graph" id="d16" />
  <key attr.name="IX" attr.type="int" for="graph" id="d15" />
  <key attr.name="Customer" attr.type="int" for="graph" id="d14" />
  <key attr.name="ToolsetVersion" attr.type="string" for="graph" id="d13" />
  <key attr.name="label" attr.type="string" for="graph" id="d12" />
  <key attr.name="Commercial" attr.type="int" for="graph" id="d11" />
  <key attr.name="Backbone" attr.type="int" for="graph" id="d10" />
  <key attr.name="DateType" attr.type="string" for="graph" id="d9" />
  <key attr.name="Type" attr.type="string" for="graph" id="d8" />
  <key attr.name="Version" attr.type="string" for="graph" id="d7" />
  <key attr.name="Source" attr.type="string" for="graph" id="d6" />
  <key attr.name="Note" attr.type="string" for="graph" id="d5" />
  <key attr.name="Provenance" attr.type="string" for="graph" id="d4" />
  <key attr.name="Network" attr.type="string" for="graph" id="d3" />
  <key attr.name="GeoExtent" attr.type="string" for="graph" id="d2" />
  <key attr.name="GeoLocation" attr.type="string" for="graph" id="d1" />
  <key attr.name="DateObtained" attr.type="string" for="graph" id="d0" />
  <graph edgedefault="undirected">
    <data key="d0">6/07/11</data>
    <data key="d1">Romania</data>
    <data key="d2">Country</data>
    <data key="d3">RoEduNet</data>
    <data key="d4">Primary</data>
    <data key="d5">Taken from slide 8 of presentation. Names from https://admin.roedu.net/weathermap/ Geant Peering at Bucharest from slide 4</data>
    <data key="d6">http://www.ces.net/events/2010/cef/p/rusu.pdf</data>
    <data key="d7">1.0</data>
    <data key="d8">REN</data>
    <data key="d9">Historic</data>
    <data key="d10">1</data>
    <data key="d11">0</data>
    <data key="d12">RoedunetFibre</data>
    <data key="d13">0.3.34dev-20120328</data>
    <data key="d14">0</data>
    <data key="d15">0</data>
    <data key="d16">e278b1b</data>
    <data key="d17">=</data>
    <data key="d18">09</data>
    <data key="d19">6/07/11</data>
    <data key="d20">0</data>
    <data key="d21">Simplified Fibre</data>
    <data key="d22">Topology Zoo Toolset</data>
    <data key="d23">0</data>
    <data key="d24">0</data>
    <data key="d25">2010_09</data>
    <data key="d26">2010</data>
    <data key="d27">2011_09_01</data>
    <data key="d28">0</data>
    <node id="0">
      <data key="d29">1</data>
      <data key="d30">44.31667</data>
      <data key="d31">Romania</data>
      <data key="d32">NOC</data>
      <data key="d33">0</data>
      <data key="d34">23.8</data>
      <data key="d35">Dolj</data>
    </node>
    <node id="1">
      <data key="d29">1</data>
      <data key="d30">44.43333</data>
      <data key="d31">Romania</data>
      <data key="d32">Blue dashed node</data>
      <data key="d33">1</data>
      <data key="d34">24.36667</data>
      <data key="d35">Olt</data>
    </node>
    <node id="2">
      <data key="d29">1</data>
      <data key="d30">45.05</data>
      <data key="d31">Romania</data>
      <data key="d32">Node</data>
      <data key="d33">2</data>
      <data key="d34">23.28333</data>
      <data key="d35">Gorj</data>
    </node>
    <node id="3">
      <data key="d29">1</data>
      <data key="d30">45.1</data>
      <data key="d31">Romania</data>
      <data key="d32">Blue dashed node</data>
      <data key="d33">3</data>
      <data key="d34">24.36667</data>
      <data key="d35">Valcea</data>
    </node>
    <node id="4">
      <data key="d29">1</data>
      <data key="d30">44.43225</data>
      <data key="d31">Romania</data>
      <data key="d32">NOC</data>
      <data key="d33">4</data>
      <data key="d34">26.10626</data>
      <data key="d35">Bucaresti</data>
    </node>
    <node id="5">
      <data key="d29">1</data>
      <data key="d30">44.71667</data>
      <data key="d31">Romania</data>
      <data key="d32">Node</data>
      <data key="d33">5</data>
      <data key="d34">26.63333</data>
      <data key="d35">Ialomita</data>
    </node>
    <node id="6">
      <data key="d29">1</data>
      <data key="d30">43.98333</data>
      <data key="d31">Romania</data>
      <data key="d32">Blue dashed node</data>
      <data key="d33">6</data>
      <data key="d34">25.33333</data>
      <data key="d35">Teleorman</data>
    </node>
    <node id="7">
      <data key="d29">1</data>
      <data key="d30">43.88333</data>
      <data key="d31">Romania</data>
      <data key="d32">Node</data>
      <data key="d33">7</data>
      <data key="d34">25.96667</data>
      <data key="d35">Giurgiu</data>
    </node>
    <node id="8">
      <data key="d31">Romania</data>
      <data key="d36">683022</data>
      <data key="d35">Calarasi</data>
      <data key="d29">1</data>
      <data key="d34">27.33333</data>
      <data key="d30">44.2</data>
      <data key="d32">Node</data>
      <data key="d33">8</data>
    </node>
    <node id="9">
      <data key="d29">1</data>
      <data key="d30">44.18333</data>
      <data key="d31">Romania</data>
      <data key="d32">Node</data>
      <data key="d33">9</data>
      <data key="d34">28.65</data>
      <data key="d35">Constanta</data>
    </node>
    <node id="10">
      <data key="d29">1</data>
      <data key="d30">46.3</data>
      <data key="d31">Romania</data>
      <data key="d32">Node</data>
      <data key="d33">10</data>
      <data key="d34">25.3</data>
      <data key="d35">Harghita</data>
    </node>
    <node id="11">
      <data key="d29">1</data>
      <data key="d30">45.85</data>
      <data key="d31">Romania</data>
      <data key="d32">Node</data>
      <data key="d33">11</data>
      <data key="d34">26.18333</data>
      <data key="d35">Covasna</data>
    </node>
    <node id="12">
      <data key="d29">1</data>
      <data key="d30">46.06667</data>
      <data key="d31">Romania</data>
      <data key="d32">Node</data>
      <data key="d33">12</data>
      <data key="d34">23.58333</data>
      <data key="d35">Alba</data>
    </node>
    <node id="13">
      <data key="d29">1</data>
      <data key="d30">45.64861</data>
      <data key="d31">Romania</data>
      <data key="d32">Node</data>
      <data key="d33">13</data>
      <data key="d34">25.60613</data>
      <data key="d35">Brasov</data>
    </node>
    <node id="14">
      <data key="d29">1</data>
      <data key="d30">44.85</data>
      <data key="d31">Romania</data>
      <data key="d32">Node</data>
      <data key="d33">14</data>
      <data key="d34">24.86667</data>
      <data key="d35">Arges</data>
    </node>
    <node id="15">
      <data key="d29">1</data>
      <data key="d30">44.93333</data>
      <data key="d31">Romania</data>
      <data key="d32">Node</data>
      <data key="d33">15</data>
      <data key="d34">25.45</data>
      <data key="d35">Dambovita</data>
    </node>
    <node id="16">
      <data key="d29">1</data>
      <data key="d30">44.95</data>
      <data key="d31">Romania</data>
      <data key="d32">Node</data>
      <data key="d33">16</data>
      <data key="d34">26.01667</data>
      <data key="d35">Prahova</data>
    </node>
    <node id="17">
      <data key="d29">1</data>
      <data key="d30">45.15</data>
      <data key="d31">Romania</data>
      <data key="d32">Node</data>
      <data key="d33">17</data>
      <data key="d34">26.83333</data>
      <data key="d35">Buzau</data>
    </node>
    <node id="18">
      <data key="d29">1</data>
      <data key="d30">45.7</data>
      <data key="d31">Romania</data>
      <data key="d32">Node</data>
      <data key="d33">18</data>
      <data key="d34">27.18333</data>
      <data key="d35">Vrancea</data>
    </node>
    <node id="19">
      <data key="d29">1</data>
      <data key="d30">46.56667</data>
      <data key="d31">Romania</data>
      <data key="d32">Node</data>
      <data key="d33">19</data>
      <data key="d34">26.9</data>
      <data key="d35">Bacau</data>
    </node>
    <node id="20">
      <data key="d29">0</data>
      <data key="d33">20</data>
      <data key="d35">Chisinau RENAM</data>
    </node>
    <node id="21">
      <data key="d29">1</data>
      <data key="d30">45.8</data>
      <data key="d31">Romania</data>
      <data key="d32">Node</data>
      <data key="d33">21</data>
      <data key="d34">24.15</data>
      <data key="d35">Sibiu</data>
    </node>
    <node id="22">
      <data key="d37">1</data>
      <data key="d29">1</data>
      <data key="d33">22</data>
      <data key="d35">None</data>
    </node>
    <node id="23">
      <data key="d37">1</data>
      <data key="d29">1</data>
      <data key="d33">23</data>
      <data key="d35">None</data>
    </node>
    <node id="24">
      <data key="d37">1</data>
      <data key="d29">1</data>
      <data key="d33">24</data>
      <data key="d35">None</data>
    </node>
    <node id="25">
      <data key="d37">1</data>
      <data key="d29">1</data>
      <data key="d33">25</data>
      <data key="d35">None</data>
    </node>
    <node id="26">
      <data key="d29">0</data>
      <data key="d33">26</data>
      <data key="d35">GEANT</data>
    </node>
    <node id="27">
      <data key="d37">1</data>
      <data key="d29">1</data>
      <data key="d33">27</data>
      <data key="d35">None</data>
    </node>
    <node id="28">
      <data key="d29">1</data>
      <data key="d30">46.54245</data>
      <data key="d31">Romania</data>
      <data key="d32">NOC</data>
      <data key="d33">28</data>
      <data key="d34">24.55747</data>
      <data key="d35">Mures</data>
    </node>
    <node id="29">
      <data key="d29">1</data>
      <data key="d30">47.13316</data>
      <data key="d31">Romania</data>
      <data key="d32">Blue dashed node</data>
      <data key="d33">29</data>
      <data key="d34">24.50011</data>
      <data key="d35">Bistrita-Nasaud</data>
    </node>
    <node id="30">
      <data key="d29">1</data>
      <data key="d30">46.63333</data>
      <data key="d31">Romania</data>
      <data key="d32">Node</data>
      <data key="d33">30</data>
      <data key="d34">27.73333</data>
      <data key="d35">Vaslui</data>
    </node>
    <node id="31">
      <data key="d29">1</data>
      <data key="d30">45.45</data>
      <data key="d31">Romania</data>
      <data key="d32">NOC</data>
      <data key="d33">31</data>
      <data key="d34">28.05</data>
      <data key="d35">Galati</data>
    </node>
    <node id="32">
      <data key="d29">1</data>
      <data key="d30">45.16667</data>
      <data key="d31">Romania</data>
      <data key="d32">Blue dashed node</data>
      <data key="d33">32</data>
      <data key="d34">28.8</data>
      <data key="d35">Tulcea</data>
    </node>
    <node id="33">
      <data key="d29">1</data>
      <data key="d30">45.26667</data>
      <data key="d31">Romania</data>
      <data key="d32">Node</data>
      <data key="d33">33</data>
      <data key="d34">27.98333</data>
      <data key="d35">Braila</data>
    </node>
    <node id="34">
      <data key="d29">1</data>
      <data key="d30">46.91667</data>
      <data key="d31">Romania</data>
      <data key="d32">Blue dashed node</data>
      <data key="d33">34</data>
      <data key="d34">26.33333</data>
      <data key="d35">Neamt</data>
    </node>
    <node id="35">
      <data key="d29">1</data>
      <data key="d30">47.63333</data>
      <data key="d31">Romania</data>
      <data key="d32">Node</data>
      <data key="d33">35</data>
      <data key="d34">26.25</data>
      <data key="d35">Suceava</data>
    </node>
    <node id="36">
      <data key="d29">1</data>
      <data key="d30">47.75</data>
      <data key="d31">Romania</data>
      <data key="d32">Node</data>
      <data key="d33">36</data>
      <data key="d34">26.66667</data>
      <data key="d35">Botosani</data>
    </node>
    <node id="37">
      <data key="d29">1</data>
      <data key="d30">47.16667</data>
      <data key="d31">Romania</data>
      <data key="d32">NOC</data>
      <data key="d33">37</data>
      <data key="d34">27.6</data>
      <data key="d35">Iasi</data>
    </node>
    <node id="38">
      <data key="d29">1</data>
      <data key="d30">45.30083</data>
      <data key="d31">Romania</data>
      <data key="d32">Node</data>
      <data key="d33">38</data>
      <data key="d34">21.88917</data>
      <data key="d35">Caras-Severin</data>
    </node>
    <node id="39">
      <data key="d29">1</data>
      <data key="d30">44.63194</data>
      <data key="d31">Romania</data>
      <data key="d32">Node</data>
      <data key="d33">39</data>
      <data key="d34">22.65611</data>
      <data key="d35">Mehedinti</data>
    </node>
    <node id="40">
      <data key="d29">1</data>
      <data key="d30">47.8</data>
      <data key="d31">Romania</data>
      <data key="d32">Node</data>
      <data key="d33">40</data>
      <data key="d34">22.88333</data>
      <data key="d35">Satu Mare</data>
    </node>
    <node id="41">
      <data key="d29">1</data>
      <data key="d30">47.65729</data>
      <data key="d31">Romania</data>
      <data key="d32">Node</data>
      <data key="d33">41</data>
      <data key="d34">23.56808</data>
      <data key="d35">Maramures</data>
    </node>
    <node id="42">
      <data key="d29">1</data>
      <data key="d30">46.76667</data>
      <data key="d31">Romania</data>
      <data key="d32">NOC</data>
      <data key="d33">42</data>
      <data key="d34">23.6</data>
      <data key="d35">Cluj</data>
    </node>
    <node id="43">
      <data key="d29">1</data>
      <data key="d30">47.2</data>
      <data key="d31">Romania</data>
      <data key="d32">Blue dashed node</data>
      <data key="d33">43</data>
      <data key="d34">23.05</data>
      <data key="d35">Salaj</data>
    </node>
    <node id="44">
      <data key="d29">1</data>
      <data key="d30">47.06667</data>
      <data key="d31">Romania</data>
      <data key="d32">Node</data>
      <data key="d33">44</data>
      <data key="d34">21.93333</data>
      <data key="d35">Bihor</data>
    </node>
    <node id="45">
      <data key="d29">1</data>
      <data key="d30">46.18333</data>
      <data key="d31">Romania</data>
      <data key="d32">Node</data>
      <data key="d33">45</data>
      <data key="d34">21.31667</data>
      <data key="d35">Arad</data>
    </node>
    <node id="46">
      <data key="d29">1</data>
      <data key="d30">45.74944</data>
      <data key="d31">Romania</data>
      <data key="d32">NOC</data>
      <data key="d33">46</data>
      <data key="d34">21.22722</data>
      <data key="d35">Timis</data>
    </node>
    <node id="47">
      <data key="d29">1</data>
      <data key="d30">45.75</data>
      <data key="d31">Romania</data>
      <data key="d32">Node</data>
      <data key="d33">47</data>
      <data key="d34">22.9</data>
      <data key="d35">Hunedora</data>
    </node>
    <edge source="0" target="1">
      <data key="d38">Blue Dashed</data>
      <data key="d39">0</data>
    </edge>
    <edge source="0" target="2">
      <data key="d40">e16</data>
      <data key="d39">0</data>
    </edge>
    <edge source="0" target="3">
      <data key="d38">Blue Dashed</data>
      <data key="d39">0</data>
    </edge>
    <edge source="0" target="4">
      <data key="d40">e18</data>
      <data key="d39">0</data>
    </edge>
    <edge source="0" target="39">
      <data key="d40">e15</data>
      <data key="d39">0</data>
    </edge>
    <edge source="2" target="47">
      <data key="d40">e13</data>
      <data key="d39">0</data>
    </edge>
    <edge source="4" target="6">
      <data key="d38">Blue Dashed</data>
      <data key="d39">0</data>
    </edge>
    <edge source="4" target="7">
      <data key="d40">e21</data>
      <data key="d39">0</data>
    </edge>
    <edge source="4" target="16">
      <data key="d40">e22</data>
      <data key="d39">0</data>
    </edge>
    <edge source="4" target="26">
      <data key="d40">e24</data>
      <data key="d39">0</data>
    </edge>
    <edge source="4" target="27">
      <data key="d40">e23</data>
      <data key="d39">0</data>
    </edge>
    <edge source="5" target="27">
      <data key="d40">e25</data>
      <data key="d39">0</data>
    </edge>
    <edge source="8" target="27">
      <data key="d40">e26</data>
      <data key="d39">0</data>
    </edge>
    <edge source="9" target="27">
      <data key="d40">e27</data>
      <data key="d39">0</data>
    </edge>
    <edge source="10" target="11">
      <data key="d40">e49</data>
      <data key="d39">0</data>
    </edge>
    <edge source="11" target="13">
      <data key="d40">e41</data>
      <data key="d39">0</data>
    </edge>
    <edge source="12" target="25">
      <data key="d40">e38</data>
      <data key="d39">0</data>
    </edge>
    <edge source="12" target="47">
      <data key="d40">e14</data>
      <data key="d39">0</data>
    </edge>
    <edge source="13" target="24">
      <data key="d40">e40</data>
      <data key="d39">0</data>
    </edge>
    <edge source="13" target="16">
      <data key="d40">e39</data>
      <data key="d39">0</data>
    </edge>
    <edge source="14" target="21">
      <data key="d40">e42</data>
      <data key="d39">0</data>
    </edge>
    <edge source="14" target="15">
      <data key="d40">e43</data>
      <data key="d39">0</data>
    </edge>
    <edge source="15" target="16">
      <data key="d40">e44</data>
      <data key="d39">0</data>
    </edge>
    <edge source="16" target="17">
      <data key="d40">e45</data>
      <data key="d39">0</data>
    </edge>
    <edge source="17" target="18">
      <data key="d40">e46</data>
      <data key="d39">0</data>
    </edge>
    <edge source="18" target="19">
      <data key="d40">e47</data>
      <data key="d39">0</data>
    </edge>
    <edge source="19" target="23">
      <data key="d40">e48</data>
      <data key="d39">0</data>
    </edge>
    <edge source="20" target="37">
      <data key="d40">e33</data>
      <data key="d39">0</data>
    </edge>
    <edge source="21" target="25">
      <data key="d40">e50</data>
      <data key="d39">0</data>
    </edge>
    <edge source="22" target="41">
      <data key="d40">e2</data>
      <data key="d39">0</data>
    </edge>
    <edge source="22" target="42">
      <data key="d40">e5</data>
      <data key="d39">0</data>
    </edge>
    <edge source="22" target="35">
      <data key="d40">e37</data>
      <data key="d39">0</data>
    </edge>
    <edge source="23" target="35">
      <data key="d40">e36</data>
      <data key="d39">0</data>
    </edge>
    <edge source="23" target="36">
      <data key="d40">e35</data>
      <data key="d39">0</data>
    </edge>
    <edge source="24" target="25">
      <data key="d40">e51</data>
      <data key="d39">0</data>
    </edge>
    <edge source="25" target="42">
      <data key="d40">e6</data>
      <data key="d39">0</data>
    </edge>
    <edge source="27" target="33">
      <data key="d40">e28</data>
      <data key="d39">0</data>
    </edge>
    <edge source="28" target="42">
      <data key="d40">e8</data>
      <data key="d39">0</data>
    </edge>
    <edge source="29" target="42">
      <data key="d38">Blue Dashed</data>
      <data key="d39">0</data>
    </edge>
    <edge source="30" target="37">
      <data key="d40">e32</data>
      <data key="d39">0</data>
    </edge>
    <edge source="30" target="31">
      <data key="d40">e31</data>
      <data key="d39">0</data>
    </edge>
    <edge source="31" target="32">
      <data key="d38">Blue Dashed</data>
      <data key="d39">0</data>
    </edge>
    <edge source="31" target="33">
      <data key="d40">e29</data>
      <data key="d39">0</data>
    </edge>
    <edge source="34" target="37">
      <data key="d38">Blue Dashed</data>
      <data key="d39">0</data>
    </edge>
    <edge source="38" target="46">
      <data key="d40">e12</data>
      <data key="d39">0</data>
    </edge>
    <edge source="40" target="41">
      <data key="d40">e0</data>
      <data key="d39">0</data>
    </edge>
    <edge source="40" target="44">
      <data key="d40">e1</data>
      <data key="d39">0</data>
    </edge>
    <edge source="42" target="43">
      <data key="d38">Blue Dashed</data>
      <data key="d39">0</data>
    </edge>
    <edge source="42" target="44">
      <data key="d40">e4</data>
      <data key="d39">0</data>
    </edge>
    <edge source="44" target="45">
      <data key="d40">e9</data>
      <data key="d39">0</data>
    </edge>
    <edge source="45" target="46">
      <data key="d40">e10</data>
      <data key="d39">0</data>
    </edge>
    <edge source="45" target="47">
      <data key="d40">e11</data>
      <data key="d39">0</data>
    </edge>
  </graph>
</graphml>
