<?xml version="1.0" encoding="utf-8"?><graphml xmlns="http://graphml.graphdrawing.org/xmlns" xmlns:xsi="http://www.w3.org/2001/XMLSchema-instance" xsi:schemaLocation="http://graphml.graphdrawing.org/xmlns http://graphml.graphdrawing.org/xmlns/1.0/graphml.xsd">
  <key attr.name="key" attr.type="int" for="edge" id="d34" />
  <key attr.name="label" attr.type="string" for="node" id="d33" />
  <key attr.name="Longitude" attr.type="double" for="node" id="d32" />
  <key attr.name="id" attr.type="int" for="node" id="d31" />
  <key attr.name="Country" attr.type="string" for="node" id="d30" />
  <key attr.name="Latitude" attr.type="double" for="node" id="d29" />
  <key attr.name="Internal" attr.type="int" for="node" id="d28" />
  <key attr.name="Testbed" attr.type="int" for="graph" id="d27" />
  <key attr.name="LastProcessed" attr.type="string" for="graph" id="d26" />
  <key attr.name="DateYear" attr.type="string" for="graph" id="d25" />
  <key attr.name="NetworkDate" attr.type="string" for="graph" id="d24" />
  <key attr.name="Transit" attr.type="int" for="graph" id="d23" />
  <key attr.name="Developed" attr.type="int" for="graph" id="d22" />
  <key attr.name="Creator" attr.type="string" for="graph" id="d21" />
  <key attr.name="Layer" attr.type="string" for="graph" id="d20" />
  <key attr.name="LastAccess" attr.type="string" for="graph" id="d19" />
  <key attr.name="DateMonth" attr.type="int" for="graph" id="d18" />
  <key attr.name="DateModifier" attr.type="string" for="graph" id="d17" />
  <key attr.name="SourceGitVersion" attr.type="string" for="graph" id="d16" />
  <key attr.name="IX" attr.type="int" for="graph" id="d15" />
  <key attr.name="Customer" attr.type="int" for="graph" id="d14" />
  <key attr.name="ToolsetVersion" attr.type="string" for="graph" id="d13" />
  <key attr.name="label" attr.type="string" for="graph" id="d12" />
  <key attr.name="Commercial" attr.type="int" for="graph" id="d11" />
  <key attr.name="Backbone" attr.type="int" for="graph" id="d10" />
  <key attr.name="DateType" attr.type="string" for="graph" id="d9" />
  <key attr.name="Type" attr.type="string" for="graph" id="d8" />
  <key attr.name="Version" attr.type="string" for="graph" id="d7" />
  <key attr.name="Source" attr.type="string" for="graph" id="d6" />
  <key attr.name="Access" attr.type="int" for="graph" id="d5" />
  <key attr.name="Provenance" attr.type="string" for="graph" id="d4" />
  <key attr.name="Network" attr.type="string" for="graph" id="d3" />
  <key attr.name="GeoExtent" attr.type="string" for="graph" id="d2" />
  <key attr.name="GeoLocation" attr.type="string" for="graph" id="d1" />
  <key attr.name="DateObtained" attr.type="string" for="graph" id="d0" />
  <graph edgedefault="undirected">
    <data key="d0">24/10/10</data>
    <data key="d1">Florida and Georgia, USA</data>
    <data key="d2">Region</data>
    <data key="d3">Sago</data>
    <data key="d4">Secondary</data>
    <data key="d5">0</data>
    <data key="d6">http://www.isp-planet.com/resources/backbones/sago_networks.html</data>
    <data key="d7">1.0</data>
    <data key="d8">COM</data>
    <data key="d9">Historic</data>
    <data key="d10">1</data>
    <data key="d11">0</data>
    <data key="d12">Sago</data>
    <data key="d13">0.3.34dev-20120328</data>
    <data key="d14">1</data>
    <data key="d15">0</data>
    <data key="d16">e278b1b</data>
    <data key="d17">=</data>
    <data key="d18">0</data>
    <data key="d19">3/08/10</data>
    <data key="d20">Fibre</data>
    <data key="d21">Topology Zoo Toolset</data>
    <data key="d22">1</data>
    <data key="d23">0</data>
    <data key="d24">2000</data>
    <data key="d25">2000</data>
    <data key="d26">2011_09_01</data>
    <data key="d27">0</data>
    <node id="0">
      <data key="d28">1</data>
      <data key="d29">27.44671</data>
      <data key="d30">United States</data>
      <data key="d31">0</data>
      <data key="d32">-80.32561</data>
      <data key="d33">Ft. Pierce</data>
    </node>
    <node id="1">
      <data key="d28">1</data>
      <data key="d29">28.08363</data>
      <data key="d30">United States</data>
      <data key="d31">1</data>
      <data key="d32">-80.60811</data>
      <data key="d33">Melbourne</data>
    </node>
    <node id="2">
      <data key="d28">1</data>
      <data key="d29">28.09196</data>
      <data key="d30">United States</data>
      <data key="d31">2</data>
      <data key="d32">-81.72341</data>
      <data key="d33">Lake Alfred</data>
    </node>
    <node id="3">
      <data key="d28">1</data>
      <data key="d29">28.53834</data>
      <data key="d30">United States</data>
      <data key="d31">3</data>
      <data key="d32">-81.37924</data>
      <data key="d33">Orlando</data>
    </node>
    <node id="4">
      <data key="d28">1</data>
      <data key="d29">26.71534</data>
      <data key="d30">United States</data>
      <data key="d31">4</data>
      <data key="d32">-80.05337</data>
      <data key="d33">West Palm Beach</data>
    </node>
    <node id="5">
      <data key="d28">1</data>
      <data key="d29">27.94752</data>
      <data key="d30">United States</data>
      <data key="d31">5</data>
      <data key="d32">-82.45843</data>
      <data key="d33">Tampa</data>
    </node>
    <node id="6">
      <data key="d28">1</data>
      <data key="d29">25.77427</data>
      <data key="d30">United States</data>
      <data key="d31">6</data>
      <data key="d32">-80.19366</data>
      <data key="d33">Miami</data>
    </node>
    <node id="7">
      <data key="d28">1</data>
      <data key="d29">26.12231</data>
      <data key="d30">United States</data>
      <data key="d31">7</data>
      <data key="d32">-80.14338</data>
      <data key="d33">Ft. Lauderdale</data>
    </node>
    <node id="8">
      <data key="d28">1</data>
      <data key="d29">33.25373</data>
      <data key="d30">United States</data>
      <data key="d31">8</data>
      <data key="d32">-83.89852</data>
      <data key="d33">Flovilla</data>
    </node>
    <node id="9">
      <data key="d28">1</data>
      <data key="d29">33.749</data>
      <data key="d30">United States</data>
      <data key="d31">9</data>
      <data key="d32">-84.38798</data>
      <data key="d33">Atlanta</data>
    </node>
    <node id="10">
      <data key="d28">1</data>
      <data key="d29">32.31879</data>
      <data key="d30">United States</data>
      <data key="d31">10</data>
      <data key="d32">-82.5593</data>
      <data key="d33">Tarrytown</data>
    </node>
    <node id="11">
      <data key="d28">1</data>
      <data key="d29">32.88209</data>
      <data key="d30">United States</data>
      <data key="d31">11</data>
      <data key="d32">-83.33238</data>
      <data key="d33">Gordon</data>
    </node>
    <node id="12">
      <data key="d28">1</data>
      <data key="d29">30.94162</data>
      <data key="d30">United States</data>
      <data key="d31">12</data>
      <data key="d32">-82.02206</data>
      <data key="d33">Newell</data>
    </node>
    <node id="13">
      <data key="d28">1</data>
      <data key="d29">31.72381</data>
      <data key="d30">United States</data>
      <data key="d31">13</data>
      <data key="d32">-82.1979</data>
      <data key="d33">Surrency</data>
    </node>
    <node id="14">
      <data key="d28">1</data>
      <data key="d29">29.89469</data>
      <data key="d30">United States</data>
      <data key="d31">14</data>
      <data key="d32">-81.31452</data>
      <data key="d33">St. Augustine</data>
    </node>
    <node id="15">
      <data key="d28">1</data>
      <data key="d29">30.33218</data>
      <data key="d30">United States</data>
      <data key="d31">15</data>
      <data key="d32">-81.65565</data>
      <data key="d33">Jacksonville</data>
    </node>
    <node id="16">
      <data key="d28">1</data>
      <data key="d29">28.61222</data>
      <data key="d30">United States</data>
      <data key="d31">16</data>
      <data key="d32">-80.80755</data>
      <data key="d33">Titusville</data>
    </node>
    <node id="17">
      <data key="d28">1</data>
      <data key="d29">29.21081</data>
      <data key="d30">United States</data>
      <data key="d31">17</data>
      <data key="d32">-81.02283</data>
      <data key="d33">Daytona Beach</data>
    </node>
    <edge source="0" target="1">
      <data key="d34">0</data>
    </edge>
    <edge source="0" target="4">
      <data key="d34">0</data>
    </edge>
    <edge source="1" target="16">
      <data key="d34">0</data>
    </edge>
    <edge source="2" target="3">
      <data key="d34">0</data>
    </edge>
    <edge source="2" target="5">
      <data key="d34">0</data>
    </edge>
    <edge source="3" target="17">
      <data key="d34">0</data>
    </edge>
    <edge source="4" target="7">
      <data key="d34">0</data>
    </edge>
    <edge source="6" target="7">
      <data key="d34">0</data>
    </edge>
    <edge source="8" target="9">
      <data key="d34">0</data>
    </edge>
    <edge source="8" target="11">
      <data key="d34">0</data>
    </edge>
    <edge source="10" target="11">
      <data key="d34">0</data>
    </edge>
    <edge source="10" target="13">
      <data key="d34">0</data>
    </edge>
    <edge source="12" target="13">
      <data key="d34">0</data>
    </edge>
    <edge source="12" target="15">
      <data key="d34">0</data>
    </edge>
    <edge source="14" target="17">
      <data key="d34">0</data>
    </edge>
    <edge source="14" target="15">
      <data key="d34">0</data>
    </edge>
    <edge source="16" target="17">
      <data key="d34">0</data>
    </edge>
  </graph>
</graphml>
