<?xml version="1.0" encoding="utf-8"?><graphml xmlns="http://graphml.graphdrawing.org/xmlns" xmlns:xsi="http://www.w3.org/2001/XMLSchema-instance" xsi:schemaLocation="http://graphml.graphdrawing.org/xmlns http://graphml.graphdrawing.org/xmlns/1.0/graphml.xsd">
  <key attr.name="LinkStatus" attr.type="string" for="edge" id="d39" />
  <key attr.name="LinkLabel" attr.type="string" for="edge" id="d38" />
  <key attr.name="key" attr.type="int" for="edge" id="d37" />
  <key attr.name="id" attr.type="string" for="edge" id="d36" />
  <key attr.name="hyperedge" attr.type="int" for="node" id="d35" />
  <key attr.name="label" attr.type="string" for="node" id="d34" />
  <key attr.name="Longitude" attr.type="double" for="node" id="d33" />
  <key attr.name="id" attr.type="int" for="node" id="d32" />
  <key attr.name="Country" attr.type="string" for="node" id="d31" />
  <key attr.name="Latitude" attr.type="double" for="node" id="d30" />
  <key attr.name="Internal" attr.type="int" for="node" id="d29" />
  <key attr.name="Testbed" attr.type="int" for="graph" id="d28" />
  <key attr.name="LastProcessed" attr.type="string" for="graph" id="d27" />
  <key attr.name="DateYear" attr.type="string" for="graph" id="d26" />
  <key attr.name="NetworkDate" attr.type="string" for="graph" id="d25" />
  <key attr.name="Transit" attr.type="int" for="graph" id="d24" />
  <key attr.name="Developed" attr.type="int" for="graph" id="d23" />
  <key attr.name="Creator" attr.type="string" for="graph" id="d22" />
  <key attr.name="Layer" attr.type="string" for="graph" id="d21" />
  <key attr.name="Access" attr.type="int" for="graph" id="d20" />
  <key attr.name="LastAccess" attr.type="string" for="graph" id="d19" />
  <key attr.name="DateMonth" attr.type="string" for="graph" id="d18" />
  <key attr.name="DateModifier" attr.type="string" for="graph" id="d17" />
  <key attr.name="SourceGitVersion" attr.type="string" for="graph" id="d16" />
  <key attr.name="IX" attr.type="int" for="graph" id="d15" />
  <key attr.name="Customer" attr.type="int" for="graph" id="d14" />
  <key attr.name="ToolsetVersion" attr.type="string" for="graph" id="d13" />
  <key attr.name="label" attr.type="string" for="graph" id="d12" />
  <key attr.name="Commercial" attr.type="int" for="graph" id="d11" />
  <key attr.name="Backbone" attr.type="int" for="graph" id="d10" />
  <key attr.name="DateType" attr.type="string" for="graph" id="d9" />
  <key attr.name="Type" attr.type="string" for="graph" id="d8" />
  <key attr.name="Version" attr.type="string" for="graph" id="d7" />
  <key attr.name="Source" attr.type="string" for="graph" id="d6" />
  <key attr.name="Note" attr.type="string" for="graph" id="d5" />
  <key attr.name="Provenance" attr.type="string" for="graph" id="d4" />
  <key attr.name="Network" attr.type="string" for="graph" id="d3" />
  <key attr.name="GeoExtent" attr.type="string" for="graph" id="d2" />
  <key attr.name="GeoLocation" attr.type="string" for="graph" id="d1" />
  <key attr.name="DateObtained" attr.type="string" for="graph" id="d0" />
  <graph edgedefault="undirected">
    <data key="d0">15/11/10</data>
    <data key="d1">Maryland, West Virginia, Virginia, USA</data>
    <data key="d2">Region</data>
    <data key="d3">Shentel </data>
    <data key="d4">Primary</data>
    <data key="d5">Colo for towers</data>
    <data key="d6">http://www.shentel.com/downloads/fibermap_web.pdf</data>
    <data key="d7">1.0</data>
    <data key="d8">COM</data>
    <data key="d9">Current</data>
    <data key="d10">1</data>
    <data key="d11">0</data>
    <data key="d12">Shentel</data>
    <data key="d13">0.3.34dev-20120328</data>
    <data key="d14">1</data>
    <data key="d15">0</data>
    <data key="d16">e278b1b</data>
    <data key="d17">=</data>
    <data key="d18">08</data>
    <data key="d19">3/08/10</data>
    <data key="d20">1</data>
    <data key="d21">Fibre</data>
    <data key="d22">Topology Zoo Toolset</data>
    <data key="d23">1</data>
    <data key="d24">0</data>
    <data key="d25">2010_08</data>
    <data key="d26">2010</data>
    <data key="d27">2011_09_01</data>
    <data key="d28">0</data>
    <node id="0">
      <data key="d29">1</data>
      <data key="d30">39.64176</data>
      <data key="d31">United States</data>
      <data key="d32">0</data>
      <data key="d33">-77.71999</data>
      <data key="d34">Hagerstown</data>
    </node>
    <node id="1">
      <data key="d29">1</data>
      <data key="d30">39.4301</data>
      <data key="d31">United States</data>
      <data key="d32">1</data>
      <data key="d33">-77.80416</data>
      <data key="d34">Shepherdstown</data>
    </node>
    <node id="2">
      <data key="d29">1</data>
      <data key="d30">39.18566</data>
      <data key="d31">United States</data>
      <data key="d32">2</data>
      <data key="d33">-78.16333</data>
      <data key="d34">Winchester</data>
    </node>
    <node id="3">
      <data key="d29">1</data>
      <data key="d30">39.15177</data>
      <data key="d31">United States</data>
      <data key="d32">3</data>
      <data key="d33">-77.98222</data>
      <data key="d34">Berryville</data>
    </node>
    <node id="4">
      <data key="d29">1</data>
      <data key="d30">38.99261</data>
      <data key="d31">United States</data>
      <data key="d32">4</data>
      <data key="d33">-79.12392</data>
      <data key="d34">Petersburg</data>
    </node>
    <node id="5">
      <data key="d29">1</data>
      <data key="d30">38.64289</data>
      <data key="d31">United States</data>
      <data key="d32">5</data>
      <data key="d33">-79.33115</data>
      <data key="d34">Franklin</data>
    </node>
    <node id="6">
      <data key="d29">1</data>
      <data key="d30">39.45621</data>
      <data key="d31">United States</data>
      <data key="d32">6</data>
      <data key="d33">-77.96389</data>
      <data key="d34">Martinsburg</data>
    </node>
    <node id="7">
      <data key="d29">1</data>
      <data key="d30">38.82095</data>
      <data key="d31">United States</data>
      <data key="d32">7</data>
      <data key="d33">-78.56585</data>
      <data key="d34">Edinburg</data>
    </node>
    <node id="8">
      <data key="d29">1</data>
      <data key="d30">38.44957</data>
      <data key="d31">United States</data>
      <data key="d32">8</data>
      <data key="d33">-78.86892</data>
      <data key="d34">Harrisonburg</data>
    </node>
    <node id="9">
      <data key="d29">1</data>
      <data key="d30">37.79346</data>
      <data key="d31">United States</data>
      <data key="d32">9</data>
      <data key="d33">-79.99395</data>
      <data key="d34">Covington (Planned)</data>
    </node>
    <node id="10">
      <data key="d29">1</data>
      <data key="d30">38.93426</data>
      <data key="d31">United States</data>
      <data key="d32">10</data>
      <data key="d33">-80.8376</data>
      <data key="d34">Glenville</data>
    </node>
    <node id="11">
      <data key="d29">1</data>
      <data key="d30">38.66454</data>
      <data key="d31">United States</data>
      <data key="d32">11</data>
      <data key="d33">-80.70982</data>
      <data key="d34">Sutton</data>
    </node>
    <node id="12">
      <data key="d29">1</data>
      <data key="d30">38.28122</data>
      <data key="d31">United States</data>
      <data key="d32">12</data>
      <data key="d33">-80.8526</data>
      <data key="d34">Summersville</data>
    </node>
    <node id="13">
      <data key="d29">1</data>
      <data key="d30">38.34982</data>
      <data key="d31">United States</data>
      <data key="d32">13</data>
      <data key="d33">-81.63262</data>
      <data key="d34">Charleston (Planned)</data>
    </node>
    <node id="14">
      <data key="d35">1</data>
      <data key="d29">1</data>
      <data key="d32">14</data>
      <data key="d34">None</data>
    </node>
    <node id="15">
      <data key="d35">1</data>
      <data key="d29">1</data>
      <data key="d32">15</data>
      <data key="d34">None</data>
    </node>
    <node id="16">
      <data key="d35">1</data>
      <data key="d29">1</data>
      <data key="d32">16</data>
      <data key="d34">None</data>
    </node>
    <node id="17">
      <data key="d29">1</data>
      <data key="d30">39.03843</data>
      <data key="d31">United States</data>
      <data key="d32">17</data>
      <data key="d33">-80.46731</data>
      <data key="d34">Weston</data>
    </node>
    <node id="18">
      <data key="d29">1</data>
      <data key="d30">38.71345</data>
      <data key="d31">United States</data>
      <data key="d32">18</data>
      <data key="d33">-77.79527</data>
      <data key="d34">Warrenton</data>
    </node>
    <node id="19">
      <data key="d29">1</data>
      <data key="d30">38.91817</data>
      <data key="d31">United States</data>
      <data key="d32">19</data>
      <data key="d33">-78.19444</data>
      <data key="d34">Front Royal</data>
    </node>
    <node id="20">
      <data key="d35">1</data>
      <data key="d29">1</data>
      <data key="d32">20</data>
      <data key="d34">None</data>
    </node>
    <node id="21">
      <data key="d35">1</data>
      <data key="d29">1</data>
      <data key="d32">21</data>
      <data key="d34">None</data>
    </node>
    <node id="22">
      <data key="d35">1</data>
      <data key="d29">1</data>
      <data key="d32">22</data>
      <data key="d34">None</data>
    </node>
    <node id="23">
      <data key="d35">1</data>
      <data key="d29">1</data>
      <data key="d32">23</data>
      <data key="d34">None</data>
    </node>
    <node id="24">
      <data key="d35">1</data>
      <data key="d29">1</data>
      <data key="d32">24</data>
      <data key="d34">None</data>
    </node>
    <node id="25">
      <data key="d29">1</data>
      <data key="d30">39.11566</data>
      <data key="d31">United States</data>
      <data key="d32">25</data>
      <data key="d33">-77.5636</data>
      <data key="d34">Leesburg</data>
    </node>
    <node id="26">
      <data key="d29">1</data>
      <data key="d30">39.04372</data>
      <data key="d31">United States</data>
      <data key="d32">26</data>
      <data key="d33">-77.48749</data>
      <data key="d34">Ashburn</data>
    </node>
    <node id="27">
      <data key="d29">1</data>
      <data key="d30">38.96955</data>
      <data key="d31">United States</data>
      <data key="d32">27</data>
      <data key="d33">-77.3861</data>
      <data key="d34">Herndon</data>
    </node>
    <edge source="0" target="1">
      <data key="d36">e23</data>
      <data key="d37">0</data>
    </edge>
    <edge source="0" target="6">
      <data key="d36">e24</data>
      <data key="d37">0</data>
    </edge>
    <edge source="1" target="3">
      <data key="d36">e22</data>
      <data key="d37">0</data>
    </edge>
    <edge source="1" target="6">
      <data key="d36">e25</data>
      <data key="d37">0</data>
    </edge>
    <edge source="2" target="3">
      <data key="d36">e20</data>
      <data key="d37">0</data>
    </edge>
    <edge source="2" target="20">
      <data key="d36">e0</data>
      <data key="d37">0</data>
    </edge>
    <edge source="2" target="6">
      <data key="d36">e21</data>
      <data key="d37">0</data>
    </edge>
    <edge source="2" target="15">
      <data key="d36">e19</data>
      <data key="d37">0</data>
    </edge>
    <edge source="3" target="25">
      <data key="d36">e13</data>
      <data key="d37">0</data>
    </edge>
    <edge source="4" target="14">
      <data key="d36">e27</data>
      <data key="d37">0</data>
    </edge>
    <edge source="5" target="14">
      <data key="d36">e28</data>
      <data key="d37">0</data>
    </edge>
    <edge source="7" target="16">
      <data key="d36">e26</data>
      <data key="d37">0</data>
    </edge>
    <edge source="7" target="21">
      <data key="d36">e5</data>
      <data key="d37">0</data>
    </edge>
    <edge source="8" target="24">
      <data key="d36">e12</data>
      <data key="d37">0</data>
    </edge>
    <edge source="8" target="9">
      <data key="d38">Proposed</data>
      <data key="d39">Proposed</data>
      <data key="d37">0</data>
    </edge>
    <edge source="8" target="23">
      <data key="d36">e9</data>
      <data key="d37">0</data>
    </edge>
    <edge source="9" target="13">
      <data key="d38">Proposed</data>
      <data key="d39">Proposed</data>
      <data key="d37">0</data>
    </edge>
    <edge source="10" target="17">
      <data key="d36">e34</data>
      <data key="d37">0</data>
    </edge>
    <edge source="10" target="11">
      <data key="d36">e33</data>
      <data key="d37">0</data>
    </edge>
    <edge source="11" target="12">
      <data key="d36">e32</data>
      <data key="d37">0</data>
    </edge>
    <edge source="12" target="13">
      <data key="d38">Proposed</data>
      <data key="d39">Proposed</data>
      <data key="d37">0</data>
    </edge>
    <edge source="14" target="24">
      <data key="d36">e11</data>
      <data key="d37">0</data>
    </edge>
    <edge source="14" target="20">
      <data key="d38">Proposed</data>
      <data key="d39">Proposed</data>
      <data key="d37">0</data>
    </edge>
    <edge source="15" target="19">
      <data key="d36">e18</data>
      <data key="d37">0</data>
    </edge>
    <edge source="15" target="20">
      <data key="d36">e3</data>
      <data key="d37">0</data>
    </edge>
    <edge source="15" target="21">
      <data key="d36">e4</data>
      <data key="d37">0</data>
    </edge>
    <edge source="16" target="23">
      <data key="d36">e8</data>
      <data key="d37">0</data>
    </edge>
    <edge source="16" target="22">
      <data key="d36">e6</data>
      <data key="d37">0</data>
    </edge>
    <edge source="18" target="27">
      <data key="d36">e16</data>
      <data key="d37">0</data>
    </edge>
    <edge source="18" target="19">
      <data key="d36">e17</data>
      <data key="d37">0</data>
    </edge>
    <edge source="20" target="22">
      <data key="d36">e1</data>
      <data key="d37">0</data>
    </edge>
    <edge source="22" target="24">
      <data key="d36">e7</data>
      <data key="d37">0</data>
    </edge>
    <edge source="23" target="24">
      <data key="d36">e10</data>
      <data key="d37">0</data>
    </edge>
    <edge source="25" target="26">
      <data key="d36">e14</data>
      <data key="d37">0</data>
    </edge>
    <edge source="26" target="27">
      <data key="d36">e15</data>
      <data key="d37">0</data>
    </edge>
  </graph>
</graphml>
