<?xml version="1.0" encoding="utf-8"?><graphml xmlns="http://graphml.graphdrawing.org/xmlns" xmlns:xsi="http://www.w3.org/2001/XMLSchema-instance" xsi:schemaLocation="http://graphml.graphdrawing.org/xmlns http://graphml.graphdrawing.org/xmlns/1.0/graphml.xsd">
  <key attr.name="key" attr.type="int" for="edge" id="d35" />
  <key attr.name="id" attr.type="string" for="edge" id="d34" />
  <key attr.name="label" attr.type="string" for="node" id="d33" />
  <key attr.name="Longitude" attr.type="double" for="node" id="d32" />
  <key attr.name="id" attr.type="int" for="node" id="d31" />
  <key attr.name="Country" attr.type="string" for="node" id="d30" />
  <key attr.name="Latitude" attr.type="double" for="node" id="d29" />
  <key attr.name="Internal" attr.type="int" for="node" id="d28" />
  <key attr.name="Testbed" attr.type="int" for="graph" id="d27" />
  <key attr.name="LastProcessed" attr.type="string" for="graph" id="d26" />
  <key attr.name="DateYear" attr.type="string" for="graph" id="d25" />
  <key attr.name="NetworkDate" attr.type="string" for="graph" id="d24" />
  <key attr.name="Transit" attr.type="int" for="graph" id="d23" />
  <key attr.name="Developed" attr.type="int" for="graph" id="d22" />
  <key attr.name="Creator" attr.type="string" for="graph" id="d21" />
  <key attr.name="Layer" attr.type="string" for="graph" id="d20" />
  <key attr.name="LastAccess" attr.type="string" for="graph" id="d19" />
  <key attr.name="DateMonth" attr.type="string" for="graph" id="d18" />
  <key attr.name="DateModifier" attr.type="string" for="graph" id="d17" />
  <key attr.name="SourceGitVersion" attr.type="string" for="graph" id="d16" />
  <key attr.name="IX" attr.type="int" for="graph" id="d15" />
  <key attr.name="Customer" attr.type="int" for="graph" id="d14" />
  <key attr.name="ToolsetVersion" attr.type="string" for="graph" id="d13" />
  <key attr.name="label" attr.type="string" for="graph" id="d12" />
  <key attr.name="Commercial" attr.type="int" for="graph" id="d11" />
  <key attr.name="Backbone" attr.type="int" for="graph" id="d10" />
  <key attr.name="DateType" attr.type="string" for="graph" id="d9" />
  <key attr.name="Type" attr.type="string" for="graph" id="d8" />
  <key attr.name="Version" attr.type="string" for="graph" id="d7" />
  <key attr.name="Source" attr.type="string" for="graph" id="d6" />
  <key attr.name="Access" attr.type="int" for="graph" id="d5" />
  <key attr.name="Provenance" attr.type="string" for="graph" id="d4" />
  <key attr.name="Network" attr.type="string" for="graph" id="d3" />
  <key attr.name="GeoExtent" attr.type="string" for="graph" id="d2" />
  <key attr.name="GeoLocation" attr.type="string" for="graph" id="d1" />
  <key attr.name="DateObtained" attr.type="string" for="graph" id="d0" />
  <graph edgedefault="undirected">
    <data key="d0">18/10/10</data>
    <data key="d1">Wisconsin, USA</data>
    <data key="d2">Region</data>
    <data key="d3">SpiraLight</data>
    <data key="d4">Primary</data>
    <data key="d5">0</data>
    <data key="d6">http://www.spiralightnetwork.com/maps.html</data>
    <data key="d7">1.0</data>
    <data key="d8">COM</data>
    <data key="d9">Current</data>
    <data key="d10">1</data>
    <data key="d11">0</data>
    <data key="d12">Spiralight</data>
    <data key="d13">0.3.34dev-20120328</data>
    <data key="d14">0</data>
    <data key="d15">0</data>
    <data key="d16">e278b1b</data>
    <data key="d17">=</data>
    <data key="d18">08</data>
    <data key="d19">3/08/10</data>
    <data key="d20">Fibre</data>
    <data key="d21">Topology Zoo Toolset</data>
    <data key="d22">1</data>
    <data key="d23">0</data>
    <data key="d24">2010_08</data>
    <data key="d25">2010</data>
    <data key="d26">2011_09_01</data>
    <data key="d27">0</data>
    <node id="0">
      <data key="d28">1</data>
      <data key="d29">43.0389</data>
      <data key="d30">United States</data>
      <data key="d31">0</data>
      <data key="d32">-87.90647</data>
      <data key="d33">Milwaukee</data>
    </node>
    <node id="1">
      <data key="d28">1</data>
      <data key="d29">42.27113</data>
      <data key="d30">United States</data>
      <data key="d31">1</data>
      <data key="d32">-89.094</data>
      <data key="d33">Rockford</data>
    </node>
    <node id="2">
      <data key="d28">1</data>
      <data key="d29">42.68279</data>
      <data key="d30">United States</data>
      <data key="d31">2</data>
      <data key="d32">-89.01872</data>
      <data key="d33">Janesville</data>
    </node>
    <node id="3">
      <data key="d28">1</data>
      <data key="d29">43.01168</data>
      <data key="d30">United States</data>
      <data key="d31">3</data>
      <data key="d32">-88.23148</data>
      <data key="d33">Waukesha</data>
    </node>
    <node id="4">
      <data key="d28">1</data>
      <data key="d29">42.58613</data>
      <data key="d30">United States</data>
      <data key="d31">4</data>
      <data key="d32">-87.8248</data>
      <data key="d33">Chicago</data>
    </node>
    <node id="5">
      <data key="d28">1</data>
      <data key="d29">43.07305</data>
      <data key="d30">United States</data>
      <data key="d31">5</data>
      <data key="d32">-89.40123</data>
      <data key="d33">Madison</data>
    </node>
    <node id="6">
      <data key="d28">1</data>
      <data key="d29">43.92247</data>
      <data key="d30">United States</data>
      <data key="d31">6</data>
      <data key="d32">-90.27152</data>
      <data key="d33">Camp Douglas</data>
    </node>
    <node id="7">
      <data key="d28">1</data>
      <data key="d29">44.97997</data>
      <data key="d30">United States</data>
      <data key="d31">7</data>
      <data key="d32">-93.26384</data>
      <data key="d33">Minneaopolis</data>
    </node>
    <node id="8">
      <data key="d28">1</data>
      <data key="d29">44.81135</data>
      <data key="d30">United States</data>
      <data key="d31">8</data>
      <data key="d32">-91.49849</data>
      <data key="d33">Eau Claire</data>
    </node>
    <node id="9">
      <data key="d28">1</data>
      <data key="d29">44.95914</data>
      <data key="d30">United States</data>
      <data key="d31">9</data>
      <data key="d32">-89.63012</data>
      <data key="d33">Wausau</data>
    </node>
    <node id="10">
      <data key="d28">1</data>
      <data key="d29">44.51916</data>
      <data key="d30">United States</data>
      <data key="d31">10</data>
      <data key="d32">-88.01983</data>
      <data key="d33">Green Bay</data>
    </node>
    <node id="11">
      <data key="d28">1</data>
      <data key="d29">44.26193</data>
      <data key="d30">United States</data>
      <data key="d31">11</data>
      <data key="d32">-88.41538</data>
      <data key="d33">Appleton</data>
    </node>
    <node id="12">
      <data key="d28">1</data>
      <data key="d29">44.02471</data>
      <data key="d30">United States</data>
      <data key="d31">12</data>
      <data key="d32">-88.54261</data>
      <data key="d33">Oshkosh</data>
    </node>
    <node id="13">
      <data key="d28">1</data>
      <data key="d29">43.775</data>
      <data key="d30">United States</data>
      <data key="d31">13</data>
      <data key="d32">-88.43883</data>
      <data key="d33">Fon Du Lac</data>
    </node>
    <node id="14">
      <data key="d28">1</data>
      <data key="d29">43.45777</data>
      <data key="d30">United States</data>
      <data key="d31">14</data>
      <data key="d32">-88.83733</data>
      <data key="d33">Beaver Dam</data>
    </node>
    <edge source="0" target="3">
      <data key="d34">e13</data>
      <data key="d35">0</data>
    </edge>
    <edge source="0" target="4">
      <data key="d34">e14</data>
      <data key="d35">0</data>
    </edge>
    <edge source="1" target="2">
      <data key="d34">e12</data>
      <data key="d35">0</data>
    </edge>
    <edge source="1" target="4">
      <data key="d34">e15</data>
      <data key="d35">0</data>
    </edge>
    <edge source="2" target="5">
      <data key="d34">e10</data>
      <data key="d35">0</data>
    </edge>
    <edge source="3" target="5">
      <data key="d34">e11</data>
      <data key="d35">0</data>
    </edge>
    <edge source="5" target="14">
      <data key="d34">e8</data>
      <data key="d35">0</data>
    </edge>
    <edge source="5" target="6">
      <data key="d34">e9</data>
      <data key="d35">0</data>
    </edge>
    <edge source="6" target="8">
      <data key="d34">e2</data>
      <data key="d35">0</data>
    </edge>
    <edge source="7" target="8">
      <data key="d34">e0</data>
      <data key="d35">0</data>
    </edge>
    <edge source="7" target="9">
      <data key="d34">e1</data>
      <data key="d35">0</data>
    </edge>
    <edge source="9" target="10">
      <data key="d34">e3</data>
      <data key="d35">0</data>
    </edge>
    <edge source="10" target="11">
      <data key="d34">e4</data>
      <data key="d35">0</data>
    </edge>
    <edge source="11" target="12">
      <data key="d34">e5</data>
      <data key="d35">0</data>
    </edge>
    <edge source="12" target="13">
      <data key="d34">e6</data>
      <data key="d35">0</data>
    </edge>
    <edge source="13" target="14">
      <data key="d34">e7</data>
      <data key="d35">0</data>
    </edge>
  </graph>
</graphml>
