<?xml version="1.0" encoding="utf-8"?><graphml xmlns="http://graphml.graphdrawing.org/xmlns" xmlns:xsi="http://www.w3.org/2001/XMLSchema-instance" xsi:schemaLocation="http://graphml.graphdrawing.org/xmlns http://graphml.graphdrawing.org/xmlns/1.0/graphml.xsd">
  <key attr.name="key" attr.type="int" for="edge" id="d41" />
  <key attr.name="LinkNote" attr.type="string" for="edge" id="d40" />
  <key attr.name="LinkLabel" attr.type="string" for="edge" id="d39" />
  <key attr.name="LinkType" attr.type="string" for="edge" id="d38" />
  <key attr.name="geocode_country" attr.type="string" for="node" id="d37" />
  <key attr.name="geocode_id" attr.type="string" for="node" id="d36" />
  <key attr.name="Longitude" attr.type="double" for="node" id="d35" />
  <key attr.name="Country" attr.type="string" for="node" id="d34" />
  <key attr.name="Latitude" attr.type="double" for="node" id="d33" />
  <key attr.name="label" attr.type="string" for="node" id="d32" />
  <key attr.name="id" attr.type="int" for="node" id="d31" />
  <key attr.name="Internal" attr.type="int" for="node" id="d30" />
  <key attr.name="hyperedge" attr.type="int" for="node" id="d29" />
  <key attr.name="Testbed" attr.type="int" for="graph" id="d28" />
  <key attr.name="LastProcessed" attr.type="string" for="graph" id="d27" />
  <key attr.name="DateYear" attr.type="string" for="graph" id="d26" />
  <key attr.name="NetworkDate" attr.type="string" for="graph" id="d25" />
  <key attr.name="Transit" attr.type="int" for="graph" id="d24" />
  <key attr.name="Developed" attr.type="int" for="graph" id="d23" />
  <key attr.name="Creator" attr.type="string" for="graph" id="d22" />
  <key attr.name="Layer" attr.type="string" for="graph" id="d21" />
  <key attr.name="Access" attr.type="int" for="graph" id="d20" />
  <key attr.name="LastAccess" attr.type="string" for="graph" id="d19" />
  <key attr.name="DateMonth" attr.type="int" for="graph" id="d18" />
  <key attr.name="DateModifier" attr.type="string" for="graph" id="d17" />
  <key attr.name="SourceGitVersion" attr.type="string" for="graph" id="d16" />
  <key attr.name="IX" attr.type="int" for="graph" id="d15" />
  <key attr.name="Customer" attr.type="int" for="graph" id="d14" />
  <key attr.name="ToolsetVersion" attr.type="string" for="graph" id="d13" />
  <key attr.name="label" attr.type="string" for="graph" id="d12" />
  <key attr.name="Commercial" attr.type="int" for="graph" id="d11" />
  <key attr.name="Backbone" attr.type="int" for="graph" id="d10" />
  <key attr.name="DateType" attr.type="string" for="graph" id="d9" />
  <key attr.name="Type" attr.type="string" for="graph" id="d8" />
  <key attr.name="Version" attr.type="string" for="graph" id="d7" />
  <key attr.name="Source" attr.type="string" for="graph" id="d6" />
  <key attr.name="Note" attr.type="string" for="graph" id="d5" />
  <key attr.name="Provenance" attr.type="string" for="graph" id="d4" />
  <key attr.name="Network" attr.type="string" for="graph" id="d3" />
  <key attr.name="GeoExtent" attr.type="string" for="graph" id="d2" />
  <key attr.name="GeoLocation" attr.type="string" for="graph" id="d1" />
  <key attr.name="DateObtained" attr.type="string" for="graph" id="d0" />
  <graph edgedefault="undirected">
    <data key="d0">22/10/10</data>
    <data key="d1">Switzerland</data>
    <data key="d2">Country</data>
    <data key="d3">SWITCH</data>
    <data key="d4">Primary</data>
    <data key="d5">Locations from http://www.switch.ch/network/infrastructure/pops/index.html Locations of Rero and VSNet unclear</data>
    <data key="d6">http://www.switch.ch/export/sites/default/uni/network/lan/_files/SWT_Backbone_Poster2010.pdf</data>
    <data key="d7">1.0</data>
    <data key="d8">REN</data>
    <data key="d9">Historic</data>
    <data key="d10">1</data>
    <data key="d11">0</data>
    <data key="d12">Switch</data>
    <data key="d13">0.3.34dev-20120328</data>
    <data key="d14">1</data>
    <data key="d15">0</data>
    <data key="d16">e278b1b</data>
    <data key="d17">=</data>
    <data key="d18">0</data>
    <data key="d19">3/08/10</data>
    <data key="d20">0</data>
    <data key="d21">Fibre</data>
    <data key="d22">Topology Zoo Toolset</data>
    <data key="d23">1</data>
    <data key="d24">1</data>
    <data key="d25">2010</data>
    <data key="d26">2010</data>
    <data key="d27">2011_09_01</data>
    <data key="d28">0</data>
    <node id="0">
      <data key="d29">1</data>
      <data key="d30">1</data>
      <data key="d31">0</data>
      <data key="d32">None</data>
    </node>
    <node id="1">
      <data key="d29">1</data>
      <data key="d30">1</data>
      <data key="d31">1</data>
      <data key="d32">None</data>
    </node>
    <node id="2">
      <data key="d29">1</data>
      <data key="d30">1</data>
      <data key="d31">2</data>
      <data key="d32">None</data>
    </node>
    <node id="3">
      <data key="d29">1</data>
      <data key="d30">1</data>
      <data key="d31">3</data>
      <data key="d32">None</data>
    </node>
    <node id="4">
      <data key="d30">0</data>
      <data key="d31">4</data>
      <data key="d32">GLBX</data>
    </node>
    <node id="5">
      <data key="d30">0</data>
      <data key="d31">5</data>
      <data key="d32">CIXP</data>
    </node>
    <node id="6">
      <data key="d30">0</data>
      <data key="d31">6</data>
      <data key="d32">CBF Link GARR Lightpath</data>
    </node>
    <node id="7">
      <data key="d30">0</data>
      <data key="d31">7</data>
      <data key="d32">Swisscom</data>
    </node>
    <node id="8">
      <data key="d30">1</data>
      <data key="d33">46.99179</data>
      <data key="d34">Switzerland</data>
      <data key="d31">8</data>
      <data key="d35">6.931</data>
      <data key="d32">UniNE</data>
    </node>
    <node id="9">
      <data key="d30">1</data>
      <data key="d33">46.94809</data>
      <data key="d34">Switzerland</data>
      <data key="d31">9</data>
      <data key="d35">7.44744</data>
      <data key="d32">SNF</data>
    </node>
    <node id="10">
      <data key="d30">0</data>
      <data key="d31">10</data>
      <data key="d32">AMS-IX</data>
    </node>
    <node id="11">
      <data key="d30">0</data>
      <data key="d31">11</data>
      <data key="d32">GEANT2</data>
    </node>
    <node id="12">
      <data key="d30">1</data>
      <data key="d33">46.03475</data>
      <data key="d34">Switzerland</data>
      <data key="d31">12</data>
      <data key="d35">8.91892</data>
      <data key="d32">CSCS TI-EDU</data>
    </node>
    <node id="13">
      <data key="d30">1</data>
      <data key="d36">2660208</data>
      <data key="d33">46.54936</data>
      <data key="d34">Switzerland</data>
      <data key="d31">13</data>
      <data key="d35">7.98831</data>
      <data key="d32">Jungfraujoch</data>
    </node>
    <node id="14">
      <data key="d30">1</data>
      <data key="d33">46.77852</data>
      <data key="d34">Switzerland</data>
      <data key="d31">14</data>
      <data key="d35">6.64115</data>
      <data key="d32">HEIG-VD</data>
    </node>
    <node id="15">
      <data key="d30">1</data>
      <data key="d33">46.31667</data>
      <data key="d34">Switzerland</data>
      <data key="d31">15</data>
      <data key="d35">7.98333</data>
      <data key="d32">VSNet</data>
    </node>
    <node id="16">
      <data key="d30">1</data>
      <data key="d33">46.20222</data>
      <data key="d34">Switzerland</data>
      <data key="d31">16</data>
      <data key="d35">6.14569</data>
      <data key="d32">IBM</data>
    </node>
    <node id="17">
      <data key="d30">1</data>
      <data key="d33">46.20222</data>
      <data key="d34">Switzerland</data>
      <data key="d31">17</data>
      <data key="d35">6.14569</data>
      <data key="d32">UniGE</data>
    </node>
    <node id="18">
      <data key="d29">1</data>
      <data key="d30">1</data>
      <data key="d31">18</data>
      <data key="d32">None</data>
    </node>
    <node id="19">
      <data key="d29">1</data>
      <data key="d30">1</data>
      <data key="d31">19</data>
      <data key="d32">None</data>
    </node>
    <node id="20">
      <data key="d29">1</data>
      <data key="d30">1</data>
      <data key="d31">20</data>
      <data key="d32">None</data>
    </node>
    <node id="21">
      <data key="d29">1</data>
      <data key="d30">1</data>
      <data key="d31">21</data>
      <data key="d32">None</data>
    </node>
    <node id="22">
      <data key="d29">1</data>
      <data key="d30">1</data>
      <data key="d31">22</data>
      <data key="d32">None</data>
    </node>
    <node id="23">
      <data key="d29">1</data>
      <data key="d30">1</data>
      <data key="d31">23</data>
      <data key="d32">None</data>
    </node>
    <node id="24">
      <data key="d29">1</data>
      <data key="d30">1</data>
      <data key="d31">24</data>
      <data key="d32">None</data>
    </node>
    <node id="25">
      <data key="d30">1</data>
      <data key="d33">47.05048</data>
      <data key="d34">Switzerland</data>
      <data key="d31">25</data>
      <data key="d35">8.30635</data>
      <data key="d32">HSLU</data>
    </node>
    <node id="26">
      <data key="d30">1</data>
      <data key="d33">46.80237</data>
      <data key="d34">Switzerland</data>
      <data key="d31">26</data>
      <data key="d35">7.15128</data>
      <data key="d32">UniFR</data>
    </node>
    <node id="27">
      <data key="d30">0</data>
      <data key="d31">27</data>
      <data key="d32">GEANT2 Lightpaths</data>
    </node>
    <node id="28">
      <data key="d30">1</data>
      <data key="d33">47.42391</data>
      <data key="d34">Switzerland</data>
      <data key="d31">28</data>
      <data key="d35">9.37477</data>
      <data key="d32">UniSG</data>
    </node>
    <node id="29">
      <data key="d30">1</data>
      <data key="d33">46.94809</data>
      <data key="d34">Switzerland</data>
      <data key="d31">29</data>
      <data key="d35">7.44744</data>
      <data key="d32">UniBE</data>
    </node>
    <node id="30">
      <data key="d30">1</data>
      <data key="d33">47.1921</data>
      <data key="d34">Switzerland</data>
      <data key="d31">30</data>
      <data key="d35">7.39586</data>
      <data key="d32">HFT-SO</data>
    </node>
    <node id="31">
      <data key="d30">1</data>
      <data key="d33">46.94809</data>
      <data key="d34">Switzerland</data>
      <data key="d31">31</data>
      <data key="d35">7.44744</data>
      <data key="d32">ETH-Rat</data>
    </node>
    <node id="32">
      <data key="d30">1</data>
      <data key="d33">46.80429</data>
      <data key="d34">Switzerland</data>
      <data key="d31">32</data>
      <data key="d35">9.83723</data>
      <data key="d32">PMOD</data>
    </node>
    <node id="33">
      <data key="d30">1</data>
      <data key="d33">46.516</data>
      <data key="d34">Switzerland</data>
      <data key="d31">33</data>
      <data key="d35">6.63282</data>
      <data key="d32">EHL</data>
    </node>
    <node id="34">
      <data key="d30">1</data>
      <data key="d33">47.22557</data>
      <data key="d34">Switzerland</data>
      <data key="d31">34</data>
      <data key="d35">8.82228</data>
      <data key="d32">HSR</data>
    </node>
    <node id="35">
      <data key="d30">1</data>
      <data key="d33">47.1237</data>
      <data key="d34">Switzerland</data>
      <data key="d31">35</data>
      <data key="d35">7.27887</data>
      <data key="d32">ENSI</data>
    </node>
    <node id="36">
      <data key="d30">1</data>
      <data key="d33">47.53356</data>
      <data key="d34">Switzerland</data>
      <data key="d31">36</data>
      <data key="d35">8.25666</data>
      <data key="d32">PSI</data>
    </node>
    <node id="37">
      <data key="d30">1</data>
      <data key="d33">47.5584</data>
      <data key="d34">Switzerland</data>
      <data key="d31">37</data>
      <data key="d35">7.57327</data>
      <data key="d32">UniBAS</data>
    </node>
    <node id="38">
      <data key="d30">1</data>
      <data key="d33">47.5584</data>
      <data key="d34">Switzerland</data>
      <data key="d31">38</data>
      <data key="d35">7.57327</data>
      <data key="d32">BSSE</data>
    </node>
    <node id="39">
      <data key="d30">1</data>
      <data key="d33">47.36493</data>
      <data key="d34">Switzerland</data>
      <data key="d31">39</data>
      <data key="d35">7.34453</data>
      <data key="d32">HES-SO</data>
    </node>
    <node id="40">
      <data key="d30">1</data>
      <data key="d33">46.20222</data>
      <data key="d34">Switzerland</data>
      <data key="d31">40</data>
      <data key="d35">6.14569</data>
      <data key="d32">CERN</data>
    </node>
    <node id="41">
      <data key="d30">1</data>
      <data key="d33">46.20222</data>
      <data key="d34">Switzerland</data>
      <data key="d31">41</data>
      <data key="d35">6.14569</data>
      <data key="d32">Skyguide</data>
    </node>
    <node id="42">
      <data key="d30">1</data>
      <data key="d33">46.516</data>
      <data key="d34">Switzerland</data>
      <data key="d31">42</data>
      <data key="d35">6.63282</data>
      <data key="d32">EPFL</data>
    </node>
    <node id="43">
      <data key="d30">1</data>
      <data key="d33">46.516</data>
      <data key="d34">Switzerland</data>
      <data key="d31">43</data>
      <data key="d35">6.63282</data>
      <data key="d32">UniL</data>
    </node>
    <node id="44">
      <data key="d30">1</data>
      <data key="d33">46.516</data>
      <data key="d34">Switzerland</data>
      <data key="d31">44</data>
      <data key="d35">6.63282</data>
      <data key="d32">HES-SO AvdP</data>
    </node>
    <node id="45">
      <data key="d30">1</data>
      <data key="d33">46.516</data>
      <data key="d34">Switzerland</data>
      <data key="d31">45</data>
      <data key="d35">6.63282</data>
      <data key="d32">IMD</data>
    </node>
    <node id="46">
      <data key="d30">1</data>
      <data key="d33">46.516</data>
      <data key="d34">Switzerland</data>
      <data key="d31">46</data>
      <data key="d35">6.63282</data>
      <data key="d32">EESP</data>
    </node>
    <node id="47">
      <data key="d30">1</data>
      <data key="d33">46.84986</data>
      <data key="d34">Switzerland</data>
      <data key="d31">47</data>
      <data key="d35">9.53287</data>
      <data key="d32">HTW</data>
    </node>
    <node id="48">
      <data key="d30">1</data>
      <data key="d33">46.94809</data>
      <data key="d34">Switzerland</data>
      <data key="d31">48</data>
      <data key="d35">7.44744</data>
      <data key="d32">EUResearch</data>
    </node>
    <node id="49">
      <data key="d29">1</data>
      <data key="d30">1</data>
      <data key="d31">49</data>
      <data key="d32">None</data>
    </node>
    <node id="50">
      <data key="d30">1</data>
      <data key="d33">47.5584</data>
      <data key="d34">Switzerland</data>
      <data key="d31">50</data>
      <data key="d35">7.57327</data>
      <data key="d32">IWB</data>
    </node>
    <node id="51">
      <data key="d37">Liechtenstein</data>
      <data key="d30">1</data>
      <data key="d33">47.16667</data>
      <data key="d34">Liechtenstein</data>
      <data key="d31">51</data>
      <data key="d35">9.53333</data>
      <data key="d32">HLI</data>
    </node>
    <node id="52">
      <data key="d30">0</data>
      <data key="d31">52</data>
      <data key="d32">Swisscom</data>
    </node>
    <node id="53">
      <data key="d30">0</data>
      <data key="d31">53</data>
      <data key="d32">BelWu</data>
    </node>
    <node id="54">
      <data key="d30">0</data>
      <data key="d31">54</data>
      <data key="d32">CBF Link DFN Lightpath</data>
    </node>
    <node id="55">
      <data key="d30">1</data>
      <data key="d33">47.16743</data>
      <data key="d34">Switzerland</data>
      <data key="d31">55</data>
      <data key="d35">9.47794</data>
      <data key="d32">NTB</data>
    </node>
    <node id="56">
      <data key="d30">0</data>
      <data key="d31">56</data>
      <data key="d32">Swissix</data>
    </node>
    <node id="57">
      <data key="d30">0</data>
      <data key="d31">57</data>
      <data key="d32">Swissix</data>
    </node>
    <node id="58">
      <data key="d30">0</data>
      <data key="d31">58</data>
      <data key="d32">Equinix</data>
    </node>
    <node id="59">
      <data key="d30">0</data>
      <data key="d31">59</data>
      <data key="d32">Telia</data>
    </node>
    <node id="60">
      <data key="d30">1</data>
      <data key="d33">47.55816</data>
      <data key="d34">Switzerland</data>
      <data key="d31">60</data>
      <data key="d35">8.89854</data>
      <data key="d32">PHTG</data>
    </node>
    <node id="61">
      <data key="d30">1</data>
      <data key="d33">46.10276</data>
      <data key="d34">Switzerland</data>
      <data key="d31">61</data>
      <data key="d35">7.07245</data>
      <data key="d32">RERO</data>
    </node>
    <node id="62">
      <data key="d30">1</data>
      <data key="d33">47.42391</data>
      <data key="d34">Switzerland</data>
      <data key="d31">62</data>
      <data key="d35">9.37477</data>
      <data key="d32">FHSG</data>
    </node>
    <node id="63">
      <data key="d30">1</data>
      <data key="d33">46.80429</data>
      <data key="d34">Switzerland</data>
      <data key="d31">63</data>
      <data key="d35">9.83723</data>
      <data key="d32">SLF</data>
    </node>
    <node id="64">
      <data key="d30">1</data>
      <data key="d33">47.36667</data>
      <data key="d34">Switzerland</data>
      <data key="d31">64</data>
      <data key="d35">8.55</data>
      <data key="d32">Equinix</data>
    </node>
    <node id="65">
      <data key="d29">1</data>
      <data key="d30">1</data>
      <data key="d31">65</data>
      <data key="d32">None</data>
    </node>
    <node id="66">
      <data key="d30">1</data>
      <data key="d33">47.5</data>
      <data key="d34">Switzerland</data>
      <data key="d31">66</data>
      <data key="d35">8.75</data>
      <data key="d32">ZHAW</data>
    </node>
    <node id="67">
      <data key="d30">1</data>
      <data key="d33">47.36667</data>
      <data key="d34">Switzerland</data>
      <data key="d31">67</data>
      <data key="d35">8.55</data>
      <data key="d32">meteoGH</data>
    </node>
    <node id="68">
      <data key="d30">1</data>
      <data key="d33">47.36667</data>
      <data key="d34">Switzerland</data>
      <data key="d31">68</data>
      <data key="d35">8.55</data>
      <data key="d32">NAZ</data>
    </node>
    <node id="69">
      <data key="d30">1</data>
      <data key="d33">47.36667</data>
      <data key="d34">Switzerland</data>
      <data key="d31">69</data>
      <data key="d35">8.55</data>
      <data key="d32">UZH</data>
    </node>
    <node id="70">
      <data key="d30">1</data>
      <data key="d33">47.36667</data>
      <data key="d34">Switzerland</data>
      <data key="d31">70</data>
      <data key="d35">8.55</data>
      <data key="d32">ETH</data>
    </node>
    <node id="71">
      <data key="d30">1</data>
      <data key="d33">47.36667</data>
      <data key="d34">Switzerland</data>
      <data key="d31">71</data>
      <data key="d35">8.55</data>
      <data key="d32">ITIS</data>
    </node>
    <node id="72">
      <data key="d30">1</data>
      <data key="d33">47.36667</data>
      <data key="d34">Switzerland</data>
      <data key="d31">72</data>
      <data key="d35">8.55</data>
      <data key="d32">IBM</data>
    </node>
    <node id="73">
      <data key="d30">1</data>
      <data key="d33">47.35515</data>
      <data key="d34">Switzerland</data>
      <data key="d31">73</data>
      <data key="d35">8.44256</data>
      <data key="d32">WSL</data>
    </node>
    <edge source="0" target="50">
      <data key="d38">Fiber</data>
      <data key="d39">Darkfibers</data>
      <data key="d40">Darks</data>
      <data key="d41">0</data>
    </edge>
    <edge source="0" target="35">
      <data key="d38">Fiber</data>
      <data key="d39">Darkfibers</data>
      <data key="d40">Darks</data>
      <data key="d41">0</data>
    </edge>
    <edge source="0" target="38">
      <data key="d38">Fiber</data>
      <data key="d39">Darkfibers</data>
      <data key="d40">Darks</data>
      <data key="d41">0</data>
    </edge>
    <edge source="1" target="24">
      <data key="d38">Fiber</data>
      <data key="d39">Darkfibers (Dashed line)</data>
      <data key="d40">Darks (Dashed line)</data>
      <data key="d41">0</data>
    </edge>
    <edge source="1" target="61">
      <data key="d38">Fiber</data>
      <data key="d39">Darkfibers</data>
      <data key="d40">Darks</data>
      <data key="d41">0</data>
    </edge>
    <edge source="1" target="15">
      <data key="d38">Fiber</data>
      <data key="d39">Darkfibers</data>
      <data key="d40">Darks</data>
      <data key="d41">0</data>
    </edge>
    <edge source="2" target="40">
      <data key="d38">Fiber</data>
      <data key="d39">Darkfibers</data>
      <data key="d40">Darks</data>
      <data key="d41">0</data>
    </edge>
    <edge source="2" target="42">
      <data key="d38">Fiber</data>
      <data key="d39">Darkfibers</data>
      <data key="d40">Darks</data>
      <data key="d41">0</data>
    </edge>
    <edge source="2" target="61">
      <data key="d38">Fiber</data>
      <data key="d39">Darkfibers</data>
      <data key="d40">Darks</data>
      <data key="d41">0</data>
    </edge>
    <edge source="3" target="35">
      <data key="d38">Fiber</data>
      <data key="d39">Darkfibers</data>
      <data key="d40">Darks</data>
      <data key="d41">0</data>
    </edge>
    <edge source="3" target="36">
      <data key="d38">Fiber</data>
      <data key="d39">Darkfibers</data>
      <data key="d40">Darks</data>
      <data key="d41">0</data>
    </edge>
    <edge source="3" target="69">
      <data key="d38">Fiber</data>
      <data key="d39">Darkfibers</data>
      <data key="d40">Darks</data>
      <data key="d41">0</data>
    </edge>
    <edge source="4" target="40">
      <data key="d39">&lt; 2.5 Gbps</data>
      <data key="d41">0</data>
    </edge>
    <edge source="5" target="40">
      <data key="d39">&lt; 2.5 Gbps</data>
      <data key="d41">0</data>
    </edge>
    <edge source="6" target="12">
      <data key="d39">&lt; 2.5 Gbps</data>
      <data key="d41">0</data>
    </edge>
    <edge source="7" target="40">
      <data key="d39">&lt; 2.5 Gbps</data>
      <data key="d41">0</data>
    </edge>
    <edge source="8" target="30">
      <data key="d38">Fiber</data>
      <data key="d39">Darkfibers</data>
      <data key="d40">Darks</data>
      <data key="d41">0</data>
    </edge>
    <edge source="8" target="14">
      <data key="d38">Fiber</data>
      <data key="d39">Darkfibers</data>
      <data key="d40">Darks</data>
      <data key="d41">0</data>
    </edge>
    <edge source="8" target="39">
      <data key="d38">Fiber</data>
      <data key="d39">Darkfibers</data>
      <data key="d40">Darks</data>
      <data key="d41">0</data>
    </edge>
    <edge source="9" target="29">
      <data key="d38">Fiber</data>
      <data key="d39">Darkfibers</data>
      <data key="d40">Darks</data>
      <data key="d41">0</data>
    </edge>
    <edge source="10" target="40">
      <data key="d39">&lt; 2.5 Gbps</data>
      <data key="d41">0</data>
    </edge>
    <edge source="11" target="40">
      <data key="d39">&lt; 2.5 Gbps</data>
      <data key="d41">0</data>
    </edge>
    <edge source="12" target="22">
      <data key="d38">Fiber</data>
      <data key="d39">Darkfibers</data>
      <data key="d40">Darks</data>
      <data key="d41">0</data>
    </edge>
    <edge source="12" target="15">
      <data key="d38">Fiber</data>
      <data key="d39">Darkfibers</data>
      <data key="d40">Darks</data>
      <data key="d41">0</data>
    </edge>
    <edge source="13" target="24">
      <data key="d38">Fiber</data>
      <data key="d39">Darkfibers</data>
      <data key="d40">Darks</data>
      <data key="d41">0</data>
    </edge>
    <edge source="14" target="42">
      <data key="d38">Fiber</data>
      <data key="d39">Darkfibers</data>
      <data key="d40">Darks</data>
      <data key="d41">0</data>
    </edge>
    <edge source="16" target="17">
      <data key="d38">Fiber</data>
      <data key="d39">Darkfibers</data>
      <data key="d40">Darks</data>
      <data key="d41">0</data>
    </edge>
    <edge source="17" target="40">
      <data key="d38">Fiber</data>
      <data key="d39">Darkfibers</data>
      <data key="d40">Darks</data>
      <data key="d41">0</data>
    </edge>
    <edge source="17" target="42">
      <data key="d38">Fiber</data>
      <data key="d39">Darkfibers</data>
      <data key="d40">Darks</data>
      <data key="d41">0</data>
    </edge>
    <edge source="17" target="41">
      <data key="d38">Fiber</data>
      <data key="d39">Darkfibers</data>
      <data key="d40">Darks</data>
      <data key="d41">0</data>
    </edge>
    <edge source="18" target="49">
      <data key="d38">Fiber</data>
      <data key="d39">Darkfibers</data>
      <data key="d40">Darks</data>
      <data key="d41">0</data>
    </edge>
    <edge source="18" target="60">
      <data key="d38">Fiber</data>
      <data key="d39">Darkfibers</data>
      <data key="d40">Darks</data>
      <data key="d41">0</data>
    </edge>
    <edge source="18" target="62">
      <data key="d38">Fiber</data>
      <data key="d39">Darkfibers</data>
      <data key="d40">Darks</data>
      <data key="d41">0</data>
    </edge>
    <edge source="19" target="47">
      <data key="d38">Fiber</data>
      <data key="d39">Darkfibers</data>
      <data key="d40">Darks</data>
      <data key="d41">0</data>
    </edge>
    <edge source="19" target="20">
      <data key="d38">Fiber</data>
      <data key="d39">Darkfibers</data>
      <data key="d40">Darks</data>
      <data key="d41">0</data>
    </edge>
    <edge source="19" target="63">
      <data key="d38">Fiber</data>
      <data key="d39">Darkfibers</data>
      <data key="d40">Darks</data>
      <data key="d41">0</data>
    </edge>
    <edge source="20" target="51">
      <data key="d38">Fiber</data>
      <data key="d39">Darkfibers</data>
      <data key="d40">Darks</data>
      <data key="d41">0</data>
    </edge>
    <edge source="20" target="34">
      <data key="d38">Fiber</data>
      <data key="d39">Darkfibers</data>
      <data key="d40">Darks</data>
      <data key="d41">0</data>
    </edge>
    <edge source="21" target="25">
      <data key="d38">Fiber</data>
      <data key="d39">Darkfibers</data>
      <data key="d40">Darks</data>
      <data key="d41">0</data>
    </edge>
    <edge source="21" target="70">
      <data key="d38">Fiber</data>
      <data key="d39">Darkfibers</data>
      <data key="d40">Darks</data>
      <data key="d41">0</data>
    </edge>
    <edge source="21" target="22">
      <data key="d38">Fiber</data>
      <data key="d39">Darkfibers</data>
      <data key="d40">Darks</data>
      <data key="d41">0</data>
    </edge>
    <edge source="22" target="25">
      <data key="d38">Fiber</data>
      <data key="d39">Darkfibers</data>
      <data key="d40">Darks</data>
      <data key="d41">0</data>
    </edge>
    <edge source="22" target="34">
      <data key="d38">Fiber</data>
      <data key="d39">Darkfibers</data>
      <data key="d40">Darks</data>
      <data key="d41">0</data>
    </edge>
    <edge source="23" target="26">
      <data key="d38">Fiber</data>
      <data key="d39">Darkfibers</data>
      <data key="d40">Darks</data>
      <data key="d41">0</data>
    </edge>
    <edge source="23" target="43">
      <data key="d38">Fiber</data>
      <data key="d39">Darkfibers</data>
      <data key="d40">Darks</data>
      <data key="d41">0</data>
    </edge>
    <edge source="23" target="29">
      <data key="d38">Fiber</data>
      <data key="d39">Darkfibers</data>
      <data key="d40">Darks</data>
      <data key="d41">0</data>
    </edge>
    <edge source="24" target="29">
      <data key="d38">Fiber</data>
      <data key="d39">Darkfibers</data>
      <data key="d40">Darks</data>
      <data key="d41">0</data>
    </edge>
    <edge source="26" target="29">
      <data key="d38">Fiber</data>
      <data key="d39">Darkfibers</data>
      <data key="d40">Darks</data>
      <data key="d41">0</data>
    </edge>
    <edge source="27" target="40">
      <data key="d39">&lt; 2.5 Gbps</data>
      <data key="d41">0</data>
    </edge>
    <edge source="28" target="62">
      <data key="d38">Fiber</data>
      <data key="d39">Darkfibers</data>
      <data key="d40">Darks</data>
      <data key="d41">0</data>
    </edge>
    <edge source="28" target="55">
      <data key="d38">Fiber</data>
      <data key="d39">Darkfibers</data>
      <data key="d40">Darks</data>
      <data key="d41">0</data>
    </edge>
    <edge source="29" target="48">
      <data key="d38">Fiber</data>
      <data key="d39">Darkfibers</data>
      <data key="d40">Darks</data>
      <data key="d41">0</data>
    </edge>
    <edge source="29" target="50">
      <data key="d38">Fiber</data>
      <data key="d39">Darkfibers</data>
      <data key="d40">Darks</data>
      <data key="d41">0</data>
    </edge>
    <edge source="29" target="31">
      <data key="d38">Fiber</data>
      <data key="d39">Darkfibers</data>
      <data key="d40">Darks</data>
      <data key="d41">0</data>
    </edge>
    <edge source="30" target="35">
      <data key="d38">Fiber</data>
      <data key="d39">Darkfibers</data>
      <data key="d40">Darks</data>
      <data key="d41">0</data>
    </edge>
    <edge source="31" target="48">
      <data key="d38">Fiber</data>
      <data key="d39">Darkfibers</data>
      <data key="d40">Darks</data>
      <data key="d41">0</data>
    </edge>
    <edge source="32" target="63">
      <data key="d38">Fiber</data>
      <data key="d39">Darkfibers</data>
      <data key="d40">Darks</data>
      <data key="d41">0</data>
    </edge>
    <edge source="33" target="42">
      <data key="d38">Fiber</data>
      <data key="d39">Darkfibers</data>
      <data key="d40">Darks</data>
      <data key="d41">0</data>
    </edge>
    <edge source="33" target="46">
      <data key="d38">Fiber</data>
      <data key="d39">Darkfibers</data>
      <data key="d40">Darks</data>
      <data key="d41">0</data>
    </edge>
    <edge source="35" target="70">
      <data key="d38">Fiber</data>
      <data key="d39">Darkfibers</data>
      <data key="d40">Darks</data>
      <data key="d41">0</data>
    </edge>
    <edge source="36" target="70">
      <data key="d38">Fiber</data>
      <data key="d39">Darkfibers</data>
      <data key="d40">Darks</data>
      <data key="d41">0</data>
    </edge>
    <edge source="37" target="50">
      <data key="d38">Fiber</data>
      <data key="d39">Darkfibers</data>
      <data key="d40">Darks</data>
      <data key="d41">0</data>
    </edge>
    <edge source="37" target="38">
      <data key="d38">Fiber</data>
      <data key="d39">Darkfibers</data>
      <data key="d40">Darks</data>
      <data key="d41">0</data>
    </edge>
    <edge source="39" target="50">
      <data key="d38">Fiber</data>
      <data key="d39">Darkfibers</data>
      <data key="d40">Darks</data>
      <data key="d41">0</data>
    </edge>
    <edge source="40" target="41">
      <data key="d38">Fiber</data>
      <data key="d39">Darkfibers</data>
      <data key="d40">Darks</data>
      <data key="d41">0</data>
    </edge>
    <edge source="42" target="45">
      <data key="d38">Fiber</data>
      <data key="d39">Darkfibers</data>
      <data key="d40">Darks</data>
      <data key="d41">0</data>
    </edge>
    <edge source="43" target="44">
      <data key="d38">Fiber</data>
      <data key="d39">Darkfibers</data>
      <data key="d40">Darks</data>
      <data key="d41">0</data>
    </edge>
    <edge source="43" target="45">
      <data key="d38">Fiber</data>
      <data key="d39">Darkfibers</data>
      <data key="d40">Darks</data>
      <data key="d41">0</data>
    </edge>
    <edge source="44" target="46">
      <data key="d38">Fiber</data>
      <data key="d39">Darkfibers</data>
      <data key="d40">Darks</data>
      <data key="d41">0</data>
    </edge>
    <edge source="47" target="63">
      <data key="d38">Fiber</data>
      <data key="d39">Darkfibers</data>
      <data key="d40">Darks</data>
      <data key="d41">0</data>
    </edge>
    <edge source="47" target="55">
      <data key="d38">Fiber</data>
      <data key="d39">Darkfibers</data>
      <data key="d40">Darks</data>
      <data key="d41">0</data>
    </edge>
    <edge source="49" target="60">
      <data key="d38">Fiber</data>
      <data key="d39">Darkfibers</data>
      <data key="d40">Darks</data>
      <data key="d41">0</data>
    </edge>
    <edge source="49" target="66">
      <data key="d38">Fiber</data>
      <data key="d39">Darkfibers</data>
      <data key="d40">Darks</data>
      <data key="d41">0</data>
    </edge>
    <edge source="50" target="65">
      <data key="d38">Fiber</data>
      <data key="d39">Darkfibers</data>
      <data key="d40">Darks</data>
      <data key="d41">0</data>
    </edge>
    <edge source="50" target="54">
      <data key="d39">&lt; 2.5 Gbps</data>
      <data key="d41">0</data>
    </edge>
    <edge source="50" target="56">
      <data key="d39">&lt; 2.5 Gbps</data>
      <data key="d41">0</data>
    </edge>
    <edge source="51" target="55">
      <data key="d38">Fiber</data>
      <data key="d39">Darkfibers</data>
      <data key="d40">Darks</data>
      <data key="d41">0</data>
    </edge>
    <edge source="52" target="64">
      <data key="d39">&lt; 2.5 Gbps</data>
      <data key="d41">0</data>
    </edge>
    <edge source="53" target="60">
      <data key="d39">&lt; 2.5 Gbps</data>
      <data key="d41">0</data>
    </edge>
    <edge source="57" target="64">
      <data key="d39">&lt; 2.5 Gbps</data>
      <data key="d41">0</data>
    </edge>
    <edge source="58" target="64">
      <data key="d39">&lt; 2.5 Gbps</data>
      <data key="d41">0</data>
    </edge>
    <edge source="59" target="64">
      <data key="d39">&lt; 2.5 Gbps</data>
      <data key="d41">0</data>
    </edge>
    <edge source="64" target="72">
      <data key="d38">Fiber</data>
      <data key="d39">Darkfibers</data>
      <data key="d40">Darks</data>
      <data key="d41">0</data>
    </edge>
    <edge source="65" target="73">
      <data key="d38">Fiber</data>
      <data key="d39">Darkfibers</data>
      <data key="d40">Darks</data>
      <data key="d41">0</data>
    </edge>
    <edge source="65" target="70">
      <data key="d38">Fiber</data>
      <data key="d39">Darkfibers</data>
      <data key="d40">Darks</data>
      <data key="d41">0</data>
    </edge>
    <edge source="66" target="69">
      <data key="d38">Fiber</data>
      <data key="d39">Darkfibers</data>
      <data key="d40">Darks</data>
      <data key="d41">0</data>
    </edge>
    <edge source="67" target="68">
      <data key="d38">Fiber</data>
      <data key="d39">Darkfibers</data>
      <data key="d40">Darks</data>
      <data key="d41">0</data>
    </edge>
    <edge source="67" target="69">
      <data key="d38">Fiber</data>
      <data key="d39">Darkfibers</data>
      <data key="d40">Darks</data>
      <data key="d41">0</data>
    </edge>
    <edge source="68" target="70">
      <data key="d38">Fiber</data>
      <data key="d39">Darkfibers</data>
      <data key="d40">Darks</data>
      <data key="d41">0</data>
    </edge>
    <edge source="69" target="70">
      <data key="d38">Fiber</data>
      <data key="d39">Darkfibers</data>
      <data key="d40">Darks</data>
      <data key="d41">0</data>
    </edge>
    <edge source="70" target="71">
      <data key="d38">Fiber</data>
      <data key="d39">Darkfibers</data>
      <data key="d40">Darks</data>
      <data key="d41">0</data>
    </edge>
    <edge source="72" target="73">
      <data key="d38">Fiber</data>
      <data key="d39">Darkfibers</data>
      <data key="d40">Darks</data>
      <data key="d41">0</data>
    </edge>
  </graph>
</graphml>
