<?xml version="1.0" encoding="utf-8"?><graphml xmlns="http://graphml.graphdrawing.org/xmlns" xmlns:xsi="http://www.w3.org/2001/XMLSchema-instance" xsi:schemaLocation="http://graphml.graphdrawing.org/xmlns http://graphml.graphdrawing.org/xmlns/1.0/graphml.xsd">
  <key attr.name="key" attr.type="int" for="edge" id="d37" />
  <key attr.name="id" attr.type="string" for="edge" id="d36" />
  <key attr.name="geocode_id" attr.type="string" for="node" id="d35" />
  <key attr.name="hyperedge" attr.type="int" for="node" id="d34" />
  <key attr.name="label" attr.type="string" for="node" id="d33" />
  <key attr.name="Longitude" attr.type="double" for="node" id="d32" />
  <key attr.name="id" attr.type="int" for="node" id="d31" />
  <key attr.name="Country" attr.type="string" for="node" id="d30" />
  <key attr.name="Latitude" attr.type="double" for="node" id="d29" />
  <key attr.name="Internal" attr.type="int" for="node" id="d28" />
  <key attr.name="Testbed" attr.type="int" for="graph" id="d27" />
  <key attr.name="LastProcessed" attr.type="string" for="graph" id="d26" />
  <key attr.name="DateYear" attr.type="string" for="graph" id="d25" />
  <key attr.name="NetworkDate" attr.type="string" for="graph" id="d24" />
  <key attr.name="Transit" attr.type="int" for="graph" id="d23" />
  <key attr.name="Developed" attr.type="int" for="graph" id="d22" />
  <key attr.name="Creator" attr.type="string" for="graph" id="d21" />
  <key attr.name="Layer" attr.type="string" for="graph" id="d20" />
  <key attr.name="LastAccess" attr.type="string" for="graph" id="d19" />
  <key attr.name="DateMonth" attr.type="string" for="graph" id="d18" />
  <key attr.name="DateModifier" attr.type="string" for="graph" id="d17" />
  <key attr.name="SourceGitVersion" attr.type="string" for="graph" id="d16" />
  <key attr.name="IX" attr.type="int" for="graph" id="d15" />
  <key attr.name="Customer" attr.type="int" for="graph" id="d14" />
  <key attr.name="ToolsetVersion" attr.type="string" for="graph" id="d13" />
  <key attr.name="label" attr.type="string" for="graph" id="d12" />
  <key attr.name="Commercial" attr.type="int" for="graph" id="d11" />
  <key attr.name="Backbone" attr.type="int" for="graph" id="d10" />
  <key attr.name="Type" attr.type="string" for="graph" id="d9" />
  <key attr.name="DateType" attr.type="string" for="graph" id="d8" />
  <key attr.name="Version" attr.type="string" for="graph" id="d7" />
  <key attr.name="Source" attr.type="string" for="graph" id="d6" />
  <key attr.name="Access" attr.type="int" for="graph" id="d5" />
  <key attr.name="Provenance" attr.type="string" for="graph" id="d4" />
  <key attr.name="Network" attr.type="string" for="graph" id="d3" />
  <key attr.name="GeoExtent" attr.type="string" for="graph" id="d2" />
  <key attr.name="GeoLocation" attr.type="string" for="graph" id="d1" />
  <key attr.name="DateObtained" attr.type="string" for="graph" id="d0" />
  <graph edgedefault="undirected">
    <data key="d0">27/10/10</data>
    <data key="d1">India</data>
    <data key="d2">Country</data>
    <data key="d3">TATA</data>
    <data key="d4">Primary</data>
    <data key="d5">1</data>
    <data key="d6">http://www.tatacommunications.com/about/network.asp</data>
    <data key="d7">1.0</data>
    <data key="d8">Dynamic</data>
    <data key="d9">COM</data>
    <data key="d10">1</data>
    <data key="d11">0</data>
    <data key="d12">TataNld</data>
    <data key="d13">0.3.34dev-20120328</data>
    <data key="d14">1</data>
    <data key="d15">0</data>
    <data key="d16">e278b1b</data>
    <data key="d17">=</data>
    <data key="d18">08</data>
    <data key="d19">3/08/10</data>
    <data key="d20">Telephone</data>
    <data key="d21">Topology Zoo Toolset</data>
    <data key="d22">0</data>
    <data key="d23">1</data>
    <data key="d24">2010_08</data>
    <data key="d25">2010</data>
    <data key="d26">2011_09_01</data>
    <data key="d27">0</data>
    <node id="0">
      <data key="d28">1</data>
      <data key="d29">25.33333</data>
      <data key="d30">India</data>
      <data key="d31">0</data>
      <data key="d32">83.0</data>
      <data key="d33">Varanasi</data>
    </node>
    <node id="1">
      <data key="d28">1</data>
      <data key="d29">24.57117</data>
      <data key="d30">India</data>
      <data key="d31">1</data>
      <data key="d32">73.69183</data>
      <data key="d33">Udaipur</data>
    </node>
    <node id="2">
      <data key="d28">1</data>
      <data key="d29">26.61667</data>
      <data key="d30">India</data>
      <data key="d31">2</data>
      <data key="d32">81.36667</data>
      <data key="d33">Hadiagarh</data>
    </node>
    <node id="3">
      <data key="d28">1</data>
      <data key="d29">27.56667</data>
      <data key="d30">India</data>
      <data key="d31">3</data>
      <data key="d32">80.68333</data>
      <data key="d33">Sitapur</data>
    </node>
    <node id="4">
      <data key="d28">1</data>
      <data key="d29">30.32295</data>
      <data key="d30">India</data>
      <data key="d31">4</data>
      <data key="d32">78.03168</data>
      <data key="d33">Dehradun</data>
    </node>
    <node id="5">
      <data key="d28">1</data>
      <data key="d29">26.85</data>
      <data key="d30">India</data>
      <data key="d31">5</data>
      <data key="d32">80.91667</data>
      <data key="d33">Lucknow</data>
    </node>
    <node id="6">
      <data key="d28">1</data>
      <data key="d29">26.46667</data>
      <data key="d30">India</data>
      <data key="d31">6</data>
      <data key="d32">80.35</data>
      <data key="d33">Kanpur</data>
    </node>
    <node id="7">
      <data key="d28">1</data>
      <data key="d29">25.93333</data>
      <data key="d30">India</data>
      <data key="d31">7</data>
      <data key="d32">80.8</data>
      <data key="d33">Fatehpur</data>
    </node>
    <node id="8">
      <data key="d28">1</data>
      <data key="d29">25.73333</data>
      <data key="d30">India</data>
      <data key="d31">8</data>
      <data key="d32">82.68333</data>
      <data key="d33">Jaunpur</data>
    </node>
    <node id="9">
      <data key="d28">1</data>
      <data key="d29">25.45</data>
      <data key="d30">India</data>
      <data key="d31">9</data>
      <data key="d32">81.85</data>
      <data key="d33">Allahabad</data>
    </node>
    <node id="10">
      <data key="d28">1</data>
      <data key="d29">25.6</data>
      <data key="d30">India</data>
      <data key="d31">10</data>
      <data key="d32">85.11667</data>
      <data key="d33">Patna</data>
    </node>
    <node id="11">
      <data key="d28">1</data>
      <data key="d29">23.78333</data>
      <data key="d30">India</data>
      <data key="d31">11</data>
      <data key="d32">85.96667</data>
      <data key="d33">Bokaro</data>
    </node>
    <node id="12">
      <data key="d28">1</data>
      <data key="d29">23.98333</data>
      <data key="d30">India</data>
      <data key="d31">12</data>
      <data key="d32">85.35</data>
      <data key="d33">Hazaribagh</data>
    </node>
    <node id="13">
      <data key="d28">1</data>
      <data key="d29">24.7</data>
      <data key="d30">India</data>
      <data key="d31">13</data>
      <data key="d32">84.98333</data>
      <data key="d33">Gaya</data>
    </node>
    <node id="14">
      <data key="d28">1</data>
      <data key="d29">22.56972</data>
      <data key="d30">India</data>
      <data key="d31">14</data>
      <data key="d32">88.36972</data>
      <data key="d33">Kolkata</data>
    </node>
    <node id="15">
      <data key="d28">1</data>
      <data key="d29">24.58333</data>
      <data key="d30">India</data>
      <data key="d31">15</data>
      <data key="d32">80.83333</data>
      <data key="d33">Satna</data>
    </node>
    <node id="16">
      <data key="d28">1</data>
      <data key="d29">23.8</data>
      <data key="d30">India</data>
      <data key="d31">16</data>
      <data key="d32">86.45</data>
      <data key="d33">Dhanbad</data>
    </node>
    <node id="17">
      <data key="d28">1</data>
      <data key="d29">23.68333</data>
      <data key="d30">India</data>
      <data key="d31">17</data>
      <data key="d32">86.98333</data>
      <data key="d33">Asansol</data>
    </node>
    <node id="18">
      <data key="d28">1</data>
      <data key="d29">24.53333</data>
      <data key="d30">India</data>
      <data key="d31">18</data>
      <data key="d32">81.3</data>
      <data key="d33">Rewa</data>
    </node>
    <node id="19">
      <data key="d28">1</data>
      <data key="d29">25.43333</data>
      <data key="d30">India</data>
      <data key="d31">19</data>
      <data key="d32">78.58333</data>
      <data key="d33">Jhansi</data>
    </node>
    <node id="20">
      <data key="d28">1</data>
      <data key="d29">15.2</data>
      <data key="d30">India</data>
      <data key="d31">20</data>
      <data key="d32">76.68333</data>
      <data key="d33">Torangallu</data>
    </node>
    <node id="21">
      <data key="d28">1</data>
      <data key="d29">15.15</data>
      <data key="d30">India</data>
      <data key="d31">21</data>
      <data key="d32">76.93333</data>
      <data key="d33">Bellary</data>
    </node>
    <node id="22">
      <data key="d28">1</data>
      <data key="d29">15.48333</data>
      <data key="d30">India</data>
      <data key="d31">22</data>
      <data key="d32">73.83333</data>
      <data key="d33">Goa</data>
    </node>
    <node id="23">
      <data key="d28">1</data>
      <data key="d29">15.35</data>
      <data key="d30">India</data>
      <data key="d31">23</data>
      <data key="d32">75.16667</data>
      <data key="d33">Hubli</data>
    </node>
    <node id="24">
      <data key="d28">1</data>
      <data key="d29">17.68333</data>
      <data key="d30">India</data>
      <data key="d31">24</data>
      <data key="d32">75.91667</data>
      <data key="d33">Solapur</data>
    </node>
    <node id="25">
      <data key="d28">1</data>
      <data key="d29">15.86667</data>
      <data key="d30">India</data>
      <data key="d31">25</data>
      <data key="d32">74.5</data>
      <data key="d33">Belgaum</data>
    </node>
    <node id="26">
      <data key="d28">1</data>
      <data key="d29">16.2</data>
      <data key="d30">India</data>
      <data key="d31">26</data>
      <data key="d32">77.36667</data>
      <data key="d33">Raichur</data>
    </node>
    <node id="27">
      <data key="d28">1</data>
      <data key="d29">17.33333</data>
      <data key="d30">India</data>
      <data key="d31">27</data>
      <data key="d32">76.83333</data>
      <data key="d33">Gulbarga</data>
    </node>
    <node id="28">
      <data key="d28">1</data>
      <data key="d29">14.23333</data>
      <data key="d30">India</data>
      <data key="d31">28</data>
      <data key="d32">76.4</data>
      <data key="d33">Chitradurg</data>
    </node>
    <node id="29">
      <data key="d28">1</data>
      <data key="d29">15.48333</data>
      <data key="d30">India</data>
      <data key="d31">29</data>
      <data key="d32">73.83333</data>
      <data key="d33">Panjim</data>
    </node>
    <node id="30">
      <data key="d28">1</data>
      <data key="d29">23.35</data>
      <data key="d30">India</data>
      <data key="d31">30</data>
      <data key="d32">85.33333</data>
      <data key="d33">Ranchi</data>
    </node>
    <node id="31">
      <data key="d28">1</data>
      <data key="d29">22.8</data>
      <data key="d30">India</data>
      <data key="d31">31</data>
      <data key="d32">86.18333</data>
      <data key="d33">Jamshedpur</data>
    </node>
    <node id="32">
      <data key="d28">1</data>
      <data key="d29">11.0</data>
      <data key="d30">India</data>
      <data key="d31">32</data>
      <data key="d32">76.96667</data>
      <data key="d33">Coimbatore</data>
    </node>
    <node id="33">
      <data key="d28">1</data>
      <data key="d29">10.51667</data>
      <data key="d30">India</data>
      <data key="d31">33</data>
      <data key="d32">76.21667</data>
      <data key="d33">Thirussur</data>
    </node>
    <node id="34">
      <data key="d28">1</data>
      <data key="d29">22.2</data>
      <data key="d30">India</data>
      <data key="d31">34</data>
      <data key="d32">84.88333</data>
      <data key="d33">Rourkela</data>
    </node>
    <node id="35">
      <data key="d28">1</data>
      <data key="d29">22.33333</data>
      <data key="d30">India</data>
      <data key="d31">35</data>
      <data key="d32">87.33333</data>
      <data key="d33">Kharagpur</data>
    </node>
    <node id="36">
      <data key="d28">1</data>
      <data key="d29">11.86752</data>
      <data key="d30">India</data>
      <data key="d31">36</data>
      <data key="d32">75.35763</data>
      <data key="d33">Cannonore</data>
    </node>
    <node id="37">
      <data key="d28">1</data>
      <data key="d29">12.86667</data>
      <data key="d30">India</data>
      <data key="d31">37</data>
      <data key="d32">74.88333</data>
      <data key="d33">Mangalore</data>
    </node>
    <node id="38">
      <data key="d28">1</data>
      <data key="d29">10.78333</data>
      <data key="d30">India</data>
      <data key="d31">38</data>
      <data key="d32">76.65</data>
      <data key="d33">Palghat</data>
    </node>
    <node id="39">
      <data key="d28">1</data>
      <data key="d29">11.25</data>
      <data key="d30">India</data>
      <data key="d31">39</data>
      <data key="d32">75.76667</data>
      <data key="d33">Kozhikode</data>
    </node>
    <node id="40">
      <data key="d28">1</data>
      <data key="d29">28.9</data>
      <data key="d30">India</data>
      <data key="d31">40</data>
      <data key="d32">76.56667</data>
      <data key="d33">Rohtak</data>
    </node>
    <node id="41">
      <data key="d28">1</data>
      <data key="d29">28.46667</data>
      <data key="d30">India</data>
      <data key="d31">41</data>
      <data key="d32">77.03333</data>
      <data key="d33">Gurgaon</data>
    </node>
    <node id="42">
      <data key="d28">1</data>
      <data key="d29">30.2</data>
      <data key="d30">India</data>
      <data key="d31">42</data>
      <data key="d32">74.95</data>
      <data key="d33">Bhatinda</data>
    </node>
    <node id="43">
      <data key="d28">1</data>
      <data key="d29">30.58333</data>
      <data key="d30">India</data>
      <data key="d31">43</data>
      <data key="d32">74.9</data>
      <data key="d33">Kot kapura</data>
    </node>
    <node id="44">
      <data key="d28">1</data>
      <data key="d29">28.58</data>
      <data key="d30">India</data>
      <data key="d31">44</data>
      <data key="d32">77.33</data>
      <data key="d33">Noida</data>
    </node>
    <node id="45">
      <data key="d28">1</data>
      <data key="d29">28.98333</data>
      <data key="d30">India</data>
      <data key="d31">45</data>
      <data key="d32">77.7</data>
      <data key="d33">Meerut</data>
    </node>
    <node id="46">
      <data key="d28">1</data>
      <data key="d29">28.63576</data>
      <data key="d30">India</data>
      <data key="d31">46</data>
      <data key="d32">77.22445</data>
      <data key="d33">Delhi</data>
    </node>
    <node id="47">
      <data key="d28">1</data>
      <data key="d29">28.98333</data>
      <data key="d30">India</data>
      <data key="d31">47</data>
      <data key="d32">77.01667</data>
      <data key="d33">Sonipat</data>
    </node>
    <node id="48">
      <data key="d28">1</data>
      <data key="d29">28.83333</data>
      <data key="d30">India</data>
      <data key="d31">48</data>
      <data key="d32">78.78333</data>
      <data key="d33">Moradabad</data>
    </node>
    <node id="49">
      <data key="d28">1</data>
      <data key="d29">28.35</data>
      <data key="d30">India</data>
      <data key="d31">49</data>
      <data key="d32">79.41667</data>
      <data key="d33">Bareilly</data>
    </node>
    <node id="50">
      <data key="d28">1</data>
      <data key="d29">13.08784</data>
      <data key="d30">India</data>
      <data key="d31">50</data>
      <data key="d32">80.27847</data>
      <data key="d33">Chennai</data>
    </node>
    <node id="51">
      <data key="d28">1</data>
      <data key="d29">12.83333</data>
      <data key="d30">India</data>
      <data key="d31">51</data>
      <data key="d32">79.71667</data>
      <data key="d33">Kanchipuram</data>
    </node>
    <node id="52">
      <data key="d28">1</data>
      <data key="d29">12.97623</data>
      <data key="d30">India</data>
      <data key="d31">52</data>
      <data key="d32">77.60329</data>
      <data key="d33">Bangalore</data>
    </node>
    <node id="53">
      <data key="d28">1</data>
      <data key="d29">13.13333</data>
      <data key="d30">India</data>
      <data key="d31">53</data>
      <data key="d32">78.13333</data>
      <data key="d33">Kolar</data>
    </node>
    <node id="54">
      <data key="d28">1</data>
      <data key="d29">13.00056</data>
      <data key="d30">India</data>
      <data key="d31">54</data>
      <data key="d32">76.09944</data>
      <data key="d33">Hassan</data>
    </node>
    <node id="55">
      <data key="d28">1</data>
      <data key="d29">12.30722</data>
      <data key="d30">India</data>
      <data key="d31">55</data>
      <data key="d32">76.64972</data>
      <data key="d33">Mysore</data>
    </node>
    <node id="56">
      <data key="d28">1</data>
      <data key="d29">15.5</data>
      <data key="d30">India</data>
      <data key="d31">56</data>
      <data key="d32">80.05</data>
      <data key="d33">Ongole</data>
    </node>
    <node id="57">
      <data key="d28">1</data>
      <data key="d29">16.51667</data>
      <data key="d30">India</data>
      <data key="d31">57</data>
      <data key="d32">80.61667</data>
      <data key="d33">Vijayavada</data>
    </node>
    <node id="58">
      <data key="d28">1</data>
      <data key="d29">13.65</data>
      <data key="d30">India</data>
      <data key="d31">58</data>
      <data key="d32">79.41667</data>
      <data key="d33">Tirupati</data>
    </node>
    <node id="59">
      <data key="d28">1</data>
      <data key="d29">14.43333</data>
      <data key="d30">India</data>
      <data key="d31">59</data>
      <data key="d32">79.96667</data>
      <data key="d33">Nellore</data>
    </node>
    <node id="60">
      <data key="d28">1</data>
      <data key="d29">21.23333</data>
      <data key="d30">India</data>
      <data key="d31">60</data>
      <data key="d32">81.63333</data>
      <data key="d33">Raipur</data>
    </node>
    <node id="61">
      <data key="d28">1</data>
      <data key="d29">21.16667</data>
      <data key="d30">India</data>
      <data key="d31">61</data>
      <data key="d32">79.65</data>
      <data key="d33">Bhandara</data>
    </node>
    <node id="62">
      <data key="d28">1</data>
      <data key="d29">21.15</data>
      <data key="d30">India</data>
      <data key="d31">62</data>
      <data key="d32">79.1</data>
      <data key="d33">Nagpur</data>
    </node>
    <node id="63">
      <data key="d28">1</data>
      <data key="d29">20.75</data>
      <data key="d30">India</data>
      <data key="d31">63</data>
      <data key="d32">78.61667</data>
      <data key="d33">Wardha</data>
    </node>
    <node id="64">
      <data key="d28">1</data>
      <data key="d29">20.93333</data>
      <data key="d30">India</data>
      <data key="d31">64</data>
      <data key="d32">77.75</data>
      <data key="d33">Amravati</data>
    </node>
    <node id="65">
      <data key="d28">1</data>
      <data key="d29">20.53333</data>
      <data key="d30">India</data>
      <data key="d31">65</data>
      <data key="d32">76.18333</data>
      <data key="d33">Buldhana</data>
    </node>
    <node id="66">
      <data key="d28">1</data>
      <data key="d29">20.73333</data>
      <data key="d30">India</data>
      <data key="d31">66</data>
      <data key="d32">77.0</data>
      <data key="d33">Akola</data>
    </node>
    <node id="67">
      <data key="d28">1</data>
      <data key="d29">21.83333</data>
      <data key="d30">India</data>
      <data key="d31">67</data>
      <data key="d32">76.33333</data>
      <data key="d33">Khandwa</data>
    </node>
    <node id="68">
      <data key="d28">1</data>
      <data key="d29">20.23333</data>
      <data key="d30">India</data>
      <data key="d31">68</data>
      <data key="d32">85.83333</data>
      <data key="d33">Bhubaneshwar</data>
    </node>
    <node id="69">
      <data key="d28">1</data>
      <data key="d29">20.66667</data>
      <data key="d30">India</data>
      <data key="d31">69</data>
      <data key="d32">85.6</data>
      <data key="d33">Dhenkanal</data>
    </node>
    <node id="70">
      <data key="d34">1</data>
      <data key="d28">1</data>
      <data key="d31">70</data>
      <data key="d33">None</data>
    </node>
    <node id="71">
      <data key="d28">1</data>
      <data key="d29">23.16697</data>
      <data key="d30">India</data>
      <data key="d31">71</data>
      <data key="d32">79.95006</data>
      <data key="d33">Jabalpur</data>
    </node>
    <node id="72">
      <data key="d28">1</data>
      <data key="d29">23.83333</data>
      <data key="d30">India</data>
      <data key="d31">72</data>
      <data key="d32">79.45</data>
      <data key="d33">Damoh</data>
    </node>
    <node id="73">
      <data key="d28">1</data>
      <data key="d29">23.83333</data>
      <data key="d30">India</data>
      <data key="d31">73</data>
      <data key="d32">78.71667</data>
      <data key="d33">Sagar</data>
    </node>
    <node id="74">
      <data key="d28">1</data>
      <data key="d29">11.25</data>
      <data key="d30">India</data>
      <data key="d31">74</data>
      <data key="d32">75.76667</data>
      <data key="d33">Callicut</data>
    </node>
    <node id="75">
      <data key="d28">1</data>
      <data key="d29">19.15</data>
      <data key="d30">India</data>
      <data key="d31">75</data>
      <data key="d32">77.33333</data>
      <data key="d33">Nanded</data>
    </node>
    <node id="76">
      <data key="d28">1</data>
      <data key="d29">19.08333</data>
      <data key="d30">India</data>
      <data key="d31">76</data>
      <data key="d32">74.73333</data>
      <data key="d33">Ahmednagar</data>
    </node>
    <node id="77">
      <data key="d28">1</data>
      <data key="d29">18.51957</data>
      <data key="d30">India</data>
      <data key="d31">77</data>
      <data key="d32">73.85535</data>
      <data key="d33">Pune</data>
    </node>
    <node id="78">
      <data key="d28">1</data>
      <data key="d29">17.68333</data>
      <data key="d30">India</data>
      <data key="d31">78</data>
      <data key="d32">73.98333</data>
      <data key="d33">Satara</data>
    </node>
    <node id="79">
      <data key="d28">1</data>
      <data key="d29">17.7</data>
      <data key="d30">India</data>
      <data key="d31">79</data>
      <data key="d32">83.3</data>
      <data key="d33">Visakhapatnam</data>
    </node>
    <node id="80">
      <data key="d28">1</data>
      <data key="d29">19.95</data>
      <data key="d30">India</data>
      <data key="d31">80</data>
      <data key="d32">79.3</data>
      <data key="d33">Chandrapur</data>
    </node>
    <node id="81">
      <data key="d28">1</data>
      <data key="d29">17.37528</data>
      <data key="d30">India</data>
      <data key="d31">81</data>
      <data key="d32">78.47444</data>
      <data key="d33">Hyderabad</data>
    </node>
    <node id="82">
      <data key="d28">1</data>
      <data key="d29">17.62944</data>
      <data key="d30">India</data>
      <data key="d31">82</data>
      <data key="d32">78.09167</data>
      <data key="d33">Sangareddy</data>
    </node>
    <node id="83">
      <data key="d28">1</data>
      <data key="d29">30.7343</data>
      <data key="d30">India</data>
      <data key="d31">83</data>
      <data key="d32">76.7933</data>
      <data key="d33">Chandigarh</data>
    </node>
    <node id="84">
      <data key="d28">1</data>
      <data key="d29">16.7</data>
      <data key="d30">India</data>
      <data key="d31">84</data>
      <data key="d32">74.21667</data>
      <data key="d33">Kolhapur</data>
    </node>
    <node id="85">
      <data key="d28">1</data>
      <data key="d29">16.85438</data>
      <data key="d30">India</data>
      <data key="d31">85</data>
      <data key="d32">74.56417</data>
      <data key="d33">Sangli</data>
    </node>
    <node id="86">
      <data key="d28">1</data>
      <data key="d29">30.37833</data>
      <data key="d30">India</data>
      <data key="d31">86</data>
      <data key="d32">76.78083</data>
      <data key="d33">Ambala</data>
    </node>
    <node id="87">
      <data key="d28">1</data>
      <data key="d29">22.6</data>
      <data key="d30">India</data>
      <data key="d31">87</data>
      <data key="d32">75.3</data>
      <data key="d33">Dhar</data>
    </node>
    <node id="88">
      <data key="d28">1</data>
      <data key="d29">23.18333</data>
      <data key="d30">India</data>
      <data key="d31">88</data>
      <data key="d32">75.76667</data>
      <data key="d33">Ujjain</data>
    </node>
    <node id="89">
      <data key="d28">1</data>
      <data key="d29">23.21667</data>
      <data key="d30">India</data>
      <data key="d31">89</data>
      <data key="d32">72.68333</data>
      <data key="d33">Gandhinagar</data>
    </node>
    <node id="90">
      <data key="d28">1</data>
      <data key="d29">23.6</data>
      <data key="d30">India</data>
      <data key="d31">90</data>
      <data key="d32">72.95</data>
      <data key="d33">Himmatnagar</data>
    </node>
    <node id="91">
      <data key="d28">1</data>
      <data key="d29">23.03333</data>
      <data key="d30">India</data>
      <data key="d31">91</data>
      <data key="d32">72.61667</data>
      <data key="d33">Ahmedabad</data>
    </node>
    <node id="92">
      <data key="d28">1</data>
      <data key="d29">22.56667</data>
      <data key="d30">India</data>
      <data key="d31">92</data>
      <data key="d32">72.93333</data>
      <data key="d33">Anand</data>
    </node>
    <node id="93">
      <data key="d28">1</data>
      <data key="d29">23.26667</data>
      <data key="d30">India</data>
      <data key="d31">93</data>
      <data key="d32">77.4</data>
      <data key="d33">Bhopal</data>
    </node>
    <node id="94">
      <data key="d28">1</data>
      <data key="d29">23.31667</data>
      <data key="d30">India</data>
      <data key="d31">94</data>
      <data key="d32">75.06667</data>
      <data key="d33">Ratlam</data>
    </node>
    <node id="95">
      <data key="d28">1</data>
      <data key="d29">22.71792</data>
      <data key="d30">India</data>
      <data key="d31">95</data>
      <data key="d32">75.8333</data>
      <data key="d33">Indore</data>
    </node>
    <node id="96">
      <data key="d28">1</data>
      <data key="d29">23.53333</data>
      <data key="d30">India</data>
      <data key="d31">96</data>
      <data key="d32">77.81667</data>
      <data key="d33">Vidisha</data>
    </node>
    <node id="97">
      <data key="d28">1</data>
      <data key="d29">19.88333</data>
      <data key="d30">India</data>
      <data key="d31">97</data>
      <data key="d32">75.33333</data>
      <data key="d33">Aurangabad</data>
    </node>
    <node id="98">
      <data key="d28">1</data>
      <data key="d29">21.01667</data>
      <data key="d30">India</data>
      <data key="d31">98</data>
      <data key="d32">75.56667</data>
      <data key="d33">Jalgaon</data>
    </node>
    <node id="99">
      <data key="d28">1</data>
      <data key="d29">19.98333</data>
      <data key="d30">India</data>
      <data key="d31">99</data>
      <data key="d32">73.8</data>
      <data key="d33">Nasik</data>
    </node>
    <node id="100">
      <data key="d28">1</data>
      <data key="d29">20.9</data>
      <data key="d30">India</data>
      <data key="d31">100</data>
      <data key="d32">74.78333</data>
      <data key="d33">Dhulia</data>
    </node>
    <node id="101">
      <data key="d28">1</data>
      <data key="d29">20.63333</data>
      <data key="d30">India</data>
      <data key="d31">101</data>
      <data key="d32">72.93333</data>
      <data key="d33">Valsad</data>
    </node>
    <node id="102">
      <data key="d28">1</data>
      <data key="d29">19.01441</data>
      <data key="d30">India</data>
      <data key="d31">102</data>
      <data key="d32">72.84794</data>
      <data key="d33">Mumbai</data>
    </node>
    <node id="103">
      <data key="d28">1</data>
      <data key="d29">21.7</data>
      <data key="d30">India</data>
      <data key="d31">103</data>
      <data key="d32">72.96667</data>
      <data key="d33">Bharuch</data>
    </node>
    <node id="104">
      <data key="d28">1</data>
      <data key="d29">21.16667</data>
      <data key="d30">India</data>
      <data key="d31">104</data>
      <data key="d32">72.83333</data>
      <data key="d33">Surat</data>
    </node>
    <node id="105">
      <data key="d28">1</data>
      <data key="d29">22.75</data>
      <data key="d30">India</data>
      <data key="d31">105</data>
      <data key="d32">73.63333</data>
      <data key="d33">Godhra</data>
    </node>
    <node id="106">
      <data key="d28">1</data>
      <data key="d29">22.3</data>
      <data key="d30">India</data>
      <data key="d31">106</data>
      <data key="d32">73.2</data>
      <data key="d33">Baroda</data>
    </node>
    <node id="107">
      <data key="d28">1</data>
      <data key="d29">29.68333</data>
      <data key="d30">India</data>
      <data key="d31">107</data>
      <data key="d32">76.98333</data>
      <data key="d33">Karnal</data>
    </node>
    <node id="108">
      <data key="d28">1</data>
      <data key="d29">30.85</data>
      <data key="d30">India</data>
      <data key="d31">108</data>
      <data key="d32">74.93333</data>
      <data key="d33">Talwandi Bahi</data>
    </node>
    <node id="109">
      <data key="d28">1</data>
      <data key="d29">8.88333</data>
      <data key="d30">India</data>
      <data key="d31">109</data>
      <data key="d32">76.6</data>
      <data key="d33">Kollam</data>
    </node>
    <node id="110">
      <data key="d28">1</data>
      <data key="d29">9.98333</data>
      <data key="d30">India</data>
      <data key="d31">110</data>
      <data key="d32">76.28333</data>
      <data key="d33">Ernakulam</data>
    </node>
    <node id="111">
      <data key="d28">1</data>
      <data key="d29">9.38333</data>
      <data key="d30">India</data>
      <data key="d31">111</data>
      <data key="d32">76.56667</data>
      <data key="d33">Thiruvalla</data>
    </node>
    <node id="112">
      <data key="d28">1</data>
      <data key="d29">9.58333</data>
      <data key="d30">India</data>
      <data key="d31">112</data>
      <data key="d32">76.51667</data>
      <data key="d33">Kottayem</data>
    </node>
    <node id="113">
      <data key="d28">1</data>
      <data key="d29">8.73333</data>
      <data key="d30">India</data>
      <data key="d31">113</data>
      <data key="d32">77.7</data>
      <data key="d33">Tirunelveli</data>
    </node>
    <node id="114">
      <data key="d28">1</data>
      <data key="d29">8.48333</data>
      <data key="d30">India</data>
      <data key="d31">114</data>
      <data key="d32">78.11667</data>
      <data key="d33">Tiruchendur</data>
    </node>
    <node id="115">
      <data key="d28">1</data>
      <data key="d29">8.08333</data>
      <data key="d30">India</data>
      <data key="d31">115</data>
      <data key="d32">77.56667</data>
      <data key="d33">Kanyakumari</data>
    </node>
    <node id="116">
      <data key="d28">1</data>
      <data key="d29">8.48333</data>
      <data key="d30">India</data>
      <data key="d31">116</data>
      <data key="d32">76.91667</data>
      <data key="d33">Trivandrum</data>
    </node>
    <node id="117">
      <data key="d28">1</data>
      <data key="d29">9.48333</data>
      <data key="d30">India</data>
      <data key="d31">117</data>
      <data key="d32">76.31667</data>
      <data key="d33">Allepey</data>
    </node>
    <node id="118">
      <data key="d34">1</data>
      <data key="d28">1</data>
      <data key="d31">118</data>
      <data key="d33">None</data>
    </node>
    <node id="119">
      <data key="d28">1</data>
      <data key="d29">26.22361</data>
      <data key="d30">India</data>
      <data key="d31">119</data>
      <data key="d32">78.17917</data>
      <data key="d33">Gwalior</data>
    </node>
    <node id="120">
      <data key="d28">1</data>
      <data key="d32">76.71667</data>
      <data key="d29">24.0</data>
      <data key="d30">India</data>
      <data key="d31">120</data>
      <data key="d35">1258875</data>
      <data key="d33">Rajgarh</data>
    </node>
    <node id="121">
      <data key="d28">1</data>
      <data key="d29">26.45</data>
      <data key="d30">India</data>
      <data key="d31">121</data>
      <data key="d32">74.63333</data>
      <data key="d33">Ajmer</data>
    </node>
    <node id="122">
      <data key="d28">1</data>
      <data key="d29">27.18333</data>
      <data key="d30">India</data>
      <data key="d31">122</data>
      <data key="d32">78.01667</data>
      <data key="d33">Agra</data>
    </node>
    <node id="123">
      <data key="d28">1</data>
      <data key="d29">27.5</data>
      <data key="d30">India</data>
      <data key="d31">123</data>
      <data key="d32">77.68333</data>
      <data key="d33">Mathura</data>
    </node>
    <node id="124">
      <data key="d28">1</data>
      <data key="d29">28.66667</data>
      <data key="d30">India</data>
      <data key="d31">124</data>
      <data key="d32">77.43333</data>
      <data key="d33">Ghaziabad</data>
    </node>
    <node id="125">
      <data key="d28">1</data>
      <data key="d29">25.18333</data>
      <data key="d30">India</data>
      <data key="d31">125</data>
      <data key="d32">75.83333</data>
      <data key="d33">Kota</data>
    </node>
    <node id="126">
      <data key="d28">1</data>
      <data key="d29">25.35</data>
      <data key="d30">India</data>
      <data key="d31">126</data>
      <data key="d32">74.63333</data>
      <data key="d33">Bhilwara</data>
    </node>
    <node id="127">
      <data key="d28">1</data>
      <data key="d29">26.16667</data>
      <data key="d30">India</data>
      <data key="d31">127</data>
      <data key="d32">75.78333</data>
      <data key="d33">Tonk</data>
    </node>
    <node id="128">
      <data key="d28">1</data>
      <data key="d29">26.91667</data>
      <data key="d30">India</data>
      <data key="d31">128</data>
      <data key="d32">75.81667</data>
      <data key="d33">Jaipur</data>
    </node>
    <node id="129">
      <data key="d28">1</data>
      <data key="d29">9.45</data>
      <data key="d30">India</data>
      <data key="d31">129</data>
      <data key="d32">77.81667</data>
      <data key="d33">Sivakasi</data>
    </node>
    <node id="130">
      <data key="d28">1</data>
      <data key="d29">10.80289</data>
      <data key="d30">India</data>
      <data key="d31">130</data>
      <data key="d32">78.69875</data>
      <data key="d33">Trichy</data>
    </node>
    <node id="131">
      <data key="d28">1</data>
      <data key="d29">11.1</data>
      <data key="d30">India</data>
      <data key="d31">131</data>
      <data key="d32">77.35</data>
      <data key="d33">Tirupur</data>
    </node>
    <node id="132">
      <data key="d28">1</data>
      <data key="d29">11.35</data>
      <data key="d30">India</data>
      <data key="d31">132</data>
      <data key="d32">77.73333</data>
      <data key="d33">Erode</data>
    </node>
    <node id="133">
      <data key="d28">1</data>
      <data key="d29">11.65</data>
      <data key="d30">India</data>
      <data key="d31">133</data>
      <data key="d32">78.16667</data>
      <data key="d33">Salem</data>
    </node>
    <node id="134">
      <data key="d28">1</data>
      <data key="d29">10.98333</data>
      <data key="d30">India</data>
      <data key="d31">134</data>
      <data key="d32">77.3</data>
      <data key="d33">Palladam</data>
    </node>
    <node id="135">
      <data key="d28">1</data>
      <data key="d29">11.4</data>
      <data key="d30">India</data>
      <data key="d31">135</data>
      <data key="d32">79.7</data>
      <data key="d33">Chidambaram</data>
    </node>
    <node id="136">
      <data key="d28">1</data>
      <data key="d29">11.93</data>
      <data key="d30">India</data>
      <data key="d31">136</data>
      <data key="d32">79.83</data>
      <data key="d33">Pondicherry</data>
    </node>
    <node id="137">
      <data key="d28">1</data>
      <data key="d29">32.28333</data>
      <data key="d30">India</data>
      <data key="d31">137</data>
      <data key="d32">75.65</data>
      <data key="d33">Pathankot</data>
    </node>
    <node id="138">
      <data key="d28">1</data>
      <data key="d29">31.53222</data>
      <data key="d30">India</data>
      <data key="d31">138</data>
      <data key="d32">75.91722</data>
      <data key="d33">Hoshiarpur</data>
    </node>
    <node id="139">
      <data key="d28">1</data>
      <data key="d29">31.63306</data>
      <data key="d30">India</data>
      <data key="d31">139</data>
      <data key="d32">74.86556</data>
      <data key="d33">Amritsar</data>
    </node>
    <node id="140">
      <data key="d28">1</data>
      <data key="d29">31.32556</data>
      <data key="d30">India</data>
      <data key="d31">140</data>
      <data key="d32">75.57917</data>
      <data key="d33">Jalandhar</data>
    </node>
    <node id="141">
      <data key="d28">1</data>
      <data key="d29">30.9</data>
      <data key="d30">India</data>
      <data key="d31">141</data>
      <data key="d32">75.85</data>
      <data key="d33">Ludhiana</data>
    </node>
    <node id="142">
      <data key="d28">1</data>
      <data key="d29">30.32667</data>
      <data key="d30">India</data>
      <data key="d31">142</data>
      <data key="d32">76.40028</data>
      <data key="d33">Patiala</data>
    </node>
    <node id="143">
      <data key="d28">1</data>
      <data key="d29">9.38333</data>
      <data key="d30">India</data>
      <data key="d31">143</data>
      <data key="d32">78.83333</data>
      <data key="d33">Ramanathapuram</data>
    </node>
    <node id="144">
      <data key="d28">1</data>
      <data key="d29">9.93333</data>
      <data key="d30">India</data>
      <data key="d31">144</data>
      <data key="d32">78.11667</data>
      <data key="d33">Madural</data>
    </node>
    <edge source="0" target="8">
      <data key="d36">e51</data>
      <data key="d37">0</data>
    </edge>
    <edge source="0" target="10">
      <data key="d36">e54</data>
      <data key="d37">0</data>
    </edge>
    <edge source="1" target="91">
      <data key="d36">e55</data>
      <data key="d37">0</data>
    </edge>
    <edge source="1" target="126">
      <data key="d36">e37</data>
      <data key="d37">0</data>
    </edge>
    <edge source="1" target="126">
      <data key="d36">e36</data>
      <data key="d37">1</data>
    </edge>
    <edge source="2" target="3">
      <data key="d36">e45</data>
      <data key="d37">0</data>
    </edge>
    <edge source="2" target="5">
      <data key="d36">e44</data>
      <data key="d37">0</data>
    </edge>
    <edge source="3" target="49">
      <data key="d36">e27</data>
      <data key="d37">0</data>
    </edge>
    <edge source="4" target="5">
      <data key="d36">e46</data>
      <data key="d37">0</data>
    </edge>
    <edge source="5" target="8">
      <data key="d36">e48</data>
      <data key="d37">0</data>
    </edge>
    <edge source="5" target="6">
      <data key="d36">e47</data>
      <data key="d37">0</data>
    </edge>
    <edge source="6" target="7">
      <data key="d36">e49</data>
      <data key="d37">0</data>
    </edge>
    <edge source="7" target="9">
      <data key="d36">e50</data>
      <data key="d37">0</data>
    </edge>
    <edge source="9" target="18">
      <data key="d36">e52</data>
      <data key="d37">0</data>
    </edge>
    <edge source="9" target="19">
      <data key="d36">e53</data>
      <data key="d37">0</data>
    </edge>
    <edge source="10" target="13">
      <data key="d36">e185</data>
      <data key="d37">0</data>
    </edge>
    <edge source="11" target="16">
      <data key="d36">e186</data>
      <data key="d37">0</data>
    </edge>
    <edge source="11" target="17">
      <data key="d36">e187</data>
      <data key="d37">0</data>
    </edge>
    <edge source="11" target="12">
      <data key="d36">e184</data>
      <data key="d37">0</data>
    </edge>
    <edge source="11" target="31">
      <data key="d36">e180</data>
      <data key="d37">0</data>
    </edge>
    <edge source="12" target="13">
      <data key="d36">e183</data>
      <data key="d37">0</data>
    </edge>
    <edge source="12" target="30">
      <data key="d36">e182</data>
      <data key="d37">0</data>
    </edge>
    <edge source="14" target="35">
      <data key="d36">e178</data>
      <data key="d37">0</data>
    </edge>
    <edge source="14" target="30">
      <data key="d36">e181</data>
      <data key="d37">0</data>
    </edge>
    <edge source="15" target="18">
      <data key="d36">e189</data>
      <data key="d37">0</data>
    </edge>
    <edge source="15" target="19">
      <data key="d36">e190</data>
      <data key="d37">0</data>
    </edge>
    <edge source="15" target="71">
      <data key="d36">e191</data>
      <data key="d37">0</data>
    </edge>
    <edge source="16" target="17">
      <data key="d36">e188</data>
      <data key="d37">0</data>
    </edge>
    <edge source="19" target="119">
      <data key="d36">e43</data>
      <data key="d37">0</data>
    </edge>
    <edge source="20" target="26">
      <data key="d36">e119</data>
      <data key="d37">0</data>
    </edge>
    <edge source="20" target="52">
      <data key="d36">e121</data>
      <data key="d37">0</data>
    </edge>
    <edge source="20" target="21">
      <data key="d36">e120</data>
      <data key="d37">0</data>
    </edge>
    <edge source="21" target="25">
      <data key="d36">e116</data>
      <data key="d37">0</data>
    </edge>
    <edge source="22" target="23">
      <data key="d36">e123</data>
      <data key="d37">0</data>
    </edge>
    <edge source="22" target="37">
      <data key="d36">e124</data>
      <data key="d37">0</data>
    </edge>
    <edge source="22" target="29">
      <data key="d36">e125</data>
      <data key="d37">0</data>
    </edge>
    <edge source="23" target="25">
      <data key="d36">e117</data>
      <data key="d37">0</data>
    </edge>
    <edge source="23" target="54">
      <data key="d36">e122</data>
      <data key="d37">0</data>
    </edge>
    <edge source="24" target="25">
      <data key="d36">e115</data>
      <data key="d37">0</data>
    </edge>
    <edge source="24" target="27">
      <data key="d36">e118</data>
      <data key="d37">0</data>
    </edge>
    <edge source="24" target="76">
      <data key="d36">e107</data>
      <data key="d37">0</data>
    </edge>
    <edge source="25" target="29">
      <data key="d36">e114</data>
      <data key="d37">0</data>
    </edge>
    <edge source="25" target="84">
      <data key="d36">e112</data>
      <data key="d37">0</data>
    </edge>
    <edge source="26" target="81">
      <data key="d36">e104</data>
      <data key="d37">0</data>
    </edge>
    <edge source="27" target="81">
      <data key="d36">e103</data>
      <data key="d37">0</data>
    </edge>
    <edge source="28" target="37">
      <data key="d36">e126</data>
      <data key="d37">0</data>
    </edge>
    <edge source="31" target="34">
      <data key="d36">e179</data>
      <data key="d37">0</data>
    </edge>
    <edge source="32" target="129">
      <data key="d36">e157</data>
      <data key="d37">0</data>
    </edge>
    <edge source="32" target="130">
      <data key="d36">e153</data>
      <data key="d37">0</data>
    </edge>
    <edge source="32" target="131">
      <data key="d36">e151</data>
      <data key="d37">0</data>
    </edge>
    <edge source="32" target="117">
      <data key="d36">e170</data>
      <data key="d37">0</data>
    </edge>
    <edge source="33" target="117">
      <data key="d36">e169</data>
      <data key="d37">0</data>
    </edge>
    <edge source="33" target="38">
      <data key="d36">e177</data>
      <data key="d37">0</data>
    </edge>
    <edge source="34" target="60">
      <data key="d36">e96</data>
      <data key="d37">0</data>
    </edge>
    <edge source="35" target="68">
      <data key="d36">e99</data>
      <data key="d37">0</data>
    </edge>
    <edge source="36" target="37">
      <data key="d36">e174</data>
      <data key="d37">0</data>
    </edge>
    <edge source="36" target="39">
      <data key="d36">e175</data>
      <data key="d37">0</data>
    </edge>
    <edge source="37" target="74">
      <data key="d36">e173</data>
      <data key="d37">0</data>
    </edge>
    <edge source="37" target="118">
      <data key="d36">e171</data>
      <data key="d37">0</data>
    </edge>
    <edge source="38" target="39">
      <data key="d36">e176</data>
      <data key="d37">0</data>
    </edge>
    <edge source="40" target="41">
      <data key="d36">e15</data>
      <data key="d37">0</data>
    </edge>
    <edge source="40" target="142">
      <data key="d36">e9</data>
      <data key="d37">0</data>
    </edge>
    <edge source="40" target="47">
      <data key="d36">e16</data>
      <data key="d37">0</data>
    </edge>
    <edge source="41" target="46">
      <data key="d36">e17</data>
      <data key="d37">0</data>
    </edge>
    <edge source="42" target="108">
      <data key="d36">e13</data>
      <data key="d37">0</data>
    </edge>
    <edge source="43" target="139">
      <data key="d36">e3</data>
      <data key="d37">0</data>
    </edge>
    <edge source="43" target="108">
      <data key="d36">e14</data>
      <data key="d37">0</data>
    </edge>
    <edge source="44" target="46">
      <data key="d36">e19</data>
      <data key="d37">0</data>
    </edge>
    <edge source="45" target="48">
      <data key="d36">e24</data>
      <data key="d37">0</data>
    </edge>
    <edge source="45" target="124">
      <data key="d36">e25</data>
      <data key="d37">0</data>
    </edge>
    <edge source="46" target="128">
      <data key="d36">e22</data>
      <data key="d37">0</data>
    </edge>
    <edge source="46" target="128">
      <data key="d36">e23</data>
      <data key="d37">1</data>
    </edge>
    <edge source="46" target="47">
      <data key="d36">e18</data>
      <data key="d37">0</data>
    </edge>
    <edge source="46" target="123">
      <data key="d36">e21</data>
      <data key="d37">0</data>
    </edge>
    <edge source="46" target="124">
      <data key="d36">e20</data>
      <data key="d37">0</data>
    </edge>
    <edge source="47" target="107">
      <data key="d36">e12</data>
      <data key="d37">0</data>
    </edge>
    <edge source="48" target="49">
      <data key="d36">e26</data>
      <data key="d37">0</data>
    </edge>
    <edge source="50" target="58">
      <data key="d36">e137</data>
      <data key="d37">0</data>
    </edge>
    <edge source="51" target="136">
      <data key="d36">e145</data>
      <data key="d37">0</data>
    </edge>
    <edge source="51" target="58">
      <data key="d36">e138</data>
      <data key="d37">0</data>
    </edge>
    <edge source="52" target="132">
      <data key="d36">e132</data>
      <data key="d37">0</data>
    </edge>
    <edge source="52" target="133">
      <data key="d36">e131</data>
      <data key="d37">0</data>
    </edge>
    <edge source="52" target="70">
      <data key="d36">e134</data>
      <data key="d37">0</data>
    </edge>
    <edge source="52" target="70">
      <data key="d36">e133</data>
      <data key="d37">1</data>
    </edge>
    <edge source="52" target="53">
      <data key="d36">e135</data>
      <data key="d37">0</data>
    </edge>
    <edge source="52" target="55">
      <data key="d36">e130</data>
      <data key="d37">0</data>
    </edge>
    <edge source="53" target="58">
      <data key="d36">e136</data>
      <data key="d37">0</data>
    </edge>
    <edge source="54" target="70">
      <data key="d36">e128</data>
      <data key="d37">0</data>
    </edge>
    <edge source="54" target="118">
      <data key="d36">e127</data>
      <data key="d37">0</data>
    </edge>
    <edge source="55" target="74">
      <data key="d36">e129</data>
      <data key="d37">0</data>
    </edge>
    <edge source="56" target="57">
      <data key="d36">e144</data>
      <data key="d37">0</data>
    </edge>
    <edge source="56" target="57">
      <data key="d36">e143</data>
      <data key="d37">1</data>
    </edge>
    <edge source="56" target="59">
      <data key="d36">e142</data>
      <data key="d37">0</data>
    </edge>
    <edge source="56" target="59">
      <data key="d36">e141</data>
      <data key="d37">1</data>
    </edge>
    <edge source="56" target="79">
      <data key="d36">e100</data>
      <data key="d37">0</data>
    </edge>
    <edge source="57" target="81">
      <data key="d36">e102</data>
      <data key="d37">0</data>
    </edge>
    <edge source="58" target="59">
      <data key="d36">e139</data>
      <data key="d37">0</data>
    </edge>
    <edge source="58" target="59">
      <data key="d36">e140</data>
      <data key="d37">1</data>
    </edge>
    <edge source="60" target="71">
      <data key="d36">e95</data>
      <data key="d37">0</data>
    </edge>
    <edge source="60" target="61">
      <data key="d36">e93</data>
      <data key="d37">0</data>
    </edge>
    <edge source="60" target="69">
      <data key="d36">e94</data>
      <data key="d37">0</data>
    </edge>
    <edge source="61" target="62">
      <data key="d36">e92</data>
      <data key="d37">0</data>
    </edge>
    <edge source="62" target="64">
      <data key="d36">e89</data>
      <data key="d37">0</data>
    </edge>
    <edge source="62" target="63">
      <data key="d36">e90</data>
      <data key="d37">0</data>
    </edge>
    <edge source="63" target="80">
      <data key="d36">e91</data>
      <data key="d37">0</data>
    </edge>
    <edge source="64" target="65">
      <data key="d36">e88</data>
      <data key="d37">0</data>
    </edge>
    <edge source="65" target="98">
      <data key="d36">e87</data>
      <data key="d37">0</data>
    </edge>
    <edge source="66" target="98">
      <data key="d36">e86</data>
      <data key="d37">0</data>
    </edge>
    <edge source="67" target="98">
      <data key="d36">e85</data>
      <data key="d37">0</data>
    </edge>
    <edge source="67" target="87">
      <data key="d36">e70</data>
      <data key="d37">0</data>
    </edge>
    <edge source="68" target="69">
      <data key="d36">e97</data>
      <data key="d37">0</data>
    </edge>
    <edge source="69" target="79">
      <data key="d36">e98</data>
      <data key="d37">0</data>
    </edge>
    <edge source="70" target="118">
      <data key="d36">e172</data>
      <data key="d37">0</data>
    </edge>
    <edge source="71" target="72">
      <data key="d36">e193</data>
      <data key="d37">0</data>
    </edge>
    <edge source="71" target="95">
      <data key="d36">e68</data>
      <data key="d37">0</data>
    </edge>
    <edge source="72" target="73">
      <data key="d36">e192</data>
      <data key="d37">0</data>
    </edge>
    <edge source="73" target="120">
      <data key="d36">e40</data>
      <data key="d37">0</data>
    </edge>
    <edge source="73" target="96">
      <data key="d36">e64</data>
      <data key="d37">0</data>
    </edge>
    <edge source="75" target="97">
      <data key="d36">e83</data>
      <data key="d37">0</data>
    </edge>
    <edge source="75" target="82">
      <data key="d36">e106</data>
      <data key="d37">0</data>
    </edge>
    <edge source="76" target="97">
      <data key="d36">e82</data>
      <data key="d37">0</data>
    </edge>
    <edge source="76" target="99">
      <data key="d36">e80</data>
      <data key="d37">0</data>
    </edge>
    <edge source="76" target="77">
      <data key="d36">e108</data>
      <data key="d37">0</data>
    </edge>
    <edge source="77" target="78">
      <data key="d36">e109</data>
      <data key="d37">0</data>
    </edge>
    <edge source="77" target="102">
      <data key="d36">e78</data>
      <data key="d37">0</data>
    </edge>
    <edge source="78" target="84">
      <data key="d36">e110</data>
      <data key="d37">0</data>
    </edge>
    <edge source="78" target="85">
      <data key="d36">e111</data>
      <data key="d37">0</data>
    </edge>
    <edge source="80" target="81">
      <data key="d36">e101</data>
      <data key="d37">0</data>
    </edge>
    <edge source="81" target="82">
      <data key="d36">e105</data>
      <data key="d37">0</data>
    </edge>
    <edge source="83" target="141">
      <data key="d36">e8</data>
      <data key="d37">0</data>
    </edge>
    <edge source="83" target="86">
      <data key="d36">e10</data>
      <data key="d37">0</data>
    </edge>
    <edge source="84" target="85">
      <data key="d36">e113</data>
      <data key="d37">0</data>
    </edge>
    <edge source="86" target="107">
      <data key="d36">e11</data>
      <data key="d37">0</data>
    </edge>
    <edge source="87" target="88">
      <data key="d36">e69</data>
      <data key="d37">0</data>
    </edge>
    <edge source="87" target="95">
      <data key="d36">e67</data>
      <data key="d37">0</data>
    </edge>
    <edge source="88" target="95">
      <data key="d36">e66</data>
      <data key="d37">0</data>
    </edge>
    <edge source="88" target="93">
      <data key="d36">e63</data>
      <data key="d37">0</data>
    </edge>
    <edge source="88" target="94">
      <data key="d36">e62</data>
      <data key="d37">0</data>
    </edge>
    <edge source="89" target="90">
      <data key="d36">e56</data>
      <data key="d37">0</data>
    </edge>
    <edge source="89" target="92">
      <data key="d36">e58</data>
      <data key="d37">0</data>
    </edge>
    <edge source="90" target="91">
      <data key="d36">e57</data>
      <data key="d37">0</data>
    </edge>
    <edge source="91" target="92">
      <data key="d36">e59</data>
      <data key="d37">0</data>
    </edge>
    <edge source="91" target="94">
      <data key="d36">e60</data>
      <data key="d37">0</data>
    </edge>
    <edge source="91" target="105">
      <data key="d36">e61</data>
      <data key="d37">0</data>
    </edge>
    <edge source="93" target="120">
      <data key="d36">e41</data>
      <data key="d37">0</data>
    </edge>
    <edge source="94" target="126">
      <data key="d36">e35</data>
      <data key="d37">0</data>
    </edge>
    <edge source="95" target="96">
      <data key="d36">e65</data>
      <data key="d37">0</data>
    </edge>
    <edge source="95" target="120">
      <data key="d36">e39</data>
      <data key="d37">0</data>
    </edge>
    <edge source="97" target="98">
      <data key="d36">e84</data>
      <data key="d37">0</data>
    </edge>
    <edge source="98" target="100">
      <data key="d36">e81</data>
      <data key="d37">0</data>
    </edge>
    <edge source="98" target="104">
      <data key="d36">e74</data>
      <data key="d37">0</data>
    </edge>
    <edge source="99" target="100">
      <data key="d36">e79</data>
      <data key="d37">0</data>
    </edge>
    <edge source="99" target="102">
      <data key="d36">e77</data>
      <data key="d37">0</data>
    </edge>
    <edge source="101" target="104">
      <data key="d36">e75</data>
      <data key="d37">0</data>
    </edge>
    <edge source="101" target="102">
      <data key="d36">e76</data>
      <data key="d37">0</data>
    </edge>
    <edge source="103" target="104">
      <data key="d36">e73</data>
      <data key="d37">0</data>
    </edge>
    <edge source="103" target="106">
      <data key="d36">e72</data>
      <data key="d37">0</data>
    </edge>
    <edge source="105" target="106">
      <data key="d36">e71</data>
      <data key="d37">0</data>
    </edge>
    <edge source="108" target="141">
      <data key="d36">e6</data>
      <data key="d37">0</data>
    </edge>
    <edge source="109" target="116">
      <data key="d36">e163</data>
      <data key="d37">0</data>
    </edge>
    <edge source="109" target="110">
      <data key="d36">e164</data>
      <data key="d37">0</data>
    </edge>
    <edge source="110" target="112">
      <data key="d36">e167</data>
      <data key="d37">0</data>
    </edge>
    <edge source="110" target="111">
      <data key="d36">e165</data>
      <data key="d37">0</data>
    </edge>
    <edge source="110" target="111">
      <data key="d36">e166</data>
      <data key="d37">1</data>
    </edge>
    <edge source="112" target="117">
      <data key="d36">e168</data>
      <data key="d37">0</data>
    </edge>
    <edge source="113" target="144">
      <data key="d36">e158</data>
      <data key="d37">0</data>
    </edge>
    <edge source="113" target="129">
      <data key="d36">e156</data>
      <data key="d37">0</data>
    </edge>
    <edge source="113" target="114">
      <data key="d36">e160</data>
      <data key="d37">0</data>
    </edge>
    <edge source="113" target="115">
      <data key="d36">e159</data>
      <data key="d37">0</data>
    </edge>
    <edge source="114" target="115">
      <data key="d36">e161</data>
      <data key="d37">0</data>
    </edge>
    <edge source="115" target="116">
      <data key="d36">e162</data>
      <data key="d37">0</data>
    </edge>
    <edge source="119" target="120">
      <data key="d36">e42</data>
      <data key="d37">0</data>
    </edge>
    <edge source="119" target="122">
      <data key="d36">e29</data>
      <data key="d37">0</data>
    </edge>
    <edge source="120" target="125">
      <data key="d36">e38</data>
      <data key="d37">0</data>
    </edge>
    <edge source="121" target="128">
      <data key="d36">e30</data>
      <data key="d37">0</data>
    </edge>
    <edge source="122" target="123">
      <data key="d36">e28</data>
      <data key="d37">0</data>
    </edge>
    <edge source="125" target="127">
      <data key="d36">e34</data>
      <data key="d37">0</data>
    </edge>
    <edge source="126" target="128">
      <data key="d36">e32</data>
      <data key="d37">0</data>
    </edge>
    <edge source="126" target="127">
      <data key="d36">e33</data>
      <data key="d37">0</data>
    </edge>
    <edge source="127" target="128">
      <data key="d36">e31</data>
      <data key="d37">0</data>
    </edge>
    <edge source="129" target="130">
      <data key="d36">e152</data>
      <data key="d37">0</data>
    </edge>
    <edge source="129" target="144">
      <data key="d36">e154</data>
      <data key="d37">0</data>
    </edge>
    <edge source="129" target="143">
      <data key="d36">e155</data>
      <data key="d37">0</data>
    </edge>
    <edge source="130" target="134">
      <data key="d36">e149</data>
      <data key="d37">0</data>
    </edge>
    <edge source="131" target="132">
      <data key="d36">e150</data>
      <data key="d37">0</data>
    </edge>
    <edge source="133" target="136">
      <data key="d36">e147</data>
      <data key="d37">0</data>
    </edge>
    <edge source="134" target="135">
      <data key="d36">e148</data>
      <data key="d37">0</data>
    </edge>
    <edge source="135" target="136">
      <data key="d36">e146</data>
      <data key="d37">0</data>
    </edge>
    <edge source="137" target="138">
      <data key="d36">e0</data>
      <data key="d37">0</data>
    </edge>
    <edge source="137" target="139">
      <data key="d36">e1</data>
      <data key="d37">0</data>
    </edge>
    <edge source="138" target="140">
      <data key="d36">e2</data>
      <data key="d37">0</data>
    </edge>
    <edge source="140" target="141">
      <data key="d36">e5</data>
      <data key="d37">0</data>
    </edge>
    <edge source="140" target="141">
      <data key="d36">e4</data>
      <data key="d37">1</data>
    </edge>
    <edge source="141" target="142">
      <data key="d36">e7</data>
      <data key="d37">0</data>
    </edge>
  </graph>
</graphml>
