<?xml version="1.0" encoding="utf-8"?><graphml xmlns="http://graphml.graphdrawing.org/xmlns" xmlns:xsi="http://www.w3.org/2001/XMLSchema-instance" xsi:schemaLocation="http://graphml.graphdrawing.org/xmlns http://graphml.graphdrawing.org/xmlns/1.0/graphml.xsd">
  <key attr.name="id" attr.type="string" for="edge" id="d42" />
  <key attr.name="LinkSpeedRaw" attr.type="double" for="edge" id="d41" />
  <key attr.name="LinkNote" attr.type="string" for="edge" id="d40" />
  <key attr.name="LinkSpeedUnits" attr.type="string" for="edge" id="d39" />
  <key attr.name="LinkSpeed" attr.type="string" for="edge" id="d38" />
  <key attr.name="LinkStatus" attr.type="string" for="edge" id="d37" />
  <key attr.name="key" attr.type="int" for="edge" id="d36" />
  <key attr.name="LinkLabel" attr.type="string" for="edge" id="d35" />
  <key attr.name="LinkType" attr.type="string" for="edge" id="d34" />
  <key attr.name="Longitude" attr.type="double" for="node" id="d33" />
  <key attr.name="Country" attr.type="string" for="node" id="d32" />
  <key attr.name="Latitude" attr.type="double" for="node" id="d31" />
  <key attr.name="label" attr.type="string" for="node" id="d30" />
  <key attr.name="id" attr.type="int" for="node" id="d29" />
  <key attr.name="Internal" attr.type="int" for="node" id="d28" />
  <key attr.name="Testbed" attr.type="int" for="graph" id="d27" />
  <key attr.name="LastProcessed" attr.type="string" for="graph" id="d26" />
  <key attr.name="DateYear" attr.type="string" for="graph" id="d25" />
  <key attr.name="NetworkDate" attr.type="string" for="graph" id="d24" />
  <key attr.name="Transit" attr.type="int" for="graph" id="d23" />
  <key attr.name="Developed" attr.type="int" for="graph" id="d22" />
  <key attr.name="Creator" attr.type="string" for="graph" id="d21" />
  <key attr.name="Layer" attr.type="string" for="graph" id="d20" />
  <key attr.name="LastAccess" attr.type="string" for="graph" id="d19" />
  <key attr.name="DateMonth" attr.type="string" for="graph" id="d18" />
  <key attr.name="DateModifier" attr.type="string" for="graph" id="d17" />
  <key attr.name="SourceGitVersion" attr.type="string" for="graph" id="d16" />
  <key attr.name="IX" attr.type="int" for="graph" id="d15" />
  <key attr.name="Customer" attr.type="int" for="graph" id="d14" />
  <key attr.name="ToolsetVersion" attr.type="string" for="graph" id="d13" />
  <key attr.name="label" attr.type="string" for="graph" id="d12" />
  <key attr.name="Commercial" attr.type="int" for="graph" id="d11" />
  <key attr.name="Backbone" attr.type="int" for="graph" id="d10" />
  <key attr.name="Type" attr.type="string" for="graph" id="d9" />
  <key attr.name="DateType" attr.type="string" for="graph" id="d8" />
  <key attr.name="Version" attr.type="string" for="graph" id="d7" />
  <key attr.name="Source" attr.type="string" for="graph" id="d6" />
  <key attr.name="Access" attr.type="int" for="graph" id="d5" />
  <key attr.name="Provenance" attr.type="string" for="graph" id="d4" />
  <key attr.name="Network" attr.type="string" for="graph" id="d3" />
  <key attr.name="GeoExtent" attr.type="string" for="graph" id="d2" />
  <key attr.name="GeoLocation" attr.type="string" for="graph" id="d1" />
  <key attr.name="DateObtained" attr.type="string" for="graph" id="d0" />
  <graph edgedefault="undirected">
    <data key="d0">22/10/10</data>
    <data key="d1">Tokyo, Japan</data>
    <data key="d2">Metro</data>
    <data key="d3">T-lex</data>
    <data key="d4">Primary</data>
    <data key="d5">0</data>
    <data key="d6">http://www.t-lex.net/</data>
    <data key="d7">1.0</data>
    <data key="d8">Current</data>
    <data key="d9">REN</data>
    <data key="d10">1</data>
    <data key="d11">0</data>
    <data key="d12">TLex</data>
    <data key="d13">0.3.34dev-20120328</data>
    <data key="d14">0</data>
    <data key="d15">1</data>
    <data key="d16">e278b1b</data>
    <data key="d17">=</data>
    <data key="d18">08</data>
    <data key="d19">3/08/10</data>
    <data key="d20">Layer 2</data>
    <data key="d21">Topology Zoo Toolset</data>
    <data key="d22">1</data>
    <data key="d23">1</data>
    <data key="d24">2010_08</data>
    <data key="d25">2010</data>
    <data key="d26">2011_09_01</data>
    <data key="d27">0</data>
    <node id="0">
      <data key="d28">0</data>
      <data key="d29">0</data>
      <data key="d30">Pacific NW Gigapop (Seattle, WA)</data>
    </node>
    <node id="1">
      <data key="d28">0</data>
      <data key="d29">1</data>
      <data key="d30">Future IEEAF Asian Extension</data>
    </node>
    <node id="2">
      <data key="d28">1</data>
      <data key="d29">2</data>
      <data key="d30">Cat 6500 AS23814</data>
    </node>
    <node id="3">
      <data key="d28">1</data>
      <data key="d31">49.41631</data>
      <data key="d32">France</data>
      <data key="d29">3</data>
      <data key="d33">1.92302</data>
      <data key="d30">ONS-15454</data>
    </node>
    <node id="4">
      <data key="d28">0</data>
      <data key="d29">4</data>
      <data key="d30">DR Data Reservoir</data>
    </node>
    <node id="5">
      <data key="d28">0</data>
      <data key="d29">5</data>
      <data key="d30">U-Tokyo akihabara</data>
    </node>
    <node id="6">
      <data key="d28">0</data>
      <data key="d29">6</data>
      <data key="d30">JGN2</data>
    </node>
    <node id="7">
      <data key="d28">0</data>
      <data key="d29">7</data>
      <data key="d30">APAN-JP AS7660</data>
    </node>
    <node id="8">
      <data key="d28">0</data>
      <data key="d29">8</data>
      <data key="d30">WIDE AS2500</data>
    </node>
    <node id="9">
      <data key="d28">0</data>
      <data key="d29">9</data>
      <data key="d30">ASCC/TW AS9264</data>
    </node>
    <node id="10">
      <data key="d28">1</data>
      <data key="d29">10</data>
      <data key="d30">BigIron 15000 AS23814</data>
    </node>
    <node id="11">
      <data key="d28">1</data>
      <data key="d29">11</data>
      <data key="d30">NetIron N140G AS23814</data>
    </node>
    <edge source="0" target="3">
      <data key="d34">OC-12</data>
      <data key="d35">OC-12</data>
      <data key="d36">0</data>
    </edge>
    <edge source="0" target="3">
      <data key="d34">OC-192</data>
      <data key="d35">OC-192</data>
      <data key="d36">1</data>
    </edge>
    <edge source="1" target="3">
      <data key="d34">OC-192</data>
      <data key="d35">OC-192 (Future)</data>
      <data key="d37">Future</data>
      <data key="d36">0</data>
    </edge>
    <edge source="2" target="3">
      <data key="d35">WANPHY</data>
      <data key="d36">0</data>
    </edge>
    <edge source="2" target="3">
      <data key="d34">OC-48</data>
      <data key="d35">OC-48</data>
      <data key="d36">1</data>
    </edge>
    <edge source="2" target="11">
      <data key="d38">10</data>
      <data key="d39">G</data>
      <data key="d35">10GE</data>
      <data key="d40">E</data>
      <data key="d41">10000000000.0</data>
      <data key="d36">0</data>
    </edge>
    <edge source="3" target="11">
      <data key="d35">WANPHY</data>
      <data key="d36">0</data>
    </edge>
    <edge source="3" target="10">
      <data key="d35">8*GbE</data>
      <data key="d36">0</data>
    </edge>
    <edge source="3" target="10">
      <data key="d42">e6</data>
      <data key="d36">1</data>
    </edge>
    <edge source="4" target="11">
      <data key="d42">e0</data>
      <data key="d36">0</data>
    </edge>
    <edge source="5" target="11">
      <data key="d42">e1</data>
      <data key="d36">0</data>
    </edge>
    <edge source="6" target="11">
      <data key="d42">e2</data>
      <data key="d36">0</data>
    </edge>
    <edge source="7" target="11">
      <data key="d42">e3</data>
      <data key="d36">0</data>
    </edge>
    <edge source="8" target="11">
      <data key="d42">e4</data>
      <data key="d36">0</data>
    </edge>
    <edge source="9" target="10">
      <data key="d42">e5</data>
      <data key="d36">0</data>
    </edge>
    <edge source="10" target="11">
      <data key="d42">e8</data>
      <data key="d36">0</data>
    </edge>
  </graph>
</graphml>
