<?xml version="1.0" encoding="utf-8"?><graphml xmlns="http://graphml.graphdrawing.org/xmlns" xmlns:xsi="http://www.w3.org/2001/XMLSchema-instance" xsi:schemaLocation="http://graphml.graphdrawing.org/xmlns http://graphml.graphdrawing.org/xmlns/1.0/graphml.xsd">
  <key attr.name="key" attr.type="int" for="edge" id="d36" />
  <key attr.name="id" attr.type="string" for="edge" id="d35" />
  <key attr.name="label" attr.type="string" for="node" id="d34" />
  <key attr.name="Longitude" attr.type="double" for="node" id="d33" />
  <key attr.name="id" attr.type="int" for="node" id="d32" />
  <key attr.name="Country" attr.type="string" for="node" id="d31" />
  <key attr.name="Latitude" attr.type="double" for="node" id="d30" />
  <key attr.name="Internal" attr.type="int" for="node" id="d29" />
  <key attr.name="Testbed" attr.type="int" for="graph" id="d28" />
  <key attr.name="LastProcessed" attr.type="string" for="graph" id="d27" />
  <key attr.name="DateYear" attr.type="string" for="graph" id="d26" />
  <key attr.name="NetworkDate" attr.type="string" for="graph" id="d25" />
  <key attr.name="Transit" attr.type="int" for="graph" id="d24" />
  <key attr.name="Developed" attr.type="int" for="graph" id="d23" />
  <key attr.name="Creator" attr.type="string" for="graph" id="d22" />
  <key attr.name="Layer" attr.type="string" for="graph" id="d21" />
  <key attr.name="Access" attr.type="int" for="graph" id="d20" />
  <key attr.name="LastAccess" attr.type="string" for="graph" id="d19" />
  <key attr.name="DateMonth" attr.type="string" for="graph" id="d18" />
  <key attr.name="DateModifier" attr.type="string" for="graph" id="d17" />
  <key attr.name="SourceGitVersion" attr.type="string" for="graph" id="d16" />
  <key attr.name="IX" attr.type="int" for="graph" id="d15" />
  <key attr.name="Customer" attr.type="int" for="graph" id="d14" />
  <key attr.name="ToolsetVersion" attr.type="string" for="graph" id="d13" />
  <key attr.name="label" attr.type="string" for="graph" id="d12" />
  <key attr.name="Commercial" attr.type="int" for="graph" id="d11" />
  <key attr.name="Backbone" attr.type="int" for="graph" id="d10" />
  <key attr.name="Type" attr.type="string" for="graph" id="d9" />
  <key attr.name="DateType" attr.type="string" for="graph" id="d8" />
  <key attr.name="Version" attr.type="string" for="graph" id="d7" />
  <key attr.name="Source" attr.type="string" for="graph" id="d6" />
  <key attr.name="Note" attr.type="string" for="graph" id="d5" />
  <key attr.name="Provenance" attr.type="string" for="graph" id="d4" />
  <key attr.name="Network" attr.type="string" for="graph" id="d3" />
  <key attr.name="GeoExtent" attr.type="string" for="graph" id="d2" />
  <key attr.name="GeoLocation" attr.type="string" for="graph" id="d1" />
  <key attr.name="DateObtained" attr.type="string" for="graph" id="d0" />
  <graph edgedefault="undirected">
    <data key="d0">15/11/10</data>
    <data key="d1">USA</data>
    <data key="d2">Country</data>
    <data key="d3">TW Telecom</data>
    <data key="d4">Primary</data>
    <data key="d5">Can't find San Jose node </data>
    <data key="d6">http://www.twtelecom.com/about_us/networks.html</data>
    <data key="d7">1.0</data>
    <data key="d8">Current</data>
    <data key="d9">COM</data>
    <data key="d10">1</data>
    <data key="d11">0</data>
    <data key="d12">Tw</data>
    <data key="d13">0.3.34dev-20120328</data>
    <data key="d14">1</data>
    <data key="d15">0</data>
    <data key="d16">e278b1b</data>
    <data key="d17">=</data>
    <data key="d18">08</data>
    <data key="d19">3/08/10</data>
    <data key="d20">0</data>
    <data key="d21">IP</data>
    <data key="d22">Topology Zoo Toolset</data>
    <data key="d23">1</data>
    <data key="d24">1</data>
    <data key="d25">2010_08</data>
    <data key="d26">2010</data>
    <data key="d27">2011_09_01</data>
    <data key="d28">0</data>
    <node id="0">
      <data key="d29">1</data>
      <data key="d30">32.71533</data>
      <data key="d31">United States</data>
      <data key="d32">0</data>
      <data key="d33">-117.15726</data>
      <data key="d34">San Diego</data>
    </node>
    <node id="1">
      <data key="d29">1</data>
      <data key="d30">33.78779</data>
      <data key="d31">United States</data>
      <data key="d32">1</data>
      <data key="d33">-117.85311</data>
      <data key="d34">Orange County</data>
    </node>
    <node id="2">
      <data key="d29">1</data>
      <data key="d30">31.75872</data>
      <data key="d31">United States</data>
      <data key="d32">2</data>
      <data key="d33">-106.48693</data>
      <data key="d34">El Paso</data>
    </node>
    <node id="3">
      <data key="d29">1</data>
      <data key="d30">21.30694</data>
      <data key="d31">United States</data>
      <data key="d32">3</data>
      <data key="d33">-157.85833</data>
      <data key="d34">Honolulu</data>
    </node>
    <node id="4">
      <data key="d29">1</data>
      <data key="d30">35.28275</data>
      <data key="d31">United States</data>
      <data key="d32">4</data>
      <data key="d33">-120.65962</data>
      <data key="d34">San Louis Obispo</data>
    </node>
    <node id="5">
      <data key="d29">1</data>
      <data key="d30">37.77493</data>
      <data key="d31">United States</data>
      <data key="d32">5</data>
      <data key="d33">-122.41942</data>
      <data key="d34">San Francisco</data>
    </node>
    <node id="6">
      <data key="d29">1</data>
      <data key="d30">34.05223</data>
      <data key="d31">United States</data>
      <data key="d32">6</data>
      <data key="d33">-118.24368</data>
      <data key="d34">Los Angeles</data>
    </node>
    <node id="7">
      <data key="d29">1</data>
      <data key="d30">34.42083</data>
      <data key="d31">United States</data>
      <data key="d32">7</data>
      <data key="d33">-119.69819</data>
      <data key="d34">Santa Barbara</data>
    </node>
    <node id="8">
      <data key="d29">1</data>
      <data key="d30">40.72816</data>
      <data key="d31">United States</data>
      <data key="d32">8</data>
      <data key="d33">-74.07764</data>
      <data key="d34">New Jersey</data>
    </node>
    <node id="9">
      <data key="d29">1</data>
      <data key="d30">39.29038</data>
      <data key="d31">United States</data>
      <data key="d32">9</data>
      <data key="d33">-76.61219</data>
      <data key="d34">Baltimore</data>
    </node>
    <node id="10">
      <data key="d29">1</data>
      <data key="d30">37.80437</data>
      <data key="d31">United States</data>
      <data key="d32">10</data>
      <data key="d33">-122.2708</data>
      <data key="d34">Oakland</data>
    </node>
    <node id="11">
      <data key="d29">1</data>
      <data key="d30">38.58157</data>
      <data key="d31">United States</data>
      <data key="d32">11</data>
      <data key="d33">-121.4944</data>
      <data key="d34">Sacramento</data>
    </node>
    <node id="12">
      <data key="d29">1</data>
      <data key="d30">43.15478</data>
      <data key="d31">United States</data>
      <data key="d32">12</data>
      <data key="d33">-77.61556</data>
      <data key="d34">Rochester</data>
    </node>
    <node id="13">
      <data key="d29">1</data>
      <data key="d30">42.09869</data>
      <data key="d31">United States</data>
      <data key="d32">13</data>
      <data key="d33">-75.91797</data>
      <data key="d34">Binghamton</data>
    </node>
    <node id="14">
      <data key="d29">1</data>
      <data key="d30">39.75895</data>
      <data key="d31">United States</data>
      <data key="d32">14</data>
      <data key="d33">-84.19161</data>
      <data key="d34">Dayton</data>
    </node>
    <node id="15">
      <data key="d29">1</data>
      <data key="d30">39.96118</data>
      <data key="d31">United States</data>
      <data key="d32">15</data>
      <data key="d33">-82.99879</data>
      <data key="d34">Columbus</data>
    </node>
    <node id="16">
      <data key="d29">1</data>
      <data key="d30">33.52066</data>
      <data key="d31">United States</data>
      <data key="d32">16</data>
      <data key="d33">-86.80249</data>
      <data key="d34">Birmingham</data>
    </node>
    <node id="17">
      <data key="d29">1</data>
      <data key="d30">35.14953</data>
      <data key="d31">United States</data>
      <data key="d32">17</data>
      <data key="d33">-90.04898</data>
      <data key="d34">Memphis</data>
    </node>
    <node id="18">
      <data key="d29">1</data>
      <data key="d30">30.22409</data>
      <data key="d31">United States</data>
      <data key="d32">18</data>
      <data key="d33">-92.01984</data>
      <data key="d34">Lafayette</data>
    </node>
    <node id="19">
      <data key="d29">1</data>
      <data key="d30">30.45075</data>
      <data key="d31">United States</data>
      <data key="d32">19</data>
      <data key="d33">-91.15455</data>
      <data key="d34">Baton Rouge</data>
    </node>
    <node id="20">
      <data key="d29">1</data>
      <data key="d30">29.95465</data>
      <data key="d31">United States</data>
      <data key="d32">20</data>
      <data key="d33">-90.07507</data>
      <data key="d34">New Orleans</data>
    </node>
    <node id="21">
      <data key="d29">1</data>
      <data key="d30">32.29876</data>
      <data key="d31">United States</data>
      <data key="d32">21</data>
      <data key="d33">-90.18481</data>
      <data key="d34">Jackson</data>
    </node>
    <node id="22">
      <data key="d29">1</data>
      <data key="d30">30.69436</data>
      <data key="d31">United States</data>
      <data key="d32">22</data>
      <data key="d33">-88.04305</data>
      <data key="d34">Mobile</data>
    </node>
    <node id="23">
      <data key="d29">1</data>
      <data key="d30">32.36681</data>
      <data key="d31">United States</data>
      <data key="d32">23</data>
      <data key="d33">-86.29997</data>
      <data key="d34">Montgomery</data>
    </node>
    <node id="24">
      <data key="d29">1</data>
      <data key="d30">39.96118</data>
      <data key="d31">United States</data>
      <data key="d32">24</data>
      <data key="d33">-82.99879</data>
      <data key="d34">Columbus</data>
    </node>
    <node id="25">
      <data key="d29">1</data>
      <data key="d30">33.749</data>
      <data key="d31">United States</data>
      <data key="d32">25</data>
      <data key="d33">-84.38798</data>
      <data key="d34">Atlanta</data>
    </node>
    <node id="26">
      <data key="d29">1</data>
      <data key="d30">27.94752</data>
      <data key="d31">United States</data>
      <data key="d32">26</data>
      <data key="d33">-82.45843</data>
      <data key="d34">Tampa</data>
    </node>
    <node id="27">
      <data key="d29">1</data>
      <data key="d30">38.89511</data>
      <data key="d31">United States</data>
      <data key="d32">27</data>
      <data key="d33">-77.03637</data>
      <data key="d34">Washington DC</data>
    </node>
    <node id="28">
      <data key="d29">1</data>
      <data key="d30">35.7721</data>
      <data key="d31">United States</data>
      <data key="d32">28</data>
      <data key="d33">-78.63861</data>
      <data key="d34">Raleigh</data>
    </node>
    <node id="29">
      <data key="d29">1</data>
      <data key="d30">38.62727</data>
      <data key="d31">United States</data>
      <data key="d32">29</data>
      <data key="d33">-90.19789</data>
      <data key="d34">St Louis</data>
    </node>
    <node id="30">
      <data key="d29">1</data>
      <data key="d30">32.52515</data>
      <data key="d31">United States</data>
      <data key="d32">30</data>
      <data key="d33">-93.75018</data>
      <data key="d34">Shreveport</data>
    </node>
    <node id="31">
      <data key="d29">1</data>
      <data key="d30">28.53834</data>
      <data key="d31">United States</data>
      <data key="d32">31</data>
      <data key="d33">-81.37924</data>
      <data key="d34">Orlando</data>
    </node>
    <node id="32">
      <data key="d29">1</data>
      <data key="d30">39.73915</data>
      <data key="d31">United States</data>
      <data key="d32">32</data>
      <data key="d33">-104.9847</data>
      <data key="d34">Denver</data>
    </node>
    <node id="33">
      <data key="d29">1</data>
      <data key="d30">35.05266</data>
      <data key="d31">United States</data>
      <data key="d32">33</data>
      <data key="d33">-78.87836</data>
      <data key="d34">Fayatteville</data>
    </node>
    <node id="34">
      <data key="d29">1</data>
      <data key="d30">42.65258</data>
      <data key="d31">United States</data>
      <data key="d32">34</data>
      <data key="d33">-73.75623</data>
      <data key="d34">Albany</data>
    </node>
    <node id="35">
      <data key="d29">1</data>
      <data key="d30">37.98869</data>
      <data key="d31">United States</data>
      <data key="d32">35</data>
      <data key="d33">-84.47772</data>
      <data key="d34">Lexington</data>
    </node>
    <node id="36">
      <data key="d29">1</data>
      <data key="d30">39.162</data>
      <data key="d31">United States</data>
      <data key="d32">36</data>
      <data key="d33">-84.45689</data>
      <data key="d34">Cincinnati</data>
    </node>
    <node id="37">
      <data key="d29">1</data>
      <data key="d30">34.00071</data>
      <data key="d31">United States</data>
      <data key="d32">37</data>
      <data key="d33">-81.03481</data>
      <data key="d34">Columnia</data>
    </node>
    <node id="38">
      <data key="d29">1</data>
      <data key="d30">36.16589</data>
      <data key="d31">United States</data>
      <data key="d32">38</data>
      <data key="d33">-86.78444</data>
      <data key="d34">Nashville</data>
    </node>
    <node id="39">
      <data key="d29">1</data>
      <data key="d30">35.04563</data>
      <data key="d31">United States</data>
      <data key="d32">39</data>
      <data key="d33">-85.30968</data>
      <data key="d34">Chattanooga</data>
    </node>
    <node id="40">
      <data key="d29">1</data>
      <data key="d30">34.85262</data>
      <data key="d31">United States</data>
      <data key="d32">40</data>
      <data key="d33">-82.39401</data>
      <data key="d34">Greenville</data>
    </node>
    <node id="41">
      <data key="d29">1</data>
      <data key="d30">35.22709</data>
      <data key="d31">United States</data>
      <data key="d32">41</data>
      <data key="d33">-80.84313</data>
      <data key="d34">Charlotte</data>
    </node>
    <node id="42">
      <data key="d29">1</data>
      <data key="d30">36.07264</data>
      <data key="d31">United States</data>
      <data key="d32">42</data>
      <data key="d33">-79.79198</data>
      <data key="d34">Greensboro</data>
    </node>
    <node id="43">
      <data key="d29">1</data>
      <data key="d30">39.11417</data>
      <data key="d31">United States</data>
      <data key="d32">43</data>
      <data key="d33">-94.62746</data>
      <data key="d34">Kansas City</data>
    </node>
    <node id="44">
      <data key="d29">1</data>
      <data key="d30">34.74648</data>
      <data key="d31">United States</data>
      <data key="d32">44</data>
      <data key="d33">-92.28959</data>
      <data key="d34">Little Rock</data>
    </node>
    <node id="45">
      <data key="d29">1</data>
      <data key="d30">44.97997</data>
      <data key="d31">United States</data>
      <data key="d32">45</data>
      <data key="d33">-93.26384</data>
      <data key="d34">Minneapolis</data>
    </node>
    <node id="46">
      <data key="d29">1</data>
      <data key="d30">36.15398</data>
      <data key="d31">United States</data>
      <data key="d32">46</data>
      <data key="d33">-95.99278</data>
      <data key="d34">Tulsa</data>
    </node>
    <node id="47">
      <data key="d29">1</data>
      <data key="d30">41.85003</data>
      <data key="d31">United States</data>
      <data key="d32">47</data>
      <data key="d33">-87.65005</data>
      <data key="d34">Chicago</data>
    </node>
    <node id="48">
      <data key="d29">1</data>
      <data key="d30">43.0389</data>
      <data key="d31">United States</data>
      <data key="d32">48</data>
      <data key="d33">-87.90647</data>
      <data key="d34">Milwauke</data>
    </node>
    <node id="49">
      <data key="d29">1</data>
      <data key="d30">38.25424</data>
      <data key="d31">United States</data>
      <data key="d32">49</data>
      <data key="d33">-85.75941</data>
      <data key="d34">Louisville</data>
    </node>
    <node id="50">
      <data key="d29">1</data>
      <data key="d30">38.34982</data>
      <data key="d31">United States</data>
      <data key="d32">50</data>
      <data key="d33">-81.63262</data>
      <data key="d34">Charleston</data>
    </node>
    <node id="51">
      <data key="d29">1</data>
      <data key="d30">30.21309</data>
      <data key="d31">United States</data>
      <data key="d32">51</data>
      <data key="d33">-93.2044</data>
      <data key="d34">Lake Charles</data>
    </node>
    <node id="52">
      <data key="d29">1</data>
      <data key="d30">27.80058</data>
      <data key="d31">United States</data>
      <data key="d32">52</data>
      <data key="d33">-97.39638</data>
      <data key="d34">Corpus Christi</data>
    </node>
    <node id="53">
      <data key="d29">1</data>
      <data key="d30">30.33218</data>
      <data key="d31">United States</data>
      <data key="d32">53</data>
      <data key="d33">-81.65565</data>
      <data key="d34">Jacksonville</data>
    </node>
    <node id="54">
      <data key="d29">1</data>
      <data key="d30">32.72541</data>
      <data key="d31">United States</data>
      <data key="d32">54</data>
      <data key="d33">-97.32085</data>
      <data key="d34">Fort Worth</data>
    </node>
    <node id="55">
      <data key="d29">1</data>
      <data key="d30">36.17497</data>
      <data key="d31">United States</data>
      <data key="d32">55</data>
      <data key="d33">-115.13722</data>
      <data key="d34">Las Vegas</data>
    </node>
    <node id="56">
      <data key="d29">1</data>
      <data key="d30">35.37329</data>
      <data key="d31">United States</data>
      <data key="d32">56</data>
      <data key="d33">-119.01871</data>
      <data key="d34">Bakersfield</data>
    </node>
    <node id="57">
      <data key="d29">1</data>
      <data key="d30">36.74773</data>
      <data key="d31">United States</data>
      <data key="d32">57</data>
      <data key="d33">-119.77237</data>
      <data key="d34">Fresno</data>
    </node>
    <node id="58">
      <data key="d29">1</data>
      <data key="d30">29.76328</data>
      <data key="d31">United States</data>
      <data key="d32">58</data>
      <data key="d33">-95.36327</data>
      <data key="d34">Houston</data>
    </node>
    <node id="59">
      <data key="d29">1</data>
      <data key="d30">29.42412</data>
      <data key="d31">United States</data>
      <data key="d32">59</data>
      <data key="d33">-98.49363</data>
      <data key="d34">San Antonio</data>
    </node>
    <node id="60">
      <data key="d29">1</data>
      <data key="d30">30.26715</data>
      <data key="d31">United States</data>
      <data key="d32">60</data>
      <data key="d33">-97.74306</data>
      <data key="d34">Austin</data>
    </node>
    <node id="61">
      <data key="d29">1</data>
      <data key="d30">32.78306</data>
      <data key="d31">United States</data>
      <data key="d32">61</data>
      <data key="d33">-96.80667</data>
      <data key="d34">Dallas</data>
    </node>
    <node id="62">
      <data key="d29">1</data>
      <data key="d30">25.77427</data>
      <data key="d31">United States</data>
      <data key="d32">62</data>
      <data key="d33">-80.19366</data>
      <data key="d34">Miami</data>
    </node>
    <node id="63">
      <data key="d29">1</data>
      <data key="d30">39.76838</data>
      <data key="d31">United States</data>
      <data key="d32">63</data>
      <data key="d33">-86.15804</data>
      <data key="d34">Indianapolis</data>
    </node>
    <node id="64">
      <data key="d29">1</data>
      <data key="d30">26.12231</data>
      <data key="d31">United States</data>
      <data key="d32">64</data>
      <data key="d33">-80.14338</data>
      <data key="d34">Fort Lauderdale</data>
    </node>
    <node id="65">
      <data key="d29">1</data>
      <data key="d30">34.94957</data>
      <data key="d31">United States</data>
      <data key="d32">65</data>
      <data key="d33">-81.93205</data>
      <data key="d34">Spartanburg</data>
    </node>
    <node id="66">
      <data key="d29">1</data>
      <data key="d30">33.44838</data>
      <data key="d31">United States</data>
      <data key="d32">66</data>
      <data key="d33">-112.07404</data>
      <data key="d34">Phoenix</data>
    </node>
    <node id="67">
      <data key="d29">1</data>
      <data key="d30">32.22174</data>
      <data key="d31">United States</data>
      <data key="d32">67</data>
      <data key="d33">-110.92648</data>
      <data key="d34">Tucson</data>
    </node>
    <node id="68">
      <data key="d29">1</data>
      <data key="d30">43.6135</data>
      <data key="d31">United States</data>
      <data key="d32">68</data>
      <data key="d33">-116.20345</data>
      <data key="d34">Boise</data>
    </node>
    <node id="69">
      <data key="d29">1</data>
      <data key="d30">47.65878</data>
      <data key="d31">United States</data>
      <data key="d32">69</data>
      <data key="d33">-117.42605</data>
      <data key="d34">Spokane</data>
    </node>
    <node id="70">
      <data key="d29">1</data>
      <data key="d30">47.60621</data>
      <data key="d31">United States</data>
      <data key="d32">70</data>
      <data key="d33">-122.33207</data>
      <data key="d34">Seattle</data>
    </node>
    <node id="71">
      <data key="d29">1</data>
      <data key="d30">45.52345</data>
      <data key="d31">United States</data>
      <data key="d32">71</data>
      <data key="d33">-122.67621</data>
      <data key="d34">Portland</data>
    </node>
    <node id="72">
      <data key="d29">1</data>
      <data key="d30">40.71427</data>
      <data key="d31">United States</data>
      <data key="d32">72</data>
      <data key="d33">-74.00597</data>
      <data key="d34">New York</data>
    </node>
    <node id="73">
      <data key="d29">1</data>
      <data key="d30">38.83388</data>
      <data key="d31">United States</data>
      <data key="d32">73</data>
      <data key="d33">-104.82136</data>
      <data key="d34">Colorado Springs</data>
    </node>
    <node id="74">
      <data key="d29">1</data>
      <data key="d30">35.222</data>
      <data key="d31">United States</data>
      <data key="d32">74</data>
      <data key="d33">-101.8313</data>
      <data key="d34">Amarillo</data>
    </node>
    <node id="75">
      <data key="d29">1</data>
      <data key="d30">35.08449</data>
      <data key="d31">United States</data>
      <data key="d32">75</data>
      <data key="d33">-106.65114</data>
      <data key="d34">Albuquerque</data>
    </node>
    <edge source="0" target="1">
      <data key="d35">e24</data>
      <data key="d36">0</data>
    </edge>
    <edge source="0" target="1">
      <data key="d35">e25</data>
      <data key="d36">1</data>
    </edge>
    <edge source="0" target="67">
      <data key="d35">e20</data>
      <data key="d36">0</data>
    </edge>
    <edge source="1" target="3">
      <data key="d35">e23</data>
      <data key="d36">0</data>
    </edge>
    <edge source="1" target="6">
      <data key="d35">e26</data>
      <data key="d36">0</data>
    </edge>
    <edge source="2" target="66">
      <data key="d35">e18</data>
      <data key="d36">0</data>
    </edge>
    <edge source="2" target="54">
      <data key="d35">e21</data>
      <data key="d36">0</data>
    </edge>
    <edge source="3" target="10">
      <data key="d35">e22</data>
      <data key="d36">0</data>
    </edge>
    <edge source="4" target="5">
      <data key="d35">e33</data>
      <data key="d36">0</data>
    </edge>
    <edge source="5" target="10">
      <data key="d35">e34</data>
      <data key="d36">0</data>
    </edge>
    <edge source="5" target="7">
      <data key="d35">e32</data>
      <data key="d36">0</data>
    </edge>
    <edge source="6" target="7">
      <data key="d35">e27</data>
      <data key="d36">0</data>
    </edge>
    <edge source="6" target="10">
      <data key="d35">e28</data>
      <data key="d36">0</data>
    </edge>
    <edge source="6" target="54">
      <data key="d35">e31</data>
      <data key="d36">0</data>
    </edge>
    <edge source="6" target="55">
      <data key="d35">e30</data>
      <data key="d36">0</data>
    </edge>
    <edge source="6" target="56">
      <data key="d35">e29</data>
      <data key="d36">0</data>
    </edge>
    <edge source="8" target="9">
      <data key="d35">e102</data>
      <data key="d36">0</data>
    </edge>
    <edge source="9" target="27">
      <data key="d35">e103</data>
      <data key="d36">0</data>
    </edge>
    <edge source="9" target="27">
      <data key="d35">e104</data>
      <data key="d36">1</data>
    </edge>
    <edge source="10" target="32">
      <data key="d35">e10</data>
      <data key="d36">0</data>
    </edge>
    <edge source="10" target="70">
      <data key="d35">e6</data>
      <data key="d36">0</data>
    </edge>
    <edge source="10" target="11">
      <data key="d35">e35</data>
      <data key="d36">0</data>
    </edge>
    <edge source="10" target="57">
      <data key="d35">e36</data>
      <data key="d36">0</data>
    </edge>
    <edge source="11" target="71">
      <data key="d35">e8</data>
      <data key="d36">0</data>
    </edge>
    <edge source="12" target="72">
      <data key="d35">e99</data>
      <data key="d36">0</data>
    </edge>
    <edge source="12" target="34">
      <data key="d35">e98</data>
      <data key="d36">0</data>
    </edge>
    <edge source="12" target="13">
      <data key="d35">e97</data>
      <data key="d36">0</data>
    </edge>
    <edge source="12" target="47">
      <data key="d35">e83</data>
      <data key="d36">0</data>
    </edge>
    <edge source="14" target="36">
      <data key="d35">e93</data>
      <data key="d36">0</data>
    </edge>
    <edge source="14" target="15">
      <data key="d35">e94</data>
      <data key="d36">0</data>
    </edge>
    <edge source="15" target="72">
      <data key="d35">e96</data>
      <data key="d36">0</data>
    </edge>
    <edge source="15" target="27">
      <data key="d35">e95</data>
      <data key="d36">0</data>
    </edge>
    <edge source="15" target="63">
      <data key="d35">e89</data>
      <data key="d36">0</data>
    </edge>
    <edge source="16" target="17">
      <data key="d35">e73</data>
      <data key="d36">0</data>
    </edge>
    <edge source="16" target="25">
      <data key="d35">e67</data>
      <data key="d36">0</data>
    </edge>
    <edge source="17" target="38">
      <data key="d35">e74</data>
      <data key="d36">0</data>
    </edge>
    <edge source="17" target="44">
      <data key="d35">e75</data>
      <data key="d36">0</data>
    </edge>
    <edge source="17" target="29">
      <data key="d35">e76</data>
      <data key="d36">0</data>
    </edge>
    <edge source="17" target="25">
      <data key="d35">e68</data>
      <data key="d36">0</data>
    </edge>
    <edge source="17" target="61">
      <data key="d35">e40</data>
      <data key="d36">0</data>
    </edge>
    <edge source="18" target="51">
      <data key="d35">e55</data>
      <data key="d36">0</data>
    </edge>
    <edge source="18" target="51">
      <data key="d35">e56</data>
      <data key="d36">1</data>
    </edge>
    <edge source="18" target="20">
      <data key="d35">e58</data>
      <data key="d36">0</data>
    </edge>
    <edge source="19" target="51">
      <data key="d35">e57</data>
      <data key="d36">0</data>
    </edge>
    <edge source="20" target="25">
      <data key="d35">e61</data>
      <data key="d36">0</data>
    </edge>
    <edge source="20" target="21">
      <data key="d35">e59</data>
      <data key="d36">0</data>
    </edge>
    <edge source="20" target="22">
      <data key="d35">e60</data>
      <data key="d36">0</data>
    </edge>
    <edge source="22" target="23">
      <data key="d35">e62</data>
      <data key="d36">0</data>
    </edge>
    <edge source="23" target="24">
      <data key="d35">e63</data>
      <data key="d36">0</data>
    </edge>
    <edge source="24" target="25">
      <data key="d35">e64</data>
      <data key="d36">0</data>
    </edge>
    <edge source="25" target="37">
      <data key="d35">e65</data>
      <data key="d36">0</data>
    </edge>
    <edge source="25" target="40">
      <data key="d35">e72</data>
      <data key="d36">0</data>
    </edge>
    <edge source="25" target="41">
      <data key="d35">e71</data>
      <data key="d36">0</data>
    </edge>
    <edge source="25" target="53">
      <data key="d35">e66</data>
      <data key="d36">0</data>
    </edge>
    <edge source="25" target="31">
      <data key="d35">e70</data>
      <data key="d36">0</data>
    </edge>
    <edge source="25" target="61">
      <data key="d35">e47</data>
      <data key="d36">0</data>
    </edge>
    <edge source="25" target="63">
      <data key="d35">e69</data>
      <data key="d36">0</data>
    </edge>
    <edge source="26" target="64">
      <data key="d35">e116</data>
      <data key="d36">0</data>
    </edge>
    <edge source="26" target="58">
      <data key="d35">e51</data>
      <data key="d36">0</data>
    </edge>
    <edge source="26" target="53">
      <data key="d35">e113</data>
      <data key="d36">0</data>
    </edge>
    <edge source="26" target="31">
      <data key="d35">e115</data>
      <data key="d36">0</data>
    </edge>
    <edge source="27" target="72">
      <data key="d35">e101</data>
      <data key="d36">0</data>
    </edge>
    <edge source="27" target="47">
      <data key="d35">e85</data>
      <data key="d36">0</data>
    </edge>
    <edge source="27" target="41">
      <data key="d35">e106</data>
      <data key="d36">0</data>
    </edge>
    <edge source="27" target="28">
      <data key="d35">e105</data>
      <data key="d36">0</data>
    </edge>
    <edge source="28" target="33">
      <data key="d35">e107</data>
      <data key="d36">0</data>
    </edge>
    <edge source="28" target="42">
      <data key="d35">e108</data>
      <data key="d36">0</data>
    </edge>
    <edge source="29" target="63">
      <data key="d35">e86</data>
      <data key="d36">0</data>
    </edge>
    <edge source="30" target="51">
      <data key="d35">e54</data>
      <data key="d36">0</data>
    </edge>
    <edge source="31" target="64">
      <data key="d35">e114</data>
      <data key="d36">0</data>
    </edge>
    <edge source="32" target="47">
      <data key="d35">e12</data>
      <data key="d36">0</data>
    </edge>
    <edge source="32" target="68">
      <data key="d35">e3</data>
      <data key="d36">0</data>
    </edge>
    <edge source="32" target="45">
      <data key="d35">e11</data>
      <data key="d36">0</data>
    </edge>
    <edge source="32" target="61">
      <data key="d35">e9</data>
      <data key="d36">0</data>
    </edge>
    <edge source="33" target="41">
      <data key="d35">e111</data>
      <data key="d36">0</data>
    </edge>
    <edge source="34" target="72">
      <data key="d35">e100</data>
      <data key="d36">0</data>
    </edge>
    <edge source="35" target="49">
      <data key="d35">e91</data>
      <data key="d36">0</data>
    </edge>
    <edge source="35" target="36">
      <data key="d35">e92</data>
      <data key="d36">0</data>
    </edge>
    <edge source="36" target="63">
      <data key="d35">e88</data>
      <data key="d36">0</data>
    </edge>
    <edge source="37" target="41">
      <data key="d35">e110</data>
      <data key="d36">0</data>
    </edge>
    <edge source="38" target="49">
      <data key="d35">e90</data>
      <data key="d36">0</data>
    </edge>
    <edge source="40" target="41">
      <data key="d35">e112</data>
      <data key="d36">0</data>
    </edge>
    <edge source="41" target="42">
      <data key="d35">e109</data>
      <data key="d36">0</data>
    </edge>
    <edge source="41" target="58">
      <data key="d35">e52</data>
      <data key="d36">0</data>
    </edge>
    <edge source="41" target="61">
      <data key="d35">e46</data>
      <data key="d36">0</data>
    </edge>
    <edge source="43" target="46">
      <data key="d35">e77</data>
      <data key="d36">0</data>
    </edge>
    <edge source="43" target="47">
      <data key="d35">e78</data>
      <data key="d36">0</data>
    </edge>
    <edge source="44" target="61">
      <data key="d35">e43</data>
      <data key="d36">0</data>
    </edge>
    <edge source="45" target="48">
      <data key="d35">e79</data>
      <data key="d36">0</data>
    </edge>
    <edge source="45" target="47">
      <data key="d35">e80</data>
      <data key="d36">0</data>
    </edge>
    <edge source="46" target="61">
      <data key="d35">e41</data>
      <data key="d36">0</data>
    </edge>
    <edge source="47" target="72">
      <data key="d35">e84</data>
      <data key="d36">0</data>
    </edge>
    <edge source="47" target="48">
      <data key="d35">e81</data>
      <data key="d36">0</data>
    </edge>
    <edge source="47" target="61">
      <data key="d35">e42</data>
      <data key="d36">0</data>
    </edge>
    <edge source="47" target="63">
      <data key="d35">e82</data>
      <data key="d36">0</data>
    </edge>
    <edge source="49" target="63">
      <data key="d35">e87</data>
      <data key="d36">0</data>
    </edge>
    <edge source="51" target="58">
      <data key="d35">e53</data>
      <data key="d36">0</data>
    </edge>
    <edge source="54" target="60">
      <data key="d35">e39</data>
      <data key="d36">0</data>
    </edge>
    <edge source="54" target="61">
      <data key="d35">e38</data>
      <data key="d36">0</data>
    </edge>
    <edge source="55" target="66">
      <data key="d35">e19</data>
      <data key="d36">0</data>
    </edge>
    <edge source="55" target="68">
      <data key="d35">e4</data>
      <data key="d36">0</data>
    </edge>
    <edge source="56" target="57">
      <data key="d35">e37</data>
      <data key="d36">0</data>
    </edge>
    <edge source="58" target="59">
      <data key="d35">e50</data>
      <data key="d36">0</data>
    </edge>
    <edge source="58" target="60">
      <data key="d35">e49</data>
      <data key="d36">0</data>
    </edge>
    <edge source="58" target="61">
      <data key="d35">e45</data>
      <data key="d36">0</data>
    </edge>
    <edge source="59" target="60">
      <data key="d35">e48</data>
      <data key="d36">0</data>
    </edge>
    <edge source="60" target="61">
      <data key="d35">e44</data>
      <data key="d36">0</data>
    </edge>
    <edge source="61" target="66">
      <data key="d35">e16</data>
      <data key="d36">0</data>
    </edge>
    <edge source="61" target="73">
      <data key="d35">e13</data>
      <data key="d36">0</data>
    </edge>
    <edge source="62" target="64">
      <data key="d35">e117</data>
      <data key="d36">0</data>
    </edge>
    <edge source="66" target="67">
      <data key="d35">e17</data>
      <data key="d36">0</data>
    </edge>
    <edge source="66" target="75">
      <data key="d35">e15</data>
      <data key="d36">0</data>
    </edge>
    <edge source="68" target="71">
      <data key="d35">e2</data>
      <data key="d36">0</data>
    </edge>
    <edge source="68" target="69">
      <data key="d35">e0</data>
      <data key="d36">0</data>
    </edge>
    <edge source="68" target="70">
      <data key="d35">e1</data>
      <data key="d36">0</data>
    </edge>
    <edge source="69" target="70">
      <data key="d35">e5</data>
      <data key="d36">0</data>
    </edge>
    <edge source="70" target="71">
      <data key="d35">e7</data>
      <data key="d36">0</data>
    </edge>
    <edge source="73" target="75">
      <data key="d35">e14</data>
      <data key="d36">0</data>
    </edge>
  </graph>
</graphml>
