<?xml version="1.0" encoding="utf-8"?><graphml xmlns="http://graphml.graphdrawing.org/xmlns" xmlns:xsi="http://www.w3.org/2001/XMLSchema-instance" xsi:schemaLocation="http://graphml.graphdrawing.org/xmlns http://graphml.graphdrawing.org/xmlns/1.0/graphml.xsd">
  <key attr.name="key" attr.type="int" for="edge" id="d32" />
  <key attr.name="id" attr.type="string" for="edge" id="d31" />
  <key attr.name="label" attr.type="string" for="node" id="d30" />
  <key attr.name="id" attr.type="int" for="node" id="d29" />
  <key attr.name="Internal" attr.type="int" for="node" id="d28" />
  <key attr.name="Testbed" attr.type="int" for="graph" id="d27" />
  <key attr.name="LastProcessed" attr.type="string" for="graph" id="d26" />
  <key attr.name="DateYear" attr.type="string" for="graph" id="d25" />
  <key attr.name="NetworkDate" attr.type="string" for="graph" id="d24" />
  <key attr.name="Transit" attr.type="int" for="graph" id="d23" />
  <key attr.name="Developed" attr.type="int" for="graph" id="d22" />
  <key attr.name="Creator" attr.type="string" for="graph" id="d21" />
  <key attr.name="Layer" attr.type="string" for="graph" id="d20" />
  <key attr.name="LastAccess" attr.type="string" for="graph" id="d19" />
  <key attr.name="DateMonth" attr.type="string" for="graph" id="d18" />
  <key attr.name="DateModifier" attr.type="string" for="graph" id="d17" />
  <key attr.name="SourceGitVersion" attr.type="string" for="graph" id="d16" />
  <key attr.name="IX" attr.type="int" for="graph" id="d15" />
  <key attr.name="Customer" attr.type="int" for="graph" id="d14" />
  <key attr.name="ToolsetVersion" attr.type="string" for="graph" id="d13" />
  <key attr.name="label" attr.type="string" for="graph" id="d12" />
  <key attr.name="Commercial" attr.type="int" for="graph" id="d11" />
  <key attr.name="Backbone" attr.type="int" for="graph" id="d10" />
  <key attr.name="DateType" attr.type="string" for="graph" id="d9" />
  <key attr.name="Type" attr.type="string" for="graph" id="d8" />
  <key attr.name="Version" attr.type="string" for="graph" id="d7" />
  <key attr.name="Source" attr.type="string" for="graph" id="d6" />
  <key attr.name="Access" attr.type="int" for="graph" id="d5" />
  <key attr.name="Provenance" attr.type="string" for="graph" id="d4" />
  <key attr.name="Network" attr.type="string" for="graph" id="d3" />
  <key attr.name="GeoExtent" attr.type="string" for="graph" id="d2" />
  <key attr.name="GeoLocation" attr.type="string" for="graph" id="d1" />
  <key attr.name="DateObtained" attr.type="string" for="graph" id="d0" />
  <graph edgedefault="undirected">
    <data key="d0">18/10/10</data>
    <data key="d1">Taiwan</data>
    <data key="d2">Country</data>
    <data key="d3">TWAREN</data>
    <data key="d4">Primary</data>
    <data key="d5">0</data>
    <data key="d6">http://www.twaren.net/english/AboutTwaren/PeeringNetworks/</data>
    <data key="d7">1.0</data>
    <data key="d8">REN</data>
    <data key="d9">Current</data>
    <data key="d10">1</data>
    <data key="d11">0</data>
    <data key="d12">Twaren</data>
    <data key="d13">0.3.34dev-20120328</data>
    <data key="d14">0</data>
    <data key="d15">0</data>
    <data key="d16">e278b1b</data>
    <data key="d17">=</data>
    <data key="d18">10</data>
    <data key="d19">3/10/10</data>
    <data key="d20">IP</data>
    <data key="d21">Topology Zoo Toolset</data>
    <data key="d22">1</data>
    <data key="d23">1</data>
    <data key="d24">2010_10</data>
    <data key="d25">2010</data>
    <data key="d26">2011_09_01</data>
    <data key="d27">1</data>
    <node id="0">
      <data key="d28">1</data>
      <data key="d29">0</data>
      <data key="d30">CCU</data>
    </node>
    <node id="1">
      <data key="d28">1</data>
      <data key="d29">1</data>
      <data key="d30">NHLUE</data>
    </node>
    <node id="2">
      <data key="d28">1</data>
      <data key="d29">2</data>
      <data key="d30">TN</data>
    </node>
    <node id="3">
      <data key="d28">1</data>
      <data key="d29">3</data>
      <data key="d30">NCKU</data>
    </node>
    <node id="4">
      <data key="d28">1</data>
      <data key="d29">4</data>
      <data key="d30">TC</data>
    </node>
    <node id="5">
      <data key="d28">1</data>
      <data key="d29">5</data>
      <data key="d30">CHI</data>
    </node>
    <node id="6">
      <data key="d28">1</data>
      <data key="d29">6</data>
      <data key="d30">NDHU</data>
    </node>
    <node id="7">
      <data key="d28">1</data>
      <data key="d29">7</data>
      <data key="d30">NCNU</data>
    </node>
    <node id="8">
      <data key="d28">1</data>
      <data key="d29">8</data>
      <data key="d30">LA</data>
    </node>
    <node id="9">
      <data key="d28">1</data>
      <data key="d29">9</data>
      <data key="d30">NIU</data>
    </node>
    <node id="10">
      <data key="d28">1</data>
      <data key="d29">10</data>
      <data key="d30">NTTU</data>
    </node>
    <node id="11">
      <data key="d28">1</data>
      <data key="d29">11</data>
      <data key="d30">NSYSU</data>
    </node>
    <node id="12">
      <data key="d28">1</data>
      <data key="d29">12</data>
      <data key="d30">NCHU</data>
    </node>
    <node id="13">
      <data key="d28">1</data>
      <data key="d29">13</data>
      <data key="d30">HC</data>
    </node>
    <node id="14">
      <data key="d28">1</data>
      <data key="d29">14</data>
      <data key="d30">NCTU</data>
    </node>
    <node id="15">
      <data key="d28">1</data>
      <data key="d29">15</data>
      <data key="d30">NTHU</data>
    </node>
    <node id="16">
      <data key="d28">1</data>
      <data key="d29">16</data>
      <data key="d30">NCU</data>
    </node>
    <node id="17">
      <data key="d28">1</data>
      <data key="d29">17</data>
      <data key="d30">ASCC</data>
    </node>
    <node id="18">
      <data key="d28">1</data>
      <data key="d29">18</data>
      <data key="d30">NTU</data>
    </node>
    <node id="19">
      <data key="d28">1</data>
      <data key="d29">19</data>
      <data key="d30">TP</data>
    </node>
    <edge source="0" target="2">
      <data key="d31">e17</data>
      <data key="d32">0</data>
    </edge>
    <edge source="1" target="19">
      <data key="d31">e9</data>
      <data key="d32">0</data>
    </edge>
    <edge source="2" target="3">
      <data key="d31">e16</data>
      <data key="d32">0</data>
    </edge>
    <edge source="2" target="4">
      <data key="d31">e18</data>
      <data key="d32">0</data>
    </edge>
    <edge source="2" target="10">
      <data key="d31">e14</data>
      <data key="d32">0</data>
    </edge>
    <edge source="2" target="11">
      <data key="d31">e15</data>
      <data key="d32">0</data>
    </edge>
    <edge source="2" target="13">
      <data key="d31">e5</data>
      <data key="d32">0</data>
    </edge>
    <edge source="4" target="19">
      <data key="d31">e11</data>
      <data key="d32">0</data>
    </edge>
    <edge source="4" target="12">
      <data key="d31">e0</data>
      <data key="d32">0</data>
    </edge>
    <edge source="4" target="7">
      <data key="d31">e19</data>
      <data key="d32">0</data>
    </edge>
    <edge source="5" target="19">
      <data key="d31">e12</data>
      <data key="d32">0</data>
    </edge>
    <edge source="6" target="19">
      <data key="d31">e10</data>
      <data key="d32">0</data>
    </edge>
    <edge source="8" target="13">
      <data key="d31">e6</data>
      <data key="d32">0</data>
    </edge>
    <edge source="9" target="19">
      <data key="d31">e13</data>
      <data key="d32">0</data>
    </edge>
    <edge source="13" target="14">
      <data key="d31">e1</data>
      <data key="d32">0</data>
    </edge>
    <edge source="13" target="15">
      <data key="d31">e2</data>
      <data key="d32">0</data>
    </edge>
    <edge source="13" target="16">
      <data key="d31">e3</data>
      <data key="d32">0</data>
    </edge>
    <edge source="13" target="19">
      <data key="d31">e4</data>
      <data key="d32">0</data>
    </edge>
    <edge source="17" target="19">
      <data key="d31">e7</data>
      <data key="d32">0</data>
    </edge>
    <edge source="18" target="19">
      <data key="d31">e8</data>
      <data key="d32">0</data>
    </edge>
  </graph>
</graphml>
