<?xml version="1.0" encoding="utf-8"?><graphml xmlns="http://graphml.graphdrawing.org/xmlns" xmlns:xsi="http://www.w3.org/2001/XMLSchema-instance" xsi:schemaLocation="http://graphml.graphdrawing.org/xmlns http://graphml.graphdrawing.org/xmlns/1.0/graphml.xsd">
  <key attr.name="key" attr.type="int" for="edge" id="d37" />
  <key attr.name="id" attr.type="string" for="edge" id="d36" />
  <key attr.name="label" attr.type="string" for="node" id="d35" />
  <key attr.name="Longitude" attr.type="double" for="node" id="d34" />
  <key attr.name="id" attr.type="int" for="node" id="d33" />
  <key attr.name="type" attr.type="string" for="node" id="d32" />
  <key attr.name="Country" attr.type="string" for="node" id="d31" />
  <key attr.name="Latitude" attr.type="double" for="node" id="d30" />
  <key attr.name="Internal" attr.type="int" for="node" id="d29" />
  <key attr.name="Testbed" attr.type="int" for="graph" id="d28" />
  <key attr.name="LastProcessed" attr.type="string" for="graph" id="d27" />
  <key attr.name="DateYear" attr.type="string" for="graph" id="d26" />
  <key attr.name="NetworkDate" attr.type="string" for="graph" id="d25" />
  <key attr.name="Transit" attr.type="int" for="graph" id="d24" />
  <key attr.name="Developed" attr.type="int" for="graph" id="d23" />
  <key attr.name="Creator" attr.type="string" for="graph" id="d22" />
  <key attr.name="Layer" attr.type="string" for="graph" id="d21" />
  <key attr.name="Access" attr.type="int" for="graph" id="d20" />
  <key attr.name="LastAccess" attr.type="string" for="graph" id="d19" />
  <key attr.name="DateMonth" attr.type="string" for="graph" id="d18" />
  <key attr.name="DateModifier" attr.type="string" for="graph" id="d17" />
  <key attr.name="SourceGitVersion" attr.type="string" for="graph" id="d16" />
  <key attr.name="IX" attr.type="int" for="graph" id="d15" />
  <key attr.name="Customer" attr.type="int" for="graph" id="d14" />
  <key attr.name="ToolsetVersion" attr.type="string" for="graph" id="d13" />
  <key attr.name="label" attr.type="string" for="graph" id="d12" />
  <key attr.name="Commercial" attr.type="int" for="graph" id="d11" />
  <key attr.name="Backbone" attr.type="int" for="graph" id="d10" />
  <key attr.name="Type" attr.type="string" for="graph" id="d9" />
  <key attr.name="DateType" attr.type="string" for="graph" id="d8" />
  <key attr.name="Version" attr.type="string" for="graph" id="d7" />
  <key attr.name="Source" attr.type="string" for="graph" id="d6" />
  <key attr.name="Note" attr.type="string" for="graph" id="d5" />
  <key attr.name="Provenance" attr.type="string" for="graph" id="d4" />
  <key attr.name="Network" attr.type="string" for="graph" id="d3" />
  <key attr.name="GeoExtent" attr.type="string" for="graph" id="d2" />
  <key attr.name="GeoLocation" attr.type="string" for="graph" id="d1" />
  <key attr.name="DateObtained" attr.type="string" for="graph" id="d0" />
  <graph edgedefault="undirected">
    <data key="d0">21/10/10</data>
    <data key="d1">Denmark</data>
    <data key="d2">Country</data>
    <data key="d3">Uni-C</data>
    <data key="d4">Primary</data>
    <data key="d5">There are router maps of certain PoPs available on the website, but we dont include them. Names from http://www.forskningsnettet.dk/konferencer/2010/powerpoint/Tirsdag/Tspor1_1145MBE.pdf and http://www.forskningsnettet.dk/en/netstruktur</data>
    <data key="d6">http://www.forskningsnettet.dk/en/net</data>
    <data key="d7">1.0</data>
    <data key="d8">Current</data>
    <data key="d9">REN</data>
    <data key="d10">1</data>
    <data key="d11">0</data>
    <data key="d12">UniC</data>
    <data key="d13">0.3.34dev-20120328</data>
    <data key="d14">1</data>
    <data key="d15">0</data>
    <data key="d16">e278b1b</data>
    <data key="d17">=</data>
    <data key="d18">10</data>
    <data key="d19">21/10/10</data>
    <data key="d20">0</data>
    <data key="d21">IP</data>
    <data key="d22">Topology Zoo Toolset</data>
    <data key="d23">1</data>
    <data key="d24">0</data>
    <data key="d25">2010_10</data>
    <data key="d26">2010</data>
    <data key="d27">2011_09_01</data>
    <data key="d28">0</data>
    <node id="0">
      <data key="d29">1</data>
      <data key="d30">55.39594</data>
      <data key="d31">Denmark</data>
      <data key="d32">10Gbps connection</data>
      <data key="d33">0</data>
      <data key="d34">10.38831</data>
      <data key="d35">Odense</data>
    </node>
    <node id="1">
      <data key="d29">1</data>
      <data key="d30">55.31274</data>
      <data key="d31">Denmark</data>
      <data key="d32">Lower speed connection</data>
      <data key="d33">1</data>
      <data key="d34">10.78964</data>
      <data key="d35">Nyborg</data>
    </node>
    <node id="2">
      <data key="d29">1</data>
      <data key="d30">55.70927</data>
      <data key="d31">Denmark</data>
      <data key="d32">Lower speed connection</data>
      <data key="d33">2</data>
      <data key="d34">9.5357</data>
      <data key="d35">Vejle</data>
    </node>
    <node id="3">
      <data key="d29">1</data>
      <data key="d30">55.4904</data>
      <data key="d31">Denmark</data>
      <data key="d32">Lower speed connection</data>
      <data key="d33">3</data>
      <data key="d34">9.47216</data>
      <data key="d35">Kolding</data>
    </node>
    <node id="4">
      <data key="d29">1</data>
      <data key="d30">55.71667</data>
      <data key="d31">Denmark</data>
      <data key="d32">Lower speed connection</data>
      <data key="d33">4</data>
      <data key="d34">11.71667</data>
      <data key="d35">Holbaek</data>
    </node>
    <node id="5">
      <data key="d29">1</data>
      <data key="d30">55.77044</data>
      <data key="d31">Denmark</data>
      <data key="d32">10Gbps connection</data>
      <data key="d33">5</data>
      <data key="d34">12.50378</data>
      <data key="d35">Lyngby</data>
    </node>
    <node id="6">
      <data key="d29">1</data>
      <data key="d30">55.40276</data>
      <data key="d31">Denmark</data>
      <data key="d32">Lower speed connection</data>
      <data key="d33">6</data>
      <data key="d34">11.35459</data>
      <data key="d35">Slagelse</data>
    </node>
    <node id="7">
      <data key="d29">1</data>
      <data key="d30">55.30604</data>
      <data key="d31">Denmark</data>
      <data key="d32">Lower speed connection</data>
      <data key="d33">7</data>
      <data key="d34">11.54766</data>
      <data key="d35">Naestved</data>
    </node>
    <node id="8">
      <data key="d29">1</data>
      <data key="d30">55.6303</data>
      <data key="d31">Denmark</data>
      <data key="d32">10Gbps connection</data>
      <data key="d33">8</data>
      <data key="d34">12.60035</data>
      <data key="d35">Orestad</data>
    </node>
    <node id="9">
      <data key="d29">1</data>
      <data key="d32">Lower speed connection</data>
      <data key="d33">9</data>
      <data key="d35">None</data>
    </node>
    <node id="10">
      <data key="d29">0</data>
      <data key="d33">10</data>
      <data key="d35">NORDUnet</data>
    </node>
    <node id="11">
      <data key="d29">0</data>
      <data key="d33">11</data>
      <data key="d35">NORDUnet</data>
    </node>
    <node id="12">
      <data key="d29">1</data>
      <data key="d32">Lower speed connection</data>
      <data key="d33">12</data>
      <data key="d35">None</data>
    </node>
    <node id="13">
      <data key="d29">1</data>
      <data key="d32">Lower speed connection</data>
      <data key="d33">13</data>
      <data key="d35">None</data>
    </node>
    <node id="14">
      <data key="d29">0</data>
      <data key="d33">14</data>
      <data key="d35">None</data>
    </node>
    <node id="15">
      <data key="d29">1</data>
      <data key="d32">Lower speed connection</data>
      <data key="d33">15</data>
      <data key="d35">None</data>
    </node>
    <node id="16">
      <data key="d29">1</data>
      <data key="d30">56.13932</data>
      <data key="d31">Denmark</data>
      <data key="d32">Lower speed connection</data>
      <data key="d33">16</data>
      <data key="d34">8.97378</data>
      <data key="d35">Herning</data>
    </node>
    <node id="17">
      <data key="d29">1</data>
      <data key="d32">Lower speed connection</data>
      <data key="d33">17</data>
      <data key="d35">None</data>
    </node>
    <node id="18">
      <data key="d29">1</data>
      <data key="d30">57.048</data>
      <data key="d31">Denmark</data>
      <data key="d32">10Gbps connection</data>
      <data key="d33">18</data>
      <data key="d34">9.9187</data>
      <data key="d35">Aalborg</data>
    </node>
    <node id="19">
      <data key="d29">1</data>
      <data key="d30">56.77276</data>
      <data key="d31">Denmark</data>
      <data key="d32">Lower speed connection</data>
      <data key="d33">19</data>
      <data key="d34">9.33926</data>
      <data key="d35">Farso</data>
    </node>
    <node id="20">
      <data key="d29">1</data>
      <data key="d30">56.64306</data>
      <data key="d31">Denmark</data>
      <data key="d32">Lower speed connection</data>
      <data key="d33">20</data>
      <data key="d34">9.79029</data>
      <data key="d35">Hobro</data>
    </node>
    <node id="21">
      <data key="d29">1</data>
      <data key="d30">56.1697</data>
      <data key="d31">Denmark</data>
      <data key="d32">Lower speed connection</data>
      <data key="d33">21</data>
      <data key="d34">9.54508</data>
      <data key="d35">Silkeborg</data>
    </node>
    <node id="22">
      <data key="d29">1</data>
      <data key="d30">56.15674</data>
      <data key="d31">Denmark</data>
      <data key="d32">10Gbps connection</data>
      <data key="d33">22</data>
      <data key="d34">10.21076</data>
      <data key="d35">Arthus</data>
    </node>
    <node id="23">
      <data key="d29">1</data>
      <data key="d32">Lower speed connection</data>
      <data key="d33">23</data>
      <data key="d35">None</data>
    </node>
    <node id="24">
      <data key="d29">1</data>
      <data key="d32">Lower speed connection</data>
      <data key="d33">24</data>
      <data key="d35">None</data>
    </node>
    <edge source="0" target="1">
      <data key="d36">e15</data>
      <data key="d37">0</data>
    </edge>
    <edge source="0" target="1">
      <data key="d36">e14</data>
      <data key="d37">1</data>
    </edge>
    <edge source="0" target="2">
      <data key="d36">e12</data>
      <data key="d37">0</data>
    </edge>
    <edge source="0" target="3">
      <data key="d36">e13</data>
      <data key="d37">0</data>
    </edge>
    <edge source="1" target="6">
      <data key="d36">e16</data>
      <data key="d37">0</data>
    </edge>
    <edge source="1" target="7">
      <data key="d36">e17</data>
      <data key="d37">0</data>
    </edge>
    <edge source="2" target="16">
      <data key="d36">e10</data>
      <data key="d37">0</data>
    </edge>
    <edge source="2" target="3">
      <data key="d36">e11</data>
      <data key="d37">0</data>
    </edge>
    <edge source="2" target="22">
      <data key="d36">e8</data>
      <data key="d37">0</data>
    </edge>
    <edge source="4" target="5">
      <data key="d36">e20</data>
      <data key="d37">0</data>
    </edge>
    <edge source="4" target="6">
      <data key="d36">e18</data>
      <data key="d37">0</data>
    </edge>
    <edge source="5" target="8">
      <data key="d36">e21</data>
      <data key="d37">0</data>
    </edge>
    <edge source="5" target="8">
      <data key="d36">e22</data>
      <data key="d37">1</data>
    </edge>
    <edge source="5" target="12">
      <data key="d36">e24</data>
      <data key="d37">0</data>
    </edge>
    <edge source="5" target="11">
      <data key="d36">e25</data>
      <data key="d37">0</data>
    </edge>
    <edge source="5" target="13">
      <data key="d36">e23</data>
      <data key="d37">0</data>
    </edge>
    <edge source="7" target="8">
      <data key="d36">e19</data>
      <data key="d37">0</data>
    </edge>
    <edge source="8" target="10">
      <data key="d36">e27</data>
      <data key="d37">0</data>
    </edge>
    <edge source="8" target="14">
      <data key="d36">e26</data>
      <data key="d37">0</data>
    </edge>
    <edge source="9" target="13">
      <data key="d36">e28</data>
      <data key="d37">0</data>
    </edge>
    <edge source="15" target="22">
      <data key="d36">e7</data>
      <data key="d37">0</data>
    </edge>
    <edge source="16" target="21">
      <data key="d36">e5</data>
      <data key="d37">0</data>
    </edge>
    <edge source="17" target="18">
      <data key="d36">e0</data>
      <data key="d37">0</data>
    </edge>
    <edge source="18" target="19">
      <data key="d36">e1</data>
      <data key="d37">0</data>
    </edge>
    <edge source="18" target="20">
      <data key="d36">e2</data>
      <data key="d37">0</data>
    </edge>
    <edge source="19" target="21">
      <data key="d36">e3</data>
      <data key="d37">0</data>
    </edge>
    <edge source="20" target="22">
      <data key="d36">e4</data>
      <data key="d37">0</data>
    </edge>
    <edge source="21" target="23">
      <data key="d36">e6</data>
      <data key="d37">0</data>
    </edge>
    <edge source="22" target="24">
      <data key="d36">e9</data>
      <data key="d37">0</data>
    </edge>
  </graph>
</graphml>
