<?xml version="1.0" encoding="utf-8"?><graphml xmlns="http://graphml.graphdrawing.org/xmlns" xmlns:xsi="http://www.w3.org/2001/XMLSchema-instance" xsi:schemaLocation="http://graphml.graphdrawing.org/xmlns http://graphml.graphdrawing.org/xmlns/1.0/graphml.xsd">
  <key attr.name="key" attr.type="int" for="edge" id="d38" />
  <key attr.name="LinkSpeedRaw" attr.type="double" for="edge" id="d37" />
  <key attr.name="LinkSpeedUnits" attr.type="string" for="edge" id="d36" />
  <key attr.name="LinkLabel" attr.type="string" for="edge" id="d35" />
  <key attr.name="LinkSpeed" attr.type="string" for="edge" id="d34" />
  <key attr.name="label" attr.type="string" for="node" id="d33" />
  <key attr.name="Longitude" attr.type="double" for="node" id="d32" />
  <key attr.name="id" attr.type="int" for="node" id="d31" />
  <key attr.name="Country" attr.type="string" for="node" id="d30" />
  <key attr.name="Latitude" attr.type="double" for="node" id="d29" />
  <key attr.name="Internal" attr.type="int" for="node" id="d28" />
  <key attr.name="Testbed" attr.type="int" for="graph" id="d27" />
  <key attr.name="LastProcessed" attr.type="string" for="graph" id="d26" />
  <key attr.name="DateYear" attr.type="string" for="graph" id="d25" />
  <key attr.name="NetworkDate" attr.type="string" for="graph" id="d24" />
  <key attr.name="Transit" attr.type="int" for="graph" id="d23" />
  <key attr.name="Developed" attr.type="int" for="graph" id="d22" />
  <key attr.name="Creator" attr.type="string" for="graph" id="d21" />
  <key attr.name="Layer" attr.type="string" for="graph" id="d20" />
  <key attr.name="LastAccess" attr.type="string" for="graph" id="d19" />
  <key attr.name="DateMonth" attr.type="string" for="graph" id="d18" />
  <key attr.name="DateModifier" attr.type="string" for="graph" id="d17" />
  <key attr.name="SourceGitVersion" attr.type="string" for="graph" id="d16" />
  <key attr.name="IX" attr.type="int" for="graph" id="d15" />
  <key attr.name="Customer" attr.type="int" for="graph" id="d14" />
  <key attr.name="ToolsetVersion" attr.type="string" for="graph" id="d13" />
  <key attr.name="label" attr.type="string" for="graph" id="d12" />
  <key attr.name="Commercial" attr.type="int" for="graph" id="d11" />
  <key attr.name="Backbone" attr.type="int" for="graph" id="d10" />
  <key attr.name="DateType" attr.type="string" for="graph" id="d9" />
  <key attr.name="Type" attr.type="string" for="graph" id="d8" />
  <key attr.name="Version" attr.type="string" for="graph" id="d7" />
  <key attr.name="Source" attr.type="string" for="graph" id="d6" />
  <key attr.name="Access" attr.type="int" for="graph" id="d5" />
  <key attr.name="Provenance" attr.type="string" for="graph" id="d4" />
  <key attr.name="Network" attr.type="string" for="graph" id="d3" />
  <key attr.name="GeoExtent" attr.type="string" for="graph" id="d2" />
  <key attr.name="GeoLocation" attr.type="string" for="graph" id="d1" />
  <key attr.name="DateObtained" attr.type="string" for="graph" id="d0" />
  <graph edgedefault="undirected">
    <data key="d0">20/10/10</data>
    <data key="d1">Ukraine</data>
    <data key="d2">Country</data>
    <data key="d3">URAN</data>
    <data key="d4">Primary</data>
    <data key="d5">0</data>
    <data key="d6">http://www.uran.net.ua/~eng/frames.htm</data>
    <data key="d7">1.0</data>
    <data key="d8">REN</data>
    <data key="d9">Current</data>
    <data key="d10">1</data>
    <data key="d11">0</data>
    <data key="d12">Uran</data>
    <data key="d13">0.3.34dev-20120328</data>
    <data key="d14">1</data>
    <data key="d15">0</data>
    <data key="d16">e278b1b</data>
    <data key="d17">=</data>
    <data key="d18">10</data>
    <data key="d19">21/10/10</data>
    <data key="d20">IP</data>
    <data key="d21">Topology Zoo Toolset</data>
    <data key="d22">0</data>
    <data key="d23">0</data>
    <data key="d24">2010_10</data>
    <data key="d25">2010</data>
    <data key="d26">2011_09_01</data>
    <data key="d27">0</data>
    <node id="0">
      <data key="d28">1</data>
      <data key="d29">46.63333</data>
      <data key="d30">Ukraine</data>
      <data key="d31">0</data>
      <data key="d32">32.6</data>
      <data key="d33">Kherson</data>
    </node>
    <node id="1">
      <data key="d28">1</data>
      <data key="d29">46.96667</data>
      <data key="d30">Ukraine</data>
      <data key="d31">1</data>
      <data key="d32">32.0</data>
      <data key="d33">Mykolaiv</data>
    </node>
    <node id="2">
      <data key="d28">1</data>
      <data key="d29">44.58883</data>
      <data key="d30">Ukraine</data>
      <data key="d31">2</data>
      <data key="d32">33.5224</data>
      <data key="d33">Sevastopol</data>
    </node>
    <node id="3">
      <data key="d28">1</data>
      <data key="d29">44.95844</data>
      <data key="d30">Ukraine</data>
      <data key="d31">3</data>
      <data key="d32">34.10558</data>
      <data key="d33">Simferopol</data>
    </node>
    <node id="4">
      <data key="d28">1</data>
      <data key="d29">49.23333</data>
      <data key="d30">Ukraine</data>
      <data key="d31">4</data>
      <data key="d32">28.48333</data>
      <data key="d33">Vinnitsa</data>
    </node>
    <node id="5">
      <data key="d28">1</data>
      <data key="d29">49.41667</data>
      <data key="d30">Ukraine</data>
      <data key="d31">5</data>
      <data key="d32">27.0</data>
      <data key="d33">Khmelnitsky</data>
    </node>
    <node id="6">
      <data key="d28">1</data>
      <data key="d29">46.47747</data>
      <data key="d30">Ukraine</data>
      <data key="d31">6</data>
      <data key="d32">30.73262</data>
      <data key="d33">Odessa</data>
    </node>
    <node id="7">
      <data key="d28">1</data>
      <data key="d29">48.66667</data>
      <data key="d30">Ukraine</data>
      <data key="d31">7</data>
      <data key="d32">26.56667</data>
      <data key="d33">Kamianets-Podilsky</data>
    </node>
    <node id="8">
      <data key="d28">0</data>
      <data key="d31">8</data>
      <data key="d33">Frankfurt (Internet)</data>
    </node>
    <node id="9">
      <data key="d28">0</data>
      <data key="d31">9</data>
      <data key="d33">Poznan (GEANT &amp; Internet)</data>
    </node>
    <node id="10">
      <data key="d28">1</data>
      <data key="d29">49.43333</data>
      <data key="d30">Ukraine</data>
      <data key="d31">10</data>
      <data key="d32">32.06667</data>
      <data key="d33">Cherkassy</data>
    </node>
    <node id="11">
      <data key="d28">0</data>
      <data key="d31">11</data>
      <data key="d33">Odessa-IX</data>
    </node>
    <node id="12">
      <data key="d28">0</data>
      <data key="d31">12</data>
      <data key="d33">Kharkiv-IX</data>
    </node>
    <node id="13">
      <data key="d28">0</data>
      <data key="d31">13</data>
      <data key="d33">UA-IX</data>
    </node>
    <node id="14">
      <data key="d28">1</data>
      <data key="d29">47.81667</data>
      <data key="d30">Ukraine</data>
      <data key="d31">14</data>
      <data key="d32">35.18333</data>
      <data key="d33">Zaporizhia</data>
    </node>
    <node id="15">
      <data key="d28">1</data>
      <data key="d29">48.45</data>
      <data key="d30">Ukraine</data>
      <data key="d31">15</data>
      <data key="d32">34.98333</data>
      <data key="d33">Dnipropetrovsk</data>
    </node>
    <node id="16">
      <data key="d28">1</data>
      <data key="d29">49.83826</data>
      <data key="d30">Ukraine</data>
      <data key="d31">16</data>
      <data key="d32">24.02324</data>
      <data key="d33">Lviv</data>
    </node>
    <node id="17">
      <data key="d28">1</data>
      <data key="d29">50.75</data>
      <data key="d30">Ukraine</data>
      <data key="d31">17</data>
      <data key="d32">25.33333</data>
      <data key="d33">Lutsk</data>
    </node>
    <node id="18">
      <data key="d28">1</data>
      <data key="d29">50.25</data>
      <data key="d30">Ukraine</data>
      <data key="d31">18</data>
      <data key="d32">28.66667</data>
      <data key="d33">Zhitomir</data>
    </node>
    <node id="19">
      <data key="d28">1</data>
      <data key="d29">50.45466</data>
      <data key="d30">Ukraine</data>
      <data key="d31">19</data>
      <data key="d32">30.5238</data>
      <data key="d33">Kiev</data>
    </node>
    <node id="20">
      <data key="d28">1</data>
      <data key="d29">50.08333</data>
      <data key="d30">Ukraine</data>
      <data key="d31">20</data>
      <data key="d32">31.46667</data>
      <data key="d33">Pereyaslav</data>
    </node>
    <node id="21">
      <data key="d28">1</data>
      <data key="d29">49.58333</data>
      <data key="d30">Ukraine</data>
      <data key="d31">21</data>
      <data key="d32">34.56667</data>
      <data key="d33">Poltava</data>
    </node>
    <node id="22">
      <data key="d28">1</data>
      <data key="d29">50.0</data>
      <data key="d30">Ukraine</data>
      <data key="d31">22</data>
      <data key="d32">36.25</data>
      <data key="d33">Kharkiv</data>
    </node>
    <node id="23">
      <data key="d28">1</data>
      <data key="d29">48.0</data>
      <data key="d30">Ukraine</data>
      <data key="d31">23</data>
      <data key="d32">37.8</data>
      <data key="d33">Donetsk</data>
    </node>
    <edge source="0" target="1">
      <data key="d34">1</data>
      <data key="d35">1Gbps</data>
      <data key="d36">G</data>
      <data key="d37">1000000000.0</data>
      <data key="d38">0</data>
    </edge>
    <edge source="0" target="3">
      <data key="d34">100</data>
      <data key="d35">100Mbps</data>
      <data key="d36">M</data>
      <data key="d37">100000000.0</data>
      <data key="d38">0</data>
    </edge>
    <edge source="1" target="10">
      <data key="d34">1</data>
      <data key="d35">1Gbps</data>
      <data key="d36">G</data>
      <data key="d37">1000000000.0</data>
      <data key="d38">0</data>
    </edge>
    <edge source="1" target="6">
      <data key="d34">1</data>
      <data key="d35">1Gbps</data>
      <data key="d36">G</data>
      <data key="d37">1000000000.0</data>
      <data key="d38">0</data>
    </edge>
    <edge source="2" target="3">
      <data key="d34">100</data>
      <data key="d35">100Mbps</data>
      <data key="d36">M</data>
      <data key="d37">100000000.0</data>
      <data key="d38">0</data>
    </edge>
    <edge source="4" target="19">
      <data key="d34">100</data>
      <data key="d35">100Mbps</data>
      <data key="d36">M</data>
      <data key="d37">100000000.0</data>
      <data key="d38">0</data>
    </edge>
    <edge source="4" target="5">
      <data key="d34">100</data>
      <data key="d35">100Mbps</data>
      <data key="d36">M</data>
      <data key="d37">100000000.0</data>
      <data key="d38">0</data>
    </edge>
    <edge source="5" target="16">
      <data key="d34">100</data>
      <data key="d35">100Mbps</data>
      <data key="d36">M</data>
      <data key="d37">100000000.0</data>
      <data key="d38">0</data>
    </edge>
    <edge source="6" target="11">
      <data key="d34">1</data>
      <data key="d35">1Gbps</data>
      <data key="d36">G</data>
      <data key="d37">1000000000.0</data>
      <data key="d38">0</data>
    </edge>
    <edge source="7" target="19">
      <data key="d34">100</data>
      <data key="d35">100Mbps</data>
      <data key="d36">M</data>
      <data key="d37">100000000.0</data>
      <data key="d38">0</data>
    </edge>
    <edge source="8" target="19">
      <data key="d34">10</data>
      <data key="d35">10Gbps</data>
      <data key="d36">G</data>
      <data key="d37">10000000000.0</data>
      <data key="d38">0</data>
    </edge>
    <edge source="9" target="16">
      <data key="d34">10</data>
      <data key="d35">10Gbps</data>
      <data key="d36">G</data>
      <data key="d37">10000000000.0</data>
      <data key="d38">0</data>
    </edge>
    <edge source="10" target="19">
      <data key="d34">1</data>
      <data key="d35">1Gbps</data>
      <data key="d36">G</data>
      <data key="d37">1000000000.0</data>
      <data key="d38">0</data>
    </edge>
    <edge source="12" target="22">
      <data key="d34">1</data>
      <data key="d35">1Gbps</data>
      <data key="d36">G</data>
      <data key="d37">1000000000.0</data>
      <data key="d38">0</data>
    </edge>
    <edge source="13" target="19">
      <data key="d34">10</data>
      <data key="d35">10Gbps</data>
      <data key="d36">G</data>
      <data key="d37">10000000000.0</data>
      <data key="d38">0</data>
    </edge>
    <edge source="14" target="15">
      <data key="d34">100</data>
      <data key="d35">100Mbps</data>
      <data key="d36">M</data>
      <data key="d37">100000000.0</data>
      <data key="d38">0</data>
    </edge>
    <edge source="15" target="21">
      <data key="d34">1</data>
      <data key="d35">1Gbps</data>
      <data key="d36">G</data>
      <data key="d37">1000000000.0</data>
      <data key="d38">0</data>
    </edge>
    <edge source="15" target="23">
      <data key="d34">100</data>
      <data key="d35">100Mbps</data>
      <data key="d36">M</data>
      <data key="d37">100000000.0</data>
      <data key="d38">0</data>
    </edge>
    <edge source="16" target="19">
      <data key="d34">1</data>
      <data key="d35">1Gbps</data>
      <data key="d36">G</data>
      <data key="d37">1000000000.0</data>
      <data key="d38">0</data>
    </edge>
    <edge source="17" target="18">
      <data key="d34">100</data>
      <data key="d35">100Mbps</data>
      <data key="d36">M</data>
      <data key="d37">100000000.0</data>
      <data key="d38">0</data>
    </edge>
    <edge source="18" target="19">
      <data key="d34">100</data>
      <data key="d35">100Mbps</data>
      <data key="d36">M</data>
      <data key="d37">100000000.0</data>
      <data key="d38">0</data>
    </edge>
    <edge source="19" target="20">
      <data key="d34">100</data>
      <data key="d35">100Mbps</data>
      <data key="d36">M</data>
      <data key="d37">100000000.0</data>
      <data key="d38">0</data>
    </edge>
    <edge source="19" target="21">
      <data key="d34">1</data>
      <data key="d35">1Gbps</data>
      <data key="d36">G</data>
      <data key="d37">1000000000.0</data>
      <data key="d38">0</data>
    </edge>
    <edge source="21" target="22">
      <data key="d34">1</data>
      <data key="d35">1Gbps</data>
      <data key="d36">G</data>
      <data key="d37">1000000000.0</data>
      <data key="d38">0</data>
    </edge>
  </graph>
</graphml>
