<?xml version="1.0" encoding="utf-8"?><graphml xmlns="http://graphml.graphdrawing.org/xmlns" xmlns:xsi="http://www.w3.org/2001/XMLSchema-instance" xsi:schemaLocation="http://graphml.graphdrawing.org/xmlns http://graphml.graphdrawing.org/xmlns/1.0/graphml.xsd">
  <key attr.name="key" attr.type="int" for="edge" id="d38" />
  <key attr.name="id" attr.type="string" for="edge" id="d37" />
  <key attr.name="geocode_id" attr.type="string" for="node" id="d36" />
  <key attr.name="hyperedge" attr.type="int" for="node" id="d35" />
  <key attr.name="label" attr.type="string" for="node" id="d34" />
  <key attr.name="Longitude" attr.type="double" for="node" id="d33" />
  <key attr.name="id" attr.type="int" for="node" id="d32" />
  <key attr.name="Country" attr.type="string" for="node" id="d31" />
  <key attr.name="Latitude" attr.type="double" for="node" id="d30" />
  <key attr.name="Internal" attr.type="int" for="node" id="d29" />
  <key attr.name="Testbed" attr.type="int" for="graph" id="d28" />
  <key attr.name="LastProcessed" attr.type="string" for="graph" id="d27" />
  <key attr.name="DateYear" attr.type="string" for="graph" id="d26" />
  <key attr.name="NetworkDate" attr.type="string" for="graph" id="d25" />
  <key attr.name="Transit" attr.type="int" for="graph" id="d24" />
  <key attr.name="Developed" attr.type="int" for="graph" id="d23" />
  <key attr.name="Creator" attr.type="string" for="graph" id="d22" />
  <key attr.name="Layer" attr.type="string" for="graph" id="d21" />
  <key attr.name="Access" attr.type="int" for="graph" id="d20" />
  <key attr.name="LastAccess" attr.type="string" for="graph" id="d19" />
  <key attr.name="DateMonth" attr.type="string" for="graph" id="d18" />
  <key attr.name="DateModifier" attr.type="string" for="graph" id="d17" />
  <key attr.name="SourceGitVersion" attr.type="string" for="graph" id="d16" />
  <key attr.name="IX" attr.type="int" for="graph" id="d15" />
  <key attr.name="Customer" attr.type="int" for="graph" id="d14" />
  <key attr.name="ToolsetVersion" attr.type="string" for="graph" id="d13" />
  <key attr.name="label" attr.type="string" for="graph" id="d12" />
  <key attr.name="Commercial" attr.type="int" for="graph" id="d11" />
  <key attr.name="Backbone" attr.type="int" for="graph" id="d10" />
  <key attr.name="Type" attr.type="string" for="graph" id="d9" />
  <key attr.name="DateType" attr.type="string" for="graph" id="d8" />
  <key attr.name="Version" attr.type="string" for="graph" id="d7" />
  <key attr.name="Source" attr.type="string" for="graph" id="d6" />
  <key attr.name="Note" attr.type="string" for="graph" id="d5" />
  <key attr.name="Provenance" attr.type="string" for="graph" id="d4" />
  <key attr.name="Network" attr.type="string" for="graph" id="d3" />
  <key attr.name="GeoExtent" attr.type="string" for="graph" id="d2" />
  <key attr.name="GeoLocation" attr.type="string" for="graph" id="d1" />
  <key attr.name="DateObtained" attr.type="string" for="graph" id="d0" />
  <graph edgedefault="undirected">
    <data key="d0">22/10/10</data>
    <data key="d1">USA</data>
    <data key="d2">Country</data>
    <data key="d3">US Signal</data>
    <data key="d4">Primary</data>
    <data key="d5">Fiber provider</data>
    <data key="d6">http://www.ussignalcom.com/network</data>
    <data key="d7">1.0</data>
    <data key="d8">Current</data>
    <data key="d9">COM</data>
    <data key="d10">1</data>
    <data key="d11">0</data>
    <data key="d12">UsSignal</data>
    <data key="d13">0.3.34dev-20120328</data>
    <data key="d14">0</data>
    <data key="d15">0</data>
    <data key="d16">e278b1b</data>
    <data key="d17">=</data>
    <data key="d18">08</data>
    <data key="d19">3/08/10</data>
    <data key="d20">0</data>
    <data key="d21">Fibre</data>
    <data key="d22">Topology Zoo Toolset</data>
    <data key="d23">1</data>
    <data key="d24">0</data>
    <data key="d25">2010_08</data>
    <data key="d26">2010</data>
    <data key="d27">2011_09_01</data>
    <data key="d28">0</data>
    <node id="0">
      <data key="d29">1</data>
      <data key="d30">39.76838</data>
      <data key="d31">United States</data>
      <data key="d32">0</data>
      <data key="d33">-86.15804</data>
      <data key="d34">Indianapolis </data>
    </node>
    <node id="1">
      <data key="d29">1</data>
      <data key="d30">39.16532</data>
      <data key="d31">United States</data>
      <data key="d32">1</data>
      <data key="d33">-86.52639</data>
      <data key="d34">Bloomington</data>
    </node>
    <node id="2">
      <data key="d29">1</data>
      <data key="d30">39.52144</data>
      <data key="d31">United States</data>
      <data key="d32">2</data>
      <data key="d33">-85.77692</data>
      <data key="d34">Shelbyville</data>
    </node>
    <node id="3">
      <data key="d29">1</data>
      <data key="d30">39.61366</data>
      <data key="d31">United States</data>
      <data key="d32">3</data>
      <data key="d33">-86.10665</data>
      <data key="d34">Greenwood</data>
    </node>
    <node id="4">
      <data key="d29">1</data>
      <data key="d30">37.97476</data>
      <data key="d31">United States</data>
      <data key="d32">4</data>
      <data key="d33">-87.55585</data>
      <data key="d34">Evansville</data>
    </node>
    <node id="5">
      <data key="d29">1</data>
      <data key="d30">38.52505</data>
      <data key="d31">United States</data>
      <data key="d32">5</data>
      <data key="d33">-89.1334</data>
      <data key="d34">Centralia </data>
    </node>
    <node id="6">
      <data key="d29">1</data>
      <data key="d30">39.20144</data>
      <data key="d31">United States</data>
      <data key="d32">6</data>
      <data key="d33">-85.92138</data>
      <data key="d34">Columbus</data>
    </node>
    <node id="7">
      <data key="d29">1</data>
      <data key="d30">38.25424</data>
      <data key="d31">United States</data>
      <data key="d32">7</data>
      <data key="d33">-85.75941</data>
      <data key="d34">Louisville</data>
    </node>
    <node id="8">
      <data key="d29">1</data>
      <data key="d30">42.73254</data>
      <data key="d31">United States</data>
      <data key="d32">8</data>
      <data key="d33">-84.55553</data>
      <data key="d34">Lansing</data>
    </node>
    <node id="9">
      <data key="d29">1</data>
      <data key="d30">42.24587</data>
      <data key="d31">United States</data>
      <data key="d32">9</data>
      <data key="d33">-84.40135</data>
      <data key="d34">Jackson</data>
    </node>
    <node id="10">
      <data key="d29">1</data>
      <data key="d30">38.62727</data>
      <data key="d31">United States</data>
      <data key="d32">10</data>
      <data key="d33">-90.19789</data>
      <data key="d34">St Loius</data>
    </node>
    <node id="11">
      <data key="d29">1</data>
      <data key="d30">40.4167</data>
      <data key="d31">United States</data>
      <data key="d32">11</data>
      <data key="d33">-86.87529</data>
      <data key="d34">Lafayette</data>
    </node>
    <node id="12">
      <data key="d29">1</data>
      <data key="d30">42.96336</data>
      <data key="d31">United States</data>
      <data key="d32">12</data>
      <data key="d33">-85.66809</data>
      <data key="d34">Grand Rapids</data>
    </node>
    <node id="13">
      <data key="d29">1</data>
      <data key="d30">43.23418</data>
      <data key="d31">United States</data>
      <data key="d32">13</data>
      <data key="d33">-86.24839</data>
      <data key="d34">Muskegon</data>
    </node>
    <node id="14">
      <data key="d29">1</data>
      <data key="d30">41.59337</data>
      <data key="d31">United States</data>
      <data key="d32">14</data>
      <data key="d33">-87.34643</data>
      <data key="d34">Gary</data>
    </node>
    <node id="15">
      <data key="d29">1</data>
      <data key="d30">42.32115</data>
      <data key="d31">United States</data>
      <data key="d32">15</data>
      <data key="d33">-85.17971</data>
      <data key="d34">Battle Creek</data>
    </node>
    <node id="16">
      <data key="d29">1</data>
      <data key="d30">42.27113</data>
      <data key="d31">United States</data>
      <data key="d32">16</data>
      <data key="d33">-89.094</data>
      <data key="d34">Rockford </data>
    </node>
    <node id="17">
      <data key="d29">1</data>
      <data key="d30">43.07305</data>
      <data key="d31">United States</data>
      <data key="d32">17</data>
      <data key="d33">-89.40123</data>
      <data key="d34">Madison </data>
    </node>
    <node id="18">
      <data key="d29">1</data>
      <data key="d30">40.19338</data>
      <data key="d31">United States</data>
      <data key="d32">18</data>
      <data key="d33">-85.38636</data>
      <data key="d34">Muncie</data>
    </node>
    <node id="19">
      <data key="d29">1</data>
      <data key="d30">40.10532</data>
      <data key="d31">United States</data>
      <data key="d32">19</data>
      <data key="d33">-85.68025</data>
      <data key="d34">Anderson</data>
    </node>
    <node id="20">
      <data key="d29">1</data>
      <data key="d30">39.48309</data>
      <data key="d31">United States</data>
      <data key="d32">20</data>
      <data key="d33">-88.37283</data>
      <data key="d34">Mattoon </data>
    </node>
    <node id="21">
      <data key="d29">1</data>
      <data key="d30">39.4667</data>
      <data key="d31">United States</data>
      <data key="d32">21</data>
      <data key="d33">-87.41391</data>
      <data key="d34">Terre Haute </data>
    </node>
    <node id="22">
      <data key="d29">1</data>
      <data key="d30">40.11642</data>
      <data key="d31">United States</data>
      <data key="d32">22</data>
      <data key="d33">-88.24338</data>
      <data key="d34">Champaign </data>
    </node>
    <node id="23">
      <data key="d29">1</data>
      <data key="d30">40.4842</data>
      <data key="d31">United States</data>
      <data key="d32">23</data>
      <data key="d33">-88.99369</data>
      <data key="d34">Bloomington</data>
    </node>
    <node id="24">
      <data key="d29">1</data>
      <data key="d30">40.69365</data>
      <data key="d31">United States</data>
      <data key="d32">24</data>
      <data key="d33">-89.58899</data>
      <data key="d34">Peoria </data>
    </node>
    <node id="25">
      <data key="d29">1</data>
      <data key="d30">39.80172</data>
      <data key="d31">United States</data>
      <data key="d32">25</data>
      <data key="d33">-89.64371</data>
      <data key="d34">Springfield </data>
    </node>
    <node id="26">
      <data key="d29">1</data>
      <data key="d30">42.27756</data>
      <data key="d31">United States</data>
      <data key="d32">26</data>
      <data key="d33">-83.74088</data>
      <data key="d34">Ann Arbor</data>
    </node>
    <node id="27">
      <data key="d29">1</data>
      <data key="d30">44.76306</data>
      <data key="d31">United States</data>
      <data key="d32">27</data>
      <data key="d33">-85.62063</data>
      <data key="d34">Traverse City</data>
    </node>
    <node id="28">
      <data key="d29">1</data>
      <data key="d30">43.59781</data>
      <data key="d31">United States</data>
      <data key="d32">28</data>
      <data key="d33">-84.76751</data>
      <data key="d34">Mt Pleasant</data>
    </node>
    <node id="29">
      <data key="d29">1</data>
      <data key="d30">41.57587</data>
      <data key="d31">United States</data>
      <data key="d32">29</data>
      <data key="d33">-87.17615</data>
      <data key="d34">Portage</data>
    </node>
    <node id="30">
      <data key="d29">1</data>
      <data key="d30">41.85003</data>
      <data key="d31">United States</data>
      <data key="d32">30</data>
      <data key="d33">-87.65005</data>
      <data key="d34">Chicago </data>
    </node>
    <node id="31">
      <data key="d29">1</data>
      <data key="d30">43.61558</data>
      <data key="d31">United States</data>
      <data key="d32">31</data>
      <data key="d33">-84.24721</data>
      <data key="d34">Midland</data>
    </node>
    <node id="32">
      <data key="d35">1</data>
      <data key="d29">1</data>
      <data key="d32">32</data>
      <data key="d34">None</data>
    </node>
    <node id="33">
      <data key="d29">1</data>
      <data key="d30">43.41947</data>
      <data key="d31">United States</data>
      <data key="d32">33</data>
      <data key="d33">-83.95081</data>
      <data key="d34">Saginaw</data>
    </node>
    <node id="34">
      <data key="d35">1</data>
      <data key="d29">1</data>
      <data key="d32">34</data>
      <data key="d34">None</data>
    </node>
    <node id="35">
      <data key="d29">1</data>
      <data key="d30">44.26193</data>
      <data key="d31">United States</data>
      <data key="d32">35</data>
      <data key="d33">-88.41538</data>
      <data key="d34">Appleton </data>
    </node>
    <node id="36">
      <data key="d29">1</data>
      <data key="d30">44.02471</data>
      <data key="d31">United States</data>
      <data key="d32">36</data>
      <data key="d33">-88.54261</data>
      <data key="d34">Oshkosh </data>
    </node>
    <node id="37">
      <data key="d29">1</data>
      <data key="d30">43.0389</data>
      <data key="d31">United States</data>
      <data key="d32">37</data>
      <data key="d33">-87.90647</data>
      <data key="d34">Milwaukee </data>
    </node>
    <node id="38">
      <data key="d29">1</data>
      <data key="d30">44.51916</data>
      <data key="d31">United States</data>
      <data key="d32">38</data>
      <data key="d33">-88.01983</data>
      <data key="d34">Green Bay </data>
    </node>
    <node id="39">
      <data key="d29">1</data>
      <data key="d30">42.03336</data>
      <data key="d31">United States</data>
      <data key="d32">39</data>
      <data key="d33">-87.8834</data>
      <data key="d34">Des Plaines </data>
    </node>
    <node id="40">
      <data key="d29">1</data>
      <data key="d30">42.12753</data>
      <data key="d31">United States</data>
      <data key="d32">40</data>
      <data key="d33">-87.82895</data>
      <data key="d34">Northbrook </data>
    </node>
    <node id="41">
      <data key="d29">1</data>
      <data key="d30">41.80503</data>
      <data key="d31">United States</data>
      <data key="d32">41</data>
      <data key="d33">-87.86923</data>
      <data key="d34">La Grange</data>
    </node>
    <node id="42">
      <data key="d29">1</data>
      <data key="d30">41.83281</data>
      <data key="d31">United States</data>
      <data key="d32">42</data>
      <data key="d33">-87.92895</data>
      <data key="d34">Oak Brook </data>
    </node>
    <node id="43">
      <data key="d29">1</data>
      <data key="d30">40.74255</data>
      <data key="d31">United States</data>
      <data key="d32">43</data>
      <data key="d33">-84.10523</data>
      <data key="d34">Lima</data>
    </node>
    <node id="44">
      <data key="d29">1</data>
      <data key="d30">41.1306</data>
      <data key="d31">United States</data>
      <data key="d32">44</data>
      <data key="d33">-85.12886</data>
      <data key="d34">Fort Wayne</data>
    </node>
    <node id="45">
      <data key="d29">1</data>
      <data key="d30">41.68338</data>
      <data key="d31">United States</data>
      <data key="d32">45</data>
      <data key="d33">-86.25001</data>
      <data key="d34">South Bend</data>
    </node>
    <node id="46">
      <data key="d29">1</data>
      <data key="d30">41.2381</data>
      <data key="d31">United States</data>
      <data key="d32">46</data>
      <data key="d33">-85.85305</data>
      <data key="d34">Warsaw</data>
    </node>
    <node id="47">
      <data key="d29">1</data>
      <data key="d33">-85.6597</data>
      <data key="d30">40.54969</data>
      <data key="d31">United States</data>
      <data key="d32">47</data>
      <data key="d36">7317018</data>
      <data key="d34">Marion</data>
    </node>
    <node id="48">
      <data key="d29">1</data>
      <data key="d30">40.48643</data>
      <data key="d31">United States</data>
      <data key="d32">48</data>
      <data key="d33">-86.1336</data>
      <data key="d34">Kokomo</data>
    </node>
    <node id="49">
      <data key="d29">1</data>
      <data key="d30">41.68199</data>
      <data key="d31">United States</data>
      <data key="d32">49</data>
      <data key="d33">-85.97667</data>
      <data key="d34">Elkhart</data>
    </node>
    <node id="50">
      <data key="d29">1</data>
      <data key="d30">41.94394</data>
      <data key="d31">United States</data>
      <data key="d32">50</data>
      <data key="d33">-85.63249</data>
      <data key="d34">Three Rivers</data>
    </node>
    <node id="51">
      <data key="d29">1</data>
      <data key="d30">42.29171</data>
      <data key="d31">United States</data>
      <data key="d32">51</data>
      <data key="d33">-85.58723</data>
      <data key="d34">Kalamazoo</data>
    </node>
    <node id="52">
      <data key="d29">1</data>
      <data key="d30">41.82977</data>
      <data key="d31">United States</data>
      <data key="d32">52</data>
      <data key="d33">-86.25418</data>
      <data key="d34">Niles</data>
    </node>
    <node id="53">
      <data key="d29">1</data>
      <data key="d30">39.75895</data>
      <data key="d31">United States</data>
      <data key="d32">53</data>
      <data key="d33">-84.19161</data>
      <data key="d34">Dayton </data>
    </node>
    <node id="54">
      <data key="d29">1</data>
      <data key="d30">39.162</data>
      <data key="d31">United States</data>
      <data key="d32">54</data>
      <data key="d33">-84.45689</data>
      <data key="d34">Cincinnati </data>
    </node>
    <node id="55">
      <data key="d29">1</data>
      <data key="d30">43.41947</data>
      <data key="d31">United States</data>
      <data key="d32">55</data>
      <data key="d33">-83.95081</data>
      <data key="d34">Saginaw</data>
    </node>
    <node id="56">
      <data key="d29">1</data>
      <data key="d30">43.01253</data>
      <data key="d31">United States</data>
      <data key="d32">56</data>
      <data key="d33">-83.68746</data>
      <data key="d34">Flint</data>
    </node>
    <node id="57">
      <data key="d29">1</data>
      <data key="d30">42.63892</data>
      <data key="d31">United States</data>
      <data key="d32">57</data>
      <data key="d33">-83.29105</data>
      <data key="d34">Pontiac</data>
    </node>
    <node id="58">
      <data key="d29">1</data>
      <data key="d30">42.4762</data>
      <data key="d31">United States</data>
      <data key="d32">58</data>
      <data key="d33">-83.2428</data>
      <data key="d34">Southfield/Detroit</data>
    </node>
    <node id="59">
      <data key="d29">1</data>
      <data key="d30">41.66394</data>
      <data key="d31">United States</data>
      <data key="d32">59</data>
      <data key="d33">-83.55521</data>
      <data key="d34">Toledo</data>
    </node>
    <node id="60">
      <data key="d29">1</data>
      <data key="d30">41.4995</data>
      <data key="d31">United States</data>
      <data key="d32">60</data>
      <data key="d33">-81.69541</data>
      <data key="d34">Cleveland</data>
    </node>
    <node id="61">
      <data key="d29">1</data>
      <data key="d30">41.08144</data>
      <data key="d31">United States</data>
      <data key="d32">61</data>
      <data key="d33">-81.51901</data>
      <data key="d34">Akron</data>
    </node>
    <node id="62">
      <data key="d29">1</data>
      <data key="d30">39.96118</data>
      <data key="d31">United States</data>
      <data key="d32">62</data>
      <data key="d33">-82.99879</data>
      <data key="d34">Columbus </data>
    </node>
    <edge source="0" target="3">
      <data key="d37">e16</data>
      <data key="d38">0</data>
    </edge>
    <edge source="0" target="11">
      <data key="d37">e18</data>
      <data key="d38">0</data>
    </edge>
    <edge source="0" target="2">
      <data key="d37">e14</data>
      <data key="d38">0</data>
    </edge>
    <edge source="0" target="19">
      <data key="d37">e20</data>
      <data key="d38">0</data>
    </edge>
    <edge source="0" target="21">
      <data key="d37">e19</data>
      <data key="d38">0</data>
    </edge>
    <edge source="1" target="3">
      <data key="d37">e17</data>
      <data key="d38">0</data>
    </edge>
    <edge source="1" target="6">
      <data key="d37">e21</data>
      <data key="d38">0</data>
    </edge>
    <edge source="2" target="54">
      <data key="d37">e13</data>
      <data key="d38">0</data>
    </edge>
    <edge source="2" target="6">
      <data key="d37">e15</data>
      <data key="d38">0</data>
    </edge>
    <edge source="5" target="10">
      <data key="d37">e24</data>
      <data key="d38">0</data>
    </edge>
    <edge source="5" target="20">
      <data key="d37">e23</data>
      <data key="d38">0</data>
    </edge>
    <edge source="6" target="7">
      <data key="d37">e22</data>
      <data key="d38">0</data>
    </edge>
    <edge source="8" target="56">
      <data key="d37">e2</data>
      <data key="d38">0</data>
    </edge>
    <edge source="8" target="9">
      <data key="d37">e76</data>
      <data key="d38">0</data>
    </edge>
    <edge source="8" target="28">
      <data key="d37">e73</data>
      <data key="d38">0</data>
    </edge>
    <edge source="8" target="12">
      <data key="d37">e69</data>
      <data key="d38">0</data>
    </edge>
    <edge source="9" target="26">
      <data key="d37">e77</data>
      <data key="d38">0</data>
    </edge>
    <edge source="9" target="15">
      <data key="d37">e68</data>
      <data key="d38">0</data>
    </edge>
    <edge source="10" target="25">
      <data key="d37">e25</data>
      <data key="d38">0</data>
    </edge>
    <edge source="11" target="48">
      <data key="d37">e26</data>
      <data key="d38">0</data>
    </edge>
    <edge source="11" target="14">
      <data key="d37">e27</data>
      <data key="d38">0</data>
    </edge>
    <edge source="12" target="51">
      <data key="d37">e39</data>
      <data key="d38">0</data>
    </edge>
    <edge source="12" target="13">
      <data key="d37">e70</data>
      <data key="d38">0</data>
    </edge>
    <edge source="13" target="28">
      <data key="d37">e72</data>
      <data key="d38">0</data>
    </edge>
    <edge source="13" target="27">
      <data key="d37">e71</data>
      <data key="d38">0</data>
    </edge>
    <edge source="14" target="41">
      <data key="d37">e65</data>
      <data key="d38">0</data>
    </edge>
    <edge source="15" target="51">
      <data key="d37">e38</data>
      <data key="d38">0</data>
    </edge>
    <edge source="16" target="17">
      <data key="d37">e53</data>
      <data key="d38">0</data>
    </edge>
    <edge source="16" target="42">
      <data key="d37">e52</data>
      <data key="d38">0</data>
    </edge>
    <edge source="17" target="36">
      <data key="d37">e54</data>
      <data key="d38">0</data>
    </edge>
    <edge source="17" target="37">
      <data key="d37">e55</data>
      <data key="d38">0</data>
    </edge>
    <edge source="18" target="19">
      <data key="d37">e44</data>
      <data key="d38">0</data>
    </edge>
    <edge source="18" target="47">
      <data key="d37">e30</data>
      <data key="d38">0</data>
    </edge>
    <edge source="20" target="22">
      <data key="d37">e45</data>
      <data key="d38">0</data>
    </edge>
    <edge source="20" target="21">
      <data key="d37">e46</data>
      <data key="d38">0</data>
    </edge>
    <edge source="22" target="32">
      <data key="d37">e47</data>
      <data key="d38">0</data>
    </edge>
    <edge source="23" target="32">
      <data key="d37">e49</data>
      <data key="d38">0</data>
    </edge>
    <edge source="23" target="24">
      <data key="d37">e48</data>
      <data key="d38">0</data>
    </edge>
    <edge source="24" target="25">
      <data key="d37">e50</data>
      <data key="d38">0</data>
    </edge>
    <edge source="25" target="32">
      <data key="d37">e51</data>
      <data key="d38">0</data>
    </edge>
    <edge source="26" target="58">
      <data key="d37">e6</data>
      <data key="d38">0</data>
    </edge>
    <edge source="27" target="33">
      <data key="d37">e78</data>
      <data key="d38">0</data>
    </edge>
    <edge source="28" target="31">
      <data key="d37">e74</data>
      <data key="d38">0</data>
    </edge>
    <edge source="29" target="45">
      <data key="d37">e34</data>
      <data key="d38">0</data>
    </edge>
    <edge source="29" target="30">
      <data key="d37">e66</data>
      <data key="d38">0</data>
    </edge>
    <edge source="30" target="32">
      <data key="d37">e67</data>
      <data key="d38">0</data>
    </edge>
    <edge source="30" target="42">
      <data key="d37">e62</data>
      <data key="d38">0</data>
    </edge>
    <edge source="31" target="33">
      <data key="d37">e75</data>
      <data key="d38">0</data>
    </edge>
    <edge source="33" target="55">
      <data key="d37">e1</data>
      <data key="d38">0</data>
    </edge>
    <edge source="34" target="43">
      <data key="d37">e43</data>
      <data key="d38">0</data>
    </edge>
    <edge source="34" target="60">
      <data key="d37">e9</data>
      <data key="d38">0</data>
    </edge>
    <edge source="34" target="62">
      <data key="d37">e11</data>
      <data key="d38">0</data>
    </edge>
    <edge source="35" target="36">
      <data key="d37">e56</data>
      <data key="d38">0</data>
    </edge>
    <edge source="35" target="38">
      <data key="d37">e57</data>
      <data key="d38">0</data>
    </edge>
    <edge source="37" target="40">
      <data key="d37">e59</data>
      <data key="d38">0</data>
    </edge>
    <edge source="37" target="38">
      <data key="d37">e58</data>
      <data key="d38">0</data>
    </edge>
    <edge source="39" target="40">
      <data key="d37">e60</data>
      <data key="d38">0</data>
    </edge>
    <edge source="39" target="42">
      <data key="d37">e61</data>
      <data key="d38">0</data>
    </edge>
    <edge source="41" target="42">
      <data key="d37">e63</data>
      <data key="d38">0</data>
    </edge>
    <edge source="41" target="42">
      <data key="d37">e64</data>
      <data key="d38">1</data>
    </edge>
    <edge source="43" target="44">
      <data key="d37">e42</data>
      <data key="d38">0</data>
    </edge>
    <edge source="44" target="49">
      <data key="d37">e41</data>
      <data key="d38">0</data>
    </edge>
    <edge source="44" target="47">
      <data key="d37">e29</data>
      <data key="d38">0</data>
    </edge>
    <edge source="45" target="49">
      <data key="d37">e35</data>
      <data key="d38">0</data>
    </edge>
    <edge source="45" target="52">
      <data key="d37">e33</data>
      <data key="d38">0</data>
    </edge>
    <edge source="45" target="46">
      <data key="d37">e32</data>
      <data key="d38">0</data>
    </edge>
    <edge source="46" target="47">
      <data key="d37">e31</data>
      <data key="d38">0</data>
    </edge>
    <edge source="47" target="48">
      <data key="d37">e28</data>
      <data key="d38">0</data>
    </edge>
    <edge source="49" target="50">
      <data key="d37">e40</data>
      <data key="d38">0</data>
    </edge>
    <edge source="49" target="59">
      <data key="d37">e7</data>
      <data key="d38">0</data>
    </edge>
    <edge source="50" target="51">
      <data key="d37">e37</data>
      <data key="d38">0</data>
    </edge>
    <edge source="51" target="52">
      <data key="d37">e36</data>
      <data key="d38">0</data>
    </edge>
    <edge source="53" target="54">
      <data key="d37">e12</data>
      <data key="d38">0</data>
    </edge>
    <edge source="53" target="62">
      <data key="d37">e10</data>
      <data key="d38">0</data>
    </edge>
    <edge source="55" target="56">
      <data key="d37">e0</data>
      <data key="d38">0</data>
    </edge>
    <edge source="56" target="57">
      <data key="d37">e3</data>
      <data key="d38">0</data>
    </edge>
    <edge source="57" target="58">
      <data key="d37">e4</data>
      <data key="d38">0</data>
    </edge>
    <edge source="58" target="59">
      <data key="d37">e5</data>
      <data key="d38">0</data>
    </edge>
    <edge source="59" target="60">
      <data key="d37">e8</data>
      <data key="d38">0</data>
    </edge>
  </graph>
</graphml>
