<?xml version="1.0" encoding="utf-8"?><graphml xmlns="http://graphml.graphdrawing.org/xmlns" xmlns:xsi="http://www.w3.org/2001/XMLSchema-instance" xsi:schemaLocation="http://graphml.graphdrawing.org/xmlns http://graphml.graphdrawing.org/xmlns/1.0/graphml.xsd">
  <key attr.name="id" attr.type="string" for="edge" id="d38" />
  <key attr.name="key" attr.type="int" for="edge" id="d37" />
  <key attr.name="LinkNote" attr.type="string" for="edge" id="d36" />
  <key attr.name="LinkLabel" attr.type="string" for="edge" id="d35" />
  <key attr.name="LinkType" attr.type="string" for="edge" id="d34" />
  <key attr.name="label" attr.type="string" for="node" id="d33" />
  <key attr.name="Longitude" attr.type="double" for="node" id="d32" />
  <key attr.name="id" attr.type="int" for="node" id="d31" />
  <key attr.name="Country" attr.type="string" for="node" id="d30" />
  <key attr.name="Latitude" attr.type="double" for="node" id="d29" />
  <key attr.name="Internal" attr.type="int" for="node" id="d28" />
  <key attr.name="Testbed" attr.type="int" for="graph" id="d27" />
  <key attr.name="LastProcessed" attr.type="string" for="graph" id="d26" />
  <key attr.name="DateYear" attr.type="string" for="graph" id="d25" />
  <key attr.name="NetworkDate" attr.type="string" for="graph" id="d24" />
  <key attr.name="Transit" attr.type="int" for="graph" id="d23" />
  <key attr.name="Developed" attr.type="int" for="graph" id="d22" />
  <key attr.name="Creator" attr.type="string" for="graph" id="d21" />
  <key attr.name="Layer" attr.type="string" for="graph" id="d20" />
  <key attr.name="LastAccess" attr.type="string" for="graph" id="d19" />
  <key attr.name="DateMonth" attr.type="string" for="graph" id="d18" />
  <key attr.name="DateModifier" attr.type="string" for="graph" id="d17" />
  <key attr.name="SourceGitVersion" attr.type="string" for="graph" id="d16" />
  <key attr.name="IX" attr.type="int" for="graph" id="d15" />
  <key attr.name="Customer" attr.type="int" for="graph" id="d14" />
  <key attr.name="ToolsetVersion" attr.type="string" for="graph" id="d13" />
  <key attr.name="label" attr.type="string" for="graph" id="d12" />
  <key attr.name="Commercial" attr.type="int" for="graph" id="d11" />
  <key attr.name="Backbone" attr.type="int" for="graph" id="d10" />
  <key attr.name="DateType" attr.type="string" for="graph" id="d9" />
  <key attr.name="Type" attr.type="string" for="graph" id="d8" />
  <key attr.name="Version" attr.type="string" for="graph" id="d7" />
  <key attr.name="Source" attr.type="string" for="graph" id="d6" />
  <key attr.name="Access" attr.type="int" for="graph" id="d5" />
  <key attr.name="Provenance" attr.type="string" for="graph" id="d4" />
  <key attr.name="Network" attr.type="string" for="graph" id="d3" />
  <key attr.name="GeoExtent" attr.type="string" for="graph" id="d2" />
  <key attr.name="GeoLocation" attr.type="string" for="graph" id="d1" />
  <key attr.name="DateObtained" attr.type="string" for="graph" id="d0" />
  <graph edgedefault="undirected">
    <data key="d0">14/01/11</data>
    <data key="d1">USA</data>
    <data key="d2">Country</data>
    <data key="d3">UUNET</data>
    <data key="d4">Secondary</data>
    <data key="d5">1</data>
    <data key="d6">http://www.nthelp.com/images/uunet.jpg</data>
    <data key="d7">1.0</data>
    <data key="d8">COM</data>
    <data key="d9">Current</data>
    <data key="d10">1</data>
    <data key="d11">0</data>
    <data key="d12">Uunet</data>
    <data key="d13">0.3.34dev-20120328</data>
    <data key="d14">1</data>
    <data key="d15">0</data>
    <data key="d16">e278b1b</data>
    <data key="d17">=</data>
    <data key="d18">01</data>
    <data key="d19">14/01/11</data>
    <data key="d20">IP</data>
    <data key="d21">Topology Zoo Toolset</data>
    <data key="d22">1</data>
    <data key="d23">0</data>
    <data key="d24">2011_01</data>
    <data key="d25">2011</data>
    <data key="d26">2011_09_01</data>
    <data key="d27">0</data>
    <node id="0">
      <data key="d28">1</data>
      <data key="d29">45.50884</data>
      <data key="d30">Canada</data>
      <data key="d31">0</data>
      <data key="d32">-73.58781</data>
      <data key="d33">Montreal</data>
    </node>
    <node id="1">
      <data key="d28">1</data>
      <data key="d29">44.646</data>
      <data key="d30">Canada</data>
      <data key="d31">1</data>
      <data key="d32">-63.57333</data>
      <data key="d33">Halifax</data>
    </node>
    <node id="2">
      <data key="d28">1</data>
      <data key="d29">42.98339</data>
      <data key="d30">Canada</data>
      <data key="d31">2</data>
      <data key="d32">-81.23304</data>
      <data key="d33">London</data>
    </node>
    <node id="3">
      <data key="d28">1</data>
      <data key="d29">45.41117</data>
      <data key="d30">Canada</data>
      <data key="d31">3</data>
      <data key="d32">-75.69812</data>
      <data key="d33">Ottawa</data>
    </node>
    <node id="4">
      <data key="d28">1</data>
      <data key="d29">40.71427</data>
      <data key="d30">United States</data>
      <data key="d31">4</data>
      <data key="d32">-74.00597</data>
      <data key="d33">New York</data>
    </node>
    <node id="5">
      <data key="d28">1</data>
      <data key="d29">39.95234</data>
      <data key="d30">United States</data>
      <data key="d31">5</data>
      <data key="d32">-75.16379</data>
      <data key="d33">Philadelphia</data>
    </node>
    <node id="6">
      <data key="d28">1</data>
      <data key="d29">42.35843</data>
      <data key="d30">United States</data>
      <data key="d31">6</data>
      <data key="d32">-71.05977</data>
      <data key="d33">Boston</data>
    </node>
    <node id="7">
      <data key="d28">1</data>
      <data key="d29">41.76371</data>
      <data key="d30">United States</data>
      <data key="d31">7</data>
      <data key="d32">-72.68509</data>
      <data key="d33">Hartford</data>
    </node>
    <node id="8">
      <data key="d28">1</data>
      <data key="d29">39.29038</data>
      <data key="d30">United States</data>
      <data key="d31">8</data>
      <data key="d32">-76.61219</data>
      <data key="d33">Baltimore</data>
    </node>
    <node id="9">
      <data key="d28">1</data>
      <data key="d29">38.89511</data>
      <data key="d30">United States</data>
      <data key="d31">9</data>
      <data key="d32">-77.03637</data>
      <data key="d33">Washington, DC</data>
    </node>
    <node id="10">
      <data key="d28">0</data>
      <data key="d31">10</data>
      <data key="d33">Stockholm</data>
    </node>
    <node id="11">
      <data key="d28">0</data>
      <data key="d31">11</data>
      <data key="d33">London</data>
    </node>
    <node id="12">
      <data key="d28">1</data>
      <data key="d29">30.26715</data>
      <data key="d30">United States</data>
      <data key="d31">12</data>
      <data key="d32">-97.74306</data>
      <data key="d33">Austin</data>
    </node>
    <node id="13">
      <data key="d28">1</data>
      <data key="d29">32.78306</data>
      <data key="d30">United States</data>
      <data key="d31">13</data>
      <data key="d32">-96.80667</data>
      <data key="d33">Dallas</data>
    </node>
    <node id="14">
      <data key="d28">1</data>
      <data key="d29">29.76328</data>
      <data key="d30">United States</data>
      <data key="d31">14</data>
      <data key="d32">-95.36327</data>
      <data key="d33">Houston</data>
    </node>
    <node id="15">
      <data key="d28">1</data>
      <data key="d29">29.95465</data>
      <data key="d30">United States</data>
      <data key="d31">15</data>
      <data key="d32">-90.07507</data>
      <data key="d33">New Orleans</data>
    </node>
    <node id="16">
      <data key="d28">1</data>
      <data key="d29">30.33218</data>
      <data key="d30">United States</data>
      <data key="d31">16</data>
      <data key="d32">-81.65565</data>
      <data key="d33">Jacksonville</data>
    </node>
    <node id="17">
      <data key="d28">1</data>
      <data key="d29">28.53834</data>
      <data key="d30">United States</data>
      <data key="d31">17</data>
      <data key="d32">-81.37924</data>
      <data key="d33">Orlando</data>
    </node>
    <node id="18">
      <data key="d28">1</data>
      <data key="d29">25.77427</data>
      <data key="d30">United States</data>
      <data key="d31">18</data>
      <data key="d32">-80.19366</data>
      <data key="d33">Miami</data>
    </node>
    <node id="19">
      <data key="d28">0</data>
      <data key="d31">19</data>
      <data key="d33">Monaco</data>
    </node>
    <node id="20">
      <data key="d28">1</data>
      <data key="d29">42.88645</data>
      <data key="d30">United States</data>
      <data key="d31">20</data>
      <data key="d32">-78.87837</data>
      <data key="d33">Buffalo</data>
    </node>
    <node id="21">
      <data key="d28">1</data>
      <data key="d29">41.4995</data>
      <data key="d30">United States</data>
      <data key="d31">21</data>
      <data key="d32">-81.69541</data>
      <data key="d33">Cleveland</data>
    </node>
    <node id="22">
      <data key="d28">0</data>
      <data key="d31">22</data>
      <data key="d33">Cologne</data>
    </node>
    <node id="23">
      <data key="d28">1</data>
      <data key="d29">40.44062</data>
      <data key="d30">United States</data>
      <data key="d31">23</data>
      <data key="d32">-79.99589</data>
      <data key="d33">Pittsburgh</data>
    </node>
    <node id="24">
      <data key="d28">1</data>
      <data key="d29">42.33143</data>
      <data key="d30">United States</data>
      <data key="d31">24</data>
      <data key="d32">-83.04575</data>
      <data key="d33">Detroit</data>
    </node>
    <node id="25">
      <data key="d28">1</data>
      <data key="d29">41.85003</data>
      <data key="d30">United States</data>
      <data key="d31">25</data>
      <data key="d32">-87.65005</data>
      <data key="d33">Chicago</data>
    </node>
    <node id="26">
      <data key="d28">1</data>
      <data key="d29">39.76838</data>
      <data key="d30">United States</data>
      <data key="d31">26</data>
      <data key="d32">-86.15804</data>
      <data key="d33">Indianapolis</data>
    </node>
    <node id="27">
      <data key="d28">1</data>
      <data key="d29">39.11417</data>
      <data key="d30">United States</data>
      <data key="d31">27</data>
      <data key="d32">-94.62746</data>
      <data key="d33">Kansas City</data>
    </node>
    <node id="28">
      <data key="d28">1</data>
      <data key="d29">38.62727</data>
      <data key="d30">United States</data>
      <data key="d31">28</data>
      <data key="d32">-90.19789</data>
      <data key="d33">St Louis</data>
    </node>
    <node id="29">
      <data key="d28">1</data>
      <data key="d29">53.55014</data>
      <data key="d30">Canada</data>
      <data key="d31">29</data>
      <data key="d32">-113.46871</data>
      <data key="d33">Edmonton</data>
    </node>
    <node id="30">
      <data key="d28">0</data>
      <data key="d31">30</data>
      <data key="d33">Tokyo</data>
    </node>
    <node id="31">
      <data key="d28">1</data>
      <data key="d29">34.05223</data>
      <data key="d30">United States</data>
      <data key="d31">31</data>
      <data key="d32">-118.24368</data>
      <data key="d33">Los Angeles</data>
    </node>
    <node id="32">
      <data key="d28">1</data>
      <data key="d29">36.17497</data>
      <data key="d30">United States</data>
      <data key="d31">32</data>
      <data key="d32">-115.13722</data>
      <data key="d33">Las Vegas</data>
    </node>
    <node id="33">
      <data key="d28">1</data>
      <data key="d29">33.749</data>
      <data key="d30">United States</data>
      <data key="d31">33</data>
      <data key="d32">-84.38798</data>
      <data key="d33">Atlanta</data>
    </node>
    <node id="34">
      <data key="d28">1</data>
      <data key="d29">35.7721</data>
      <data key="d30">United States</data>
      <data key="d31">34</data>
      <data key="d32">-78.63861</data>
      <data key="d33">Raleigh</data>
    </node>
    <node id="35">
      <data key="d28">0</data>
      <data key="d31">35</data>
      <data key="d33">Hawaii</data>
    </node>
    <node id="36">
      <data key="d28">0</data>
      <data key="d31">36</data>
      <data key="d33">Hawaii</data>
    </node>
    <node id="37">
      <data key="d28">1</data>
      <data key="d29">33.44838</data>
      <data key="d30">United States</data>
      <data key="d31">37</data>
      <data key="d32">-112.07404</data>
      <data key="d33">Phoenix</data>
    </node>
    <node id="38">
      <data key="d28">1</data>
      <data key="d29">32.71533</data>
      <data key="d30">United States</data>
      <data key="d31">38</data>
      <data key="d32">-117.15726</data>
      <data key="d33">San Diego</data>
    </node>
    <node id="39">
      <data key="d28">1</data>
      <data key="d29">43.70011</data>
      <data key="d30">Canada</data>
      <data key="d31">39</data>
      <data key="d32">-79.4163</data>
      <data key="d33">Toronto</data>
    </node>
    <node id="40">
      <data key="d28">1</data>
      <data key="d29">43.4501</data>
      <data key="d30">Canada</data>
      <data key="d31">40</data>
      <data key="d32">-80.48299</data>
      <data key="d33">Kitchener</data>
    </node>
    <node id="41">
      <data key="d28">1</data>
      <data key="d29">51.05011</data>
      <data key="d30">Canada</data>
      <data key="d31">41</data>
      <data key="d32">-114.08529</data>
      <data key="d33">Calgary</data>
    </node>
    <node id="42">
      <data key="d28">1</data>
      <data key="d29">49.24966</data>
      <data key="d30">Canada</data>
      <data key="d31">42</data>
      <data key="d32">-123.11934</data>
      <data key="d33">Vancouver</data>
    </node>
    <node id="43">
      <data key="d28">1</data>
      <data key="d29">47.60621</data>
      <data key="d30">United States</data>
      <data key="d31">43</data>
      <data key="d32">-122.33207</data>
      <data key="d33">Seattle</data>
    </node>
    <node id="44">
      <data key="d28">1</data>
      <data key="d29">45.52345</data>
      <data key="d30">United States</data>
      <data key="d31">44</data>
      <data key="d32">-122.67621</data>
      <data key="d33">Portland</data>
    </node>
    <node id="45">
      <data key="d28">1</data>
      <data key="d29">37.77493</data>
      <data key="d30">United States</data>
      <data key="d31">45</data>
      <data key="d32">-122.41942</data>
      <data key="d33">San Francisco</data>
    </node>
    <node id="46">
      <data key="d28">1</data>
      <data key="d29">40.76078</data>
      <data key="d30">United States</data>
      <data key="d31">46</data>
      <data key="d32">-111.89105</data>
      <data key="d33">Salt Lake City</data>
    </node>
    <node id="47">
      <data key="d28">1</data>
      <data key="d29">39.73915</data>
      <data key="d30">United States</data>
      <data key="d31">47</data>
      <data key="d32">-104.9847</data>
      <data key="d33">Denver</data>
    </node>
    <node id="48">
      <data key="d28">1</data>
      <data key="d29">44.97997</data>
      <data key="d30">United States</data>
      <data key="d31">48</data>
      <data key="d32">-93.26384</data>
      <data key="d33">Minneapolis</data>
    </node>
    <edge source="0" target="1">
      <data key="d34">DS-3</data>
      <data key="d35">45 Mbps DS-3</data>
      <data key="d36">45 Mbps </data>
      <data key="d37">0</data>
    </edge>
    <edge source="0" target="3">
      <data key="d34">DS-3</data>
      <data key="d35">45 Mbps DS-3</data>
      <data key="d36">45 Mbps </data>
      <data key="d37">0</data>
    </edge>
    <edge source="0" target="4">
      <data key="d34">DS-3</data>
      <data key="d35">45 Mbps DS-3</data>
      <data key="d36">45 Mbps </data>
      <data key="d37">0</data>
    </edge>
    <edge source="2" target="39">
      <data key="d34">DS-3</data>
      <data key="d35">45 Mbps DS-3</data>
      <data key="d36">45 Mbps </data>
      <data key="d37">0</data>
    </edge>
    <edge source="3" target="39">
      <data key="d34">DS-3</data>
      <data key="d35">45 Mbps DS-3</data>
      <data key="d36">45 Mbps </data>
      <data key="d37">0</data>
    </edge>
    <edge source="4" target="5">
      <data key="d34">DS-3</data>
      <data key="d35">45 Mbps DS-3</data>
      <data key="d36">45 Mbps </data>
      <data key="d37">0</data>
    </edge>
    <edge source="4" target="6">
      <data key="d34">DS-3</data>
      <data key="d35">45 Mbps DS-3</data>
      <data key="d36">45 Mbps </data>
      <data key="d37">0</data>
    </edge>
    <edge source="4" target="13">
      <data key="d34">DS-3</data>
      <data key="d35">45 Mbps DS-3</data>
      <data key="d36">45 Mbps </data>
      <data key="d37">0</data>
    </edge>
    <edge source="4" target="45">
      <data key="d34">DS-3</data>
      <data key="d35">45 Mbps DS-3</data>
      <data key="d36">45 Mbps </data>
      <data key="d37">0</data>
    </edge>
    <edge source="4" target="21">
      <data key="d34">DS-3</data>
      <data key="d35">45 Mbps DS-3</data>
      <data key="d36">45 Mbps </data>
      <data key="d37">0</data>
    </edge>
    <edge source="4" target="22">
      <data key="d38">e35</data>
      <data key="d37">0</data>
    </edge>
    <edge source="4" target="25">
      <data key="d34">DS-3</data>
      <data key="d35">45 Mbps DS-3</data>
      <data key="d36">45 Mbps </data>
      <data key="d37">0</data>
    </edge>
    <edge source="5" target="8">
      <data key="d34">DS-3</data>
      <data key="d35">45 Mbps DS-3</data>
      <data key="d36">45 Mbps </data>
      <data key="d37">0</data>
    </edge>
    <edge source="6" target="9">
      <data key="d34">DS-3</data>
      <data key="d35">45 Mbps DS-3</data>
      <data key="d36">45 Mbps </data>
      <data key="d37">0</data>
    </edge>
    <edge source="6" target="7">
      <data key="d34">DS-3</data>
      <data key="d35">45 Mbps DS-3</data>
      <data key="d36">45 Mbps </data>
      <data key="d37">0</data>
    </edge>
    <edge source="7" target="20">
      <data key="d34">DS-3</data>
      <data key="d35">45 Mbps DS-3</data>
      <data key="d36">45 Mbps </data>
      <data key="d37">0</data>
    </edge>
    <edge source="8" target="9">
      <data key="d34">DS-3</data>
      <data key="d35">45 Mbps DS-3</data>
      <data key="d36">45 Mbps </data>
      <data key="d37">0</data>
    </edge>
    <edge source="9" target="33">
      <data key="d34">DS-3</data>
      <data key="d35">45 Mbps DS-3</data>
      <data key="d36">45 Mbps </data>
      <data key="d37">0</data>
    </edge>
    <edge source="9" target="34">
      <data key="d34">DS-3</data>
      <data key="d35">45 Mbps DS-3</data>
      <data key="d36">45 Mbps </data>
      <data key="d37">0</data>
    </edge>
    <edge source="9" target="10">
      <data key="d38">e43</data>
      <data key="d37">0</data>
    </edge>
    <edge source="9" target="11">
      <data key="d38">e44</data>
      <data key="d37">0</data>
    </edge>
    <edge source="9" target="13">
      <data key="d34">DS-3</data>
      <data key="d35">45 Mbps DS-3</data>
      <data key="d36">45 Mbps </data>
      <data key="d37">0</data>
    </edge>
    <edge source="9" target="14">
      <data key="d34">DS-3</data>
      <data key="d35">45 Mbps DS-3</data>
      <data key="d36">45 Mbps </data>
      <data key="d37">0</data>
    </edge>
    <edge source="9" target="45">
      <data key="d34">DS-3</data>
      <data key="d35">45 Mbps DS-3</data>
      <data key="d36">45 Mbps </data>
      <data key="d37">0</data>
    </edge>
    <edge source="9" target="23">
      <data key="d34">DS-3</data>
      <data key="d35">45 Mbps DS-3</data>
      <data key="d36">45 Mbps </data>
      <data key="d37">0</data>
    </edge>
    <edge source="9" target="25">
      <data key="d34">DS-3</data>
      <data key="d35">45 Mbps DS-3</data>
      <data key="d36">45 Mbps </data>
      <data key="d37">0</data>
    </edge>
    <edge source="9" target="27">
      <data key="d34">DS-3</data>
      <data key="d35">45 Mbps DS-3</data>
      <data key="d36">45 Mbps </data>
      <data key="d37">0</data>
    </edge>
    <edge source="9" target="31">
      <data key="d34">DS-3</data>
      <data key="d35">45 Mbps DS-3</data>
      <data key="d36">45 Mbps </data>
      <data key="d37">0</data>
    </edge>
    <edge source="12" target="13">
      <data key="d34">DS-3</data>
      <data key="d35">45 Mbps DS-3</data>
      <data key="d36">45 Mbps </data>
      <data key="d37">0</data>
    </edge>
    <edge source="12" target="14">
      <data key="d34">DS-3</data>
      <data key="d35">45 Mbps DS-3</data>
      <data key="d36">45 Mbps </data>
      <data key="d37">0</data>
    </edge>
    <edge source="13" target="33">
      <data key="d34">DS-3</data>
      <data key="d35">45 Mbps DS-3</data>
      <data key="d36">45 Mbps </data>
      <data key="d37">0</data>
    </edge>
    <edge source="13" target="43">
      <data key="d34">DS-3</data>
      <data key="d35">45 Mbps DS-3</data>
      <data key="d36">45 Mbps </data>
      <data key="d37">0</data>
    </edge>
    <edge source="13" target="45">
      <data key="d34">DS-3</data>
      <data key="d35">45 Mbps DS-3</data>
      <data key="d36">45 Mbps </data>
      <data key="d37">0</data>
    </edge>
    <edge source="13" target="14">
      <data key="d34">DS-3</data>
      <data key="d35">45 Mbps DS-3</data>
      <data key="d36">45 Mbps </data>
      <data key="d37">0</data>
    </edge>
    <edge source="13" target="25">
      <data key="d34">DS-3</data>
      <data key="d35">45 Mbps DS-3</data>
      <data key="d36">45 Mbps </data>
      <data key="d37">0</data>
    </edge>
    <edge source="13" target="27">
      <data key="d34">DS-3</data>
      <data key="d35">45 Mbps DS-3</data>
      <data key="d36">45 Mbps </data>
      <data key="d37">0</data>
    </edge>
    <edge source="13" target="31">
      <data key="d34">DS-3</data>
      <data key="d35">45 Mbps DS-3</data>
      <data key="d36">45 Mbps </data>
      <data key="d37">0</data>
    </edge>
    <edge source="14" target="37">
      <data key="d34">DS-3</data>
      <data key="d35">45 Mbps DS-3</data>
      <data key="d36">45 Mbps </data>
      <data key="d37">0</data>
    </edge>
    <edge source="14" target="15">
      <data key="d34">DS-3</data>
      <data key="d35">45 Mbps DS-3</data>
      <data key="d36">45 Mbps </data>
      <data key="d37">0</data>
    </edge>
    <edge source="14" target="18">
      <data key="d34">DS-3</data>
      <data key="d35">45 Mbps DS-3</data>
      <data key="d36">45 Mbps </data>
      <data key="d37">0</data>
    </edge>
    <edge source="15" target="17">
      <data key="d34">DS-3</data>
      <data key="d35">45 Mbps DS-3</data>
      <data key="d36">45 Mbps </data>
      <data key="d37">0</data>
    </edge>
    <edge source="15" target="18">
      <data key="d34">DS-3</data>
      <data key="d35">45 Mbps DS-3</data>
      <data key="d36">45 Mbps </data>
      <data key="d37">0</data>
    </edge>
    <edge source="16" target="33">
      <data key="d34">DS-3</data>
      <data key="d35">45 Mbps DS-3</data>
      <data key="d36">45 Mbps </data>
      <data key="d37">0</data>
    </edge>
    <edge source="16" target="17">
      <data key="d34">DS-3</data>
      <data key="d35">45 Mbps DS-3</data>
      <data key="d36">45 Mbps </data>
      <data key="d37">0</data>
    </edge>
    <edge source="17" target="18">
      <data key="d34">DS-3</data>
      <data key="d35">45 Mbps DS-3</data>
      <data key="d36">45 Mbps </data>
      <data key="d37">0</data>
    </edge>
    <edge source="18" target="19">
      <data key="d38">e75</data>
      <data key="d37">0</data>
    </edge>
    <edge source="18" target="33">
      <data key="d34">DS-3</data>
      <data key="d35">45 Mbps DS-3</data>
      <data key="d36">45 Mbps </data>
      <data key="d37">0</data>
    </edge>
    <edge source="20" target="39">
      <data key="d34">DS-3</data>
      <data key="d35">45 Mbps DS-3</data>
      <data key="d36">45 Mbps </data>
      <data key="d37">0</data>
    </edge>
    <edge source="20" target="21">
      <data key="d34">DS-3</data>
      <data key="d35">45 Mbps DS-3</data>
      <data key="d36">45 Mbps </data>
      <data key="d37">0</data>
    </edge>
    <edge source="21" target="24">
      <data key="d34">DS-3</data>
      <data key="d35">45 Mbps DS-3</data>
      <data key="d36">45 Mbps </data>
      <data key="d37">0</data>
    </edge>
    <edge source="21" target="48">
      <data key="d34">DS-3</data>
      <data key="d35">45 Mbps DS-3</data>
      <data key="d36">45 Mbps </data>
      <data key="d37">0</data>
    </edge>
    <edge source="21" target="23">
      <data key="d34">DS-3</data>
      <data key="d35">45 Mbps DS-3</data>
      <data key="d36">45 Mbps </data>
      <data key="d37">0</data>
    </edge>
    <edge source="24" target="25">
      <data key="d34">DS-3</data>
      <data key="d35">45 Mbps DS-3</data>
      <data key="d36">45 Mbps </data>
      <data key="d37">0</data>
    </edge>
    <edge source="25" target="33">
      <data key="d34">DS-3</data>
      <data key="d35">45 Mbps DS-3</data>
      <data key="d36">45 Mbps </data>
      <data key="d37">0</data>
    </edge>
    <edge source="25" target="43">
      <data key="d34">DS-3</data>
      <data key="d35">45 Mbps DS-3</data>
      <data key="d36">45 Mbps </data>
      <data key="d37">0</data>
    </edge>
    <edge source="25" target="45">
      <data key="d34">DS-3</data>
      <data key="d35">45 Mbps DS-3</data>
      <data key="d36">45 Mbps </data>
      <data key="d37">0</data>
    </edge>
    <edge source="25" target="48">
      <data key="d34">DS-3</data>
      <data key="d35">45 Mbps DS-3</data>
      <data key="d36">45 Mbps </data>
      <data key="d37">0</data>
    </edge>
    <edge source="25" target="26">
      <data key="d34">DS-3</data>
      <data key="d35">45 Mbps DS-3</data>
      <data key="d36">45 Mbps </data>
      <data key="d37">0</data>
    </edge>
    <edge source="25" target="27">
      <data key="d34">DS-3</data>
      <data key="d35">45 Mbps DS-3</data>
      <data key="d36">45 Mbps </data>
      <data key="d37">0</data>
    </edge>
    <edge source="26" target="28">
      <data key="d34">DS-3</data>
      <data key="d35">45 Mbps DS-3</data>
      <data key="d36">45 Mbps </data>
      <data key="d37">0</data>
    </edge>
    <edge source="27" target="43">
      <data key="d34">DS-3</data>
      <data key="d35">45 Mbps DS-3</data>
      <data key="d36">45 Mbps </data>
      <data key="d37">0</data>
    </edge>
    <edge source="27" target="45">
      <data key="d34">DS-3</data>
      <data key="d35">45 Mbps DS-3</data>
      <data key="d36">45 Mbps </data>
      <data key="d37">0</data>
    </edge>
    <edge source="27" target="47">
      <data key="d34">DS-3</data>
      <data key="d35">45 Mbps DS-3</data>
      <data key="d36">45 Mbps </data>
      <data key="d37">0</data>
    </edge>
    <edge source="27" target="28">
      <data key="d34">DS-3</data>
      <data key="d35">45 Mbps DS-3</data>
      <data key="d36">45 Mbps </data>
      <data key="d37">0</data>
    </edge>
    <edge source="29" target="41">
      <data key="d34">DS-3</data>
      <data key="d35">45 Mbps DS-3</data>
      <data key="d36">45 Mbps </data>
      <data key="d37">0</data>
    </edge>
    <edge source="30" target="43">
      <data key="d38">e8</data>
      <data key="d37">0</data>
    </edge>
    <edge source="31" target="32">
      <data key="d34">DS-3</data>
      <data key="d35">45 Mbps DS-3</data>
      <data key="d36">45 Mbps </data>
      <data key="d37">0</data>
    </edge>
    <edge source="31" target="36">
      <data key="d38">e60</data>
      <data key="d37">0</data>
    </edge>
    <edge source="31" target="38">
      <data key="d34">DS-3</data>
      <data key="d35">45 Mbps DS-3</data>
      <data key="d36">45 Mbps </data>
      <data key="d37">0</data>
    </edge>
    <edge source="31" target="45">
      <data key="d34">DS-3</data>
      <data key="d35">45 Mbps DS-3</data>
      <data key="d36">45 Mbps </data>
      <data key="d37">0</data>
    </edge>
    <edge source="32" target="47">
      <data key="d34">DS-3</data>
      <data key="d35">45 Mbps DS-3</data>
      <data key="d36">45 Mbps </data>
      <data key="d37">0</data>
    </edge>
    <edge source="32" target="37">
      <data key="d34">DS-3</data>
      <data key="d35">45 Mbps DS-3</data>
      <data key="d36">45 Mbps </data>
      <data key="d37">0</data>
    </edge>
    <edge source="33" target="34">
      <data key="d34">DS-3</data>
      <data key="d35">45 Mbps DS-3</data>
      <data key="d36">45 Mbps </data>
      <data key="d37">0</data>
    </edge>
    <edge source="35" target="45">
      <data key="d38">e17</data>
      <data key="d37">0</data>
    </edge>
    <edge source="37" target="38">
      <data key="d34">DS-3</data>
      <data key="d35">45 Mbps DS-3</data>
      <data key="d36">45 Mbps </data>
      <data key="d37">0</data>
    </edge>
    <edge source="39" target="40">
      <data key="d34">DS-3</data>
      <data key="d35">45 Mbps DS-3</data>
      <data key="d36">45 Mbps </data>
      <data key="d37">0</data>
    </edge>
    <edge source="39" target="41">
      <data key="d34">DS-3</data>
      <data key="d35">45 Mbps DS-3</data>
      <data key="d36">45 Mbps </data>
      <data key="d37">0</data>
    </edge>
    <edge source="41" target="42">
      <data key="d34">DS-3</data>
      <data key="d35">45 Mbps DS-3</data>
      <data key="d36">45 Mbps </data>
      <data key="d37">0</data>
    </edge>
    <edge source="42" target="43">
      <data key="d34">DS-3</data>
      <data key="d35">45 Mbps DS-3</data>
      <data key="d36">45 Mbps </data>
      <data key="d37">0</data>
    </edge>
    <edge source="43" target="44">
      <data key="d34">DS-3</data>
      <data key="d35">45 Mbps DS-3</data>
      <data key="d36">45 Mbps </data>
      <data key="d37">0</data>
    </edge>
    <edge source="43" target="45">
      <data key="d34">DS-3</data>
      <data key="d35">45 Mbps DS-3</data>
      <data key="d36">45 Mbps </data>
      <data key="d37">0</data>
    </edge>
    <edge source="44" target="45">
      <data key="d34">DS-3</data>
      <data key="d35">45 Mbps DS-3</data>
      <data key="d36">45 Mbps </data>
      <data key="d37">0</data>
    </edge>
    <edge source="45" target="46">
      <data key="d34">DS-3</data>
      <data key="d35">45 Mbps DS-3</data>
      <data key="d36">45 Mbps </data>
      <data key="d37">0</data>
    </edge>
    <edge source="46" target="47">
      <data key="d34">DS-3</data>
      <data key="d35">45 Mbps DS-3</data>
      <data key="d36">45 Mbps </data>
      <data key="d37">0</data>
    </edge>
  </graph>
</graphml>
