<?xml version="1.0" encoding="utf-8"?><graphml xmlns="http://graphml.graphdrawing.org/xmlns" xmlns:xsi="http://www.w3.org/2001/XMLSchema-instance" xsi:schemaLocation="http://graphml.graphdrawing.org/xmlns http://graphml.graphdrawing.org/xmlns/1.0/graphml.xsd">
  <key attr.name="key" attr.type="int" for="edge" id="d36" />
  <key attr.name="id" attr.type="string" for="edge" id="d35" />
  <key attr.name="label" attr.type="string" for="node" id="d34" />
  <key attr.name="Longitude" attr.type="double" for="node" id="d33" />
  <key attr.name="id" attr.type="int" for="node" id="d32" />
  <key attr.name="type" attr.type="string" for="node" id="d31" />
  <key attr.name="Country" attr.type="string" for="node" id="d30" />
  <key attr.name="Latitude" attr.type="double" for="node" id="d29" />
  <key attr.name="Internal" attr.type="int" for="node" id="d28" />
  <key attr.name="Testbed" attr.type="int" for="graph" id="d27" />
  <key attr.name="LastProcessed" attr.type="string" for="graph" id="d26" />
  <key attr.name="DateYear" attr.type="string" for="graph" id="d25" />
  <key attr.name="NetworkDate" attr.type="string" for="graph" id="d24" />
  <key attr.name="Transit" attr.type="int" for="graph" id="d23" />
  <key attr.name="Developed" attr.type="int" for="graph" id="d22" />
  <key attr.name="Creator" attr.type="string" for="graph" id="d21" />
  <key attr.name="Layer" attr.type="string" for="graph" id="d20" />
  <key attr.name="LastAccess" attr.type="string" for="graph" id="d19" />
  <key attr.name="DateMonth" attr.type="string" for="graph" id="d18" />
  <key attr.name="DateModifier" attr.type="string" for="graph" id="d17" />
  <key attr.name="SourceGitVersion" attr.type="string" for="graph" id="d16" />
  <key attr.name="IX" attr.type="int" for="graph" id="d15" />
  <key attr.name="Customer" attr.type="int" for="graph" id="d14" />
  <key attr.name="ToolsetVersion" attr.type="string" for="graph" id="d13" />
  <key attr.name="label" attr.type="string" for="graph" id="d12" />
  <key attr.name="Commercial" attr.type="int" for="graph" id="d11" />
  <key attr.name="Backbone" attr.type="int" for="graph" id="d10" />
  <key attr.name="DateType" attr.type="string" for="graph" id="d9" />
  <key attr.name="Type" attr.type="string" for="graph" id="d8" />
  <key attr.name="Version" attr.type="string" for="graph" id="d7" />
  <key attr.name="Source" attr.type="string" for="graph" id="d6" />
  <key attr.name="Access" attr.type="int" for="graph" id="d5" />
  <key attr.name="Provenance" attr.type="string" for="graph" id="d4" />
  <key attr.name="Network" attr.type="string" for="graph" id="d3" />
  <key attr.name="GeoExtent" attr.type="string" for="graph" id="d2" />
  <key attr.name="GeoLocation" attr.type="string" for="graph" id="d1" />
  <key attr.name="DateObtained" attr.type="string" for="graph" id="d0" />
  <graph edgedefault="undirected">
    <data key="d0">16/01/11</data>
    <data key="d1">USA</data>
    <data key="d2">Country</data>
    <data key="d3">Xeex</data>
    <data key="d4">Primary</data>
    <data key="d5">0</data>
    <data key="d6">http://www.xeex.com/map/map.gif</data>
    <data key="d7">1.0</data>
    <data key="d8">COM</data>
    <data key="d9">Current</data>
    <data key="d10">1</data>
    <data key="d11">0</data>
    <data key="d12">Xeex</data>
    <data key="d13">0.3.34dev-20120328</data>
    <data key="d14">1</data>
    <data key="d15">0</data>
    <data key="d16">e278b1b</data>
    <data key="d17">=</data>
    <data key="d18">01</data>
    <data key="d19">16/01/11</data>
    <data key="d20">IP</data>
    <data key="d21">Topology Zoo Toolset</data>
    <data key="d22">1</data>
    <data key="d23">1</data>
    <data key="d24">2011_01</data>
    <data key="d25">2011</data>
    <data key="d26">2011_09_01</data>
    <data key="d27">0</data>
    <node id="0">
      <data key="d28">1</data>
      <data key="d29">39.73915</data>
      <data key="d30">United States</data>
      <data key="d31">PoP</data>
      <data key="d32">0</data>
      <data key="d33">-104.9847</data>
      <data key="d34">Denver</data>
    </node>
    <node id="1">
      <data key="d28">1</data>
      <data key="d29">36.17497</data>
      <data key="d30">United States</data>
      <data key="d31">PoP</data>
      <data key="d32">1</data>
      <data key="d33">-115.13722</data>
      <data key="d34">Las Vegas</data>
    </node>
    <node id="2">
      <data key="d28">1</data>
      <data key="d29">39.76838</data>
      <data key="d30">United States</data>
      <data key="d31">PoP</data>
      <data key="d32">2</data>
      <data key="d33">-86.15804</data>
      <data key="d34">Indianapolis</data>
    </node>
    <node id="3">
      <data key="d28">1</data>
      <data key="d29">36.16589</data>
      <data key="d30">United States</data>
      <data key="d31">PoP</data>
      <data key="d32">3</data>
      <data key="d33">-86.78444</data>
      <data key="d34">Nashville</data>
    </node>
    <node id="4">
      <data key="d28">1</data>
      <data key="d29">33.44838</data>
      <data key="d30">United States</data>
      <data key="d31">PoP</data>
      <data key="d32">4</data>
      <data key="d33">-112.07404</data>
      <data key="d34">Phoenix</data>
    </node>
    <node id="5">
      <data key="d28">1</data>
      <data key="d29">60.28778</data>
      <data key="d30">United States</data>
      <data key="d31">PoP</data>
      <data key="d32">5</data>
      <data key="d33">-151.21917</data>
      <data key="d34">Hong Kong</data>
    </node>
    <node id="6">
      <data key="d28">1</data>
      <data key="d29">37.77493</data>
      <data key="d30">United States</data>
      <data key="d31">PoP</data>
      <data key="d32">6</data>
      <data key="d33">-122.41942</data>
      <data key="d34">San Francisco</data>
    </node>
    <node id="7">
      <data key="d28">1</data>
      <data key="d29">32.71533</data>
      <data key="d30">United States</data>
      <data key="d31">PoP</data>
      <data key="d32">7</data>
      <data key="d33">-117.15726</data>
      <data key="d34">San Diego</data>
    </node>
    <node id="8">
      <data key="d28">1</data>
      <data key="d29">34.04779</data>
      <data key="d30">United States</data>
      <data key="d31">PoP</data>
      <data key="d32">8</data>
      <data key="d33">-118.24118</data>
      <data key="d34">Tokyo</data>
    </node>
    <node id="9">
      <data key="d28">1</data>
      <data key="d29">13.08784</data>
      <data key="d30">India</data>
      <data key="d31">PoP</data>
      <data key="d32">9</data>
      <data key="d33">80.27847</data>
      <data key="d34">Chennai</data>
    </node>
    <node id="10">
      <data key="d28">1</data>
      <data key="d29">51.50853</data>
      <data key="d30">United Kingdom</data>
      <data key="d31">PoP</data>
      <data key="d32">10</data>
      <data key="d33">-0.12574</data>
      <data key="d34">London</data>
    </node>
    <node id="11">
      <data key="d28">1</data>
      <data key="d29">40.44062</data>
      <data key="d30">United States</data>
      <data key="d31">PoP</data>
      <data key="d32">11</data>
      <data key="d33">-79.99589</data>
      <data key="d34">Pittsburgh</data>
    </node>
    <node id="12">
      <data key="d28">1</data>
      <data key="d29">39.96118</data>
      <data key="d30">United States</data>
      <data key="d31">PoP</data>
      <data key="d32">12</data>
      <data key="d33">-82.99879</data>
      <data key="d34">Columbus</data>
    </node>
    <node id="13">
      <data key="d28">1</data>
      <data key="d29">42.93869</data>
      <data key="d30">United States</data>
      <data key="d31">PoP</data>
      <data key="d32">13</data>
      <data key="d33">-74.18819</data>
      <data key="d34">Amsterdam</data>
    </node>
    <node id="14">
      <data key="d28">1</data>
      <data key="d29">25.77427</data>
      <data key="d30">United States</data>
      <data key="d31">Super Pop</data>
      <data key="d32">14</data>
      <data key="d33">-80.19366</data>
      <data key="d34">Miami</data>
    </node>
    <node id="15">
      <data key="d28">1</data>
      <data key="d29">39.162</data>
      <data key="d30">United States</data>
      <data key="d31">PoP</data>
      <data key="d32">15</data>
      <data key="d33">-84.45689</data>
      <data key="d34">Cincinnati</data>
    </node>
    <node id="16">
      <data key="d28">1</data>
      <data key="d29">47.60621</data>
      <data key="d30">United States</data>
      <data key="d31">Super Pop</data>
      <data key="d32">16</data>
      <data key="d33">-122.33207</data>
      <data key="d34">Seattle</data>
    </node>
    <node id="17">
      <data key="d28">1</data>
      <data key="d29">37.33939</data>
      <data key="d30">United States</data>
      <data key="d31">Super Pop</data>
      <data key="d32">17</data>
      <data key="d33">-121.89496</data>
      <data key="d34">San Jose</data>
    </node>
    <node id="18">
      <data key="d28">1</data>
      <data key="d29">34.05223</data>
      <data key="d30">United States</data>
      <data key="d31">Super Pop</data>
      <data key="d32">18</data>
      <data key="d33">-118.24368</data>
      <data key="d34">Los Angeles</data>
    </node>
    <node id="19">
      <data key="d28">1</data>
      <data key="d29">41.85003</data>
      <data key="d30">United States</data>
      <data key="d31">Super Pop</data>
      <data key="d32">19</data>
      <data key="d33">-87.65005</data>
      <data key="d34">Chicago</data>
    </node>
    <node id="20">
      <data key="d28">1</data>
      <data key="d29">39.04372</data>
      <data key="d30">United States</data>
      <data key="d31">Super Pop</data>
      <data key="d32">20</data>
      <data key="d33">-77.48749</data>
      <data key="d34">Ashburn</data>
    </node>
    <node id="21">
      <data key="d28">1</data>
      <data key="d29">40.71427</data>
      <data key="d30">United States</data>
      <data key="d31">Super Pop</data>
      <data key="d32">21</data>
      <data key="d33">-74.00597</data>
      <data key="d34">New York</data>
    </node>
    <node id="22">
      <data key="d28">1</data>
      <data key="d29">33.749</data>
      <data key="d30">United States</data>
      <data key="d31">Super Pop</data>
      <data key="d32">22</data>
      <data key="d33">-84.38798</data>
      <data key="d34">Atlanta</data>
    </node>
    <node id="23">
      <data key="d28">1</data>
      <data key="d29">32.78306</data>
      <data key="d30">United States</data>
      <data key="d31">Super Pop</data>
      <data key="d32">23</data>
      <data key="d33">-96.80667</data>
      <data key="d34">Dallas</data>
    </node>
    <edge source="0" target="1">
      <data key="d35">e28</data>
      <data key="d36">0</data>
    </edge>
    <edge source="0" target="19">
      <data key="d35">e14</data>
      <data key="d36">0</data>
    </edge>
    <edge source="1" target="18">
      <data key="d35">e9</data>
      <data key="d36">0</data>
    </edge>
    <edge source="2" target="19">
      <data key="d35">e13</data>
      <data key="d36">0</data>
    </edge>
    <edge source="2" target="12">
      <data key="d35">e27</data>
      <data key="d36">0</data>
    </edge>
    <edge source="3" target="23">
      <data key="d35">e25</data>
      <data key="d36">0</data>
    </edge>
    <edge source="3" target="22">
      <data key="d35">e22</data>
      <data key="d36">0</data>
    </edge>
    <edge source="3" target="15">
      <data key="d35">e26</data>
      <data key="d36">0</data>
    </edge>
    <edge source="4" target="18">
      <data key="d35">e6</data>
      <data key="d36">0</data>
    </edge>
    <edge source="4" target="23">
      <data key="d35">e24</data>
      <data key="d36">0</data>
    </edge>
    <edge source="4" target="7">
      <data key="d35">e29</data>
      <data key="d36">0</data>
    </edge>
    <edge source="5" target="8">
      <data key="d35">e30</data>
      <data key="d36">0</data>
    </edge>
    <edge source="5" target="9">
      <data key="d35">e31</data>
      <data key="d36">0</data>
    </edge>
    <edge source="5" target="18">
      <data key="d35">e7</data>
      <data key="d36">0</data>
    </edge>
    <edge source="6" target="16">
      <data key="d35">e0</data>
      <data key="d36">0</data>
    </edge>
    <edge source="6" target="17">
      <data key="d35">e2</data>
      <data key="d36">0</data>
    </edge>
    <edge source="7" target="18">
      <data key="d35">e8</data>
      <data key="d36">0</data>
    </edge>
    <edge source="8" target="17">
      <data key="d35">e5</data>
      <data key="d36">0</data>
    </edge>
    <edge source="8" target="9">
      <data key="d35">e32</data>
      <data key="d36">0</data>
    </edge>
    <edge source="10" target="21">
      <data key="d35">e20</data>
      <data key="d36">0</data>
    </edge>
    <edge source="11" target="20">
      <data key="d35">e15</data>
      <data key="d36">0</data>
    </edge>
    <edge source="11" target="12">
      <data key="d35">e33</data>
      <data key="d36">0</data>
    </edge>
    <edge source="13" target="20">
      <data key="d35">e17</data>
      <data key="d36">0</data>
    </edge>
    <edge source="14" target="20">
      <data key="d35">e16</data>
      <data key="d36">0</data>
    </edge>
    <edge source="14" target="22">
      <data key="d35">e21</data>
      <data key="d36">0</data>
    </edge>
    <edge source="15" target="19">
      <data key="d35">e12</data>
      <data key="d36">0</data>
    </edge>
    <edge source="16" target="19">
      <data key="d35">e1</data>
      <data key="d36">0</data>
    </edge>
    <edge source="17" target="18">
      <data key="d35">e3</data>
      <data key="d36">0</data>
    </edge>
    <edge source="17" target="19">
      <data key="d35">e4</data>
      <data key="d36">0</data>
    </edge>
    <edge source="19" target="21">
      <data key="d35">e10</data>
      <data key="d36">0</data>
    </edge>
    <edge source="19" target="23">
      <data key="d35">e11</data>
      <data key="d36">0</data>
    </edge>
    <edge source="20" target="22">
      <data key="d35">e18</data>
      <data key="d36">0</data>
    </edge>
    <edge source="20" target="21">
      <data key="d35">e19</data>
      <data key="d36">0</data>
    </edge>
    <edge source="22" target="23">
      <data key="d35">e23</data>
      <data key="d36">0</data>
    </edge>
  </graph>
</graphml>
