<?xml version="1.0" encoding="utf-8"?><graphml xmlns="http://graphml.graphdrawing.org/xmlns" xmlns:xsi="http://www.w3.org/2001/XMLSchema-instance" xsi:schemaLocation="http://graphml.graphdrawing.org/xmlns http://graphml.graphdrawing.org/xmlns/1.0/graphml.xsd">
  <key attr.name="key" attr.type="int" for="edge" id="d35" />
  <key attr.name="id" attr.type="string" for="edge" id="d34" />
  <key attr.name="label" attr.type="string" for="node" id="d33" />
  <key attr.name="Longitude" attr.type="double" for="node" id="d32" />
  <key attr.name="id" attr.type="int" for="node" id="d31" />
  <key attr.name="Country" attr.type="string" for="node" id="d30" />
  <key attr.name="Latitude" attr.type="double" for="node" id="d29" />
  <key attr.name="Internal" attr.type="int" for="node" id="d28" />
  <key attr.name="Testbed" attr.type="int" for="graph" id="d27" />
  <key attr.name="LastProcessed" attr.type="string" for="graph" id="d26" />
  <key attr.name="DateYear" attr.type="string" for="graph" id="d25" />
  <key attr.name="NetworkDate" attr.type="string" for="graph" id="d24" />
  <key attr.name="Transit" attr.type="int" for="graph" id="d23" />
  <key attr.name="Developed" attr.type="int" for="graph" id="d22" />
  <key attr.name="Creator" attr.type="string" for="graph" id="d21" />
  <key attr.name="Layer" attr.type="string" for="graph" id="d20" />
  <key attr.name="LastAccess" attr.type="string" for="graph" id="d19" />
  <key attr.name="DateMonth" attr.type="string" for="graph" id="d18" />
  <key attr.name="DateModifier" attr.type="string" for="graph" id="d17" />
  <key attr.name="SourceGitVersion" attr.type="string" for="graph" id="d16" />
  <key attr.name="IX" attr.type="int" for="graph" id="d15" />
  <key attr.name="Customer" attr.type="int" for="graph" id="d14" />
  <key attr.name="ToolsetVersion" attr.type="string" for="graph" id="d13" />
  <key attr.name="label" attr.type="string" for="graph" id="d12" />
  <key attr.name="Commercial" attr.type="int" for="graph" id="d11" />
  <key attr.name="Backbone" attr.type="int" for="graph" id="d10" />
  <key attr.name="DateType" attr.type="string" for="graph" id="d9" />
  <key attr.name="Type" attr.type="string" for="graph" id="d8" />
  <key attr.name="Version" attr.type="string" for="graph" id="d7" />
  <key attr.name="Source" attr.type="string" for="graph" id="d6" />
  <key attr.name="Access" attr.type="int" for="graph" id="d5" />
  <key attr.name="Provenance" attr.type="string" for="graph" id="d4" />
  <key attr.name="Network" attr.type="string" for="graph" id="d3" />
  <key attr.name="GeoExtent" attr.type="string" for="graph" id="d2" />
  <key attr.name="GeoLocation" attr.type="string" for="graph" id="d1" />
  <key attr.name="DateObtained" attr.type="string" for="graph" id="d0" />
  <graph edgedefault="undirected">
    <data key="d0">16/01/11</data>
    <data key="d1">UK</data>
    <data key="d2">Country</data>
    <data key="d3">YorkDataServices</data>
    <data key="d4">Primary</data>
    <data key="d5">0</data>
    <data key="d6">http://www.yorkdataservices.com/uploads/York-Data-Services-UK-MPLS-Network-Map.gif</data>
    <data key="d7">1.0</data>
    <data key="d8">COM</data>
    <data key="d9">Current</data>
    <data key="d10">0</data>
    <data key="d11">0</data>
    <data key="d12">York</data>
    <data key="d13">0.3.34dev-20120328</data>
    <data key="d14">0</data>
    <data key="d15">0</data>
    <data key="d16">e278b1b</data>
    <data key="d17">=</data>
    <data key="d18">01</data>
    <data key="d19">16/01/11</data>
    <data key="d20">IP</data>
    <data key="d21">Topology Zoo Toolset</data>
    <data key="d22">1</data>
    <data key="d23">0</data>
    <data key="d24">2011_01</data>
    <data key="d25">2011</data>
    <data key="d26">2011_09_01</data>
    <data key="d27">0</data>
    <node id="0">
      <data key="d28">1</data>
      <data key="d29">52.63333</data>
      <data key="d30">United Kingdom</data>
      <data key="d31">0</data>
      <data key="d32">-1.13333</data>
      <data key="d33">Leicester</data>
    </node>
    <node id="1">
      <data key="d28">1</data>
      <data key="d29">52.25</data>
      <data key="d30">United Kingdom</data>
      <data key="d31">1</data>
      <data key="d32">-0.88333</data>
      <data key="d33">Northampton</data>
    </node>
    <node id="2">
      <data key="d28">1</data>
      <data key="d29">53.38297</data>
      <data key="d30">United Kingdom</data>
      <data key="d31">2</data>
      <data key="d32">-1.4659</data>
      <data key="d33">Sheffield</data>
    </node>
    <node id="3">
      <data key="d28">1</data>
      <data key="d29">52.9536</data>
      <data key="d30">United Kingdom</data>
      <data key="d31">3</data>
      <data key="d32">-1.15047</data>
      <data key="d33">Nottingham</data>
    </node>
    <node id="4">
      <data key="d28">1</data>
      <data key="d29">51.38333</data>
      <data key="d30">United Kingdom</data>
      <data key="d31">4</data>
      <data key="d32">-0.1</data>
      <data key="d33">Croydon</data>
    </node>
    <node id="5">
      <data key="d28">1</data>
      <data key="d29">51.5</data>
      <data key="d30">United Kingdom</data>
      <data key="d31">5</data>
      <data key="d32">-0.58333</data>
      <data key="d33">Slough</data>
    </node>
    <node id="6">
      <data key="d28">1</data>
      <data key="d29">52.04172</data>
      <data key="d30">United Kingdom</data>
      <data key="d31">6</data>
      <data key="d32">-0.75583</data>
      <data key="d33">Milton Keynes</data>
    </node>
    <node id="7">
      <data key="d28">1</data>
      <data key="d29">51.50853</data>
      <data key="d30">United Kingdom</data>
      <data key="d31">7</data>
      <data key="d32">-0.12574</data>
      <data key="d33">London</data>
    </node>
    <node id="8">
      <data key="d28">1</data>
      <data key="d29">51.45625</data>
      <data key="d30">United Kingdom</data>
      <data key="d31">8</data>
      <data key="d32">-0.97113</data>
      <data key="d33">Reading</data>
    </node>
    <node id="9">
      <data key="d28">1</data>
      <data key="d29">52.0602</data>
      <data key="d30">United Kingdom</data>
      <data key="d31">9</data>
      <data key="d32">-1.34029</data>
      <data key="d33">Banbury</data>
    </node>
    <node id="10">
      <data key="d28">1</data>
      <data key="d29">50.82838</data>
      <data key="d30">United Kingdom</data>
      <data key="d31">10</data>
      <data key="d32">-0.13947</data>
      <data key="d33">Brighton</data>
    </node>
    <node id="11">
      <data key="d28">1</data>
      <data key="d29">51.45</data>
      <data key="d30">United Kingdom</data>
      <data key="d31">11</data>
      <data key="d32">-2.58333</data>
      <data key="d33">Bristol</data>
    </node>
    <node id="12">
      <data key="d28">1</data>
      <data key="d29">52.46667</data>
      <data key="d30">United Kingdom</data>
      <data key="d31">12</data>
      <data key="d32">-1.91667</data>
      <data key="d33">Birmingham</data>
    </node>
    <node id="13">
      <data key="d28">1</data>
      <data key="d29">53.76667</data>
      <data key="d30">United Kingdom</data>
      <data key="d31">13</data>
      <data key="d32">-2.71667</data>
      <data key="d33">Preston</data>
    </node>
    <node id="14">
      <data key="d28">1</data>
      <data key="d29">53.48095</data>
      <data key="d30">United Kingdom</data>
      <data key="d31">14</data>
      <data key="d32">-2.23743</data>
      <data key="d33">Manchester</data>
    </node>
    <node id="15">
      <data key="d28">1</data>
      <data key="d29">55.86515</data>
      <data key="d30">United Kingdom</data>
      <data key="d31">15</data>
      <data key="d32">-4.25763</data>
      <data key="d33">Glasgow</data>
    </node>
    <node id="16">
      <data key="d28">1</data>
      <data key="d29">55.95</data>
      <data key="d30">United Kingdom</data>
      <data key="d31">16</data>
      <data key="d32">-3.2</data>
      <data key="d33">Edinburgh</data>
    </node>
    <node id="17">
      <data key="d28">1</data>
      <data key="d29">54.97328</data>
      <data key="d30">United Kingdom</data>
      <data key="d31">17</data>
      <data key="d32">-1.61396</data>
      <data key="d33">Newcastle</data>
    </node>
    <node id="18">
      <data key="d28">1</data>
      <data key="d29">54.57278</data>
      <data key="d30">United Kingdom</data>
      <data key="d31">18</data>
      <data key="d32">-1.16278</data>
      <data key="d33">Middlesborough</data>
    </node>
    <node id="19">
      <data key="d28">1</data>
      <data key="d29">53.98333</data>
      <data key="d30">United Kingdom</data>
      <data key="d31">19</data>
      <data key="d32">-1.53333</data>
      <data key="d33">Harrogate</data>
    </node>
    <node id="20">
      <data key="d28">1</data>
      <data key="d29">53.96667</data>
      <data key="d30">United Kingdom</data>
      <data key="d31">20</data>
      <data key="d32">-1.08333</data>
      <data key="d33">York</data>
    </node>
    <node id="21">
      <data key="d28">1</data>
      <data key="d29">53.79648</data>
      <data key="d30">United Kingdom</data>
      <data key="d31">21</data>
      <data key="d32">-1.54785</data>
      <data key="d33">Leeds</data>
    </node>
    <node id="22">
      <data key="d28">1</data>
      <data key="d29">54.8951</data>
      <data key="d30">United Kingdom</data>
      <data key="d31">22</data>
      <data key="d32">-2.9382</data>
      <data key="d33">Carlisle</data>
    </node>
    <edge source="0" target="1">
      <data key="d34">e14</data>
      <data key="d35">0</data>
    </edge>
    <edge source="0" target="3">
      <data key="d34">e13</data>
      <data key="d35">0</data>
    </edge>
    <edge source="1" target="6">
      <data key="d34">e15</data>
      <data key="d35">0</data>
    </edge>
    <edge source="2" target="3">
      <data key="d34">e12</data>
      <data key="d35">0</data>
    </edge>
    <edge source="2" target="21">
      <data key="d34">e8</data>
      <data key="d35">0</data>
    </edge>
    <edge source="4" target="7">
      <data key="d34">e17</data>
      <data key="d35">0</data>
    </edge>
    <edge source="5" target="8">
      <data key="d34">e19</data>
      <data key="d35">0</data>
    </edge>
    <edge source="5" target="7">
      <data key="d34">e18</data>
      <data key="d35">0</data>
    </edge>
    <edge source="6" target="7">
      <data key="d34">e16</data>
      <data key="d35">0</data>
    </edge>
    <edge source="8" target="9">
      <data key="d34">e20</data>
      <data key="d35">0</data>
    </edge>
    <edge source="8" target="10">
      <data key="d34">e22</data>
      <data key="d35">0</data>
    </edge>
    <edge source="8" target="11">
      <data key="d34">e21</data>
      <data key="d35">0</data>
    </edge>
    <edge source="9" target="12">
      <data key="d34">e23</data>
      <data key="d35">0</data>
    </edge>
    <edge source="12" target="14">
      <data key="d34">e11</data>
      <data key="d35">0</data>
    </edge>
    <edge source="13" target="22">
      <data key="d34">e9</data>
      <data key="d35">0</data>
    </edge>
    <edge source="13" target="14">
      <data key="d34">e10</data>
      <data key="d35">0</data>
    </edge>
    <edge source="15" target="16">
      <data key="d34">e0</data>
      <data key="d35">0</data>
    </edge>
    <edge source="15" target="22">
      <data key="d34">e1</data>
      <data key="d35">0</data>
    </edge>
    <edge source="16" target="17">
      <data key="d34">e2</data>
      <data key="d35">0</data>
    </edge>
    <edge source="17" target="18">
      <data key="d34">e3</data>
      <data key="d35">0</data>
    </edge>
    <edge source="18" target="20">
      <data key="d34">e4</data>
      <data key="d35">0</data>
    </edge>
    <edge source="19" target="20">
      <data key="d34">e5</data>
      <data key="d35">0</data>
    </edge>
    <edge source="19" target="21">
      <data key="d34">e6</data>
      <data key="d35">0</data>
    </edge>
    <edge source="20" target="21">
      <data key="d34">e7</data>
      <data key="d35">0</data>
    </edge>
  </graph>
</graphml>
