<?xml version="1.0" encoding="utf-8"?><graphml xmlns="http://graphml.graphdrawing.org/xmlns" xmlns:xsi="http://www.w3.org/2001/XMLSchema-instance" xsi:schemaLocation="http://graphml.graphdrawing.org/xmlns http://graphml.graphdrawing.org/xmlns/1.0/graphml.xsd">
  <key attr.name="LinkSpeedUnits" attr.type="string" for="edge" id="d43" />
  <key attr.name="LinkSpeedRaw" attr.type="double" for="edge" id="d42" />
  <key attr.name="LinkSpeed" attr.type="string" for="edge" id="d41" />
  <key attr.name="key" attr.type="int" for="edge" id="d40" />
  <key attr.name="LinkNote" attr.type="string" for="edge" id="d39" />
  <key attr.name="LinkLabel" attr.type="string" for="edge" id="d38" />
  <key attr.name="LinkType" attr.type="string" for="edge" id="d37" />
  <key attr.name="hyperedge" attr.type="int" for="node" id="d36" />
  <key attr.name="Longitude" attr.type="double" for="node" id="d35" />
  <key attr.name="Country" attr.type="string" for="node" id="d34" />
  <key attr.name="Latitude" attr.type="double" for="node" id="d33" />
  <key attr.name="label" attr.type="string" for="node" id="d32" />
  <key attr.name="id" attr.type="int" for="node" id="d31" />
  <key attr.name="type" attr.type="string" for="node" id="d30" />
  <key attr.name="Internal" attr.type="int" for="node" id="d29" />
  <key attr.name="Testbed" attr.type="int" for="graph" id="d28" />
  <key attr.name="LastProcessed" attr.type="string" for="graph" id="d27" />
  <key attr.name="DateYear" attr.type="string" for="graph" id="d26" />
  <key attr.name="NetworkDate" attr.type="string" for="graph" id="d25" />
  <key attr.name="Transit" attr.type="int" for="graph" id="d24" />
  <key attr.name="Developed" attr.type="int" for="graph" id="d23" />
  <key attr.name="Creator" attr.type="string" for="graph" id="d22" />
  <key attr.name="Layer" attr.type="string" for="graph" id="d21" />
  <key attr.name="Access" attr.type="int" for="graph" id="d20" />
  <key attr.name="LastAccess" attr.type="string" for="graph" id="d19" />
  <key attr.name="DateMonth" attr.type="string" for="graph" id="d18" />
  <key attr.name="DateModifier" attr.type="string" for="graph" id="d17" />
  <key attr.name="SourceGitVersion" attr.type="string" for="graph" id="d16" />
  <key attr.name="IX" attr.type="int" for="graph" id="d15" />
  <key attr.name="Customer" attr.type="int" for="graph" id="d14" />
  <key attr.name="ToolsetVersion" attr.type="string" for="graph" id="d13" />
  <key attr.name="label" attr.type="string" for="graph" id="d12" />
  <key attr.name="Commercial" attr.type="int" for="graph" id="d11" />
  <key attr.name="Backbone" attr.type="int" for="graph" id="d10" />
  <key attr.name="DateType" attr.type="string" for="graph" id="d9" />
  <key attr.name="Type" attr.type="string" for="graph" id="d8" />
  <key attr.name="Version" attr.type="string" for="graph" id="d7" />
  <key attr.name="Source" attr.type="string" for="graph" id="d6" />
  <key attr.name="Note" attr.type="string" for="graph" id="d5" />
  <key attr.name="Provenance" attr.type="string" for="graph" id="d4" />
  <key attr.name="Network" attr.type="string" for="graph" id="d3" />
  <key attr.name="GeoExtent" attr.type="string" for="graph" id="d2" />
  <key attr.name="GeoLocation" attr.type="string" for="graph" id="d1" />
  <key attr.name="DateObtained" attr.type="string" for="graph" id="d0" />
  <graph edgedefault="undirected">
    <data key="d0">14/07/11</data>
    <data key="d1">Zambia</data>
    <data key="d2">Country</data>
    <data key="d3">Zamren</data>
    <data key="d4">Primary</data>
    <data key="d5">Map from slide 6</data>
    <data key="d6">https://tnc2011.terena.org/core/presentation/137</data>
    <data key="d7">1.0</data>
    <data key="d8">REN</data>
    <data key="d9">Current</data>
    <data key="d10">0</data>
    <data key="d11">0</data>
    <data key="d12">Zamren</data>
    <data key="d13">0.3.34dev-20120328</data>
    <data key="d14">0</data>
    <data key="d15">0</data>
    <data key="d16">e278b1b</data>
    <data key="d17">=</data>
    <data key="d18">07</data>
    <data key="d19">14/07/11</data>
    <data key="d20">0</data>
    <data key="d21">IP</data>
    <data key="d22">Topology Zoo Toolset</data>
    <data key="d23">0</data>
    <data key="d24">0</data>
    <data key="d25">2011_07</data>
    <data key="d26">2011</data>
    <data key="d27">2011_09_01</data>
    <data key="d28">0</data>
    <node id="0">
      <data key="d29">1</data>
      <data key="d30">Router</data>
      <data key="d31">0</data>
      <data key="d32">N/Western Province</data>
    </node>
    <node id="1">
      <data key="d29">1</data>
      <data key="d33">-11.0</data>
      <data key="d34">Zambia</data>
      <data key="d30">Router</data>
      <data key="d31">1</data>
      <data key="d35">31.0</data>
      <data key="d32">Northern Province</data>
    </node>
    <node id="2">
      <data key="d29">1</data>
      <data key="d33">-13.0</data>
      <data key="d34">Zambia</data>
      <data key="d30">Router</data>
      <data key="d31">2</data>
      <data key="d35">32.25</data>
      <data key="d32">Eastern Province</data>
    </node>
    <node id="3">
      <data key="d29">1</data>
      <data key="d33">-11.19976</data>
      <data key="d34">Zambia</data>
      <data key="d30">Router</data>
      <data key="d31">3</data>
      <data key="d35">28.89431</data>
      <data key="d32">Luapula Province</data>
    </node>
    <node id="4">
      <data key="d29">1</data>
      <data key="d30">Router</data>
      <data key="d31">4</data>
      <data key="d32">NRDC</data>
    </node>
    <node id="5">
      <data key="d29">1</data>
      <data key="d30">Router</data>
      <data key="d31">5</data>
      <data key="d32">UNZA Research</data>
    </node>
    <node id="6">
      <data key="d29">1</data>
      <data key="d33">-12.1688</data>
      <data key="d34">Zambia</data>
      <data key="d30">Router</data>
      <data key="d31">6</data>
      <data key="d35">26.38938</data>
      <data key="d32">Solwezi</data>
    </node>
    <node id="7">
      <data key="d29">1</data>
      <data key="d33">-17.84194</data>
      <data key="d34">Zambia</data>
      <data key="d30">Router</data>
      <data key="d31">7</data>
      <data key="d35">25.85425</data>
      <data key="d32">Livingstone</data>
    </node>
    <node id="8">
      <data key="d29">1</data>
      <data key="d30">Router</data>
      <data key="d31">8</data>
      <data key="d32">NIPA</data>
    </node>
    <node id="9">
      <data key="d29">1</data>
      <data key="d30">Router</data>
      <data key="d31">9</data>
      <data key="d32">ZICAS</data>
    </node>
    <node id="10">
      <data key="d29">1</data>
      <data key="d30">Router</data>
      <data key="d31">10</data>
      <data key="d32">Gateway Router</data>
    </node>
    <node id="11">
      <data key="d29">1</data>
      <data key="d30">Router</data>
      <data key="d31">11</data>
      <data key="d32">Gateway Router</data>
    </node>
    <node id="12">
      <data key="d29">1</data>
      <data key="d30">Router</data>
      <data key="d31">12</data>
      <data key="d32">Gateway Router</data>
    </node>
    <node id="13">
      <data key="d36">1</data>
      <data key="d29">1</data>
      <data key="d31">13</data>
      <data key="d32">None</data>
    </node>
    <node id="14">
      <data key="d36">1</data>
      <data key="d29">1</data>
      <data key="d31">14</data>
      <data key="d32">None</data>
    </node>
    <node id="15">
      <data key="d36">1</data>
      <data key="d29">1</data>
      <data key="d31">15</data>
      <data key="d32">None</data>
    </node>
    <node id="16">
      <data key="d29">1</data>
      <data key="d30">Router</data>
      <data key="d31">16</data>
      <data key="d32">ZESCO TS</data>
    </node>
    <node id="17">
      <data key="d29">1</data>
      <data key="d30">Router</data>
      <data key="d31">17</data>
      <data key="d32">ZAMTEL TS</data>
    </node>
    <node id="18">
      <data key="d29">1</data>
      <data key="d33">-10.01667</data>
      <data key="d34">Zambia</data>
      <data key="d30">Router</data>
      <data key="d31">18</data>
      <data key="d35">33.28333</data>
      <data key="d32">Chainama</data>
    </node>
    <node id="19">
      <data key="d29">1</data>
      <data key="d30">Router</data>
      <data key="d31">19</data>
      <data key="d32">NISR</data>
    </node>
    <node id="20">
      <data key="d29">1</data>
      <data key="d30">Router</data>
      <data key="d31">20</data>
      <data key="d32">Mt Makulu</data>
    </node>
    <node id="21">
      <data key="d29">1</data>
      <data key="d33">-15.41667</data>
      <data key="d34">Zambia</data>
      <data key="d30">Router</data>
      <data key="d31">21</data>
      <data key="d35">28.28333</data>
      <data key="d32">Evelyn Hone College</data>
    </node>
    <node id="22">
      <data key="d29">1</data>
      <data key="d30">Router</data>
      <data key="d31">22</data>
      <data key="d32">KTC</data>
    </node>
    <node id="23">
      <data key="d29">1</data>
      <data key="d30">Router</data>
      <data key="d31">23</data>
      <data key="d32">COSETCO</data>
    </node>
    <node id="24">
      <data key="d29">1</data>
      <data key="d30">Router</data>
      <data key="d31">24</data>
      <data key="d32">KABWE TRADES</data>
    </node>
    <node id="25">
      <data key="d29">1</data>
      <data key="d30">Router</data>
      <data key="d31">25</data>
      <data key="d32">NKRUMAH</data>
    </node>
    <node id="26">
      <data key="d29">1</data>
      <data key="d30">Router</data>
      <data key="d31">26</data>
      <data key="d32">Gateway Router</data>
    </node>
    <node id="27">
      <data key="d29">1</data>
      <data key="d33">-16.5</data>
      <data key="d34">Zambia</data>
      <data key="d30">Router</data>
      <data key="d31">27</data>
      <data key="d35">27.0</data>
      <data key="d32">Southern Province</data>
    </node>
    <node id="28">
      <data key="d29">1</data>
      <data key="d33">-15.40809</data>
      <data key="d34">Zambia</data>
      <data key="d30">University</data>
      <data key="d31">28</data>
      <data key="d35">28.28636</data>
      <data key="d32">University of Zambia</data>
    </node>
    <node id="29">
      <data key="d29">1</data>
      <data key="d33">-14.44322</data>
      <data key="d34">Zambia</data>
      <data key="d30">University</data>
      <data key="d31">29</data>
      <data key="d35">28.45174</data>
      <data key="d32">Mulungushi University</data>
    </node>
    <node id="30">
      <data key="d29">1</data>
      <data key="d33">-12.79614</data>
      <data key="d34">Zambia</data>
      <data key="d30">University</data>
      <data key="d31">30</data>
      <data key="d35">28.24767</data>
      <data key="d32">Copperbelt University</data>
    </node>
    <node id="31">
      <data key="d29">1</data>
      <data key="d33">-12.79614</data>
      <data key="d34">Zambia</data>
      <data key="d30">Possible switch?</data>
      <data key="d31">31</data>
      <data key="d35">28.24767</data>
      <data key="d32">Kitwe</data>
    </node>
    <node id="32">
      <data key="d29">1</data>
      <data key="d33">-14.44322</data>
      <data key="d34">Zambia</data>
      <data key="d30">Possible switch?</data>
      <data key="d31">32</data>
      <data key="d35">28.45174</data>
      <data key="d32">Kabwe</data>
    </node>
    <node id="33">
      <data key="d29">1</data>
      <data key="d33">-15.40809</data>
      <data key="d34">Zambia</data>
      <data key="d30">Possible switch?</data>
      <data key="d31">33</data>
      <data key="d35">28.28636</data>
      <data key="d32">Lusaka</data>
    </node>
    <node id="34">
      <data key="d29">1</data>
      <data key="d30">Router</data>
      <data key="d31">34</data>
      <data key="d32">Gateway Router</data>
    </node>
    <node id="35">
      <data key="d29">1</data>
      <data key="d30">Gateway Router</data>
      <data key="d31">35</data>
      <data key="d32">Gateway Router</data>
    </node>
    <edge source="0" target="15">
      <data key="d37">FIBRE</data>
      <data key="d38">ZAMREN FIBRE</data>
      <data key="d39">ZAMREN </data>
      <data key="d40">0</data>
    </edge>
    <edge source="1" target="31">
      <data key="d37">FIBRE</data>
      <data key="d38">ZAMREN FIBRE</data>
      <data key="d39">ZAMREN </data>
      <data key="d40">0</data>
    </edge>
    <edge source="2" target="13">
      <data key="d37">FIBRE</data>
      <data key="d38">ZAMREN FIBRE</data>
      <data key="d39">ZAMREN </data>
      <data key="d40">0</data>
    </edge>
    <edge source="3" target="15">
      <data key="d37">FIBRE</data>
      <data key="d38">ZAMREN FIBRE</data>
      <data key="d39">ZAMREN </data>
      <data key="d40">0</data>
    </edge>
    <edge source="4" target="28">
      <data key="d37">FIBRE</data>
      <data key="d38">ZAMREN FIBRE</data>
      <data key="d39">ZAMREN </data>
      <data key="d40">0</data>
    </edge>
    <edge source="6" target="31">
      <data key="d37">FIBRE</data>
      <data key="d38">ZESCO FIBRE</data>
      <data key="d39">ZESCO </data>
      <data key="d40">0</data>
    </edge>
    <edge source="7" target="14">
      <data key="d37">FIBRE</data>
      <data key="d38">ZESCO FIBRE</data>
      <data key="d39">ZESCO </data>
      <data key="d40">0</data>
    </edge>
    <edge source="8" target="28">
      <data key="d37">FIBRE</data>
      <data key="d38">ZAMREN FIBRE</data>
      <data key="d39">ZAMREN </data>
      <data key="d40">0</data>
    </edge>
    <edge source="9" target="28">
      <data key="d37">FIBRE</data>
      <data key="d38">ZAMREN FIBRE</data>
      <data key="d39">ZAMREN </data>
      <data key="d40">0</data>
    </edge>
    <edge source="10" target="30">
      <data key="d37">FIBRE</data>
      <data key="d38">ZAMREN FIBRE</data>
      <data key="d39">ZAMREN </data>
      <data key="d40">0</data>
    </edge>
    <edge source="11" target="30">
      <data key="d37">FIBRE</data>
      <data key="d38">ZAMREN FIBRE</data>
      <data key="d39">ZAMREN </data>
      <data key="d40">0</data>
    </edge>
    <edge source="12" target="30">
      <data key="d37">FIBRE</data>
      <data key="d38">ZAMREN FIBRE</data>
      <data key="d39">ZAMREN </data>
      <data key="d40">0</data>
    </edge>
    <edge source="13" target="32">
      <data key="d37">FIBRE</data>
      <data key="d38">ZESCO FIBRE</data>
      <data key="d39">ZESCO </data>
      <data key="d40">0</data>
    </edge>
    <edge source="13" target="33">
      <data key="d37">FIBRE</data>
      <data key="d38">ZESCO FIBRE</data>
      <data key="d39">ZESCO </data>
      <data key="d40">0</data>
    </edge>
    <edge source="14" target="33">
      <data key="d37">FIBRE</data>
      <data key="d38">ZESCO FIBRE</data>
      <data key="d39">ZESCO </data>
      <data key="d40">0</data>
    </edge>
    <edge source="14" target="27">
      <data key="d37">FIBRE</data>
      <data key="d38">ZAMREN FIBRE</data>
      <data key="d39">ZAMREN </data>
      <data key="d40">0</data>
    </edge>
    <edge source="15" target="32">
      <data key="d37">FIBRE</data>
      <data key="d38">ZESCO FIBRE</data>
      <data key="d39">ZESCO </data>
      <data key="d40">0</data>
    </edge>
    <edge source="15" target="31">
      <data key="d37">FIBRE</data>
      <data key="d38">ZESCO FIBRE</data>
      <data key="d39">ZESCO </data>
      <data key="d40">0</data>
    </edge>
    <edge source="16" target="30">
      <data key="d37">FIBRE</data>
      <data key="d38">ZAMREN FIBRE</data>
      <data key="d39">ZAMREN </data>
      <data key="d40">0</data>
    </edge>
    <edge source="17" target="30">
      <data key="d37">FIBRE</data>
      <data key="d38">ZAMREN FIBRE</data>
      <data key="d39">ZAMREN </data>
      <data key="d40">0</data>
    </edge>
    <edge source="18" target="28">
      <data key="d37">FIBRE</data>
      <data key="d38">ZAMREN FIBRE</data>
      <data key="d39">ZAMREN </data>
      <data key="d40">0</data>
    </edge>
    <edge source="19" target="28">
      <data key="d37">FIBRE</data>
      <data key="d38">ZAMREN FIBRE</data>
      <data key="d39">ZAMREN </data>
      <data key="d40">0</data>
    </edge>
    <edge source="20" target="28">
      <data key="d37">FIBRE</data>
      <data key="d38">ZAMREN FIBRE</data>
      <data key="d39">ZAMREN </data>
      <data key="d40">0</data>
    </edge>
    <edge source="21" target="28">
      <data key="d37">FIBRE</data>
      <data key="d38">ZAMREN FIBRE</data>
      <data key="d39">ZAMREN </data>
      <data key="d40">0</data>
    </edge>
    <edge source="22" target="30">
      <data key="d37">FIBRE</data>
      <data key="d38">ZAMREN FIBRE</data>
      <data key="d39">ZAMREN </data>
      <data key="d40">0</data>
    </edge>
    <edge source="23" target="30">
      <data key="d37">FIBRE</data>
      <data key="d38">ZAMREN FIBRE</data>
      <data key="d39">ZAMREN </data>
      <data key="d40">0</data>
    </edge>
    <edge source="24" target="29">
      <data key="d37">FIBRE</data>
      <data key="d38">ZAMREN FIBRE</data>
      <data key="d39">ZAMREN </data>
      <data key="d40">0</data>
    </edge>
    <edge source="25" target="29">
      <data key="d37">FIBRE</data>
      <data key="d38">ZAMREN FIBRE</data>
      <data key="d39">ZAMREN </data>
      <data key="d40">0</data>
    </edge>
    <edge source="26" target="32">
      <data key="d37">FIBRE</data>
      <data key="d41">100</data>
      <data key="d38">ZAMREN FIBRE (100 MB)</data>
      <data key="d42">100000000.0</data>
      <data key="d39">ZAREN FIRE ( )</data>
      <data key="d43">M</data>
      <data key="d40">0</data>
    </edge>
    <edge source="26" target="29">
      <data key="d37">FIBRE</data>
      <data key="d38">ZAMREN FIBRE</data>
      <data key="d39">ZAMREN </data>
      <data key="d40">0</data>
    </edge>
    <edge source="28" target="35">
      <data key="d37">FIBRE</data>
      <data key="d38">ZAMREN FIBRE</data>
      <data key="d39">ZAMREN </data>
      <data key="d40">0</data>
    </edge>
    <edge source="30" target="34">
      <data key="d37">FIBRE</data>
      <data key="d38">ZAMREN FIBRE</data>
      <data key="d39">ZAMREN </data>
      <data key="d40">0</data>
    </edge>
    <edge source="31" target="34">
      <data key="d37">FIBRE</data>
      <data key="d41">100</data>
      <data key="d38">ZAMREN FIBRE (100 MB)</data>
      <data key="d42">100000000.0</data>
      <data key="d39">ZAREN FIRE ( )</data>
      <data key="d43">M</data>
      <data key="d40">0</data>
    </edge>
    <edge source="33" target="35">
      <data key="d37">FIBRE</data>
      <data key="d41">100</data>
      <data key="d38">ZAMREN FIBRE (100 MB)</data>
      <data key="d42">100000000.0</data>
      <data key="d39">ZAREN FIRE ( )</data>
      <data key="d43">M</data>
      <data key="d40">0</data>
    </edge>
  </graph>
</graphml>
